country_code,product_id,year_month,horizon,forecast_eur,forecast_lo_eur,forecast_hi_eur,model,scenario,scenario_key,driver_factor
AT,P01,2026-07,1,431418.13694947,386403.69790323556,490818.6569650174,gradient_boosting,Downside,downside,0.9861929673672594
AT,P01,2026-08,2,253058.31497510703,219753.81814215364,301853.4257441352,gradient_boosting,Downside,downside,0.9725765688846404
AT,P01,2026-09,3,251971.86021560067,223992.32151197616,299680.39598775515,gradient_boosting,Downside,downside,0.9591481724602113
AT,P01,2026-10,4,51689.92102697417,44746.83529355383,66093.48675879644,gradient_boosting,Downside,downside,0.9459051823434197
AT,P01,2026-11,5,58251.049694517176,47399.655167935845,78831.16659898564,gradient_boosting,Downside,downside,0.9328450386233257
AT,P01,2026-12,6,198616.00315862324,170019.15982137958,258452.082157439,gradient_boosting,Downside,downside,0.9199652167337633
AT,P01,2027-01,7,135436.35671582498,108885.09956843284,182185.96934056975,gradient_boosting,Downside,downside,0.907263226965334
AT,P01,2027-02,8,118861.4039901414,91733.01931252786,149224.13391309723,gradient_boosting,Downside,downside,0.8947366139841381
AT,P01,2027-03,9,113942.10604388529,88393.20468562687,146897.90948668277,gradient_boosting,Downside,downside,0.8823829563571512
AT,P01,2027-04,10,124674.29781041155,93069.81379970053,156748.92773354138,gradient_boosting,Downside,downside,0.870199866084154
AT,P01,2027-05,11,210502.84146089604,158138.25746655473,276978.24578405387,gradient_boosting,Downside,downside,0.8581849881361236
AT,P01,2027-06,12,159300.32919827776,126892.6775423945,207362.11789673238,gradient_boosting,Downside,downside,0.8463360000000001
AT,P02,2026-07,1,4086146.248818913,3659795.185898714,4648754.056074477,gradient_boosting,Downside,downside,0.9914852666076577
AT,P02,2026-08,2,3721381.3448100337,3231617.8164919494,4438944.073194055,gradient_boosting,Downside,downside,0.9830430339000579
AT,P02,2026-09,3,4187491.224906876,3722502.504745355,4980353.867299208,gradient_boosting,Downside,downside,0.9746726845531996
AT,P02,2026-10,4,3092446.4083278184,2677063.2908372106,3954166.7249683347,gradient_boosting,Downside,downside,0.9663736064994303
AT,P02,2026-11,5,3301934.7148025096,2686828.2664339175,4468509.442604445,gradient_boosting,Downside,downside,0.9581451928826913
AT,P02,2026-12,6,3534294.850170863,3025425.098838466,4599054.700821145,gradient_boosting,Downside,downside,0.9499868420141407
AT,P02,2027-01,7,3507457.5528247976,2819847.4481465127,4718153.748945491,gradient_boosting,Downside,downside,0.941897957328157
AT,P02,2027-02,8,3523136.7172795828,2719032.063206066,4423109.669284101,gradient_boosting,Downside,downside,0.9338779473387159
AT,P02,2027-03,9,2784687.366914303,2160285.1566946693,3590110.5129313064,gradient_boosting,Downside,downside,0.9259262255961387
AT,P02,2027-04,10,4301553.568136137,3211125.2813684177,5408202.983577749,gradient_boosting,Downside,downside,0.9180422106442098
AT,P02,2027-05,11,4382659.911266897,3292431.5730199753,5766674.90883396,gradient_boosting,Downside,downside,0.9102253259776576
AT,P02,2027-06,12,4426745.2168106055,3526179.4886809206,5762318.685509665,gradient_boosting,Downside,downside,0.9024749999999999
AT,P03,2026-07,1,2487606.226317761,2228047.832140351,2830116.405611627,gradient_boosting,Downside,downside,0.9914852666076577
AT,P03,2026-08,2,2311882.2296149605,2007620.050354237,2757663.0745957177,gradient_boosting,Downside,downside,0.9830430339000579
AT,P03,2026-09,3,2090138.1851152875,1858044.4021177848,2485886.473388411,gradient_boosting,Downside,downside,0.9746726845531996
AT,P03,2026-10,4,2530260.474816971,2190391.2110320367,3235325.8404351445,gradient_boosting,Downside,downside,0.9663736064994303
AT,P03,2026-11,5,2296632.757441585,1868800.6709064178,3108033.940470023,gradient_boosting,Downside,downside,0.9581451928826913
AT,P03,2026-12,6,1598139.971571294,1368038.883687092,2079603.8419006842,gradient_boosting,Downside,downside,0.9499868420141407
AT,P03,2027-01,7,1463572.760810156,1176650.565998572,1968765.4673709667,gradient_boosting,Downside,downside,0.941897957328157
AT,P03,2027-02,8,1454985.5118717162,1122906.2553480074,1826656.4719626699,gradient_boosting,Downside,downside,0.9338779473387159
AT,P03,2027-03,9,1482344.242630447,1149962.578389829,1911086.936537439,gradient_boosting,Downside,downside,0.9259262255961387
AT,P03,2027-04,10,1616878.9697139657,1207005.9931419448,2032849.1856676184,gradient_boosting,Downside,downside,0.9180422106442098
AT,P03,2027-05,11,1767496.104303734,1327814.6369603244,2325659.677573235,gradient_boosting,Downside,downside,0.9102253259776576
AT,P03,2027-06,12,2063401.0925813732,1643628.05023245,2685940.5927249705,gradient_boosting,Downside,downside,0.9024749999999999
AT,P04,2026-07,1,789058.458484524,706727.6039346433,897701.2779266206,gradient_boosting,Downside,downside,0.9870850541179849
AT,P04,2026-08,2,632172.3614872615,548973.4260438471,754068.8516576139,gradient_boosting,Downside,downside,0.9743369040631049
AT,P04,2026-09,3,649866.8604128826,577704.1397123772,772913.1257006687,gradient_boosting,Downside,downside,0.9617533956762796
AT,P04,2026-10,4,437909.473354411,379088.6634833729,559934.3818613599,gradient_boosting,Downside,downside,0.9493324026192761
AT,P04,2026-11,5,510779.692608141,415628.24057896703,691238.3425626229,gradient_boosting,Downside,downside,0.9370718260154047
AT,P04,2026-12,6,463023.1367322626,396356.8062650403,602515.869176709,gradient_boosting,Downside,downside,0.9249695940948546
AT,P04,2027-01,7,528617.9335601585,424986.44917130785,711085.0658700087,gradient_boosting,Downside,downside,0.9130236618446099
AT,P04,2027-02,8,499102.25176600023,385189.43040563504,626596.1763335334,gradient_boosting,Downside,downside,0.9012320106628874
AT,P04,2027-03,9,476083.22095218865,369332.4887360874,613782.1418942967,gradient_boosting,Downside,downside,0.8895926480180364
AT,P04,2027-04,10,522680.8274597555,390183.12629542185,657149.554399615,gradient_boosting,Downside,downside,0.8781036071118449
AT,P04,2027-05,11,510737.0222195817,383686.33010811574,672024.3940157448,gradient_boosting,Downside,downside,0.866762946547193
AT,P04,2027-06,12,564964.3774122915,450029.4690332167,735417.2488281847,gradient_boosting,Downside,downside,0.85556875
AT,P05,2026-07,1,1197401.3800449052,1072463.7688980158,1362267.5702911725,gradient_boosting,Downside,downside,0.9897370644864661
AT,P05,2026-08,2,1166233.2975954255,1012747.6744493443,1391108.2753028192,gradient_boosting,Downside,downside,0.9795794568182872
AT,P05,2026-09,3,1485977.350008442,1320970.9848464944,1767333.3851578769,gradient_boosting,Downside,downside,0.9695260960225786
AT,P05,2026-10,4,2067920.8823970824,1790153.9272314773,2644153.806844208,gradient_boosting,Downside,downside,0.9595759122204106
AT,P05,2026-11,5,1566134.587997606,1274384.5785950022,2119450.5038163047,gradient_boosting,Downside,downside,0.9497278465129522
AT,P05,2026-12,6,1126999.1489471733,964733.1804898881,1466524.7110145187,gradient_boosting,Downside,downside,0.9399808508687822
AT,P05,2027-01,7,779632.4335064582,626791.4850016881,1048744.1782397344,gradient_boosting,Downside,downside,0.9303338880123592
AT,P05,2027-02,8,752623.5668107772,580848.1969053888,944878.6245974301,gradient_boosting,Downside,downside,0.9207859313136332
AT,P05,2027-03,9,844286.3681785471,654974.5335315033,1088481.7456837597,gradient_boosting,Downside,downside,0.9113359646787922
AT,P05,2027-04,10,785396.9748240398,586301.67957214,987453.9966212227,gradient_boosting,Downside,downside,0.9019829824421295
AT,P05,2027-05,11,721777.2305750867,542228.2793431232,949709.7036036802,gradient_boosting,Downside,downside,0.8927259892590209
AT,P05,2027-06,12,824595.372783706,656841.7985587228,1073380.348733915,gradient_boosting,Downside,downside,0.8835639999999999
AT,P06,2026-07,1,0.04547785635482186,0.040732668293622404,0.05173955025524587,gradient_boosting,Downside,downside,0.9914852666076577
AT,P06,2026-08,2,0.03640156806730073,0.03161083076814813,0.043420576892144055,gradient_boosting,Downside,downside,0.9830430339000579
AT,P06,2026-09,3,0.1982367074130243,0.1762240444799656,0.23577099016537598,gradient_boosting,Downside,downside,0.9746726845531996
AT,P06,2026-10,4,1.811337306812956,1.5680351317761207,2.3160723778448413,gradient_boosting,Downside,downside,0.9663736064994303
AT,P06,2026-11,5,0.9732557661597928,0.7919511828217151,1.3171073800029307,gradient_boosting,Downside,downside,0.9581451928826913
AT,P06,2026-12,6,0.5107100700897513,0.43717774825843647,0.6645692134286466,gradient_boosting,Downside,downside,0.9499868420141407
AT,P06,2027-01,7,0.5452003809664288,0.4383180351700995,0.7333914046405446,gradient_boosting,Downside,downside,0.941897957328157
AT,P06,2027-02,8,0.19426080993199174,0.149923608765691,0.24388405438793756,gradient_boosting,Downside,downside,0.9338779473387159
AT,P06,2027-03,9,0.19128634952122553,0.14839477725893274,0.24661265122819728,gradient_boosting,Downside,downside,0.9259262255961387
AT,P06,2027-04,10,0.0,0.0,0.0,gradient_boosting,Downside,downside,0.9180422106442098
AT,P06,2027-05,11,0.0,0.0,0.0,gradient_boosting,Downside,downside,0.9102253259776576
AT,P06,2027-06,12,0.0,0.0,0.0,gradient_boosting,Downside,downside,0.9024749999999999
AT,P07,2026-07,1,863694.9956436721,773576.5179856651,982614.2701990417,gradient_boosting,Downside,downside,0.9949355361674717
AT,P07,2026-08,2,756438.4991604262,656885.1467954167,902296.1855997012,gradient_boosting,Downside,downside,0.9898967211288543
AT,P07,2026-09,3,626861.3784286127,557253.2397081094,745551.7689799775,gradient_boosting,Downside,downside,0.9848834249867586
AT,P07,2026-10,4,498061.10489465855,431160.61669385264,636847.4624723882,gradient_boosting,Downside,downside,0.9798955185016566
AT,P07,2026-11,5,635010.0007514054,516716.09733481525,859359.2634600669,gradient_boosting,Downside,downside,0.9749328730885484
AT,P07,2026-12,6,576742.2302650069,493702.56104112836,750494.5619163945,gradient_boosting,Downside,downside,0.9699953608136485
AT,P07,2027-01,7,710379.8234701678,571115.3170802703,955587.1102650033,gradient_boosting,Downside,downside,0.9650828543910874
AT,P07,2027-02,8,793366.9757239433,612292.5160133785,996029.7948144558,gradient_boosting,Downside,downside,0.9601952271796305
AT,P07,2027-03,9,593027.1050795387,460054.3916858163,764550.0423835511,gradient_boosting,Downside,downside,0.9553323531794128
AT,P07,2027-04,10,838421.0139563289,625884.3163755538,1054119.3913662299,gradient_boosting,Downside,downside,0.9504941070286914
AT,P07,2027-05,11,827361.8077524732,621547.6886883721,1088637.1915439137,gradient_boosting,Downside,downside,0.9456803640006133
AT,P07,2027-06,12,1009782.1964787768,804354.6883468559,1314439.0594173188,gradient_boosting,Downside,downside,0.9408909999999999
CZ,P03,2026-07,1,171433.78863996358,153546.27958954425,195037.93348527406,gradient_boosting,Downside,downside,0.9914852666076577
CZ,P03,2026-08,2,154972.64134613134,134577.0031177872,184854.71497567088,gradient_boosting,Downside,downside,0.9830430339000579
CZ,P03,2026-09,3,146660.00951881852,130374.54252621639,174428.72267784394,gradient_boosting,Downside,downside,0.9746726845531996
CZ,P03,2026-10,4,135696.9182329589,117469.85736047849,173509.30878302723,gradient_boosting,Downside,downside,0.9663736064994303
CZ,P03,2026-11,5,136022.38472229062,110683.22656447746,184079.1423925788,gradient_boosting,Downside,downside,0.9581451928826913
CZ,P03,2026-12,6,136784.24069617345,117089.9691370568,177992.56480867043,gradient_boosting,Downside,downside,0.9499868420141407
CZ,P03,2027-01,7,120980.16890576946,97262.93630852923,162739.82760279105,gradient_boosting,Downside,downside,0.941897957328157
CZ,P03,2027-02,8,133569.74097646162,103084.39255504137,167689.66413910442,gradient_boosting,Downside,downside,0.9338779473387159
CZ,P03,2027-03,9,145688.40124275663,113021.12202852174,187826.27706367982,gradient_boosting,Downside,downside,0.9259262255961387
CZ,P03,2027-04,10,150596.55811979514,112420.87478526497,189340.14003059827,gradient_boosting,Downside,downside,0.9180422106442098
CZ,P03,2027-05,11,140452.75999375668,105513.80004011451,184806.8121485483,gradient_boosting,Downside,downside,0.9102253259776576
CZ,P03,2027-06,12,200345.8414069813,159587.99569693944,260791.28772072648,gradient_boosting,Downside,downside,0.9024749999999999
CZ,P04,2026-07,1,178804.59381188173,160148.0103259761,203423.60016311103,gradient_boosting,Downside,downside,0.9870850541179849
CZ,P04,2026-08,2,174543.29325884124,151572.00081929364,208199.01142559628,gradient_boosting,Downside,downside,0.9743369040631049
CZ,P04,2026-09,3,194215.5674974095,172649.42125000514,230988.48468558746,gradient_boosting,Downside,downside,0.9617533956762796
CZ,P04,2026-10,4,165763.72645071428,143498.03632443323,211954.331552214,gradient_boosting,Downside,downside,0.9493324026192761
CZ,P04,2026-11,5,201871.9445615585,164265.890665987,273193.37551596574,gradient_boosting,Downside,downside,0.9370718260154047
CZ,P04,2026-12,6,170198.5901746229,145693.30186934813,221473.49312915682,gradient_boosting,Downside,downside,0.9249695940948546
CZ,P04,2027-01,7,186994.71910327737,150335.84114384573,251541.1296309443,gradient_boosting,Downside,downside,0.9130236618446099
CZ,P04,2027-02,8,153887.6791482519,118765.05719583742,193197.74855342566,gradient_boosting,Downside,downside,0.9012320106628874
CZ,P04,2027-03,9,163441.48075087217,126793.48103825131,210714.1308803242,gradient_boosting,Downside,downside,0.8895926480180364
CZ,P04,2027-04,10,164494.07286740438,122795.41976008793,206813.0319827269,gradient_boosting,Downside,downside,0.8781036071118449
CZ,P04,2027-05,11,213089.49755569382,160081.458254999,280381.7507562982,gradient_boosting,Downside,downside,0.866762946547193
CZ,P04,2027-06,12,310914.4358263467,247662.79798130292,404719.0374438721,gradient_boosting,Downside,downside,0.85556875
CZ,P05,2026-07,1,1337172.5139731637,1197651.095031069,1521283.3240613495,gradient_boosting,Downside,downside,0.9897370644864661
CZ,P05,2026-08,2,1337561.6089682737,1161527.8106947578,1595472.386871093,gradient_boosting,Downside,downside,0.9795794568182872
CZ,P05,2026-09,3,1277758.9468657542,1135873.6352395182,1519690.7577138965,gradient_boosting,Downside,downside,0.9695260960225786
CZ,P05,2026-10,4,1358300.155703248,1175850.768174789,1736794.941292233,gradient_boosting,Downside,downside,0.9595759122204106
CZ,P05,2026-11,5,1312952.8284047344,1068367.20787897,1776819.5370790889,gradient_boosting,Downside,downside,0.9497278465129522
CZ,P05,2026-12,6,1264841.316995297,1082728.756006442,1645893.9198122665,gradient_boosting,Downside,downside,0.9399808508687822
CZ,P05,2027-01,7,1238570.3364760736,995758.1382130223,1666097.2195289657,gradient_boosting,Downside,downside,0.9303338880123592
CZ,P05,2027-02,8,1252186.156916156,966392.9001275894,1572052.73108907,gradient_boosting,Downside,downside,0.9207859313136332
CZ,P05,2027-03,9,1252760.8501996386,971857.9908570967,1615100.4783973987,gradient_boosting,Downside,downside,0.9113359646787922
CZ,P05,2027-04,10,1229791.1935342615,918043.5695639179,1546176.351566742,gradient_boosting,Downside,downside,0.9019829824421295
CZ,P05,2027-05,11,1211312.8630593186,909987.2670678804,1593837.449306618,gradient_boosting,Downside,downside,0.8927259892590209
CZ,P05,2027-06,12,1210611.1061677414,964327.4781496531,1575859.159787366,gradient_boosting,Downside,downside,0.8835639999999999
CZ,P06,2026-07,1,210536.58588661326,188569.06644153886,239524.66407078927,gradient_boosting,Downside,downside,0.9914852666076577
CZ,P06,2026-08,2,203071.43957026122,176345.61506338292,242228.000732188,gradient_boosting,Downside,downside,0.9830430339000579
CZ,P06,2026-09,3,248768.90336589035,221145.02840608955,295870.9889522569,gradient_boosting,Downside,downside,0.9746726845531996
CZ,P06,2026-10,4,255994.91109425557,221609.2014678236,327328.7312220507,gradient_boosting,Downside,downside,0.9663736064994303
CZ,P06,2026-11,5,300629.2001540937,244625.9852044803,406841.6051925292,gradient_boosting,Downside,downside,0.9581451928826913
CZ,P06,2026-12,6,248022.4341087208,212312.02518127696,322742.9486936185,gradient_boosting,Downside,downside,0.9499868420141407
CZ,P06,2027-01,7,255776.6322190366,205633.58865953665,344065.0265959699,gradient_boosting,Downside,downside,0.941897957328157
CZ,P06,2027-02,8,232032.4378173356,179074.41259229943,291304.3125076021,gradient_boosting,Downside,downside,0.9338779473387159
CZ,P06,2027-03,9,226126.64292072877,175422.9347390433,291529.90301498177,gradient_boosting,Downside,downside,0.9259262255961387
CZ,P06,2027-04,10,308169.04989345843,230049.30924920455,387450.89388768835,gradient_boosting,Downside,downside,0.9180422106442098
CZ,P06,2027-05,11,283565.1645726502,213025.6327778163,373113.16704192513,gradient_boosting,Downside,downside,0.9102253259776576
CZ,P06,2027-06,12,244729.38589650654,194942.26538013565,318565.59259147436,gradient_boosting,Downside,downside,0.9024749999999999
CZ,P07,2026-07,1,56759.53979416554,50837.213805687126,64574.57094574525,gradient_boosting,Downside,downside,0.9949355361674717
CZ,P07,2026-08,2,58695.24175021655,50970.47881100307,70012.95254386678,gradient_boosting,Downside,downside,0.9898967211288543
CZ,P07,2026-09,3,67962.74976911195,60416.00869277695,80830.86637451101,gradient_boosting,Downside,downside,0.9848834249867586
CZ,P07,2026-10,4,74972.15718156443,64901.75845413308,95863.394246091,gradient_boosting,Downside,downside,0.9798955185016566
CZ,P07,2026-11,5,102472.36573704539,83383.12915648162,138675.88957748082,gradient_boosting,Downside,downside,0.9749328730885484
CZ,P07,2026-12,6,71810.19165880303,61470.920058194984,93444.09946423097,gradient_boosting,Downside,downside,0.9699953608136485
CZ,P07,2027-01,7,95184.87262012044,76524.6096688557,128040.56979501621,gradient_boosting,Downside,downside,0.9650828543910874
CZ,P07,2027-02,8,89294.45130475899,68914.29304268047,112104.40657678153,gradient_boosting,Downside,downside,0.9601952271796305
CZ,P07,2027-03,9,90379.58685841791,70114.03947107625,116520.3350257378,gradient_boosting,Downside,downside,0.9553323531794128
CZ,P07,2027-04,10,157528.71847355494,117595.75753724316,198055.71911475874,gradient_boosting,Downside,downside,0.9504941070286914
CZ,P07,2027-05,11,134595.76238856136,101113.7862975759,177100.21345852656,gradient_boosting,Downside,downside,0.9456803640006133
CZ,P07,2027-06,12,118280.75080741209,94218.01729609686,153966.70626657922,gradient_boosting,Downside,downside,0.9408909999999999
DE,P01,2026-07,1,2406234.328262887,2155166.3289746856,2737540.6831341423,gradient_boosting,Downside,downside,0.9861929673672594
DE,P01,2026-08,2,2329797.838633435,2023177.822034409,2779033.200122125,gradient_boosting,Downside,downside,0.9725765688846404
DE,P01,2026-09,3,2275586.3174853325,2022899.9445346391,2706447.4903856725,gradient_boosting,Downside,downside,0.9591481724602113
DE,P01,2026-10,4,2215180.973073959,1917633.7703404143,2832448.403931563,gradient_boosting,Downside,downside,0.9459051823434197
DE,P01,2026-11,5,2244677.4064165256,1826523.9096183085,3037722.74515519,gradient_boosting,Downside,downside,0.9328450386233257
DE,P01,2026-12,6,2082523.158445905,1782680.3081157766,2709914.7998239347,gradient_boosting,Downside,downside,0.9199652167337633
DE,P01,2027-01,7,1785632.4370940623,1435572.917200987,2401992.967963042,gradient_boosting,Downside,downside,0.907263226965334
DE,P01,2027-02,8,1842628.8835788786,1422075.672075879,2313321.9871618,gradient_boosting,Downside,downside,0.8947366139841381
DE,P01,2027-03,9,1605459.2331968131,1245471.8588380099,2069810.830351603,gradient_boosting,Downside,downside,0.8823829563571512
DE,P01,2027-04,10,1770660.2063384545,1321804.2419381267,2226193.318097243,gradient_boosting,Downside,downside,0.870199866084154
DE,P01,2027-05,11,1767620.514846362,1327908.0991971528,2325823.3761419337,gradient_boosting,Downside,downside,0.8581849881361236
DE,P01,2027-06,12,1541524.2085260313,1227920.4650783818,2006610.5718537197,gradient_boosting,Downside,downside,0.8463360000000001
DE,P02,2026-07,1,6184063.674286915,5538814.591129278,7035526.713507549,gradient_boosting,Downside,downside,0.9914852666076577
DE,P02,2026-08,2,5318414.90950077,4618468.999692495,6343920.2150674695,gradient_boosting,Downside,downside,0.9830430339000579
DE,P02,2026-09,3,5990881.461195057,5325640.114129923,7125199.326109027,gradient_boosting,Downside,downside,0.9746726845531996
DE,P02,2026-10,4,6438392.789108141,5573575.969270375,8232472.01969578,gradient_boosting,Downside,downside,0.9663736064994303
DE,P02,2026-11,5,7993019.844351122,6504026.73187144,10816956.643415632,gradient_boosting,Downside,downside,0.9581451928826913
DE,P02,2026-12,6,7957537.289961458,6811806.615633254,10354865.915781625,gradient_boosting,Downside,downside,0.9499868420141407
DE,P02,2027-01,7,6278519.070454836,5047663.6459086025,8445723.959292047,gradient_boosting,Downside,downside,0.941897957328157
DE,P02,2027-02,8,6181748.174918491,4770854.168624962,7760854.125091712,gradient_boosting,Downside,downside,0.9338779473387159
DE,P02,2027-03,9,6130254.617920863,4755685.760347309,7903325.813960454,gradient_boosting,Downside,downside,0.9259262255961387
DE,P02,2027-04,10,6386192.476351529,4767315.758753366,8029151.481489359,gradient_boosting,Downside,downside,0.9180422106442098
DE,P02,2027-05,11,6537352.319041943,4911123.750176446,8601804.920229156,gradient_boosting,Downside,downside,0.9102253259776576
DE,P02,2027-06,12,7512166.033836719,5983910.183827021,9778627.995359592,gradient_boosting,Downside,downside,0.9024749999999999
DE,P03,2026-07,1,11216669.427770218,10046315.103243379,12761055.117169458,gradient_boosting,Downside,downside,0.9914852666076577
DE,P03,2026-08,2,10887737.167309668,9454823.935265256,12987128.13636437,gradient_boosting,Downside,downside,0.9830430339000579
DE,P03,2026-09,3,8113228.512232171,7212316.835130163,9649393.1155823,gradient_boosting,Downside,downside,0.9746726845531996
DE,P03,2026-10,4,6324063.181511103,5474603.325886926,8086284.0926159555,gradient_boosting,Downside,downside,0.9663736064994303
DE,P03,2026-11,5,5851865.584822207,4761740.986030533,7919331.81034865,gradient_boosting,Downside,downside,0.9581451928826913
DE,P03,2026-12,6,6043418.185912298,5173283.4518749835,7864089.4422275685,gradient_boosting,Downside,downside,0.9499868420141407
DE,P03,2027-01,7,5658634.659672215,4549302.811154263,7611869.261808561,gradient_boosting,Downside,downside,0.941897957328157
DE,P03,2027-02,8,5551247.422760694,4284256.032201706,6969294.161017022,gradient_boosting,Downside,downside,0.9338779473387159
DE,P03,2027-03,9,6029267.318506761,4677342.544325645,7773129.667130207,gradient_boosting,Downside,downside,0.9259262255961387
DE,P03,2027-04,10,6788907.165324394,5067943.729196034,8535471.523291687,gradient_boosting,Downside,downside,0.9180422106442098
DE,P03,2027-05,11,7979969.9568634685,5994876.529247566,10499991.661500147,gradient_boosting,Downside,downside,0.9102253259776576
DE,P03,2027-06,12,9072262.99854751,7226625.011060757,11809414.826465469,gradient_boosting,Downside,downside,0.9024749999999999
DE,P04,2026-07,1,6059968.156603018,5427667.277608033,6894344.899141402,gradient_boosting,Downside,downside,0.9870850541179849
DE,P04,2026-08,2,6041259.404008485,5246181.381349391,7206144.746076873,gradient_boosting,Downside,downside,0.9743369040631049
DE,P04,2026-09,3,6186066.366386767,5499151.23557252,7357340.683594874,gradient_boosting,Downside,downside,0.9617533956762796
DE,P04,2026-10,4,5998649.811599306,5192900.081299556,7670193.221744301,gradient_boosting,Downside,downside,0.9493324026192761
DE,P04,2026-11,5,5786518.391756991,4708567.104465695,7830897.430362104,gradient_boosting,Downside,downside,0.9370718260154047
DE,P04,2026-12,6,5306687.748900229,4542627.87566951,6905407.803253795,gradient_boosting,Downside,downside,0.9249695940948546
DE,P04,2027-01,7,5420845.2764822235,4358130.209551542,7292000.281825118,gradient_boosting,Downside,downside,0.9130236618446099
DE,P04,2027-02,8,5054943.659220677,3901226.3758342545,6346211.336938883,gradient_boosting,Downside,downside,0.9012320106628874
DE,P04,2027-03,9,5275492.446566322,4092584.3819949334,6801338.318381614,gradient_boosting,Downside,downside,0.8895926480180364
DE,P04,2027-04,10,5102309.315653749,3808892.3402519887,6414967.064099997,gradient_boosting,Downside,downside,0.8781036071118449
DE,P04,2027-05,11,5111466.667957368,3839940.7169965063,6725634.01638212,gradient_boosting,Downside,downside,0.866762946547193
DE,P04,2027-06,12,5191470.135449454,4135330.7252028,6757765.333582709,gradient_boosting,Downside,downside,0.85556875
DE,P05,2026-07,1,7409441.343028637,6636335.5852114195,8429622.534094665,gradient_boosting,Downside,downside,0.9897370644864661
DE,P05,2026-08,2,7403335.9818665795,6428997.795090859,8830859.11751635,gradient_boosting,Downside,downside,0.9795794568182872
DE,P05,2026-09,3,7629366.5854391465,6782184.056887025,9073916.418697739,gradient_boosting,Downside,downside,0.9695260960225786
DE,P05,2026-10,4,7203465.233931841,6235882.46918353,9210734.406188643,gradient_boosting,Downside,downside,0.9595759122204106
DE,P05,2026-11,5,7188466.209398237,5849350.720694503,9728153.918530827,gradient_boosting,Downside,downside,0.9497278465129522
DE,P05,2026-12,6,6834788.209890009,5850711.576722806,8893871.671259105,gradient_boosting,Downside,downside,0.9399808508687822
DE,P05,2027-01,7,7495442.121655933,6026018.282804046,10082701.733001243,gradient_boosting,Downside,downside,0.9303338880123592
DE,P05,2027-02,8,7164961.1138912635,5529663.0711901495,8995225.370466972,gradient_boosting,Downside,downside,0.9207859313136332
DE,P05,2027-03,9,6942477.874392576,5385786.598856282,8950470.741808338,gradient_boosting,Downside,downside,0.9113359646787922
DE,P05,2027-04,10,7063301.9772238415,5272780.447746638,8880459.169472706,gradient_boosting,Downside,downside,0.9019829824421295
DE,P05,2027-05,11,6482863.156643231,4870189.285193725,8530108.440928942,gradient_boosting,Downside,downside,0.8927259892590209
DE,P05,2027-06,12,6198713.7330673225,4937663.260750048,8068899.884849057,gradient_boosting,Downside,downside,0.8835639999999999
DE,P06,2026-07,1,6661090.61363445,5966068.240377083,7578233.896293685,gradient_boosting,Downside,downside,0.9914852666076577
DE,P06,2026-08,2,6574986.0843337355,5709665.364704563,7842785.462202203,gradient_boosting,Downside,downside,0.9830430339000579
DE,P06,2026-09,3,6560470.510836402,5831980.67703166,7802634.781801387,gradient_boosting,Downside,downside,0.9746726845531996
DE,P06,2026-10,4,6384867.178201251,5527240.017354572,8164031.322061807,gradient_boosting,Downside,downside,0.9663736064994303
DE,P06,2026-11,5,6201517.86790234,5046257.70690672,8392516.371378116,gradient_boosting,Downside,downside,0.9581451928826913
DE,P06,2026-12,6,6033525.255404937,5164814.911040993,7851216.116576039,gradient_boosting,Downside,downside,0.9499868420141407
DE,P06,2027-01,7,5784908.89226946,4650821.950642988,7781730.5459298985,gradient_boosting,Downside,downside,0.941897957328157
DE,P06,2027-02,8,6472447.600088327,4995205.682977401,8125811.701678994,gradient_boosting,Downside,downside,0.9338779473387159
DE,P06,2027-03,9,6764807.793840989,5247954.954857535,8721412.63223376,gradient_boosting,Downside,downside,0.9259262255961387
DE,P06,2027-04,10,6830707.772042783,5099148.0331489695,8588026.062573573,gradient_boosting,Downside,downside,0.9180422106442098
DE,P06,2027-05,11,6665166.400612299,5007142.8632627595,8769981.842945106,gradient_boosting,Downside,downside,0.9102253259776576
DE,P06,2027-06,12,7026936.326360031,5597394.36735189,9147001.806542743,gradient_boosting,Downside,downside,0.9024749999999999
DE,P07,2026-07,1,2045710.1772607658,1832259.4940518865,2327377.1678736797,gradient_boosting,Downside,downside,0.9949355361674717
DE,P07,2026-08,2,2109230.2100418676,1831638.6562641584,2515935.3670982467,gradient_boosting,Downside,downside,0.9898967211288543
DE,P07,2026-09,3,2175741.28917157,1934141.9393181347,2587697.7315956457,gradient_boosting,Downside,downside,0.9848834249867586
DE,P07,2026-10,4,2170886.493242248,1879289.0069114103,2775811.122270459,gradient_boosting,Downside,downside,0.9798955185016566
DE,P07,2026-11,5,2230899.0135415127,1815312.2477775533,3019076.4410989964,gradient_boosting,Downside,downside,0.9749328730885484
DE,P07,2026-12,6,2189970.1916375197,1874657.0573102944,2849731.8790541207,gradient_boosting,Downside,downside,0.9699953608136485
DE,P07,2027-01,7,2245268.6907467684,1805101.014809571,3020285.415030926,gradient_boosting,Downside,downside,0.9650828543910874
DE,P07,2027-02,8,2197117.2389530507,1695657.2221667925,2758363.1530677364,gradient_boosting,Downside,downside,0.9601952271796305
DE,P07,2027-03,9,2417201.795527989,1875199.7878315211,3116336.03150846,gradient_boosting,Downside,downside,0.9553323531794128
DE,P07,2027-04,10,2441484.898183423,1822577.2982836573,3069599.320702384,gradient_boosting,Downside,downside,0.9504941070286914
DE,P07,2027-05,11,2492948.048579774,1872803.5100195433,3280204.5451470786,gradient_boosting,Downside,downside,0.9456803640006133
DE,P07,2027-06,12,2444948.2355094957,1947554.2179840456,3182602.6149141756,gradient_boosting,Downside,downside,0.9408909999999999
ES,P01,2026-07,1,969192.1887175657,868066.0677538026,1102637.0188582442,gradient_boosting,Downside,downside,0.9861929673672594
ES,P01,2026-08,2,868350.0426756528,754068.2367249927,1035786.69269372,gradient_boosting,Downside,downside,0.9725765688846404
ES,P01,2026-09,3,828702.9431181445,736681.8497669193,985610.162727558,gradient_boosting,Downside,downside,0.9591481724602113
ES,P01,2026-10,4,932160.6566297064,806951.1142718446,1191910.2755811082,gradient_boosting,Downside,downside,0.9459051823434197
ES,P01,2026-11,5,1094778.1963531761,890835.6032148824,1481563.7286923842,gradient_boosting,Downside,downside,0.9328450386233257
ES,P01,2026-12,6,1146355.0359772516,981302.1960682714,1491711.8521580885,gradient_boosting,Downside,downside,0.9199652167337633
ES,P01,2027-01,7,1144258.2311579545,919935.19652227,1539230.6768621118,gradient_boosting,Downside,downside,0.907263226965334
ES,P01,2027-02,8,926562.5434765341,715088.1349344283,1163249.7044883494,gradient_boosting,Downside,downside,0.8947366139841381
ES,P01,2027-03,9,944460.8902257427,732687.2188507668,1217630.0332087679,gradient_boosting,Downside,downside,0.8823829563571512
ES,P01,2027-04,10,727952.9240626806,543419.4881168472,915231.4654367539,gradient_boosting,Downside,downside,0.870199866084154
ES,P01,2027-05,11,812606.7458860922,610463.0888028445,1069222.578782287,gradient_boosting,Downside,downside,0.8581849881361236
ES,P01,2027-06,12,819123.3112644776,652482.9592434107,1066257.3360471295,gradient_boosting,Downside,downside,0.8463360000000001
ES,P02,2026-07,1,12442474.901130788,11144219.264542067,14155637.64536222,gradient_boosting,Downside,downside,0.9914852666076577
ES,P02,2026-08,2,13151587.379033184,11420733.365181057,15687497.582227273,gradient_boosting,Downside,downside,0.9830430339000579
ES,P02,2026-09,3,13441332.995532202,11948776.261399262,15986324.787449308,gradient_boosting,Downside,downside,0.9746726845531996
ES,P02,2026-10,4,13662638.604964059,11827447.734204145,17469777.58499922,gradient_boosting,Downside,downside,0.9663736064994303
ES,P02,2026-11,5,15088407.73195245,12277638.38211278,20419147.635427438,gradient_boosting,Downside,downside,0.9581451928826913
ES,P02,2026-12,6,14976154.951015677,12819879.776217978,19487948.44447252,gradient_boosting,Downside,downside,0.9499868420141407
ES,P02,2027-01,7,12719231.460134238,10225723.856974056,17109626.75770846,gradient_boosting,Downside,downside,0.941897957328157
ES,P02,2027-02,8,12366013.369595515,9543650.883899791,15524868.233835815,gradient_boosting,Downside,downside,0.9338779473387159
ES,P02,2027-03,9,12687969.17617125,9842983.383177662,16357747.037720727,gradient_boosting,Downside,downside,0.9259262255961387
ES,P02,2027-04,10,12260811.947140107,9152740.420393039,15415118.910710322,gradient_boosting,Downside,downside,0.9180422106442098
ES,P02,2027-05,11,12670031.147531059,9518240.389594626,16671143.139530413,gradient_boosting,Downside,downside,0.9102253259776576
ES,P02,2027-06,12,13517013.865229655,10767147.126242133,17595171.5658088,gradient_boosting,Downside,downside,0.9024749999999999
ES,P03,2026-07,1,6016790.078484803,5388994.427247115,6845221.775894512,gradient_boosting,Downside,downside,0.9914852666076577
ES,P03,2026-08,2,6054168.811703911,5257391.807812962,7221543.366499897,gradient_boosting,Downside,downside,0.9830430339000579
ES,P03,2026-09,3,5375552.506723108,4778638.711323376,6393363.5386480745,gradient_boosting,Downside,downside,0.9746726845531996
ES,P03,2026-10,4,4644201.5736007895,4020383.834123707,5938323.547636763,gradient_boosting,Downside,downside,0.9663736064994303
ES,P03,2026-11,5,4202521.15143259,3419647.447702745,5687273.392697776,gradient_boosting,Downside,downside,0.9581451928826913
ES,P03,2026-12,6,4602921.036898911,3940189.888891786,5989620.710687188,gradient_boosting,Downside,downside,0.9499868420141407
ES,P03,2027-01,7,4327158.38827236,3478852.2327429275,5820797.04869574,gradient_boosting,Downside,downside,0.941897957328157
ES,P03,2027-02,8,3816722.106959131,2945610.862692431,4791690.419921233,gradient_boosting,Downside,downside,0.9338779473387159
ES,P03,2027-03,9,4372106.436935287,3391761.944776755,5636663.371762641,gradient_boosting,Downside,downside,0.9259262255961387
ES,P03,2027-04,10,4649438.634351119,3470822.7403070717,5845587.52924115,gradient_boosting,Downside,downside,0.9180422106442098
ES,P03,2027-05,11,5376994.835726952,4039416.2274834714,7075014.22239105,gradient_boosting,Downside,downside,0.9102253259776576
ES,P03,2027-06,12,5571251.549862372,4437850.37973352,7252128.897216391,gradient_boosting,Downside,downside,0.9024749999999999
ES,P04,2026-07,1,2755190.1256391304,2467711.859545983,3134543.0368586103,gradient_boosting,Downside,downside,0.9870850541179849
ES,P04,2026-08,2,2680832.3117623525,2328013.3528376045,3197754.704209728,gradient_boosting,Downside,downside,0.9743369040631049
ES,P04,2026-09,3,2734040.595672343,2430446.398294748,3251705.835947775,gradient_boosting,Downside,downside,0.9617533956762796
ES,P04,2026-10,4,2675207.427553425,2315868.621164198,3420662.7361215474,gradient_boosting,Downside,downside,0.9493324026192761
ES,P04,2026-11,5,2647831.5609415346,2154575.816051246,3583311.408142418,gradient_boosting,Downside,downside,0.9370718260154047
ES,P04,2026-12,6,2700865.8989164224,2311993.7146114525,3514542.655686634,gradient_boosting,Downside,downside,0.9249695940948546
ES,P04,2027-01,7,2683424.2876571566,2157359.573389649,3609682.5612684535,gradient_boosting,Downside,downside,0.9130236618446099
ES,P04,2027-02,8,2530226.617206269,1952739.2353577279,3176564.1569216847,gradient_boosting,Downside,downside,0.9012320106628874
ES,P04,2027-03,9,2685424.5411513993,2083279.740698982,3462137.614232248,gradient_boosting,Downside,downside,0.8895926480180364
ES,P04,2027-04,10,2599129.2708455077,1940259.39209053,3267800.4480557158,gradient_boosting,Downside,downside,0.8781036071118449
ES,P04,2027-05,11,2849801.601353927,2140886.3473570948,3749750.0883959723,gradient_boosting,Downside,downside,0.866762946547193
ES,P04,2027-06,12,2780938.097993638,2215191.16193943,3619962.473661391,gradient_boosting,Downside,downside,0.85556875
ES,P05,2026-07,1,6006098.607161129,5379418.510748319,6833058.2316514,gradient_boosting,Downside,downside,0.9897370644864661
ES,P05,2026-08,2,5920770.218810963,5141549.535940174,7062422.642653521,gradient_boosting,Downside,downside,0.9795794568182872
ES,P05,2026-09,3,5953948.201994525,5292808.009535974,7081273.096676648,gradient_boosting,Downside,downside,0.9695260960225786
ES,P05,2026-10,4,5719708.338686735,4951426.542610138,7313523.794124064,gradient_boosting,Downside,downside,0.9595759122204106
ES,P05,2026-11,5,5754336.906956699,4682380.601555867,7787346.215353986,gradient_boosting,Downside,downside,0.9497278465129522
ES,P05,2026-12,6,5566473.712696844,4765009.710947973,7243458.22311291,gradient_boosting,Downside,downside,0.9399808508687822
ES,P05,2027-01,7,5533802.587235249,4448943.107406822,7443947.939401462,gradient_boosting,Downside,downside,0.9303338880123592
ES,P05,2027-02,8,5489640.105791231,4236709.688244491,6891949.470403738,gradient_boosting,Downside,downside,0.9207859313136332
ES,P05,2027-03,9,5480985.967311288,4252000.698503809,7066267.321878068,gradient_boosting,Downside,downside,0.9113359646787922
ES,P05,2027-04,10,5386209.8967973925,4020825.149890473,6771906.003871424,gradient_boosting,Downside,downside,0.9019829824421295
ES,P05,2027-05,11,5298877.401862026,3980731.2483001715,6972227.819856535,gradient_boosting,Downside,downside,0.8927259892590209
ES,P05,2027-06,12,5198128.700623999,4140634.6889035706,6766432.824627429,gradient_boosting,Downside,downside,0.8835639999999999
ES,P06,2026-07,1,3127630.890982605,2801291.9217942366,3558263.9252233896,gradient_boosting,Downside,downside,0.9914852666076577
ES,P06,2026-08,2,3121202.0638333326,2710426.9258570517,3723037.25922001,gradient_boosting,Downside,downside,0.9830430339000579
ES,P06,2026-09,3,3193621.8991029565,2838994.7298062104,3798304.598535025,gradient_boosting,Downside,downside,0.9746726845531996
ES,P06,2026-10,4,3228802.8934245,2795104.120821166,4128519.3910811436,gradient_boosting,Downside,downside,0.9663736064994303
ES,P06,2026-11,5,3191140.840208462,2596673.8146597766,4318572.052084037,gradient_boosting,Downside,downside,0.9581451928826913
ES,P06,2026-12,6,3115501.334756497,2666929.7082503936,4054093.2962437253,gradient_boosting,Downside,downside,0.9499868420141407
ES,P06,2027-01,7,3077205.5734986467,2473943.063648481,4139388.372978503,gradient_boosting,Downside,downside,0.941897957328157
ES,P06,2027-02,8,3181090.298746238,2455052.7590435245,3993688.6894684103,gradient_boosting,Downside,downside,0.9338779473387159
ES,P06,2027-03,9,3104576.0500970455,2408446.1467881575,4002521.521113776,gradient_boosting,Downside,downside,0.9259262255961387
ES,P06,2027-04,10,2992367.829317552,2233813.3968743403,3762206.460092857,gradient_boosting,Downside,downside,0.9180422106442098
ES,P06,2027-05,11,3041125.9837235245,2284616.969845691,4001493.4446218438,gradient_boosting,Downside,downside,0.9102253259776576
ES,P06,2027-06,12,3497637.95320111,2786087.431138764,4552894.631554944,gradient_boosting,Downside,downside,0.9024749999999999
ES,P07,2026-07,1,2849948.0956415366,2552582.723514834,3242347.9147484796,gradient_boosting,Downside,downside,0.9949355361674717
ES,P07,2026-08,2,2923598.0485243085,2538829.178323444,3487330.920277174,gradient_boosting,Downside,downside,0.9898967211288543
ES,P07,2026-09,3,2865079.372042571,2546934.3255662345,3407555.589800366,gradient_boosting,Downside,downside,0.9848834249867586
ES,P07,2026-10,4,2894376.605870076,2505598.590347956,3700904.1235566065,gradient_boosting,Downside,downside,0.9798955185016566
ES,P07,2026-11,5,2964742.004427472,2412450.065856653,4012186.4258187055,gradient_boosting,Downside,downside,0.9749328730885484
ES,P07,2026-12,6,2903119.12784469,2485126.4103997285,3777727.7329627518,gradient_boosting,Downside,downside,0.9699953608136485
ES,P07,2027-01,7,2918036.23227096,2345977.6488360977,3925277.3216770343,gradient_boosting,Downside,downside,0.9650828543910874
ES,P07,2027-02,8,2891144.0313491034,2231282.5051691653,3629676.6621726416,gradient_boosting,Downside,downside,0.9601952271796305
ES,P07,2027-03,9,3059281.6638026536,2373307.9867361747,3944126.5090401378,gradient_boosting,Downside,downside,0.9553323531794128
ES,P07,2027-04,10,3012007.5308857155,2248474.505058886,3786898.81622305,gradient_boosting,Downside,downside,0.9504941070286914
ES,P07,2027-05,11,3012281.9380636844,2262948.1548915706,3963540.640219146,gradient_boosting,Downside,downside,0.9456803640006133
ES,P07,2027-06,12,3320486.3218663824,2644975.07472243,4322295.375123356,gradient_boosting,Downside,downside,0.9408909999999999
FR,P01,2026-07,1,1421923.2532679022,1273558.889022019,1617703.1091254805,gradient_boosting,Downside,downside,0.9861929673672594
FR,P01,2026-08,2,1451767.745106991,1260703.5065189176,1731699.9336239588,gradient_boosting,Downside,downside,0.9725765688846404
FR,P01,2026-09,3,1244598.8935772106,1106395.7510376622,1480252.1557526186,gradient_boosting,Downside,downside,0.9591481724602113
FR,P01,2026-10,4,1192933.3470833919,1032696.3349445298,1525348.130023992,gradient_boosting,Downside,downside,0.9459051823434197
FR,P01,2026-11,5,1480137.3161066056,1204407.4527853653,2003070.364693493,gradient_boosting,Downside,downside,0.9328450386233257
FR,P01,2026-12,6,1315053.9242581422,1125711.7239622101,1711233.8354849813,gradient_boosting,Downside,downside,0.9199652167337633
FR,P01,2027-01,7,1275262.077323137,1025256.745177579,1715454.1317725608,gradient_boosting,Downside,downside,0.907263226965334
FR,P01,2027-02,8,1195748.729777371,922836.4939278028,1501198.5605816506,gradient_boosting,Downside,downside,0.8947366139841381
FR,P01,2027-03,9,1390340.3426736002,1078588.4407411073,1792472.4836583838,gradient_boosting,Downside,downside,0.8823829563571512
FR,P01,2027-04,10,1156392.6828274338,863251.3161112637,1453894.7983308889,gradient_boosting,Downside,downside,0.870199866084154
FR,P01,2027-05,11,1100159.9218307033,826484.6771921952,1447583.1447966285,gradient_boosting,Downside,downside,0.8581849881361236
FR,P01,2027-06,12,1087680.4077537963,866405.48669861,1415839.5910524402,gradient_boosting,Downside,downside,0.8463360000000001
FR,P02,2026-07,1,13758072.145064034,12322546.266743766,15652375.072629502,gradient_boosting,Downside,downside,0.9914852666076577
FR,P02,2026-08,2,13791035.09182916,11976024.648152752,16450244.630118998,gradient_boosting,Downside,downside,0.9830430339000579
FR,P02,2026-09,3,13643731.729095554,12128700.171010232,16227045.844831612,gradient_boosting,Downside,downside,0.9746726845531996
FR,P02,2026-10,4,13926915.90439628,12056226.818299625,17807696.61918693,gradient_boosting,Downside,downside,0.9663736064994303
FR,P02,2026-11,5,15345706.028216382,12487005.433559336,20767349.512728997,gradient_boosting,Downside,downside,0.9581451928826913
FR,P02,2026-12,6,15548957.81883415,13310210.16642322,20233316.85134356,gradient_boosting,Downside,downside,0.9499868420141407
FR,P02,2027-01,7,13269101.792393243,10667796.335366067,17849300.076774657,gradient_boosting,Downside,downside,0.941897957328157
FR,P02,2027-02,8,12922547.602712095,9973164.282200221,16223567.190283442,gradient_boosting,Downside,downside,0.9338779473387159
FR,P02,2027-03,9,13106724.337813381,10167842.31374666,16897619.960626807,gradient_boosting,Downside,downside,0.9259262255961387
FR,P02,2027-04,10,13312359.342058156,9937724.350243656,16737195.14862949,gradient_boosting,Downside,downside,0.9180422106442098
FR,P02,2027-05,11,13332050.069394296,10015575.807904346,17542223.25598382,gradient_boosting,Downside,downside,0.9102253259776576
FR,P02,2027-06,12,13736817.573293867,10942234.529955523,17881291.265969735,gradient_boosting,Downside,downside,0.9024749999999999
FR,P03,2026-07,1,15455673.146458888,13843018.514715198,17583713.076772526,gradient_boosting,Downside,downside,0.9914852666076577
FR,P03,2026-08,2,15158037.37410864,13163118.504244793,18080834.48821832,gradient_boosting,Downside,downside,0.9830430339000579
FR,P03,2026-09,3,13161646.50114553,11700146.802857297,15653682.248244705,gradient_boosting,Downside,downside,0.9746726845531996
FR,P03,2026-10,4,11923894.271739375,10322254.75362668,15246526.450509235,gradient_boosting,Downside,downside,0.9663736064994303
FR,P03,2026-11,5,10442224.137835637,8496976.894242864,14131465.698740028,gradient_boosting,Downside,downside,0.9581451928826913
FR,P03,2026-12,6,10813257.951413974,9256359.017369727,14070915.6764999,gradient_boosting,Downside,downside,0.9499868420141407
FR,P03,2027-01,7,10859478.674868302,8730561.316377668,14607928.748890787,gradient_boosting,Downside,downside,0.941897957328157
FR,P03,2027-02,8,10116297.1459032,7807399.629347965,12700469.869345909,gradient_boosting,Downside,downside,0.9338779473387159
FR,P03,2027-03,9,10566057.939668095,8196862.025891931,13622109.303953003,gradient_boosting,Downside,downside,0.9259262255961387
FR,P03,2027-04,10,11459420.201745452,8554498.586796213,14407555.21080366,gradient_boosting,Downside,downside,0.9180422106442098
FR,P03,2027-05,11,12626229.782976452,9485335.031086152,16613509.593906583,gradient_boosting,Downside,downside,0.9102253259776576
FR,P03,2027-06,12,12133156.642008644,9664818.278118223,15793796.979089472,gradient_boosting,Downside,downside,0.9024749999999999
FR,P04,2026-07,1,1538214.3962623756,1377716.14120477,1750005.9905598778,gradient_boosting,Downside,downside,0.9870850541179849
FR,P04,2026-08,2,1510859.9448512306,1312018.7004792222,1802186.3862398711,gradient_boosting,Downside,downside,0.9743369040631049
FR,P04,2026-09,3,1505048.401890492,1337924.3429757736,1790015.3639114788,gradient_boosting,Downside,downside,0.9617533956762796
FR,P04,2026-10,4,1546474.043339313,1338748.79141233,1977404.0988170682,gradient_boosting,Downside,downside,0.9493324026192761
FR,P04,2026-11,5,1494190.6587776856,1215842.8449381136,2022088.7584080498,gradient_boosting,Downside,downside,0.9370718260154047
FR,P04,2026-12,6,1481866.507105963,1268506.5377354496,1928301.235298921,gradient_boosting,Downside,downside,0.9249695940948546
FR,P04,2027-01,7,1495947.0525190865,1202678.1265566337,2012314.643232818,gradient_boosting,Downside,downside,0.9130236618446099
FR,P04,2027-02,8,1526572.2220014513,1178154.341290152,1916529.7568153683,gradient_boosting,Downside,downside,0.9012320106628874
FR,P04,2027-03,9,1517681.992587354,1177376.6492151245,1956645.5256742185,gradient_boosting,Downside,downside,0.8895926480180364
FR,P04,2027-04,10,1516938.3869865995,1132399.9870217904,1907197.1510886704,gradient_boosting,Downside,downside,0.8781036071118449
FR,P04,2027-05,11,1643612.7634200545,1234748.4554279505,2162654.797440994,gradient_boosting,Downside,downside,0.866762946547193
FR,P04,2027-06,12,1392808.941503202,1109459.4517274883,1813027.0878230708,gradient_boosting,Downside,downside,0.85556875
FR,P05,2026-07,1,3929399.3454860547,3519403.3527899645,4470425.196000914,gradient_boosting,Downside,downside,0.9897370644864661
FR,P05,2026-08,2,3856334.814730803,3348810.33114826,4599919.487954283,gradient_boosting,Downside,downside,0.9795794568182872
FR,P05,2026-09,3,3992862.211536251,3549485.5476090726,4748873.654597252,gradient_boosting,Downside,downside,0.9695260960225786
FR,P05,2026-10,4,3870864.089082718,3350922.4699246166,4949493.041078178,gradient_boosting,Downside,downside,0.9595759122204106
FR,P05,2026-11,5,3956771.925641384,3219678.0287587508,5354700.876639894,gradient_boosting,Downside,downside,0.9497278465129522
FR,P05,2026-12,6,3840675.1900663013,3287692.625857472,4997736.758252537,gradient_boosting,Downside,downside,0.9399808508687822
FR,P05,2027-01,7,3761382.0666168393,3023992.0119664413,5059727.347101285,gradient_boosting,Downside,downside,0.9303338880123592
FR,P05,2027-02,8,3708135.8701569173,2861807.853277547,4655366.208716081,gradient_boosting,Downside,downside,0.9207859313136332
FR,P05,2027-03,9,3861013.325648509,2995269.7298444994,4977745.328136561,gradient_boosting,Downside,downside,0.9113359646787922
FR,P05,2027-04,10,4009890.319442001,2993397.6123547317,5041504.295115041,gradient_boosting,Downside,downside,0.9019829824421295
FR,P05,2027-05,11,4283487.572431363,3217929.2967395512,5636184.601670716,gradient_boosting,Downside,downside,0.8927259892590209
FR,P05,2027-06,12,4021499.415361625,3203375.8569026715,5234807.988701087,gradient_boosting,Downside,downside,0.8835639999999999
FR,P06,2026-07,1,1930577.1817610723,1729139.5475277817,2196391.895388166,gradient_boosting,Downside,downside,0.9914852666076577
FR,P06,2026-08,2,1986907.7208576747,1725414.7843256963,2370026.459068765,gradient_boosting,Downside,downside,0.9830430339000579
FR,P06,2026-09,3,1995998.7624324071,1774358.4388737434,2373922.6237604218,gradient_boosting,Downside,downside,0.9746726845531996
FR,P06,2026-10,4,2068072.5805771605,1790285.2490316164,2644347.776218839,gradient_boosting,Downside,downside,0.9663736064994303
FR,P06,2026-11,5,2254966.9402375007,1834896.6403675526,3051647.574992953,gradient_boosting,Downside,downside,0.9581451928826913
FR,P06,2026-12,6,2057946.3471557526,1761642.079875411,2677933.8519158377,gradient_boosting,Downside,downside,0.9499868420141407
FR,P06,2027-01,7,2023292.2385049334,1626641.3405367795,2721687.6374244783,gradient_boosting,Downside,downside,0.941897957328157
FR,P06,2027-02,8,2000218.9486786558,1543698.0995415633,2511167.8832087065,gradient_boosting,Downside,downside,0.9338779473387159
FR,P06,2027-03,9,2122825.8925364087,1646830.9227025143,2736816.938399348,gradient_boosting,Downside,downside,0.9259262255961387
FR,P06,2027-04,10,2163730.4368128516,1615232.589263476,2720387.6968338396,gradient_boosting,Downside,downside,0.9180422106442098
FR,P06,2027-05,11,2193026.1312404275,1647490.022301692,2885569.271056139,gradient_boosting,Downside,downside,0.9102253259776576
FR,P06,2027-06,12,2256507.779424953,1797449.606460517,2937308.632988497,gradient_boosting,Downside,downside,0.9024749999999999
FR,P07,2026-07,1,4537515.56661511,4064068.345923368,5162270.905232567,gradient_boosting,Downside,downside,0.9949355361674717
FR,P07,2026-08,2,4344623.1619812045,3772836.0292295604,5182360.3786358405,gradient_boosting,Downside,downside,0.9898967211288543
FR,P07,2026-09,3,4516074.028787785,4014598.713374457,5371150.778896961,gradient_boosting,Downside,downside,0.9848834249867586
FR,P07,2026-10,4,4471810.691230544,3871148.813712159,5717895.38147011,gradient_boosting,Downside,downside,0.9798955185016566
FR,P07,2026-11,5,4394138.664819681,3575569.171110596,5946589.442800183,gradient_boosting,Downside,downside,0.9749328730885484
FR,P07,2026-12,6,4595427.227904359,3933775.042711954,5979869.278238991,gradient_boosting,Downside,downside,0.9699953608136485
FR,P07,2027-01,7,4399412.106696279,3536941.164810742,5917991.140804569,gradient_boosting,Downside,downside,0.9650828543910874
FR,P07,2027-02,8,4396785.914773732,3393283.552888558,5519929.498627106,gradient_boosting,Downside,downside,0.9601952271796305
FR,P07,2027-03,9,4669714.362663719,3622638.1257457645,6020349.294851832,gradient_boosting,Downside,downside,0.9553323531794128
FR,P07,2027-04,10,4574754.96470479,3415071.1110624294,5751690.187592834,gradient_boosting,Downside,downside,0.9504941070286914
FR,P07,2027-05,11,4725483.141641574,3549974.264103211,6217759.446715792,gradient_boosting,Downside,downside,0.9456803640006133
FR,P07,2027-06,12,4942757.839472146,3937215.822784767,6434015.164952353,gradient_boosting,Downside,downside,0.9408909999999999
GR,P01,2026-07,1,608734.712822089,545218.951015194,692549.3589768058,gradient_boosting,Downside,downside,0.9861929673672594
GR,P01,2026-08,2,480745.97585407714,417475.9630435431,573444.1871176421,gradient_boosting,Downside,downside,0.9725765688846404
GR,P01,2026-09,3,471596.1607652901,419229.0312718507,560888.5217719122,gradient_boosting,Downside,downside,0.9591481724602113
GR,P01,2026-10,4,417911.44465206726,361776.8069596888,534363.836985684,gradient_boosting,Downside,downside,0.9459051823434197
GR,P01,2026-11,5,335743.1108947453,273198.6421683122,454361.2732852874,gradient_boosting,Downside,downside,0.9328450386233257
GR,P01,2026-12,6,518566.8633178186,443903.3159986123,674792.9846081156,gradient_boosting,Downside,downside,0.9199652167337633
GR,P01,2027-01,7,329275.6119255523,264723.6581031065,442934.2164359668,gradient_boosting,Downside,downside,0.907263226965334
GR,P01,2027-02,8,336653.7763939148,259817.4540672585,422650.8061028977,gradient_boosting,Downside,downside,0.8947366139841381
GR,P01,2027-03,9,396164.39336175367,307333.62342886016,510748.1616627935,gradient_boosting,Downside,downside,0.8823829563571512
GR,P01,2027-04,10,448323.6658024211,334675.2364443316,563662.7205950982,gradient_boosting,Downside,downside,0.870199866084154
GR,P01,2027-05,11,437033.5718594452,328317.31404953747,575045.8817671349,gradient_boosting,Downside,downside,0.8581849881361236
GR,P01,2027-06,12,370401.08541428787,295047.6356789368,482153.13759430434,gradient_boosting,Downside,downside,0.8463360000000001
GR,P02,2026-07,1,2814446.9226526446,2520785.765186174,3201958.7040159423,gradient_boosting,Downside,downside,0.9914852666076577
GR,P02,2026-08,2,2961925.6359822764,2572112.548936634,3533048.8947125673,gradient_boosting,Downside,downside,0.9830430339000579
GR,P02,2026-09,3,2981518.135511373,2650443.459169662,3546040.9536612257,gradient_boosting,Downside,downside,0.9746726845531996
GR,P02,2026-10,4,3135135.049054398,2714017.9144378374,4008750.695199994,gradient_boosting,Downside,downside,0.9663736064994303
GR,P02,2026-11,5,3410384.8814682807,2775075.611843498,4615275.092338682,gradient_boosting,Downside,downside,0.9581451928826913
GR,P02,2026-12,6,3507156.1569446055,3002193.84985752,4563740.065243887,gradient_boosting,Downside,downside,0.9499868420141407
GR,P02,2027-01,7,2446999.919853278,1967284.3863943007,3291649.7695679353,gradient_boosting,Downside,downside,0.941897957328157
GR,P02,2027-02,8,2322899.306457045,1792731.364320377,2916275.809783781,gradient_boosting,Downside,downside,0.9338779473387159
GR,P02,2027-03,9,2498268.065079104,1938088.807583113,3220849.3316431455,gradient_boosting,Downside,downside,0.9259262255961387
GR,P02,2027-04,10,2269574.861622229,1694245.834830138,2853462.439477851,gradient_boosting,Downside,downside,0.9180422106442098
GR,P02,2027-05,11,2264262.4568200517,1701005.6343347707,2979301.556844839,gradient_boosting,Downside,downside,0.9102253259776576
GR,P02,2027-06,12,2220658.670897928,1768893.548909374,2890643.6505224467,gradient_boosting,Downside,downside,0.9024749999999999
GR,P03,2026-07,1,2805228.7287432156,2512529.403412006,3191471.287825559,gradient_boosting,Downside,downside,0.9914852666076577
GR,P03,2026-08,2,2853395.2747401367,2477865.6506687244,3403591.534888564,gradient_boosting,Downside,downside,0.9830430339000579
GR,P03,2026-09,3,2618953.3818977857,2328138.735178515,3114827.9251859314,gradient_boosting,Downside,downside,0.9746726845531996
GR,P03,2026-10,4,2425369.935463168,2099589.762798689,3101207.2088689283,gradient_boosting,Downside,downside,0.9663736064994303
GR,P03,2026-11,5,2402831.261315995,1955215.8083055902,3251752.4141351357,gradient_boosting,Downside,downside,0.9581451928826913
GR,P03,2026-12,6,2303032.5223658285,1971440.6103582426,2996855.9492478366,gradient_boosting,Downside,downside,0.9499868420141407
GR,P03,2027-01,7,2151422.6727817603,1729652.787627402,2894045.842686392,gradient_boosting,Downside,downside,0.941897957328157
GR,P03,2027-02,8,2076423.5495264127,1602510.1098880891,2606838.68281194,gradient_boosting,Downside,downside,0.9338779473387159
GR,P03,2027-03,9,1976445.9698515176,1533273.3370390695,2548099.129155495,gradient_boosting,Downside,downside,0.9259262255961387
GR,P03,2027-04,10,2077789.481967133,1551077.3559416684,2612336.9377194927,gradient_boosting,Downside,downside,0.9180422106442098
GR,P03,2027-05,11,2337719.707282722,1756189.695062088,3075956.1208975995,gradient_boosting,Downside,downside,0.9102253259776576
GR,P03,2027-06,12,2414364.7213780396,1923192.5357682747,3142791.8857402904,gradient_boosting,Downside,downside,0.9024749999999999
GR,P04,2026-07,1,548469.684955822,491242.0139619087,623986.6410335288,gradient_boosting,Downside,downside,0.9870850541179849
GR,P04,2026-08,2,574885.1441030358,499225.6643385599,685735.4209996308,gradient_boosting,Downside,downside,0.9743369040631049
GR,P04,2026-09,3,529311.9515977063,470535.92707120994,629532.2625317149,gradient_boosting,Downside,downside,0.9617533956762796
GR,P04,2026-10,4,554660.3125544838,480157.3141656519,709218.2246577452,gradient_boosting,Downside,downside,0.9493324026192761
GR,P04,2026-11,5,611332.2142825228,497449.1670451334,827316.1064764189,gradient_boosting,Downside,downside,0.9370718260154047
GR,P04,2026-12,6,580720.4950883737,497108.03306784906,755671.3392687797,gradient_boosting,Downside,downside,0.9249695940948546
GR,P04,2027-01,7,475293.2433380183,382115.6547621199,639353.8807326941,gradient_boosting,Downside,downside,0.9130236618446099
GR,P04,2027-02,8,456232.12681891624,352103.7872306014,572775.027910068,gradient_boosting,Downside,downside,0.9012320106628874
GR,P04,2027-03,9,509423.52672748495,395196.9963794873,656765.5603169075,gradient_boosting,Downside,downside,0.8895926480180364
GR,P04,2027-04,10,425662.79699037946,317758.8159958818,535171.9494403289,gradient_boosting,Downside,downside,0.8781036071118449
GR,P04,2027-05,11,471507.59504230035,354215.5960687426,620406.5733380362,gradient_boosting,Downside,downside,0.866762946547193
GR,P04,2027-06,12,465054.37580388814,370444.90269138955,605363.8482052786,gradient_boosting,Downside,downside,0.85556875
GR,P05,2026-07,1,949710.9731944067,850617.5344792727,1080473.4999419244,gradient_boosting,Downside,downside,0.9897370644864661
GR,P05,2026-08,2,1048928.4760441345,910881.1049793155,1251184.5496388562,gradient_boosting,Downside,downside,0.9795794568182872
GR,P05,2026-09,3,1014773.399550442,902090.6119413982,1206911.3350788697,gradient_boosting,Downside,downside,0.9695260960225786
GR,P05,2026-10,4,1036061.4140478383,896895.7299085846,1324763.31923464,gradient_boosting,Downside,downside,0.9595759122204106
GR,P05,2026-11,5,1006111.4861410738,818686.3198806024,1361571.0377250982,gradient_boosting,Downside,downside,0.9497278465129522
GR,P05,2026-12,6,993255.8085308097,850246.2811077944,1292489.1637495067,gradient_boosting,Downside,downside,0.9399808508687822
GR,P05,2027-01,7,995054.5216579101,799981.7279054226,1338525.1713122996,gradient_boosting,Downside,downside,0.9303338880123592
GR,P05,2027-02,8,935402.0955524248,721910.1879648555,1174347.289225056,gradient_boosting,Downside,downside,0.9207859313136332
GR,P05,2027-03,9,993225.6431064795,770517.5954559769,1280499.15598991,gradient_boosting,Downside,downside,0.9113359646787922
GR,P05,2027-04,10,896283.5795999051,669078.9307026366,1126868.1076600607,gradient_boosting,Downside,downside,0.9019829824421295
GR,P05,2027-05,11,913024.5570115431,685901.014294859,1201351.670142646,gradient_boosting,Downside,downside,0.8927259892590209
GR,P05,2027-06,12,864253.9541837809,688432.3395620927,1125004.1430680978,gradient_boosting,Downside,downside,0.8835639999999999
GR,P07,2026-07,1,1151460.7299712033,1031316.5950724606,1310001.5057981184,gradient_boosting,Downside,downside,0.9949355361674717
GR,P07,2026-08,2,1223458.0982868678,1062441.2339974872,1459367.2539810594,gradient_boosting,Downside,downside,0.9898967211288543
GR,P07,2026-09,3,1215856.3080413877,1080844.8087422934,1446067.428109948,gradient_boosting,Downside,downside,0.9848834249867586
GR,P07,2026-10,4,1229530.2505750125,1064377.4747152613,1572142.8804952519,gradient_boosting,Downside,downside,0.9798955185016566
GR,P07,2026-11,5,1187972.4417340583,966669.002232679,1607683.5346394791,gradient_boosting,Downside,downside,0.9749328730885484
GR,P07,2026-12,6,1238462.426749714,1060147.9131476087,1611567.9893708578,gradient_boosting,Downside,downside,0.9699953608136485
GR,P07,2027-01,7,1216466.9249911606,977987.9307244478,1636364.2028947265,gradient_boosting,Downside,downside,0.9650828543910874
GR,P07,2027-02,8,1325327.739756401,1022840.9817251241,1663878.0754478986,gradient_boosting,Downside,downside,0.9601952271796305
GR,P07,2027-03,9,1084826.8843369712,841579.3613533509,1398594.4879996756,gradient_boosting,Downside,downside,0.9553323531794128
GR,P07,2027-04,10,1189672.7850137022,888095.0326439295,1495736.7852053049,gradient_boosting,Downside,downside,0.9504941070286914
GR,P07,2027-05,11,1226670.9840175912,921524.9093602435,1614045.5632305902,gradient_boosting,Downside,downside,0.9456803640006133
GR,P07,2027-06,12,1211918.0139894765,965368.5119857768,1577560.3689133902,gradient_boosting,Downside,downside,0.9408909999999999
HR,P05,2026-07,1,184887.2858581135,165596.03046831384,210343.7977282239,gradient_boosting,Downside,downside,0.9897370644864661
HR,P05,2026-08,2,177639.89626492021,154261.06612000611,211892.70639723347,gradient_boosting,Downside,downside,0.9795794568182872
HR,P05,2026-09,3,188464.0496092246,167536.56522358276,224147.97020596627,gradient_boosting,Downside,downside,0.9695260960225786
HR,P05,2026-10,4,186772.42279790808,161684.8057468433,238817.1699209982,gradient_boosting,Downside,downside,0.9595759122204106
HR,P05,2026-11,5,187859.24855980318,152863.57324957085,254229.98895369258,gradient_boosting,Downside,downside,0.9497278465129522
HR,P05,2026-12,6,180282.71947110575,154325.51258375318,234595.61910074507,gradient_boosting,Downside,downside,0.9399808508687822
HR,P05,2027-01,7,177060.02289034482,142348.76579304444,238177.19764438842,gradient_boosting,Downside,downside,0.9303338880123592
HR,P05,2027-02,8,173140.01833538924,133623.33030366214,217368.03044947353,gradient_boosting,Downside,downside,0.9207859313136332
HR,P05,2027-03,9,177902.03102773917,138011.58490582064,229357.14775488223,gradient_boosting,Downside,downside,0.9113359646787922
HR,P05,2027-04,10,176566.7454207903,131807.71344324152,221991.60937081918,gradient_boosting,Downside,downside,0.9019829824421295
HR,P05,2027-05,11,194299.84218748915,145965.90837593973,255658.44656404082,gradient_boosting,Downside,downside,0.8927259892590209
HR,P05,2027-06,12,166401.38126661818,132549.10973468536,216605.59657374918,gradient_boosting,Downside,downside,0.8835639999999999
HR,P06,2026-07,1,148300.38250582296,132826.6275634722,168719.3660507411,gradient_boosting,Downside,downside,0.9914852666076577
HR,P06,2026-08,2,138999.99702653175,120706.48645286802,165802.19972226772,gradient_boosting,Downside,downside,0.9830430339000579
HR,P06,2026-09,3,144953.53700052423,128857.56066704345,172399.14540843348,gradient_boosting,Downside,downside,0.9746726845531996
HR,P06,2026-10,4,141470.12588671225,122467.59709127001,180891.23965152298,gradient_boosting,Downside,downside,0.9663736064994303
HR,P06,2026-11,5,152032.79683071218,123711.11219083994,205746.0388838225,gradient_boosting,Downside,downside,0.9581451928826913
HR,P06,2026-12,6,112824.51507780315,96579.97822795196,146814.60897676705,gradient_boosting,Downside,downside,0.9499868420141407
HR,P06,2027-01,7,112670.31191041473,90582.16293068987,151561.5931280053,gradient_boosting,Downside,downside,0.941897957328157
HR,P06,2027-02,8,126774.7300119252,97840.24389859139,159158.8913897177,gradient_boosting,Downside,downside,0.9338779473387159
HR,P06,2027-03,9,135952.8877877825,105468.57395455727,175274.93301739416,gradient_boosting,Downside,downside,0.9259262255961387
HR,P06,2027-04,10,113047.0650490787,84390.04253081708,142130.38726565172,gradient_boosting,Downside,downside,0.9180422106442098
HR,P06,2027-05,11,128840.90196674551,96790.50214258145,169528.00619849897,gradient_boosting,Downside,downside,0.9102253259776576
HR,P06,2027-06,12,141965.03587399513,113084.03196726156,184796.67088117657,gradient_boosting,Downside,downside,0.9024749999999999
HU,P01,2026-07,1,987398.4168712773,884372.6466408374,1123350.0016595442,gradient_boosting,Downside,downside,0.9861929673672594
HU,P01,2026-08,2,828158.4723954072,719166.1983269203,987845.319274231,gradient_boosting,Downside,downside,0.9725765688846404
HU,P01,2026-09,3,939089.1668694576,834810.5316754485,1116896.9945868016,gradient_boosting,Downside,downside,0.9591481724602113
HU,P01,2026-10,4,943396.700290299,816677.9117798026,1206277.2795955872,gradient_boosting,Downside,downside,0.9459051823434197
HU,P01,2026-11,5,908439.4524261213,739209.2848414294,1229391.439207582,gradient_boosting,Downside,downside,0.9328450386233257
HU,P01,2026-12,6,903332.2314756206,773269.9510240293,1175474.7472102852,gradient_boosting,Downside,downside,0.9199652167337633
HU,P01,2027-01,7,857425.454825879,689333.782192001,1153389.6171800913,gradient_boosting,Downside,downside,0.907263226965334
HU,P01,2027-02,8,862824.785544574,665897.5921422982,1083230.3592200715,gradient_boosting,Downside,downside,0.8947366139841381
HU,P01,2027-03,9,800601.4171933328,621084.9298705846,1032161.6705283597,gradient_boosting,Downside,downside,0.8823829563571512
HU,P01,2027-04,10,940932.6766457247,702409.6429774177,1183003.9609122344,gradient_boosting,Downside,downside,0.870199866084154
HU,P01,2027-05,11,885585.0862549975,665287.3728773361,1165246.996102877,gradient_boosting,Downside,downside,0.8581849881361236
HU,P01,2027-06,12,828531.6645640514,659977.301204009,1078504.241473747,gradient_boosting,Downside,downside,0.8463360000000001
HU,P02,2026-07,1,2566803.966154148,2298982.030119939,2920218.6172989234,gradient_boosting,Downside,downside,0.9914852666076577
HU,P02,2026-08,2,2565216.5055595604,2227613.5107966657,3059845.672546747,gradient_boosting,Downside,downside,0.9830430339000579
HU,P02,2026-09,3,2544666.628909404,2262100.955224767,3026475.664210622,gradient_boosting,Downside,downside,0.9746726845531996
HU,P02,2026-10,4,2557652.5399641218,2214103.9233584926,3270350.794219743,gradient_boosting,Downside,downside,0.9663736064994303
HU,P02,2026-11,5,3062411.243581382,2491924.826924276,4144362.2424557535,gradient_boosting,Downside,downside,0.9581451928826913
HU,P02,2026-12,6,2848602.4411696186,2438459.0667953035,3706787.0687694238,gradient_boosting,Downside,downside,0.9499868420141407
HU,P02,2027-01,7,2426699.534022872,1950963.735233702,3264342.1428701775,gradient_boosting,Downside,downside,0.941897957328157
HU,P02,2027-02,8,2316901.838500898,1788102.7310939583,2908746.3096148125,gradient_boosting,Downside,downside,0.9338779473387159
HU,P02,2027-03,9,2377911.4994223467,1844719.4385874292,3065681.6899184543,gradient_boosting,Downside,downside,0.9259262255961387
HU,P02,2027-04,10,2440233.826579083,1821643.3688105345,3068026.389184483,gradient_boosting,Downside,downside,0.9180422106442098
HU,P02,2027-05,11,2694700.23257537,2024367.91929647,3545668.733746084,gradient_boosting,Downside,downside,0.9102253259776576
HU,P02,2027-06,12,2518452.601403529,2006105.0436244647,3278283.6537616956,gradient_boosting,Downside,downside,0.9024749999999999
HU,P03,2026-07,1,2945383.9024564708,2638060.6983779734,3350923.958533966,gradient_boosting,Downside,downside,0.9914852666076577
HU,P03,2026-08,2,3035011.234679029,2635579.498704305,3620226.9759439467,gradient_boosting,Downside,downside,0.9830430339000579
HU,P03,2026-09,3,2720167.8568066666,2418114.1204697816,3235206.422588111,gradient_boosting,Downside,downside,0.9746726845531996
HU,P03,2026-10,4,2287435.44768214,1980182.89036765,2924836.8244572496,gradient_boosting,Downside,downside,0.9663736064994303
HU,P03,2026-11,5,2366680.7598345885,1925799.663646348,3202829.9274183707,gradient_boosting,Downside,downside,0.9581451928826913
HU,P03,2026-12,6,2244466.628049925,1921307.06629621,2920646.1922864644,gradient_boosting,Downside,downside,0.9499868420141407
HU,P03,2027-01,7,2039617.587876123,1639766.2305949286,2743648.1336467317,gradient_boosting,Downside,downside,0.941897957328157
HU,P03,2027-02,8,2054794.9613797115,1585817.9320443156,2579685.1474707094,gradient_boosting,Downside,downside,0.9338779473387159
HU,P03,2027-03,9,2181114.089468318,1692049.3296729275,2811963.99837863,gradient_boosting,Downside,downside,0.9259262255961387
HU,P03,2027-04,10,2276197.79917407,1699189.8816431724,2861789.2428200757,gradient_boosting,Downside,downside,0.9180422106442098
HU,P03,2027-05,11,2576909.3312305873,1935878.6250199408,3390680.2452421836,gradient_boosting,Downside,downside,0.9102253259776576
HU,P03,2027-06,12,2906828.9165347056,2315471.0742476867,3783835.2471064264,gradient_boosting,Downside,downside,0.9024749999999999
HU,P04,2026-07,1,695207.2308736817,622668.8722874034,790927.9887548048,gradient_boosting,Downside,downside,0.9870850541179849
HU,P04,2026-08,2,676895.8975230751,587810.987282074,807416.0517491406,gradient_boosting,Downside,downside,0.9743369040631049
HU,P04,2026-09,3,693847.0023550479,616800.6248739447,825220.4997921573,gradient_boosting,Downside,downside,0.9617533956762796
HU,P04,2026-10,4,689956.7545630687,597280.4880084348,882215.4632052799,gradient_boosting,Downside,downside,0.9493324026192761
HU,P04,2026-11,5,712748.6792965734,579973.095716405,964563.0452239506,gradient_boosting,Downside,downside,0.9370718260154047
HU,P04,2026-12,6,739080.1314740637,632666.9603432681,961739.2144786608,gradient_boosting,Downside,downside,0.9249695940948546
HU,P04,2027-01,7,734054.7956455629,590148.9928605976,987434.1553234842,gradient_boosting,Downside,downside,0.9130236618446099
HU,P04,2027-02,8,756017.401878841,583467.4385380053,949139.4029634481,gradient_boosting,Downside,downside,0.9012320106628874
HU,P04,2027-03,9,730065.2463915353,566364.8759774065,941224.1199271025,gradient_boosting,Downside,downside,0.8895926480180364
HU,P04,2027-04,10,701917.7847662241,523984.1625595686,882498.3340713882,gradient_boosting,Downside,downside,0.8781036071118449
HU,P04,2027-05,11,749087.6962391202,562745.006911918,985644.6335964177,gradient_boosting,Downside,downside,0.866762946547193
HU,P04,2027-06,12,742100.5732763387,591129.5301315587,965996.4128223818,gradient_boosting,Downside,downside,0.85556875
HU,P05,2026-07,1,1342894.8789056768,1202776.3848167735,1527793.5822778898,gradient_boosting,Downside,downside,0.9897370644864661
HU,P05,2026-08,2,1373028.980098003,1192327.392308938,1637778.6334716068,gradient_boosting,Downside,downside,0.9795794568182872
HU,P05,2026-09,3,1350481.114886839,1200520.5653629408,1606182.1940631743,gradient_boosting,Downside,downside,0.9695260960225786
HU,P05,2026-10,4,1374636.1201259857,1189992.455661681,1757682.9756868484,gradient_boosting,Downside,downside,0.9595759122204106
HU,P05,2026-11,5,1326606.793944189,1079477.621539137,1795297.4535771136,gradient_boosting,Downside,downside,0.9497278465129522
HU,P05,2026-12,6,1339590.6040279474,1146715.598840997,1743162.5616444326,gradient_boosting,Downside,downside,0.9399808508687822
HU,P05,2027-01,7,1275049.8857921863,1025086.152165958,1715168.6964530533,gradient_boosting,Downside,downside,0.9303338880123592
HU,P05,2027-02,8,1367662.8566347195,1055513.7246326455,1717027.5498626616,gradient_boosting,Downside,downside,0.9207859313136332
HU,P05,2027-03,9,1321562.8111117864,1025232.6916137916,1703802.2285887308,gradient_boosting,Downside,downside,0.9113359646787922
HU,P05,2027-04,10,1307046.7330838635,975715.108984262,1643307.2213494712,gradient_boosting,Downside,downside,0.9019829824421295
HU,P05,2027-05,11,1372843.8673032671,1031335.8976169169,1806378.8757535224,gradient_boosting,Downside,downside,0.8927259892590209
HU,P05,2027-06,12,1199980.6156920868,955859.6274751843,1562021.3916521284,gradient_boosting,Downside,downside,0.8835639999999999
HU,P06,2026-07,1,812282.4842962611,727528.420324304,924122.9421590003,gradient_boosting,Downside,downside,0.9914852666076577
HU,P06,2026-08,2,818952.3755179014,711171.69737872,976864.0880094892,gradient_boosting,Downside,downside,0.9830430339000579
HU,P06,2026-09,3,808981.309881788,719150.1523430903,962154.421071567,gradient_boosting,Downside,downside,0.9746726845531996
HU,P06,2026-10,4,787142.7620531095,681412.2913386342,1006482.6698785361,gradient_boosting,Downside,downside,0.9663736064994303
HU,P06,2026-11,5,808739.3267821695,658081.9643810053,1094467.2231497564,gradient_boosting,Downside,downside,0.9581451928826913
HU,P06,2026-12,6,792951.6284686037,678782.0090385977,1031840.3158287742,gradient_boosting,Downside,downside,0.9499868420141407
HU,P06,2027-01,7,845090.331228094,679416.8648021461,1136796.683760349,gradient_boosting,Downside,downside,0.941897957328157
HU,P06,2027-02,8,843789.0418351438,651206.4797483177,1059332.0013589528,gradient_boosting,Downside,downside,0.9338779473387159
HU,P06,2027-03,9,869577.1640856933,674594.449091268,1121087.4713194016,gradient_boosting,Downside,downside,0.9259262255961387
HU,P06,2027-04,10,873690.0481874237,652212.7778662682,1098461.9976211977,gradient_boosting,Downside,downside,0.9180422106442098
HU,P06,2027-05,11,902383.229976015,677906.8185735497,1187349.8824486658,gradient_boosting,Downside,downside,0.9102253259776576
HU,P06,2027-06,12,881826.6303014746,702430.075382111,1147878.5925762514,gradient_boosting,Downside,downside,0.9024749999999999
HU,P07,2026-07,1,1053543.8723703935,943616.4438188545,1198602.8036441258,gradient_boosting,Downside,downside,0.9949355361674717
HU,P07,2026-08,2,1063612.451288332,923632.5517189124,1268699.9125758102,gradient_boosting,Downside,downside,0.9898967211288543
HU,P07,2026-09,3,1088167.9180505844,967335.2331901114,1294202.425237244,gradient_boosting,Downside,downside,0.9848834249867586
HU,P07,2026-10,4,1103156.1499124367,954978.1768372802,1410554.2229223757,gradient_boosting,Downside,downside,0.9798955185016566
HU,P07,2026-11,5,1145598.691590218,932188.9172295182,1550339.1232592445,gradient_boosting,Downside,downside,0.9749328730885484
HU,P07,2026-12,6,1076643.915349746,921628.1216190455,1400999.2006638474,gradient_boosting,Downside,downside,0.9699953608136485
HU,P07,2027-01,7,1113658.8135613694,895334.559643569,1498069.0221094827,gradient_boosting,Downside,downside,0.9650828543910874
HU,P07,2027-02,8,1194648.72342477,921987.5480075994,1499817.561453629,gradient_boosting,Downside,downside,0.9601952271796305
HU,P07,2027-03,9,1177369.8742870523,913371.7104409377,1517903.9534230905,gradient_boosting,Downside,downside,0.9553323531794128
HU,P07,2027-04,10,1202505.204445341,897674.4801168834,1511870.5675603112,gradient_boosting,Downside,downside,0.9504941070286914
HU,P07,2027-05,11,1266597.170251542,951519.0770137713,1666580.1748642358,gradient_boosting,Downside,downside,0.9456803640006133
HU,P07,2027-06,12,1232907.6191935411,982088.0455756064,1604882.6538756122,gradient_boosting,Downside,downside,0.9408909999999999
IT,P01,2026-07,1,110750.05199915051,99194.32209791325,125998.85615702711,gradient_boosting,Downside,downside,0.9861929673672594
IT,P01,2026-08,2,95003.75983919199,82500.50572168047,113322.5374114031,gradient_boosting,Downside,downside,0.9725765688846404
IT,P01,2026-09,3,72527.19177164913,64473.60448811796,86259.54315458103,gradient_boosting,Downside,downside,0.9591481724602113
IT,P01,2026-10,4,88914.39271270102,76971.24713859323,113690.67935616734,gradient_boosting,Downside,downside,0.9459051823434197
IT,P01,2026-11,5,54246.859141518704,44141.39197037671,73412.29407681001,gradient_boosting,Downside,downside,0.9328450386233257
IT,P01,2026-12,6,54464.10786028762,46622.335116832015,70872.24521428262,gradient_boosting,Downside,downside,0.9199652167337633
IT,P01,2027-01,7,57063.736331095366,45876.8292563803,76760.86665184607,gradient_boosting,Downside,downside,0.907263226965334
IT,P01,2027-02,8,55232.81358295273,42626.72814726716,69341.84263197234,gradient_boosting,Downside,downside,0.8947366139841381
IT,P01,2027-03,9,25908.172303939686,20098.859473517066,33401.66758549883,gradient_boosting,Downside,downside,0.8823829563571512
IT,P01,2027-04,10,42584.892880183535,31789.776406568162,53540.59668952111,gradient_boosting,Downside,downside,0.870199866084154
IT,P01,2027-05,11,42799.928743330216,32153.039380327136,56315.8630103921,gradient_boosting,Downside,downside,0.8581849881361236
IT,P01,2027-06,12,81946.78250057629,65275.73859900588,106670.57914859662,gradient_boosting,Downside,downside,0.8463360000000001
IT,P02,2026-07,1,4305110.2261498645,3855912.3244746234,4897866.4509246815,gradient_boosting,Downside,downside,0.9914852666076577
IT,P02,2026-08,2,4371292.500721445,3795995.469835458,5214172.142109664,gradient_boosting,Downside,downside,0.9830430339000579
IT,P02,2026-09,3,4380584.733799116,3894154.4633754087,5210007.841985024,gradient_boosting,Downside,downside,0.9746726845531996
IT,P02,2026-10,4,4814635.714831316,4167924.9464821657,6156249.720338561,gradient_boosting,Downside,downside,0.9663736064994303
IT,P02,2026-11,5,5716120.563224324,4651283.453535471,7735628.023572551,gradient_boosting,Downside,downside,0.9581451928826913
IT,P02,2026-12,6,5331018.551900789,4563455.516031555,6937068.629149253,gradient_boosting,Downside,downside,0.9499868420141407
IT,P02,2027-01,7,4426119.568077806,3558412.8335876083,5953917.422774992,gradient_boosting,Downside,downside,0.941897957328157
IT,P02,2027-02,8,4561841.385870085,3520667.516138529,5727147.812521618,gradient_boosting,Downside,downside,0.9338779473387159
IT,P02,2027-03,9,4661324.307336994,3616129.3477042806,6009532.55966266,gradient_boosting,Downside,downside,0.9259262255961387
IT,P02,2027-04,10,4599650.881437879,3433656.0028598136,5782991.011590973,gradient_boosting,Downside,downside,0.9180422106442098
IT,P02,2027-05,11,4773598.772747764,3586120.6743237586,6281069.675718381,gradient_boosting,Downside,downside,0.9102253259776576
IT,P02,2027-06,12,5192742.771217446,4136344.4592041634,6759421.930587186,gradient_boosting,Downside,downside,0.9024749999999999
IT,P03,2026-07,1,1470652.1879882307,1317203.416125027,1673141.3678502615,gradient_boosting,Downside,downside,0.9914852666076577
IT,P03,2026-08,2,1544554.7505393878,1341279.0004312666,1842378.2784831815,gradient_boosting,Downside,downside,0.9830430339000579
IT,P03,2026-09,3,1224224.9520451275,1088284.1791414367,1456020.5972724706,gradient_boosting,Downside,downside,0.9746726845531996
IT,P03,2026-10,4,1203889.3177915332,1042180.6794166829,1539357.017840834,gradient_boosting,Downside,downside,0.9663736064994303
IT,P03,2026-11,5,1161265.6456116056,944937.3264348475,1571541.2177972065,gradient_boosting,Downside,downside,0.9581451928826913
IT,P03,2026-12,6,1128236.6209939616,965792.4806185355,1468134.9902569654,gradient_boosting,Downside,downside,0.9499868420141407
IT,P03,2027-01,7,1043455.5682156462,838894.1211611964,1403633.1806980013,gradient_boosting,Downside,downside,0.941897957328157
IT,P03,2027-02,8,1040687.188453216,803165.4915046877,1306527.090865155,gradient_boosting,Downside,downside,0.9338779473387159
IT,P03,2027-03,9,1037988.8340048367,805243.6684841191,1338209.3334934688,gradient_boosting,Downside,downside,0.9259262255961387
IT,P03,2027-04,10,1107355.7007067224,826645.0317733805,1392242.2003078468,gradient_boosting,Downside,downside,0.9180422106442098
IT,P03,2027-05,11,1264786.0069836902,950158.4578355321,1664197.0582218352,gradient_boosting,Downside,downside,0.9102253259776576
IT,P03,2027-06,12,1390850.3708006777,1107899.3276408012,1810477.605527774,gradient_boosting,Downside,downside,0.9024749999999999
IT,P04,2026-07,1,1550440.170691229,1388666.2706602525,1763915.0909698817,gradient_boosting,Downside,downside,0.9870850541179849
IT,P04,2026-08,2,1589158.5942610048,1380012.6218204927,1895582.7069962323,gradient_boosting,Downside,downside,0.9743369040631049
IT,P04,2026-09,3,1535066.21986567,1364608.9129481143,1825716.7774335777,gradient_boosting,Downside,downside,0.9617533956762796
IT,P04,2026-10,4,1569444.9428613866,1358634.1972523313,2006775.9146998497,gradient_boosting,Downside,downside,0.9493324026192761
IT,P04,2026-11,5,1499951.6133955354,1220530.6104591854,2029885.0603739463,gradient_boosting,Downside,downside,0.9370718260154047
IT,P04,2026-12,6,1573926.4161796037,1347311.6095575457,2048095.586231986,gradient_boosting,Downside,downside,0.9249695940948546
IT,P04,2027-01,7,1510526.449946535,1214399.3451350867,2031926.5238026297,gradient_boosting,Downside,downside,0.9130236618446099
IT,P04,2027-02,8,1467637.8135906255,1132670.8534342365,1842540.7599033376,gradient_boosting,Downside,downside,0.9012320106628874
IT,P04,2027-03,9,1623317.0956415418,1259325.50561646,2092833.7737753533,gradient_boosting,Downside,downside,0.8895926480180364
IT,P04,2027-04,10,1512425.368939345,1129031.002742678,1901523.0807135156,gradient_boosting,Downside,downside,0.8781036071118449
IT,P04,2027-05,11,1668705.0914683961,1253598.8282105955,2195671.1166376104,gradient_boosting,Downside,downside,0.866762946547193
IT,P04,2027-06,12,1834358.3456012986,1461181.1740568727,2387794.3846053504,gradient_boosting,Downside,downside,0.85556875
IT,P05,2026-07,1,5980920.5908577815,5356867.5844607195,6804413.538513476,gradient_boosting,Downside,downside,0.9897370644864661
IT,P05,2026-08,2,5844972.019664957,5075726.985622976,6972008.9129971415,gradient_boosting,Downside,downside,0.9795794568182872
IT,P05,2026-09,3,5748049.200731225,5109772.510054003,6836389.0283554,gradient_boosting,Downside,downside,0.9695260960225786
IT,P05,2026-10,4,5644272.742201525,4886123.594876222,7217067.821695021,gradient_boosting,Downside,downside,0.9595759122204106
IT,P05,2026-11,5,5693185.0919334795,4632620.554995421,7704589.441987556,gradient_boosting,Downside,downside,0.9497278465129522
IT,P05,2026-12,6,5387285.360926287,4611620.998390523,7010286.666556748,gradient_boosting,Downside,downside,0.9399808508687822
IT,P05,2027-01,7,5402594.423985701,4343457.296461727,7267449.641701599,gradient_boosting,Downside,downside,0.9303338880123592
IT,P05,2027-02,8,5287245.557683044,4080508.7486030697,6637853.942870832,gradient_boosting,Downside,downside,0.9207859313136332
IT,P05,2027-03,9,5340409.61899007,4142945.368893441,6885031.671523271,gradient_boosting,Downside,downside,0.9113359646787922
IT,P05,2027-04,10,5227964.342032745,3902694.271471792,6572949.029871235,gradient_boosting,Downside,downside,0.9019829824421295
IT,P05,2027-05,11,5133226.623989212,3856287.6769973473,6754265.622531521,gradient_boosting,Downside,downside,0.8927259892590209
IT,P05,2027-06,12,5061244.998883543,4031598.2574462225,6588250.554438169,gradient_boosting,Downside,downside,0.8835639999999999
IT,P06,2026-07,1,3283690.7773183477,2941068.421690328,3735811.1752278414,gradient_boosting,Downside,downside,0.9914852666076577
IT,P06,2026-08,2,3371387.6719780164,2927686.10834793,4021464.058188387,gradient_boosting,Downside,downside,0.9830430339000579
IT,P06,2026-09,3,3271004.551094115,2907784.632970086,3890338.9382880847,gradient_boosting,Downside,downside,0.9746726845531996
IT,P06,2026-10,4,3272767.704871174,2833163.4975319537,4184735.141182356,gradient_boosting,Downside,downside,0.9663736064994303
IT,P06,2026-11,5,3340481.4890803155,2718194.2901911894,4520674.806162404,gradient_boosting,Downside,downside,0.9581451928826913
IT,P06,2026-12,6,3365759.7822221676,2881155.8043335727,4379745.891182587,gradient_boosting,Downside,downside,0.9499868420141407
IT,P06,2027-01,7,3275567.4370011487,2633417.6078683063,4406220.331979232,gradient_boosting,Downside,downside,0.941897957328157
IT,P06,2027-02,8,3159991.303597679,2438769.3023076593,3967200.029804408,gradient_boosting,Downside,downside,0.9338779473387159
IT,P06,2027-03,9,3352840.9410698363,2601043.3357111053,4322592.7814150015,gradient_boosting,Downside,downside,0.9259262255961387
IT,P06,2027-04,10,3380511.639930404,2523564.1539724697,4250207.01183845,gradient_boosting,Downside,downside,0.9180422106442098
IT,P06,2027-05,11,3243656.036881403,2436765.7459321427,4267981.148317004,gradient_boosting,Downside,downside,0.9102253259776576
IT,P06,2027-06,12,3986521.723183657,3175513.9369866643,5189277.33370705,gradient_boosting,Downside,downside,0.9024749999999999
IT,P07,2026-07,1,519654.3183216045,465433.26075874135,591203.7829660256,gradient_boosting,Downside,downside,0.9949355361674717
IT,P07,2026-08,2,533995.09192771,463717.069845454,636960.8832841138,gradient_boosting,Downside,downside,0.9898967211288543
IT,P07,2026-09,3,545339.0683173616,484783.3556456042,648593.9652193824,gradient_boosting,Downside,downside,0.9848834249867586
IT,P07,2026-10,4,570965.4220139446,494272.2911849652,730066.8062525443,gradient_boosting,Downside,downside,0.9798955185016566
IT,P07,2026-11,5,562051.8731942137,457349.0969795468,760625.0030755306,gradient_boosting,Downside,downside,0.9749328730885484
IT,P07,2026-12,6,590042.5466428234,505087.8904201961,767801.8000368497,gradient_boosting,Downside,downside,0.9699953608136485
IT,P07,2027-01,7,552113.33738746,443875.75959852303,742690.5595876708,gradient_boosting,Downside,downside,0.9650828543910874
IT,P07,2027-02,8,632430.4081453824,488087.37653008115,793982.5439351939,gradient_boosting,Downside,downside,0.9601952271796305
IT,P07,2027-03,9,524854.6106080081,407168.01397193735,676659.8210240902,gradient_boosting,Downside,downside,0.9553323531794128
IT,P07,2027-04,10,463757.7137757886,346196.8090241212,583067.445649915,gradient_boosting,Downside,downside,0.9504941070286914
IT,P07,2027-05,11,585341.1976596203,439732.0073157958,770188.0743639091,gradient_boosting,Downside,downside,0.9456803640006133
IT,P07,2027-06,12,588886.2210876325,469084.713997189,766556.4447951877,gradient_boosting,Downside,downside,0.9408909999999999
NL,P01,2026-07,1,1171765.5518912382,1049502.799135752,1333102.0307208167,gradient_boosting,Downside,downside,0.9861929673672594
NL,P01,2026-08,2,1157955.7807701488,1005559.5449967736,1381234.6743875113,gradient_boosting,Downside,downside,0.9725765688846404
NL,P01,2026-09,3,1227263.6129558245,1090985.4201097428,1459634.6004560443,gradient_boosting,Downside,downside,0.9591481724602113
NL,P01,2026-10,4,957847.0721432046,829187.2829760779,1224754.2948771794,gradient_boosting,Downside,downside,0.9459051823434197
NL,P01,2026-11,5,1336188.3013970375,1087274.2218001755,1808264.1110750644,gradient_boosting,Downside,downside,0.9328450386233257
NL,P01,2026-12,6,1412865.2306651296,1209440.1037094668,1838512.2793032057,gradient_boosting,Downside,downside,0.9199652167337633
NL,P01,2027-01,7,1525839.573448135,1226710.4484282292,2052525.3963389348,gradient_boosting,Downside,downside,0.907263226965334
NL,P01,2027-02,8,1230605.6841035828,949737.8559935536,1544959.6019757835,gradient_boosting,Downside,downside,0.8947366139841381
NL,P01,2027-03,9,1312074.1851981152,1017871.6722181219,1691569.1800782653,gradient_boosting,Downside,downside,0.8823829563571512
NL,P01,2027-04,10,997621.5834182628,744728.1167165021,1254277.0741925242,gradient_boosting,Downside,downside,0.870199866084154
NL,P01,2027-05,11,1281000.3274382045,962339.3118557738,1685531.7537770313,gradient_boosting,Downside,downside,0.8581849881361236
NL,P01,2027-06,12,1078045.4636648435,858730.6509994523,1403297.7311444476,gradient_boosting,Downside,downside,0.8463360000000001
NL,P02,2026-07,1,9410329.798473764,8428450.084019441,10706006.627221959,gradient_boosting,Downside,downside,0.9914852666076577
NL,P02,2026-08,2,9665962.253614696,8393844.365314428,11529768.621331837,gradient_boosting,Downside,downside,0.9830430339000579
NL,P02,2026-09,3,10629382.794744447,9449071.520911263,12641957.884935377,gradient_boosting,Downside,downside,0.9746726845531996
NL,P02,2026-10,4,10826384.258137261,9372164.313634485,13843191.678266035,gradient_boosting,Downside,downside,0.9663736064994303
NL,P02,2026-11,5,12780307.472619016,10399506.452144736,17295594.720503714,gradient_boosting,Downside,downside,0.9581451928826913
NL,P02,2026-12,6,11629101.2546142,9954736.744995344,15132544.130768523,gradient_boosting,Downside,downside,0.9499868420141407
NL,P02,2027-01,7,8972999.615880666,7213911.98267899,12070279.15216186,gradient_boosting,Downside,downside,0.941897957328157
NL,P02,2027-02,8,9748389.176554767,7523461.2967646485,12238581.096012054,gradient_boosting,Downside,downside,0.9338779473387159
NL,P02,2027-03,9,10352586.690095533,8031256.803089605,13346895.150147198,gradient_boosting,Downside,downside,0.9259262255961387
NL,P02,2027-04,10,10027671.694737874,7485693.152994391,12607464.516899666,gradient_boosting,Downside,downside,0.9180422106442098
NL,P02,2027-05,11,10284931.876287628,7726457.247753988,13532845.301909296,gradient_boosting,Downside,downside,0.9102253259776576
NL,P02,2027-06,12,10361367.377802936,8253477.291521179,13487449.113134399,gradient_boosting,Downside,downside,0.9024749999999999
NL,P03,2026-07,1,8925486.933654774,7994196.027866955,10154407.370333504,gradient_boosting,Downside,downside,0.9914852666076577
NL,P03,2026-08,2,9577183.98660999,8316750.027812627,11423871.986282976,gradient_boosting,Downside,downside,0.9830430339000579
NL,P03,2026-09,3,6720277.928203454,5974042.708800807,7992700.252117638,gradient_boosting,Downside,downside,0.9746726845531996
NL,P03,2026-10,4,5637219.014613506,4880017.337015585,7208048.549820035,gradient_boosting,Downside,downside,0.9663736064994303
NL,P03,2026-11,5,5391723.134627234,4387316.944202087,7296620.866240126,gradient_boosting,Downside,downside,0.9581451928826913
NL,P03,2026-12,6,5664598.955491077,4849006.826345671,7371145.181409617,gradient_boosting,Downside,downside,0.9499868420141407
NL,P03,2027-01,7,4943822.541860972,3974624.116984213,6650319.927953729,gradient_boosting,Downside,downside,0.941897957328157
NL,P03,2027-02,8,4854619.840436648,3746623.5517013776,6094715.499293466,gradient_boosting,Downside,downside,0.9338779473387159
NL,P03,2027-03,9,5398780.7782696765,4188228.1358097587,6960285.689288977,gradient_boosting,Downside,downside,0.9259262255961387
NL,P03,2027-04,10,5734907.766038146,4281129.369224757,7210312.460265312,gradient_boosting,Downside,downside,0.9180422106442098
NL,P03,2027-05,11,6855185.946527331,5149893.239775712,9020008.303998865,gradient_boosting,Downside,downside,0.9102253259776576
NL,P03,2027-06,12,7656604.185345964,6098964.207108226,9966643.934515418,gradient_boosting,Downside,downside,0.9024749999999999
NL,P04,2026-07,1,1501524.421154896,1344854.4211163346,1708264.295522049,gradient_boosting,Downside,downside,0.9870850541179849
NL,P04,2026-08,2,1534115.2557518699,1332213.4265960113,1829925.8235422708,gradient_boosting,Downside,downside,0.9743369040631049
NL,P04,2026-09,3,1531326.4548225559,1361284.4200733951,1821268.9225498512,gradient_boosting,Downside,downside,0.9617533956762796
NL,P04,2026-10,4,1531904.400087602,1326136.1695719925,1958774.5767708877,gradient_boosting,Downside,downside,0.9493324026192761
NL,P04,2026-11,5,1437883.0721938873,1170024.611594553,1945887.6811390163,gradient_boosting,Downside,downside,0.9370718260154047
NL,P04,2026-12,6,1538731.4775920631,1317184.0579330185,2002297.6393662018,gradient_boosting,Downside,downside,0.9249695940948546
NL,P04,2027-01,7,1492177.3626250182,1199647.4554029568,2007243.740381339,gradient_boosting,Downside,downside,0.9130236618446099
NL,P04,2027-02,8,1264013.773636129,975521.035557358,1586901.671132218,gradient_boosting,Downside,downside,0.9012320106628874
NL,P04,2027-03,9,1615568.263606913,1253314.171265244,2082843.724737538,gradient_boosting,Downside,downside,0.8895926480180364
NL,P04,2027-04,10,1615890.849998095,1206268.3582036858,2031606.8549815407,gradient_boosting,Downside,downside,0.8781036071118449
NL,P04,2027-05,11,1573902.4358415848,1182379.2348788313,2070930.4097238663,gradient_boosting,Downside,downside,0.866762946547193
NL,P04,2027-06,12,1594060.066627532,1269768.5625370457,2074996.788356072,gradient_boosting,Downside,downside,0.85556875
NL,P05,2026-07,1,2493274.4112449987,2233124.595096519,2836565.023959218,gradient_boosting,Downside,downside,0.9897370644864661
NL,P05,2026-08,2,2498160.94742194,2169383.000055121,2979860.3539808784,gradient_boosting,Downside,downside,0.9795794568182872
NL,P05,2026-09,3,2459978.7688984782,2186817.0312520773,2925752.9430237645,gradient_boosting,Downside,downside,0.9695260960225786
NL,P05,2026-10,4,2445081.844299234,2116653.9316053833,3126411.9056408047,gradient_boosting,Downside,downside,0.9595759122204106
NL,P05,2026-11,5,2505533.362081529,2038785.875915327,3390739.2042096793,gradient_boosting,Downside,downside,0.9497278465129522
NL,P05,2026-12,6,2392212.1013544467,2047780.063633616,3112902.227035052,gradient_boosting,Downside,downside,0.9399808508687822
NL,P05,2027-01,7,2305495.9593815072,1853521.1901675663,3101301.7948496593,gradient_boosting,Downside,downside,0.9303338880123592
NL,P05,2027-02,8,2292211.0539905154,1769047.2586167846,2877748.350559051,gradient_boosting,Downside,downside,0.9207859313136332
NL,P05,2027-03,9,2201170.493235821,1707608.545357388,2837821.3735629385,gradient_boosting,Downside,downside,0.9113359646787922
NL,P05,2027-04,10,2214468.3848331887,1653108.6507915105,2784178.863796592,gradient_boosting,Downside,downside,0.9019829824421295
NL,P05,2027-05,11,2250015.1314497907,1690302.4666626581,2960555.0204048427,gradient_boosting,Downside,downside,0.8927259892590209
NL,P05,2027-06,12,2198973.13430639,1751619.6624341062,2862415.4678314277,gradient_boosting,Downside,downside,0.8835639999999999
NL,P06,2026-07,1,164179.8483412272,147049.21997211484,186785.2224140489,gradient_boosting,Downside,downside,0.9914852666076577
NL,P06,2026-08,2,164448.0460286682,142805.3688114193,196157.18240898612,gradient_boosting,Downside,downside,0.9830430339000579
NL,P06,2026-09,3,175583.05549219518,156085.90651436517,208828.07926892137,gradient_boosting,Downside,downside,0.9746726845531996
NL,P06,2026-10,4,146553.66015266982,126868.30163847246,187391.31738465826,gradient_boosting,Downside,downside,0.9663736064994303
NL,P06,2026-11,5,140625.87868700756,114429.15093218538,190309.05243837464,gradient_boosting,Downside,downside,0.9581451928826913
NL,P06,2026-12,6,118545.24323848895,101477.0327451024,154258.79313651533,gradient_boosting,Downside,downside,0.9499868420141407
NL,P06,2027-01,7,127944.21857555222,102861.73754684698,172107.71204970777,gradient_boosting,Downside,downside,0.941897957328157
NL,P06,2027-02,8,130881.44972958503,101009.66464010034,164314.6582957056,gradient_boosting,Downside,downside,0.9338779473387159
NL,P06,2027-03,9,109888.21687026272,85248.30708860641,141671.5022736505,gradient_boosting,Downside,downside,0.9259262255961387
NL,P06,2027-04,10,150190.76317628782,112117.94739368247,188829.94728524834,gradient_boosting,Downside,downside,0.9180422106442098
NL,P06,2027-05,11,144793.6801497781,108774.8750190107,190518.56616364463,gradient_boosting,Downside,downside,0.9102253259776576
NL,P06,2027-06,12,113205.37737972527,90175.16486127801,147360.06465837522,gradient_boosting,Downside,downside,0.9024749999999999
NL,P07,2026-07,1,2442938.55550546,2188040.8141214987,2779298.5926358667,gradient_boosting,Downside,downside,0.9949355361674717
NL,P07,2026-08,2,2510081.049387501,2179734.321329956,2994078.9091541315,gradient_boosting,Downside,downside,0.9898967211288543
NL,P07,2026-09,3,2504109.3153347434,2226047.2196445153,2978239.1993059535,gradient_boosting,Downside,downside,0.9848834249867586
NL,P07,2026-10,4,2486792.9179070685,2152762.2967095417,3179745.906475435,gradient_boosting,Downside,downside,0.9798955185016566
NL,P07,2026-11,5,2567220.944119721,2088981.8832334448,3474221.031271055,gradient_boosting,Downside,downside,0.9749328730885484
NL,P07,2026-12,6,2477675.987756696,2120938.811821574,3224113.403569944,gradient_boosting,Downside,downside,0.9699953608136485
NL,P07,2027-01,7,2440160.839236693,1961786.0549864653,3282449.9907068927,gradient_boosting,Downside,downside,0.9650828543910874
NL,P07,2027-02,8,2477336.479297158,1911920.501274281,3110163.4182707598,gradient_boosting,Downside,downside,0.9601952271796305
NL,P07,2027-03,9,2532759.6843208475,1964846.47308036,3265317.0612414666,gradient_boosting,Downside,downside,0.9553323531794128
NL,P07,2027-04,10,2513890.728959755,1876628.5125813573,3160632.8098430666,gradient_boosting,Downside,downside,0.9504941070286914
NL,P07,2027-05,11,2618904.9184997994,1967427.4105182665,3445937.76106369,gradient_boosting,Downside,downside,0.9456803640006133
NL,P07,2027-06,12,2613480.2270472045,2081800.492084044,3401981.6386393276,gradient_boosting,Downside,downside,0.9408909999999999
PL,P01,2026-07,1,1306182.295231598,1169894.4151537605,1486026.1657755608,gradient_boosting,Downside,downside,0.9861929673672594
PL,P01,2026-08,2,1115086.741453356,968332.4138871795,1330099.558051157,gradient_boosting,Downside,downside,0.9725765688846404
PL,P01,2026-09,3,1322930.1741999849,1176028.9449137098,1573414.7381742233,gradient_boosting,Downside,downside,0.9591481724602113
PL,P01,2026-10,4,1570783.996057957,1359793.3863484992,2008488.0994538309,gradient_boosting,Downside,downside,0.9459051823434197
PL,P01,2026-11,5,1464504.337091791,1191686.6894955058,1981914.2485442022,gradient_boosting,Downside,downside,0.9328450386233257
PL,P01,2026-12,6,1215841.3509906782,1040783.832541599,1582131.9719423188,gradient_boosting,Downside,downside,0.9199652167337633
PL,P01,2027-01,7,1227444.347550538,986813.3139329649,1651130.7871291023,gradient_boosting,Downside,downside,0.907263226965334
PL,P01,2027-02,8,1165896.3057040174,899797.4509574382,1463720.4391897633,gradient_boosting,Downside,downside,0.8947366139841381
PL,P01,2027-03,9,1148783.5471944406,891195.2109041088,1481049.5206272826,gradient_boosting,Downside,downside,0.8823829563571512
PL,P01,2027-04,10,1187372.3748304301,886377.7681300706,1492844.5545217716,gradient_boosting,Downside,downside,0.870199866084154
PL,P01,2027-05,11,1225663.8620024647,920768.3185255402,1612720.3987477531,gradient_boosting,Downside,downside,0.8581849881361236
PL,P01,2027-06,12,1086300.0849451555,865305.9732328014,1414042.8172326908,gradient_boosting,Downside,downside,0.8463360000000001
PL,P02,2026-07,1,5931386.239398626,5312501.678306666,6748058.96791353,gradient_boosting,Downside,downside,0.9914852666076577
PL,P02,2026-08,2,5075916.286013395,4407885.133239384,6054662.61748526,gradient_boosting,Downside,downside,0.9830430339000579
PL,P02,2026-09,3,6252082.172876165,5557836.494074772,7435855.971029218,gradient_boosting,Downside,downside,0.9746726845531996
PL,P02,2026-10,4,6915219.502805263,5986354.437440935,8842168.058340047,gradient_boosting,Downside,downside,0.9663736064994303
PL,P02,2026-11,5,8893762.012717217,7236972.634128551,12035931.34532358,gradient_boosting,Downside,downside,0.9581451928826913
PL,P02,2026-12,6,8390572.755031189,7182493.391991433,10918359.873042982,gradient_boosting,Downside,downside,0.9499868420141407
PL,P02,2027-01,7,6337139.5478759715,5094792.029125099,8524578.919371823,gradient_boosting,Downside,downside,0.941897957328157
PL,P02,2027-02,8,6269105.383691359,4838273.366534779,7870526.427307475,gradient_boosting,Downside,downside,0.9338779473387159
PL,P02,2027-03,9,7106810.921574133,5513271.733022027,9162334.309445482,gradient_boosting,Downside,downside,0.9259262255961387
PL,P02,2027-04,10,7210746.507122782,5382848.322075847,9065836.367241088,gradient_boosting,Downside,downside,0.9180422106442098
PL,P02,2027-05,11,6998983.411400129,5257919.717543312,9209216.05669355,gradient_boosting,Downside,downside,0.9102253259776576
PL,P02,2027-06,12,6968313.841481447,5550697.89090473,9070692.594364895,gradient_boosting,Downside,downside,0.9024749999999999
PL,P03,2026-07,1,5596709.753039394,5012745.546483178,6367301.99577017,gradient_boosting,Downside,downside,0.9914852666076577
PL,P03,2026-08,2,6010007.837537588,5219042.7708058935,7168867.2023611525,gradient_boosting,Downside,downside,0.9830430339000579
PL,P03,2026-09,3,4908222.504912911,4363202.114839571,5837548.933479052,gradient_boosting,Downside,downside,0.9746726845531996
PL,P03,2026-10,4,4282710.57841616,3707448.97757424,5476101.90308847,gradient_boosting,Downside,downside,0.9663736064994303
PL,P03,2026-11,5,4131498.649109631,3361855.491387338,5591158.614642111,gradient_boosting,Downside,downside,0.9581451928826913
PL,P03,2026-12,6,4114338.2555666445,3521953.5299667562,5353844.966872888,gradient_boosting,Downside,downside,0.9499868420141407
PL,P03,2027-01,7,3306232.6821078365,2658071.167279521,4447470.536431721,gradient_boosting,Downside,downside,0.941897957328157
PL,P03,2027-02,8,3428029.225080869,2645631.4712077226,4303707.300848533,gradient_boosting,Downside,downside,0.9338779473387159
PL,P03,2027-03,9,4201919.720707685,3259735.692457993,5417253.061524834,gradient_boosting,Downside,downside,0.9259262255961387
PL,P03,2027-04,10,4810992.639112139,3591423.3886024286,6048704.109499399,gradient_boosting,Downside,downside,0.9180422106442098
PL,P03,2027-05,11,5421230.803136531,4072648.0772530516,7133219.615575455,gradient_boosting,Downside,downside,0.9102253259776576
PL,P03,2027-06,12,5505044.602929865,4385112.404799919,7165946.948914744,gradient_boosting,Downside,downside,0.9024749999999999
PL,P04,2026-07,1,1675007.0827464322,1500235.7929683868,1905633.2044213228,gradient_boosting,Downside,downside,0.9870850541179849
PL,P04,2026-08,2,1726289.5310047665,1499096.0312623677,2059155.4512298235,gradient_boosting,Downside,downside,0.9743369040631049
PL,P04,2026-09,3,1718580.5366185259,1527745.375110929,2043977.8287543915,gradient_boosting,Downside,downside,0.9617533956762796
PL,P04,2026-10,4,1732161.0953668733,1499494.0153968441,2214833.4558489555,gradient_boosting,Downside,downside,0.9493324026192761
PL,P04,2026-11,5,1774351.4857232703,1443813.442179289,2401230.506741827,gradient_boosting,Downside,downside,0.9370718260154047
PL,P04,2026-12,6,1753723.703267416,1501221.5825843392,2282059.529092078,gradient_boosting,Downside,downside,0.9249695940948546
PL,P04,2027-01,7,1751061.120906322,1407779.041932973,2355488.4037251086,gradient_boosting,Downside,downside,0.9130236618446099
PL,P04,2027-02,8,1712030.697579387,1321284.6203441822,2149362.9513253053,gradient_boosting,Downside,downside,0.9012320106628874
PL,P04,2027-03,9,1774106.4633018088,1376303.819453108,2287236.3844624036,gradient_boosting,Downside,downside,0.8895926480180364
PL,P04,2027-04,10,1714842.3659105417,1280136.022372719,2156015.3681176715,gradient_boosting,Downside,downside,0.8781036071118449
PL,P04,2027-05,11,1807513.5998837864,1357877.3998916296,2378314.4334402387,gradient_boosting,Downside,downside,0.866762946547193
PL,P04,2027-06,12,1872244.9551268255,1491360.2286130844,2437111.5933686877,gradient_boosting,Downside,downside,0.85556875
PL,P05,2026-07,1,3528168.7145284116,3160037.3775661634,4013950.4617388207,gradient_boosting,Downside,downside,0.9897370644864661
PL,P05,2026-08,2,3535980.8896271395,3070617.5430342606,4217794.404442866,gradient_boosting,Downside,downside,0.9795794568182872
PL,P05,2026-09,3,3603645.681865331,3203488.522476079,4285962.583349227,gradient_boosting,Downside,downside,0.9695260960225786
PL,P05,2026-10,4,3534971.341470843,3060147.4570194045,4520002.679599853,gradient_boosting,Downside,downside,0.9595759122204106
PL,P05,2026-11,5,3591220.426901085,2922223.904287528,4859999.901312787,gradient_boosting,Downside,downside,0.9497278465129522
PL,P05,2026-12,6,3373433.319634915,2887724.5015333206,4389731.197956953,gradient_boosting,Downside,downside,0.9399808508687822
PL,P05,2027-01,7,3290700.39653322,2645583.8669539075,4426576.8519580355,gradient_boosting,Downside,downside,0.9303338880123592
PL,P05,2027-02,8,3524054.667694567,2719740.5048054326,4424262.106921995,gradient_boosting,Downside,downside,0.9207859313136332
PL,P05,2027-03,9,3518440.130536893,2729510.7088233563,4536088.701316906,gradient_boosting,Downside,downside,0.9113359646787922
PL,P05,2027-04,10,3391150.904087084,2531506.403108164,4263583.411607468,gradient_boosting,Downside,downside,0.9019829824421295
PL,P05,2027-05,11,3743439.660206118,2812223.4393028677,4925593.132551398,gradient_boosting,Downside,downside,0.8927259892590209
PL,P05,2027-06,12,3570852.7171564098,2844407.5707183806,4648198.693960137,gradient_boosting,Downside,downside,0.8835639999999999
PL,P06,2026-07,1,112421.42481723016,100691.30282767004,127900.35470703771,gradient_boosting,Downside,downside,0.9914852666076577
PL,P06,2026-08,2,108459.97749026967,94185.77758033111,129373.4045640436,gradient_boosting,Downside,downside,0.9830430339000579
PL,P06,2026-09,3,115679.04544395054,102833.77642689481,137581.800271133,gradient_boosting,Downside,downside,0.9746726845531996
PL,P06,2026-10,4,105208.17791185512,91076.4209931754,134524.7811484487,gradient_boosting,Downside,downside,0.9663736064994303
PL,P06,2026-11,5,120292.32170349527,97883.46472720745,162791.6424256226,gradient_boosting,Downside,downside,0.9581451928826913
PL,P06,2026-12,6,131933.7794938498,112937.88005435259,171680.82870871865,gradient_boosting,Downside,downside,0.9499868420141407
PL,P06,2027-01,7,132935.54088331174,106874.5494655763,178821.92760438632,gradient_boosting,Downside,downside,0.941897957328157
PL,P06,2027-02,8,131358.32644341252,101377.70118796796,164913.35149816962,gradient_boosting,Downside,downside,0.9338779473387159
PL,P06,2027-03,9,130327.35340972833,101104.4365078275,168022.3091316873,gradient_boosting,Downside,downside,0.9259262255961387
PL,P06,2027-04,10,131746.28376704614,98349.07686945502,165640.3049870539,gradient_boosting,Downside,downside,0.9180422106442098
PL,P06,2027-05,11,142322.8606955844,106918.69540504931,187267.47827655394,gradient_boosting,Downside,downside,0.9102253259776576
PL,P06,2027-06,12,135848.66306433853,108211.95840300168,176834.95463087462,gradient_boosting,Downside,downside,0.9024749999999999
PL,P07,2026-07,1,1160389.7363488413,1039313.9433233178,1320159.9171929033,gradient_boosting,Downside,downside,0.9949355361674717
PL,P07,2026-08,2,1215293.6771381963,1055351.3159265572,1449628.5560323799,gradient_boosting,Downside,downside,0.9898967211288543
PL,P07,2026-09,3,1209638.8226698213,1075317.7273406151,1438672.7195238196,gradient_boosting,Downside,downside,0.9848834249867586
PL,P07,2026-10,4,1202170.620390372,1040692.8406272002,1537159.3997816627,gradient_boosting,Downside,downside,0.9798955185016566
PL,P07,2026-11,5,1173928.813257154,955241.5146491458,1588678.28714741,gradient_boosting,Downside,downside,0.9749328730885484
PL,P07,2026-12,6,1218173.1407922918,1042779.8899420382,1585166.248736718,gradient_boosting,Downside,downside,0.9699953608136485
PL,P07,2027-01,7,1248074.6981705043,1003399.242821321,1678882.275109694,gradient_boosting,Downside,downside,0.9650828543910874
PL,P07,2027-02,8,1325478.929909655,1022957.6649274314,1664067.8865970026,gradient_boosting,Downside,downside,0.9601952271796305
PL,P07,2027-03,9,1285076.030597145,996927.2339534948,1656762.2714772138,gradient_boosting,Downside,downside,0.9553323531794128
PL,P07,2027-04,10,1312720.2435118086,979950.405018754,1650440.3409393472,gradient_boosting,Downside,downside,0.9504941070286914
PL,P07,2027-05,11,1307078.914694479,981930.6024876527,1719845.7863128395,gradient_boosting,Downside,downside,0.9456803640006133
PL,P07,2027-06,12,1270919.4057144364,1012366.8114393149,1654362.80622483,gradient_boosting,Downside,downside,0.9408909999999999
RO,P01,2026-07,1,0.03866905317573272,0.03463429990953312,0.043993265744515876,gradient_boosting,Downside,downside,0.9861929673672594
RO,P01,2026-08,2,0.08118399107713127,0.07049952898395405,0.09683801863860497,gradient_boosting,Downside,downside,0.9725765688846404
RO,P01,2026-09,3,0.0017421474045415805,0.0015486953234596622,0.0020720068646369262,gradient_boosting,Downside,downside,0.9591481724602113
RO,P01,2026-10,4,0.09648288206398735,0.08352312301099578,0.12336815304513454,gradient_boosting,Downside,downside,0.9459051823434197
RO,P01,2026-11,5,0.03427684404162578,0.027891524639273624,0.04638686542651576,gradient_boosting,Downside,downside,0.9328450386233257
RO,P01,2026-12,6,0.0,0.0,0.0,gradient_boosting,Downside,downside,0.9199652167337633
RO,P01,2027-01,7,0.03323840806517041,0.026722273541853192,0.044711565930530696,gradient_boosting,Downside,downside,0.907263226965334
RO,P01,2027-02,8,0.02650346869494048,0.020454437891744944,0.03327368707527138,gradient_boosting,Downside,downside,0.8947366139841381
RO,P01,2027-03,9,0.08143793429987937,0.06317734721325333,0.10499246254899373,gradient_boosting,Downside,downside,0.8823829563571512
RO,P01,2027-04,10,0.03397939588931896,0.02536574180874294,0.04272118603614431,gradient_boosting,Downside,downside,0.870199866084154
RO,P01,2027-05,11,0.0,0.0,0.0,gradient_boosting,Downside,downside,0.8581849881361236
RO,P01,2027-06,12,0.08773888823293204,0.06988951315105005,0.1142101951543373,gradient_boosting,Downside,downside,0.8463360000000001
RO,P03,2026-07,1,1278350.7957273482,1144966.8717670212,1454362.6402117335,gradient_boosting,Downside,downside,0.9914852666076577
RO,P03,2026-08,2,1221379.0516014064,1060635.8064727255,1456887.3221742336,gradient_boosting,Downside,downside,0.9830430339000579
RO,P03,2026-09,3,1061793.0098024427,943889.0558149411,1262833.6726266125,gradient_boosting,Downside,downside,0.9746726845531996
RO,P03,2026-10,4,1054179.207629785,912579.9079685764,1347929.6953175538,gradient_boosting,Downside,downside,0.9663736064994303
RO,P03,2026-11,5,961454.1122075876,782348.0197769385,1301136.1974452124,gradient_boosting,Downside,downside,0.9581451928826913
RO,P03,2026-12,6,924015.8401298721,790975.5221237635,1202389.6062257069,gradient_boosting,Downside,downside,0.9499868420141407
RO,P03,2027-01,7,836912.1778595636,672841.9755669996,1125795.614069824,gradient_boosting,Downside,downside,0.941897957328157
RO,P03,2027-02,8,837230.1767442259,646144.5801084368,1051097.6971206632,gradient_boosting,Downside,downside,0.9338779473387159
RO,P03,2027-03,9,894011.543305318,693549.9797437788,1152589.0764028223,gradient_boosting,Downside,downside,0.9259262255961387
RO,P03,2027-04,10,922169.8807261222,688403.1480280363,1159414.109649119,gradient_boosting,Downside,downside,0.9180422106442098
RO,P03,2027-05,11,973399.3005142811,731256.9661017461,1280792.3581114924,gradient_boosting,Downside,downside,0.9102253259776576
RO,P03,2027-06,12,1051899.1583477086,837903.48318235,1369262.9411787137,gradient_boosting,Downside,downside,0.9024749999999999
RO,P05,2026-07,1,1332065.9154795678,1193077.3222277628,1515473.6151047233,gradient_boosting,Downside,downside,0.9897370644864661
RO,P05,2026-08,2,1353835.3882207763,1175659.8305285727,1614884.1023788603,gradient_boosting,Downside,downside,0.9795794568182872
RO,P05,2026-09,3,1327737.4220618978,1180302.3848436768,1579132.1938521578,gradient_boosting,Downside,downside,0.9695260960225786
RO,P05,2026-10,4,1423834.2131109256,1232582.1698615777,1820590.2783612187,gradient_boosting,Downside,downside,0.9595759122204106
RO,P05,2026-11,5,1323322.6279121991,1076805.2518866255,1790852.9904993793,gradient_boosting,Downside,downside,0.9497278465129522
RO,P05,2026-12,6,1260828.2985009241,1079293.5341617246,1640671.9187191385,gradient_boosting,Downside,downside,0.9399808508687822
RO,P05,2027-01,7,1191535.3326033466,957943.9854694622,1602826.7803257753,gradient_boosting,Downside,downside,0.9303338880123592
RO,P05,2027-02,8,1276758.29190668,985356.8031101146,1602901.7320201104,gradient_boosting,Downside,downside,0.9207859313136332
RO,P05,2027-03,9,1282850.4082142487,995200.6562933584,1653892.9259235314,gradient_boosting,Downside,downside,0.9113359646787922
RO,P05,2027-04,10,1193905.399070357,891254.6943308787,1501058.3127899193,gradient_boosting,Downside,downside,0.9019829824421295
RO,P05,2027-05,11,1204946.8640633249,905204.8708718305,1585461.1099549187,gradient_boosting,Downside,downside,0.8927259892590209
RO,P05,2027-06,12,1143621.0003872828,910965.6682016636,1488657.7692900999,gradient_boosting,Downside,downside,0.8835639999999999
RO,P07,2026-07,1,147567.78684672187,132170.4713950131,167885.90174615505,gradient_boosting,Downside,downside,0.9949355361674717
RO,P07,2026-08,2,140664.42065687667,122151.8586304639,167787.56019050017,gradient_boosting,Downside,downside,0.9898967211288543
RO,P07,2026-09,3,141465.0670223575,125756.45847148163,168250.1659805169,gradient_boosting,Downside,downside,0.9848834249867586
RO,P07,2026-10,4,138529.30391333107,119921.79176102234,177130.9480067318,gradient_boosting,Downside,downside,0.9798955185016566
RO,P07,2026-11,5,132371.16093046547,107712.17712277504,179137.93991583373,gradient_boosting,Downside,downside,0.9749328730885484
RO,P07,2026-12,6,128813.70555436844,110267.03610756576,167620.78524132437,gradient_boosting,Downside,downside,0.9699953608136485
RO,P07,2027-01,7,153501.12122065964,123408.40578757733,206486.2880439735,gradient_boosting,Downside,downside,0.9650828543910874
RO,P07,2027-02,8,124713.19062007425,96249.22085412285,156570.738970601,gradient_boosting,Downside,downside,0.9601952271796305
RO,P07,2027-03,9,157411.15215373834,122115.31518266551,202939.63297789355,gradient_boosting,Downside,downside,0.9553323531794128
RO,P07,2027-04,10,136600.9443121019,101973.09850762911,171743.91133023935,gradient_boosting,Downside,downside,0.9504941070286914
RO,P07,2027-05,11,97557.53042559132,73289.16682157616,128365.55294349483,gradient_boosting,Downside,downside,0.9456803640006133
RO,P07,2027-06,12,146250.00886706688,116497.28101090259,190374.44388042574,gradient_boosting,Downside,downside,0.9408909999999999
SK,P01,2026-07,1,225728.36760890615,202175.7281288297,256808.15139602157,gradient_boosting,Downside,downside,0.9861929673672594
SK,P01,2026-08,2,144580.0606802803,125552.16913082356,172458.2202127227,gradient_boosting,Downside,downside,0.9725765688846404
SK,P01,2026-09,3,109215.63116149543,97088.0746299481,129894.59841477615,gradient_boosting,Downside,downside,0.9591481724602113
SK,P01,2026-10,4,143941.7489070263,124607.22713907053,184051.58851877347,gradient_boosting,Downside,downside,0.9459051823434197
SK,P01,2026-11,5,124400.50261216058,101226.3462625519,168351.24513369618,gradient_boosting,Downside,downside,0.9328450386233257
SK,P01,2026-12,6,95595.37640979145,81831.50059172674,124394.93134902531,gradient_boosting,Downside,downside,0.9199652167337633
SK,P01,2027-01,7,97798.09035635342,78625.52614581582,131555.81206761012,gradient_boosting,Downside,downside,0.907263226965334
SK,P01,2027-02,8,77477.01843716032,59794.01714927236,97268.25181547784,gradient_boosting,Downside,downside,0.8947366139841381
SK,P01,2027-03,9,32286.689260836334,25047.140443017055,41625.06136964206,gradient_boosting,Downside,downside,0.8823829563571512
SK,P01,2027-04,10,33179.08460051697,24768.30653989654,41714.98075906688,gradient_boosting,Downside,downside,0.870199866084154
SK,P01,2027-05,11,2704.0095183127187,2031.3614316621263,3557.9178303147505,gradient_boosting,Downside,downside,0.8581849881361236
SK,P01,2027-06,12,5398.277588355254,4300.065798676981,7026.967736661227,gradient_boosting,Downside,downside,0.8463360000000001
SK,P02,2026-07,1,3041327.4037720743,2723993.3945790958,3460077.599577484,gradient_boosting,Downside,downside,0.9914852666076577
SK,P02,2026-08,2,3001748.4650653894,2606694.3754263003,3580550.425665001,gradient_boosting,Downside,downside,0.9830430339000579
SK,P02,2026-09,3,3203532.187055635,2847804.556441109,3810091.3076360733,gradient_boosting,Downside,downside,0.9746726845531996
SK,P02,2026-10,4,3023896.150720931,2617720.8305369643,3866514.7136393064,gradient_boosting,Downside,downside,0.9663736064994303
SK,P02,2026-11,5,3443098.20360161,2801694.8778764564,4659546.043001765,gradient_boosting,Downside,downside,0.9581451928826913
SK,P02,2026-12,6,3366670.007309202,2881934.974702953,4380930.335362486,gradient_boosting,Downside,downside,0.9499868420141407
SK,P02,2027-01,7,3001343.010985861,2412952.773647894,4037339.7442114786,gradient_boosting,Downside,downside,0.941897957328157
SK,P02,2027-02,8,2791998.8789291815,2154765.790101299,3505205.2273343657,gradient_boosting,Downside,downside,0.9338779473387159
SK,P02,2027-03,9,2962571.3248879197,2298282.721013827,3819444.3603105783,gradient_boosting,Downside,downside,0.9259262255961387
SK,P02,2027-04,10,3031100.6149924616,2262727.5613333965,3810903.9280497865,gradient_boosting,Downside,downside,0.9180422106442098
SK,P02,2027-05,11,3007210.218290671,2259138.0736513506,3956867.304904104,gradient_boosting,Downside,downside,0.9102253259776576
SK,P02,2027-06,12,3017373.834400134,2403527.0166757074,3927732.176928612,gradient_boosting,Downside,downside,0.9024749999999999
SK,P03,2026-07,1,1343064.8418188482,1202928.6136929635,1527986.9468159836,gradient_boosting,Downside,downside,0.9914852666076577
SK,P03,2026-08,2,1330544.3863058093,1155434.1106202041,1587102.0920634214,gradient_boosting,Downside,downside,0.9830430339000579
SK,P03,2026-09,3,1138114.0745188526,1011735.2528127595,1353605.4233961243,gradient_boosting,Downside,downside,0.9746726845531996
SK,P03,2026-10,4,992281.0682664089,858996.0410939289,1268783.4367602514,gradient_boosting,Downside,downside,0.9663736064994303
SK,P03,2026-11,5,955878.1682585642,777810.7999018377,1293590.2704842866,gradient_boosting,Downside,downside,0.9581451928826913
SK,P03,2026-12,6,901121.837536071,771377.8108414661,1172598.4386199417,gradient_boosting,Downside,downside,0.9499868420141407
SK,P03,2027-01,7,727750.3578981247,585080.4916951894,978953.5661374188,gradient_boosting,Downside,downside,0.941897957328157
SK,P03,2027-02,8,809558.8675114374,624788.8442762665,1016357.8487267569,gradient_boosting,Downside,downside,0.9338779473387159
SK,P03,2027-03,9,845597.4105058374,655991.6047162598,1090171.9845586964,gradient_boosting,Downside,downside,0.9259262255961387
SK,P03,2027-04,10,859765.0843591801,641817.7420535701,1080954.5948353827,gradient_boosting,Downside,downside,0.9180422106442098
SK,P03,2027-05,11,1108189.043547322,832516.478513456,1458147.810018351,gradient_boosting,Downside,downside,0.9102253259776576
SK,P03,2027-06,12,1176907.7458462382,937480.6432755799,1531987.3096055323,gradient_boosting,Downside,downside,0.9024749999999999
SK,P05,2026-07,1,354419.6615566595,317439.2917355411,403218.51908514043,gradient_boosting,Downside,downside,0.9897370644864661
SK,P05,2026-08,2,357885.7881762881,310785.1580308266,426893.90070734936,gradient_boosting,Downside,downside,0.9795794568182872
SK,P05,2026-09,3,339435.473321019,301743.7725293425,403704.43338432757,gradient_boosting,Downside,downside,0.9695260960225786
SK,P05,2026-10,4,319534.9462644711,276614.42166973744,408574.4052284893,gradient_boosting,Downside,downside,0.9595759122204106
SK,P05,2026-11,5,348332.5723399458,283442.85466545966,471398.59600792883,gradient_boosting,Downside,downside,0.9497278465129522
SK,P05,2026-12,6,339752.22077842755,290834.50580798875,442107.722848848,gradient_boosting,Downside,downside,0.9399808508687822
SK,P05,2027-01,7,348831.2119359279,280445.53298134136,469239.9738435009,gradient_boosting,Downside,downside,0.9303338880123592
SK,P05,2027-02,8,314963.97657307406,243078.03522264285,395420.422779461,gradient_boosting,Downside,downside,0.9207859313136332
SK,P05,2027-03,9,361921.936569346,280769.25142204255,466601.6604865262,gradient_boosting,Downside,downside,0.9113359646787922
SK,P05,2027-04,10,345198.3655602887,257691.82719210026,434006.64457103214,gradient_boosting,Downside,downside,0.9019829824421295
SK,P05,2027-05,11,353340.70070817816,265443.8406351994,464923.35574691003,gradient_boosting,Downside,downside,0.8927259892590209
SK,P05,2027-06,12,393986.64701560815,313835.010934185,512854.5933291899,gradient_boosting,Downside,downside,0.8835639999999999
SK,P07,2026-07,1,0.00733945403207958,0.006573650794191178,0.008349998904435737,gradient_boosting,Downside,downside,0.9949355361674717
SK,P07,2026-08,2,0.0,0.0,0.0,gradient_boosting,Downside,downside,0.9898967211288543
SK,P07,2026-09,3,0.0,0.0,0.0,gradient_boosting,Downside,downside,0.9848834249867586
SK,P07,2026-10,4,0.011441621825681743,0.009904762033931891,0.014629867208352361,gradient_boosting,Downside,downside,0.9798955185016566
SK,P07,2026-11,5,0.0,0.0,0.0,gradient_boosting,Downside,downside,0.9749328730885484
SK,P07,2026-12,6,0.0,0.0,0.0,gradient_boosting,Downside,downside,0.9699953608136485
SK,P07,2027-01,7,0.0,0.0,0.0,gradient_boosting,Downside,downside,0.9650828543910874
SK,P07,2027-02,8,0.0,0.0,0.0,gradient_boosting,Downside,downside,0.9601952271796305
SK,P07,2027-03,9,0.0,0.0,0.0,gradient_boosting,Downside,downside,0.9553323531794128
SK,P07,2027-04,10,0.040731235718988935,0.030406014637937965,0.05121005400746248,gradient_boosting,Downside,downside,0.9504941070286914
SK,P07,2027-05,11,0.0,0.0,0.0,gradient_boosting,Downside,downside,0.9456803640006133
SK,P07,2027-06,12,0.0,0.0,0.0,gradient_boosting,Downside,downside,0.9408909999999999
AT,P01,2026-07,1,437458.1357046013,391813.4793992486,497690.2829426038,gradient_boosting,Baseline,baseline,1.0
AT,P01,2026-08,2,260193.7195189851,225950.14641795176,310364.69045342464,gradient_boosting,Baseline,baseline,1.0
AT,P01,2026-09,3,262703.7901446383,233532.55309597967,312444.3173561767,gradient_boosting,Baseline,baseline,1.0
AT,P01,2026-10,4,54645.9856567396,47305.83585840644,69873.26847607923,gradient_boosting,Baseline,baseline,1.0
AT,P01,2026-11,5,62444.508233096174,50811.92824682578,84506.17555443413,gradient_boosting,Baseline,baseline,1.0
AT,P01,2026-12,6,215895.12249581327,184810.42188205133,280936.7978879083,gradient_boosting,Baseline,baseline,1.0
AT,P01,2027-01,7,149280.11264034171,120014.89350851125,200808.28135177022,gradient_boosting,Baseline,baseline,1.0
AT,P01,2027-02,8,132845.1324472663,102525.16537135263,166779.95689549673,gradient_boosting,Baseline,baseline,1.0
AT,P01,2027-03,9,129129.99420828154,100175.55761792054,166478.63428044808,gradient_boosting,Baseline,baseline,1.0
AT,P01,2027-04,10,143270.87680608162,106952.2272147765,180129.79988022975,gradient_boosting,Baseline,baseline,1.0
AT,P01,2027-05,11,245288.42192646986,184270.59393105016,322748.8823658147,gradient_boosting,Baseline,baseline,1.0
AT,P01,2027-06,12,188223.5060286668,149931.79723229838,245011.5768403239,gradient_boosting,Baseline,baseline,1.0
AT,P02,2026-07,1,4121237.48726954,3691224.9825159907,4688676.889753565,gradient_boosting,Baseline,baseline,1.0
AT,P02,2026-08,2,3785573.180907533,3287361.493902306,4515513.482236166,gradient_boosting,Baseline,baseline,1.0
AT,P02,2026-09,3,4296305.099415469,3819233.4347112537,5109770.640163427,gradient_boosting,Baseline,baseline,1.0
AT,P02,2026-10,4,3200052.637540284,2770215.6524478598,4091757.782263754,gradient_boosting,Baseline,baseline,1.0
AT,P02,2026-11,5,3446173.648138081,2804197.408067437,4663708.043204198,gradient_boosting,Baseline,baseline,1.0
AT,P02,2026-12,6,3720361.8975158967,3184702.108530291,4841177.264171715,gradient_boosting,Baseline,baseline,1.0
AT,P02,2027-01,7,3723819.045933869,2993792.9328835765,5009198.408635776,gradient_boosting,Baseline,baseline,1.0
AT,P02,2027-02,8,3772587.978246527,2911549.706205749,4736282.38239129,gradient_boosting,Baseline,baseline,1.0
AT,P02,2027-03,9,3007461.3829211276,2333107.2141344887,3877318.099095732,gradient_boosting,Baseline,baseline,1.0
AT,P02,2027-04,10,4685572.752823256,3497796.9903095225,5891017.777693138,gradient_boosting,Baseline,baseline,1.0
AT,P02,2027-05,11,4814917.566218624,3617161.0249183415,6335436.670738723,gradient_boosting,Baseline,baseline,1.0
AT,P02,2027-06,12,4905116.72546121,3907232.320763368,6385017.519055559,gradient_boosting,Baseline,baseline,1.0
AT,P03,2026-07,1,2508969.4321218147,2247181.9876492587,2854421.03975463,gradient_boosting,Baseline,baseline,1.0
AT,P03,2026-08,2,2351760.96049728,2042250.4215195363,2805231.286422074,gradient_boosting,Baseline,baseline,1.0
AT,P03,2026-09,3,2144451.3817204484,1906326.5356302997,2550483.3702485138,gradient_boosting,Baseline,baseline,1.0
AT,P03,2026-10,4,2618304.61614378,2266609.1005594204,3347903.770007456,gradient_boosting,Baseline,baseline,1.0
AT,P03,2026-11,5,2396956.9273023205,1950435.784459674,3243802.675791903,gradient_boosting,Baseline,baseline,1.0
AT,P03,2026-12,6,1682275.9020356045,1440060.87577656,2189086.995659387,gradient_boosting,Baseline,baseline,1.0
AT,P03,2027-01,7,1553854.904794371,1249233.5893118698,2090210.9958446904,gradient_boosting,Baseline,baseline,1.0
AT,P03,2027-02,8,1558003.9297619218,1202412.2194425599,1955990.584388588,gradient_boosting,Baseline,baseline,1.0
AT,P03,2027-03,9,1600931.2639093574,1241959.1827085891,2063973.2234682355,gradient_boosting,Baseline,baseline,1.0
AT,P03,2027-04,10,1761225.0841705494,1314760.8891479652,2214330.846771332,gradient_boosting,Baseline,baseline,1.0
AT,P03,2027-05,11,1941822.5947572885,1458775.7548210835,2555037.3201001445,gradient_boosting,Baseline,baseline,1.0
AT,P03,2027-06,12,2286380.3347254754,1821244.9654920637,2976193.903127478,gradient_boosting,Baseline,baseline,1.0
AT,P04,2026-07,1,799382.43942878,715974.374230743,909446.7332693699,gradient_boosting,Baseline,baseline,1.0
AT,P04,2026-08,2,648823.1728173539,563432.8575203918,773930.2991737805,gradient_boosting,Baseline,baseline,1.0
AT,P04,2026-09,3,675710.4922472496,600678.0348367274,803650.0096338901,gradient_boosting,Baseline,baseline,1.0
AT,P04,2026-10,4,461281.49860490113,399321.315102529,589819.0984701047,gradient_boosting,Baseline,baseline,1.0
AT,P04,2026-11,5,545080.6207460816,443539.36276826495,737657.8010053836,gradient_boosting,Baseline,baseline,1.0
AT,P04,2026-12,6,500582.00797979976,428507.9302016433,651389.919218168,gradient_boosting,Baseline,baseline,1.0
AT,P04,2027-01,7,578975.06455876,465471.45154233417,778824.3564612351,gradient_boosting,Baseline,baseline,1.0
AT,P04,2027-02,8,553799.9603441663,427403.1834736039,695266.2232588145,gradient_boosting,Baseline,baseline,1.0
AT,P04,2027-03,9,535169.9140194964,415170.3474156851,689958.6493455962,gradient_boosting,Baseline,baseline,1.0
AT,P04,2027-04,10,595238.2193018155,444347.4814763218,748373.5963242812,gradient_boosting,Baseline,baseline,1.0
AT,P04,2027-05,11,589246.4880439757,442665.81957218563,775326.629608243,gradient_boosting,Baseline,baseline,1.0
AT,P04,2027-06,12,660337.7898179328,526000.3582800525,859565.3462427008,gradient_boosting,Baseline,baseline,1.0
AT,P05,2026-07,1,1209817.6606795944,1083584.527022309,1376393.4070691767,gradient_boosting,Baseline,baseline,1.0
AT,P05,2026-08,2,1190544.8705339304,1033859.6500775841,1420107.6447858491,gradient_boosting,Baseline,baseline,1.0
AT,P05,2026-09,3,1532684.221811639,1362491.4174726158,1822883.7701308443,gradient_boosting,Baseline,baseline,1.0
AT,P05,2026-10,4,2155036.257227442,1865567.8038949007,2755544.166094966,gradient_boosting,Baseline,baseline,1.0
AT,P05,2026-11,5,1649035.135431556,1341841.858458788,2231639.8446124746,gradient_boosting,Baseline,baseline,1.0
AT,P05,2026-12,6,1198959.6893442438,1026332.8019908366,1560164.454051458,gradient_boosting,Baseline,baseline,1.0
AT,P05,2027-01,7,838013.5815240786,673727.4575054084,1127277.1977384984,gradient_boosting,Baseline,baseline,1.0
AT,P05,2027-02,8,817370.8363865331,630817.8450084762,1026165.3577280717,gradient_boosting,Baseline,baseline,1.0
AT,P05,2027-03,9,926427.1365347934,718697.1203998894,1194380.3250071493,gradient_boosting,Baseline,baseline,1.0
AT,P05,2027-04,10,870744.7813456174,650014.1255267604,1094759.0096962578,gradient_boosting,Baseline,baseline,1.0
AT,P05,2027-05,11,808509.2618107547,607384.8928641393,1063831.1363512077,gradient_boosting,Baseline,baseline,1.0
AT,P05,2027-06,12,933260.4913551323,743400.3632546403,1214830.3334381154,gradient_boosting,Baseline,baseline,1.0
AT,P06,2026-07,1,0.045868413668337424,0.04108247461204161,0.05218388209869367,gradient_boosting,Baseline,baseline,1.0
AT,P06,2026-08,2,0.03702947563026171,0.03215610067723838,0.04416955859997321,gradient_boosting,Baseline,baseline,1.0
AT,P06,2026-09,3,0.2033879789130421,0.18080330686680585,0.24189760716794473,gradient_boosting,Baseline,baseline,1.0
AT,P06,2026-10,4,1.8743654572420525,1.622597224541485,2.3966635287510893,gradient_boosting,Baseline,baseline,1.0
AT,P06,2026-11,5,1.015770650825518,0.8265461108655545,1.374642788782627,gradient_boosting,Baseline,baseline,1.0
AT,P06,2026-12,6,0.5375969934561992,0.4601934773449515,0.6995562296627624,gradient_boosting,Baseline,baseline,1.0
AT,P06,2027-01,7,0.5788316841804989,0.4653561797856088,0.7786314843711157,gradient_boosting,Baseline,baseline,1.0
AT,P06,2027-02,8,0.20801520207815088,0.16053876118708044,0.2611519579008554,gradient_boosting,Baseline,baseline,1.0
AT,P06,2027-03,9,0.20658919062160672,0.1602663075704458,0.266341577126645,gradient_boosting,Baseline,baseline,1.0
AT,P06,2027-04,10,0.0,0.0,0.0,gradient_boosting,Baseline,baseline,1.0
AT,P06,2027-05,11,0.0,0.0,0.0,gradient_boosting,Baseline,baseline,1.0
AT,P06,2027-06,12,0.0,0.0,0.0,gradient_boosting,Baseline,baseline,1.0
AT,P07,2026-07,1,868091.4132091985,777514.2105844469,987616.0157914432,gradient_boosting,Baseline,baseline,1.0
AT,P07,2026-08,2,764159.0107479112,663589.5773513834,911505.3786325754,gradient_boosting,Baseline,baseline,1.0
AT,P07,2026-09,3,636482.8187021633,565806.2929788888,756994.9397716802,gradient_boosting,Baseline,baseline,1.0
AT,P07,2026-10,4,508279.8068678141,440006.72373023385,649913.6392073535,gradient_boosting,Baseline,baseline,1.0
AT,P07,2026-11,5,651337.1517976607,530001.7176545492,881454.8028703259,gradient_boosting,Baseline,baseline,1.0
AT,P07,2026-12,6,594582.462519435,508974.1466670545,773709.4343284973,gradient_boosting,Baseline,baseline,1.0
AT,P07,2027-01,7,736081.6952015765,591778.5343317612,990160.6954440451,gradient_boosting,Baseline,baseline,1.0
AT,P07,2027-02,8,826255.9042855173,637675.0255381478,1037320.0851456862,gradient_boosting,Baseline,baseline,1.0
AT,P07,2027-03,9,620754.759436235,481564.75613405445,800297.4460553704,gradient_boosting,Baseline,baseline,1.0
AT,P07,2027-04,10,882089.6497478448,658483.1107813076,1109022.542666233,gradient_boosting,Baseline,baseline,1.0
AT,P07,2027-05,11,874885.2564225777,657249.2274863065,1151168.230815891,gradient_boosting,Baseline,baseline,1.0
AT,P07,2027-06,12,1073219.1045283426,854886.1540251272,1397015.232813704,gradient_boosting,Baseline,baseline,1.0
CZ,P03,2026-07,1,172906.03745078336,154864.913035873,196712.89130961223,gradient_boosting,Baseline,baseline,1.0
CZ,P03,2026-08,2,157645.83645062154,136898.38438087044,188043.35985403496,gradient_boosting,Baseline,baseline,1.0
CZ,P03,2026-09,3,150471.03693692724,133762.38463682964,178961.33280661696,gradient_boosting,Baseline,baseline,1.0
CZ,P03,2026-10,4,140418.69243977423,121557.39412834196,179546.82083210384,gradient_boosting,Baseline,baseline,1.0
CZ,P03,2026-11,5,141964.27194197098,115518.21935407733,192120.3005139078,gradient_boosting,Baseline,baseline,1.0
CZ,P03,2026-12,6,143985.40553063512,123254.30622681603,187363.18961144198,gradient_boosting,Baseline,baseline,1.0
CZ,P03,2027-01,7,128442.96769572461,103262.71073400667,172778.618253328,gradient_boosting,Baseline,baseline,1.0
CZ,P03,2027-02,8,143026.9783723848,110383.15322553906,179562.71975044688,gradient_boosting,Baseline,baseline,1.0
CZ,P03,2027-03,9,157343.42241894934,122062.77228594039,202852.31357687456,gradient_boosting,Baseline,baseline,1.0
CZ,P03,2027-04,10,164040.99547243948,122457.19584764719,206243.3925535235,gradient_boosting,Baseline,baseline,1.0
CZ,P03,2027-05,11,154305.4845709756,115920.52761966817,203034.1354763453,gradient_boosting,Baseline,baseline,1.0
CZ,P03,2027-06,12,221996.00144821886,176833.7025368453,288973.4205609313,gradient_boosting,Baseline,baseline,1.0
CZ,P04,2026-07,1,181144.05953765914,162243.37473033386,206085.17909825032,gradient_boosting,Baseline,baseline,1.0
CZ,P04,2026-08,2,179140.59554859743,155564.26138353144,213682.77292729114,gradient_boosting,Baseline,baseline,1.0
CZ,P04,2026-09,3,201939.05045777585,179515.2707816567,240174.33754227866,gradient_boosting,Baseline,baseline,1.0
CZ,P04,2026-10,4,174610.83809354898,151156.78757884158,223266.71982059898,gradient_boosting,Baseline,baseline,1.0
CZ,P04,2026-11,5,215428.46445395093,175297.01150495012,291539.41878461157,gradient_boosting,Baseline,baseline,1.0
CZ,P04,2026-12,6,184004.52432295762,157511.44988924626,239438.67403110006,gradient_boosting,Baseline,baseline,1.0
CZ,P04,2027-01,7,204808.18506443323,164657.11396801873,275503.40713267826,gradient_boosting,Baseline,baseline,1.0
CZ,P04,2027-02,8,170752.56685019674,131780.77985543545,214370.71283267226,gradient_boosting,Baseline,baseline,1.0
CZ,P04,2027-03,9,183726.20447685895,142529.8211723537,236865.8636621871,gradient_boosting,Baseline,baseline,1.0
CZ,P04,2027-04,10,187328.77479963776,139841.60726087002,235522.3578490379,gradient_boosting,Baseline,baseline,1.0
CZ,P04,2027-05,11,245845.18570452256,184688.8574236981,323481.4684605719,gradient_boosting,Baseline,baseline,1.0
CZ,P04,2027-06,12,363400.87903671875,289471.5333879398,473040.93030965904,gradient_boosting,Baseline,baseline,1.0
CZ,P05,2026-07,1,1351038.131189891,1210069.9650492333,1537058.0517267794,gradient_boosting,Baseline,baseline,1.0
CZ,P05,2026-08,2,1365444.7320819965,1185741.2919493495,1628731.9785709374,gradient_boosting,Baseline,baseline,1.0
CZ,P05,2026-09,3,1317921.1494230863,1171576.1338445353,1567457.3009930674,gradient_boosting,Baseline,baseline,1.0
CZ,P05,2026-10,4,1415521.313535486,1225385.874322261,1809960.962101869,gradient_boosting,Baseline,baseline,1.0
CZ,P05,2026-11,5,1382451.6499388844,1124919.32483776,1870872.317372719,gradient_boosting,Baseline,baseline,1.0
CZ,P05,2026-12,6,1345603.2809883954,1151862.567206262,1750986.648601448,gradient_boosting,Baseline,baseline,1.0
CZ,P05,2027-01,7,1331318.0917468844,1070323.408664002,1790859.4333681115,gradient_boosting,Baseline,baseline,1.0
CZ,P05,2027-02,8,1359910.17491952,1049530.4796293871,1707294.4727188775,gradient_boosting,Baseline,baseline,1.0
CZ,P05,2027-03,9,1374642.1723202644,1066410.22468551,1772233.8862887456,gradient_boosting,Baseline,baseline,1.0
CZ,P05,2027-04,10,1363430.594005873,1017805.8648937081,1714196.8104325554,gradient_boosting,Baseline,baseline,1.0
CZ,P05,2027-05,11,1356869.719973909,1019335.4713725615,1785360.1984070526,gradient_boosting,Baseline,baseline,1.0
CZ,P05,2027-06,12,1370145.3501588358,1091406.483457512,1783525.7658611783,gradient_boosting,Baseline,baseline,1.0
CZ,P06,2026-07,1,212344.64391685717,190188.4705626774,241581.66756256195,gradient_boosting,Baseline,baseline,1.0
CZ,P06,2026-08,2,206574.31319624884,179387.4825232842,246406.30407723776,gradient_boosting,Baseline,baseline,1.0
CZ,P06,2026-09,3,255233.27708719845,226891.5831035778,303559.3319083189,gradient_boosting,Baseline,baseline,1.0
CZ,P06,2026-10,4,264902.6312106823,229320.42015362537,338718.6167136319,gradient_boosting,Baseline,baseline,1.0
CZ,P06,2026-11,5,313761.63277469017,255312.02058061218,424613.7310030215,gradient_boosting,Baseline,baseline,1.0
CZ,P06,2026-12,6,261079.8625198526,223489.43773909306,339734.12516887725,gradient_boosting,Baseline,baseline,1.0
CZ,P06,2027-01,7,271554.5035733888,218318.32955965734,365289.0675885581,gradient_boosting,Baseline,baseline,1.0
CZ,P06,2027-02,8,248461.20253568623,191753.5509887669,311929.7477124669,gradient_boosting,Baseline,baseline,1.0
CZ,P06,2027-03,9,244216.6953151605,189456.70820167213,314852.19335621066,gradient_boosting,Baseline,baseline,1.0
CZ,P06,2027-04,10,335680.6978158549,250586.8538307994,422040.39138440683,gradient_boosting,Baseline,baseline,1.0
CZ,P06,2027-05,11,311532.9319892057,234036.15203632033,409912.97033091297,gradient_boosting,Baseline,baseline,1.0
CZ,P06,2027-06,12,271175.80641735956,216008.4937312786,352991.0441746025,gradient_boosting,Baseline,baseline,1.0
CZ,P07,2026-07,1,57048.45965478867,51095.98758680783,64903.27121542856,gradient_boosting,Baseline,baseline,1.0
CZ,P07,2026-08,2,59294.30868634651,51490.70375026353,70727.53252887401,gradient_boosting,Baseline,baseline,1.0
CZ,P07,2026-09,3,69005.88236625638,61343.30943135653,82071.5064583382,gradient_boosting,Baseline,baseline,1.0
CZ,P07,2026-10,4,76510.35826370878,66233.3455237895,97830.22009598969,gradient_boosting,Baseline,baseline,1.0
CZ,P07,2026-11,5,105107.09871995292,85527.04648508487,142241.47467523703,gradient_boosting,Baseline,baseline,1.0
CZ,P07,2026-12,6,74031.4794893116,63372.385623197355,96334.58389517294,gradient_boosting,Baseline,baseline,1.0
CZ,P07,2027-01,7,98628.7054909671,79293.30556508373,132673.1370394126,gradient_boosting,Baseline,baseline,1.0
CZ,P07,2027-02,8,92996.14159408235,71771.12642509333,116751.68070358402,gradient_boosting,Baseline,baseline,1.0
CZ,P07,2027-03,9,94605.38686628621,73392.30084455093,121968.37533864523,gradient_boosting,Baseline,baseline,1.0
CZ,P07,2027-04,10,165733.50356268944,123720.6592525391,208371.3277654022,gradient_boosting,Baseline,baseline,1.0
CZ,P07,2027-05,11,142326.90823690835,106921.73608197107,187272.80400464326,gradient_boosting,Baseline,baseline,1.0
CZ,P07,2027-06,12,125711.42758025328,100137.01618582479,163639.259241059,gradient_boosting,Baseline,baseline,1.0
DE,P01,2026-07,1,2439922.416691502,2185339.3811234706,2775867.171758769,gradient_boosting,Baseline,baseline,1.0
DE,P01,2026-08,2,2395490.4047351955,2080224.7213858007,2857392.7123384695,gradient_boosting,Baseline,baseline,1.0
DE,P01,2026-09,3,2372507.5883202306,2109058.853071584,2821719.9053235385,gradient_boosting,Baseline,baseline,1.0
DE,P01,2026-10,4,2341863.660780449,2027300.2052801943,2994431.6373384832,gradient_boosting,Baseline,baseline,1.0
DE,P01,2026-11,5,2406270.402348043,1958014.2831802552,3256406.604936444,gradient_boosting,Baseline,baseline,1.0
DE,P01,2026-12,6,2263697.7143980265,1937769.2500646815,2945670.9346525003,gradient_boosting,Baseline,baseline,1.0
DE,P01,2027-01,7,1968152.5537706935,1582311.3673445948,2647514.962110132,gradient_boosting,Baseline,baseline,1.0
DE,P01,2027-02,8,2059409.2772999506,1589379.0975464538,2585478.174253871,gradient_boosting,Baseline,baseline,1.0
DE,P01,2027-03,9,1819458.5713949252,1411486.758515648,2345705.8133768295,gradient_boosting,Baseline,baseline,1.0
DE,P01,2027-04,10,2034774.1655101797,1518966.266779797,2558255.183507412,gradient_boosting,Baseline,baseline,1.0
DE,P01,2027-05,11,2059719.6866440473,1547344.8237322494,2710165.5334164575,gradient_boosting,Baseline,baseline,1.0
DE,P01,2027-06,12,1821409.2376148847,1450866.399489543,2370938.4592569848,gradient_boosting,Baseline,baseline,1.0
DE,P02,2026-07,1,6237171.526961299,5586381.137140036,7095946.8087503,gradient_boosting,Baseline,baseline,1.0
DE,P02,2026-08,2,5410154.719677788,4698135.117614837,6453349.442800111,gradient_boosting,Baseline,baseline,1.0
DE,P02,2026-09,3,6146557.255722563,5464029.308024831,7310350.889104166,gradient_boosting,Baseline,baseline,1.0
DE,P02,2026-10,4,6662426.152583398,5767516.757271516,8518933.01340969,gradient_boosting,Baseline,baseline,1.0
DE,P02,2026-11,5,8342180.187016534,6788143.154278444,11289475.461304104,gradient_boosting,Baseline,baseline,1.0
DE,P02,2026-12,6,8376471.060472866,7170422.067310969,10900009.829428239,gradient_boosting,Baseline,baseline,1.0
DE,P02,2027-01,7,6665816.632902413,5359034.496929053,8966708.01075913,gradient_boosting,Baseline,baseline,1.0
DE,P02,2027-02,8,6619439.073954685,5108648.493328841,8310351.633431241,gradient_boosting,Baseline,baseline,1.0
DE,P02,2027-03,9,6620672.8446146175,5136138.95889541,8535589.11658654,gradient_boosting,Baseline,baseline,1.0
DE,P02,2027-04,10,6956316.82542157,5192915.645358005,8745950.227991296,gradient_boosting,Baseline,baseline,1.0
DE,P02,2027-05,11,7182125.274332796,5395503.300132295,9450192.907992428,gradient_boosting,Baseline,baseline,1.0
DE,P02,2027-06,12,8323960.257997971,6630555.066707689,10835345.018265983,gradient_boosting,Baseline,baseline,1.0
DE,P03,2026-07,1,11312996.577496078,10132591.417738963,12870645.22988939,gradient_boosting,Baseline,baseline,1.0
DE,P03,2026-08,2,11075544.805108279,9617914.586866897,13211149.144549781,gradient_boosting,Baseline,baseline,1.0
DE,P03,2026-09,3,8324054.465475621,7399732.186437918,9900137.008564763,gradient_boosting,Baseline,baseline,1.0
DE,P03,2026-10,4,6544118.277835883,5665100.214934475,8367658.2620126875,gradient_boosting,Baseline,baseline,1.0
DE,P03,2026-11,5,6107493.549298294,4969748.866248842,8265273.22703819,gradient_boosting,Baseline,baseline,1.0
DE,P03,2026-12,6,6361580.938425609,5445636.953146324,8278103.542523076,gradient_boosting,Baseline,baseline,1.0
DE,P03,2027-01,7,6007693.949909213,4829931.709438125,8081416.041500755,gradient_boosting,Baseline,baseline,1.0
DE,P03,2027-02,8,5944296.509602948,4587597.3882996235,7462746.262375624,gradient_boosting,Baseline,baseline,1.0
DE,P03,2027-03,9,6511606.596546005,5051528.312975727,8394977.323518012,gradient_boosting,Baseline,baseline,1.0
DE,P03,2027-04,10,7394983.680064638,5520382.037379033,9297471.754923081,gradient_boosting,Baseline,baseline,1.0
DE,P03,2027-05,11,8767026.942798277,6586145.603901507,11535596.035214998,gradient_boosting,Baseline,baseline,1.0
DE,P03,2027-06,12,10052647.440147938,8007562.548614374,13085586.666074373,gradient_boosting,Baseline,baseline,1.0
DE,P04,2026-07,1,6139256.319728126,5498682.464053672,6984549.984197543,gradient_boosting,Baseline,baseline,1.0
DE,P04,2026-08,2,6200380.360033259,5384360.747778483,7395947.660430762,gradient_boosting,Baseline,baseline,1.0
DE,P04,2026-09,3,6432071.250486085,5717839.167810436,7649924.311856873,gradient_boosting,Baseline,baseline,1.0
DE,P04,2026-10,4,6318808.6649613995,5470054.605712365,8079565.387825896,gradient_boosting,Baseline,baseline,1.0
DE,P04,2026-11,5,6175106.572526347,5024766.484002999,8356773.955802797,gradient_boosting,Baseline,baseline,1.0
DE,P04,2026-12,6,5737148.315770512,4911110.489112649,7465551.135236185,gradient_boosting,Baseline,baseline,1.0
DE,P04,2027-01,7,5937245.115345995,4773293.827617432,7986649.838945975,gradient_boosting,Baseline,baseline,1.0
DE,P04,2027-02,8,5608926.002864224,4328770.316274904,7041706.532673007,gradient_boosting,Baseline,baseline,1.0
DE,P04,2027-03,9,5930233.864139761,4600515.068456317,7645452.481576396,gradient_boosting,Baseline,baseline,1.0
DE,P04,2027-04,10,5810600.565046834,4337634.317184676,7305478.5473428955,gradient_boosting,Baseline,baseline,1.0
DE,P04,2027-05,11,5897191.023588665,4430208.665810141,7759484.92396234,gradient_boosting,Baseline,baseline,1.0
DE,P04,2027-06,12,6067858.527382462,4833428.903525053,7898564.941254235,gradient_boosting,Baseline,baseline,1.0
DE,P05,2026-07,1,7486272.474672949,6705150.108382312,8517032.287225142,gradient_boosting,Baseline,baseline,1.0
DE,P05,2026-08,2,7557667.660684625,6563018.191472183,9014949.27853972,gradient_boosting,Baseline,baseline,1.0
DE,P05,2026-09,3,7869170.945205246,6995359.985368646,9359125.510827327,gradient_boosting,Baseline,baseline,1.0
DE,P05,2026-10,4,7506925.864013597,6498581.70653118,9598755.334401282,gradient_boosting,Baseline,baseline,1.0
DE,P05,2026-11,5,7568974.876109629,6158975.692006026,10243096.434677571,gradient_boosting,Baseline,baseline,1.0
DE,P05,2026-12,6,7271199.411746441,6224288.049395108,9461758.357139826,gradient_boosting,Baseline,baseline,1.0
DE,P05,2027-01,7,8056722.665095866,6477264.088142076,10837723.813912386,gradient_boosting,Baseline,baseline,1.0
DE,P05,2027-02,8,7781353.808989478,6005373.109145241,9769073.423650157,gradient_boosting,Baseline,baseline,1.0
DE,P05,2027-03,9,7617912.760459869,5909770.718589545,9821263.604979098,gradient_boosting,Baseline,baseline,1.0
DE,P05,2027-04,10,7830859.467104211,5845764.887349119,9845484.163602242,gradient_boosting,Baseline,baseline,1.0
DE,P05,2027-05,11,7261873.446771868,5455413.356158783,9555125.025551334,gradient_boosting,Baseline,baseline,1.0
DE,P05,2027-06,12,7015579.7803750755,5588348.168044475,9132218.927943032,gradient_boosting,Baseline,baseline,1.0
DE,P06,2026-07,1,6718295.10530722,6017303.979503234,7643314.683053662,gradient_boosting,Baseline,baseline,1.0
DE,P06,2026-08,2,6688401.074618864,5808154.035792743,7978069.313087212,gradient_boosting,Baseline,baseline,1.0
DE,P06,2026-09,3,6730947.337304104,5983527.362013949,8005389.81491843,gradient_boosting,Baseline,baseline,1.0
DE,P06,2026-10,4,6607038.039179948,5719568.47763705,8448110.820860483,gradient_boosting,Baseline,baseline,1.0
DE,P06,2026-11,5,6472419.748038762,5266694.175779838,8759127.983649591,gradient_boosting,Baseline,baseline,1.0
DE,P06,2026-12,6,6351167.183129393,5436722.57616818,8264552.485727136,gradient_boosting,Baseline,baseline,1.0
DE,P06,2027-01,7,6141757.5516134165,4937713.172067792,8261755.411386614,gradient_boosting,Baseline,baseline,1.0
DE,P06,2027-02,8,6930721.1060427595,5348884.934281084,8701149.571884876,gradient_boosting,Baseline,baseline,1.0
DE,P06,2027-03,9,7305990.052809667,5667789.516901032,9419122.59437155,gradient_boosting,Baseline,baseline,1.0
DE,P06,2027-04,10,7440516.016414463,5554372.090985652,9354718.076140717,gradient_boosting,Baseline,baseline,1.0
DE,P06,2027-05,11,7322545.539428226,5500992.688689114,9634956.963568794,gradient_boosting,Baseline,baseline,1.0
DE,P06,2027-06,12,7786294.718812191,6202270.830052788,10135462.81785395,gradient_boosting,Baseline,baseline,1.0
DE,P07,2026-07,1,2056123.3395491298,1841586.1404547049,2339224.083641461,gradient_boosting,Baseline,baseline,1.0
DE,P07,2026-08,2,2130757.85081554,1850333.0874511858,2541614.0021447237,gradient_boosting,Baseline,baseline,1.0
DE,P07,2026-09,3,2209135.857069401,1963828.2970841331,2627415.251333361,gradient_boosting,Baseline,baseline,1.0
DE,P07,2026-10,4,2215426.494205951,1917846.3126201483,2832762.3403308443,gradient_boosting,Baseline,baseline,1.0
DE,P07,2026-11,5,2288259.094673989,1861986.9099569046,3096701.8596210456,gradient_boosting,Baseline,baseline,1.0
DE,P07,2026-12,6,2257712.026375606,1932645.3847550368,2937881.967459842,gradient_boosting,Baseline,baseline,1.0
DE,P07,2027-01,7,2326503.554105109,1870410.4073514882,3129560.7431929302,gradient_boosting,Baseline,baseline,1.0
DE,P07,2027-02,8,2288198.458772406,1765950.4798283838,2872710.7519268165,gradient_boosting,Baseline,baseline,1.0
DE,P07,2027-03,9,2530220.804815594,1962876.8790156904,3262043.8543058615,gradient_boosting,Baseline,baseline,1.0
DE,P07,2027-04,10,2568648.116941692,1917505.1005641231,3229477.4875545083,gradient_boosting,Baseline,baseline,1.0
DE,P07,2027-05,11,2636142.3409846304,1980376.86020763,3468618.6474999613,gradient_boosting,Baseline,baseline,1.0
DE,P07,2027-06,12,2598545.6716128606,2069904.1844209859,3382541.2453878038,gradient_boosting,Baseline,baseline,1.0
ES,P01,2026-07,1,982761.2047416249,880219.2841338057,1118074.3073050336,gradient_boosting,Baseline,baseline,1.0
ES,P01,2026-08,2,892834.6316953578,775330.4581353065,1064992.4394966348,gradient_boosting,Baseline,baseline,1.0
ES,P01,2026-09,3,863998.8762033761,768058.4407280193,1027589.0535238907,gradient_boosting,Baseline,baseline,1.0
ES,P01,2026-10,4,985469.4466525047,853099.3690854666,1260073.7344817442,gradient_boosting,Baseline,baseline,1.0
ES,P01,2026-11,5,1173590.6297672207,954966.3302380426,1588220.62330829,gradient_boosting,Baseline,baseline,1.0
ES,P01,2026-12,6,1246085.194446004,1066673.1504831002,1621487.2312827755,gradient_boosting,Baseline,baseline,1.0
ES,P01,2027-01,7,1261219.6737933874,1013967.2469690213,1696564.6034289505,gradient_boosting,Baseline,baseline,1.0
ES,P01,2027-02,8,1035570.1655604319,799216.3545763931,1300102.9423715654,gradient_boosting,Baseline,baseline,1.0
ES,P01,2027-03,9,1070352.598518987,830350.6018244147,1379933.7628138897,gradient_boosting,Baseline,baseline,1.0
ES,P01,2027-04,10,836535.3207170946,624476.6395589114,1051748.5707682758,gradient_boosting,Baseline,baseline,1.0
ES,P01,2027-05,11,946889.9562680279,711342.0733782563,1245911.5383788198,gradient_boosting,Baseline,baseline,1.0
ES,P01,2027-06,12,967846.4714539822,770950.2599953336,1259851.0946564123,gradient_boosting,Baseline,baseline,1.0
ES,P02,2026-07,1,12549329.092607103,11239924.222648047,14277204.232994188,gradient_boosting,Baseline,baseline,1.0
ES,P02,2026-08,2,13378445.221117608,11617734.902073633,15958098.517813371,gradient_boosting,Baseline,baseline,1.0
ES,P02,2026-09,3,13790612.180430451,12259270.676982919,16401736.747939756,gradient_boosting,Baseline,baseline,1.0
ES,P02,2026-10,4,14138050.24586225,12239001.204769677,18077664.23617605,gradient_boosting,Baseline,baseline,1.0
ES,P02,2026-11,5,15747517.019374924,12813964.390067102,21311120.472247068,gradient_boosting,Baseline,baseline,1.0
ES,P02,2026-12,6,15764591.980309507,13494797.20059865,20513914.069751337,gradient_boosting,Baseline,baseline,1.0
ES,P02,2027-01,7,13503831.663691422,10856509.218876474,18165053.469531488,gradient_boosting,Baseline,baseline,1.0
ES,P02,2027-02,8,13241573.382083926,10219377.07287816,16624086.989180153,gradient_boosting,Baseline,baseline,1.0
ES,P02,2027-03,9,13703002.275372814,10630418.613362484,17666361.083129626,gradient_boosting,Baseline,baseline,1.0
ES,P02,2027-04,10,13355390.204265699,9969847.044364514,16791296.448006682,gradient_boosting,Baseline,baseline,1.0
ES,P02,2027-05,11,13919664.489583822,10457015.55202416,18315402.421509445,gradient_boosting,Baseline,baseline,1.0
ES,P02,2027-06,12,14977715.576863244,11930687.416540219,19496575.04729638,gradient_boosting,Baseline,baseline,1.0
ES,P03,2026-07,1,6068461.409488315,5435274.339159297,6904007.55960325,gradient_boosting,Baseline,baseline,1.0
ES,P03,2026-08,2,6158599.982835964,5348079.00215227,7346111.123792454,gradient_boosting,Baseline,baseline,1.0
ES,P03,2026-09,3,5515238.696965555,4902813.823610903,6559498.014021867,gradient_boosting,Baseline,baseline,1.0
ES,P03,2026-10,4,4805803.410157112,4160279.0132969934,6144956.265049095,gradient_boosting,Baseline,baseline,1.0
ES,P03,2026-11,5,4386100.5436856765,3569028.4448584854,5935711.450565183,gradient_boosting,Baseline,baseline,1.0
ES,P03,2026-12,6,4845247.147991967,4147625.7508344892,6304951.232785635,gradient_boosting,Baseline,baseline,1.0
ES,P03,2027-01,7,4594084.056140255,3693449.1742728096,6179859.509630273,gradient_boosting,Baseline,baseline,1.0
ES,P03,2027-02,8,4086960.3119290844,3154171.1324125137,5130960.029173166,gradient_boosting,Baseline,baseline,1.0
ES,P03,2027-03,9,4721873.423684911,3663101.7148186276,6087594.471291264,gradient_boosting,Baseline,baseline,1.0
ES,P03,2027-04,10,5064515.095758515,3780678.81853877,6367449.62428163,gradient_boosting,Baseline,baseline,1.0
ES,P03,2027-05,11,5907322.8158660745,4437820.0783908125,7772816.269193452,gradient_boosting,Baseline,baseline,1.0
ES,P03,2027-06,12,6173302.9168258095,4917421.955991601,8035822.48507315,gradient_boosting,Baseline,baseline,1.0
ES,P04,2026-07,1,2791238.823994803,2499999.21410118,3175555.159893995,gradient_boosting,Baseline,baseline,1.0
ES,P04,2026-08,2,2751442.853681259,2389330.9830814186,3281980.4842397915,gradient_boosting,Baseline,baseline,1.0
ES,P04,2026-09,3,2842766.771569169,2527099.3679057634,3381018.3052811176,gradient_boosting,Baseline,baseline,1.0
ES,P04,2026-10,4,2817988.1147765904,2439470.7425708324,3603229.7293168274,gradient_boosting,Baseline,baseline,1.0
ES,P04,2026-11,5,2825644.190158382,2299264.32129849,3823945.3035092223,gradient_boosting,Baseline,baseline,1.0
ES,P04,2026-12,6,2919951.0082916864,2499534.82727602,3799630.472313906,gradient_boosting,Baseline,baseline,1.0
ES,P04,2027-01,7,2939052.293820898,2362873.6729901046,3953547.659406439,gradient_boosting,Baseline,baseline,1.0
ES,P04,2027-02,8,2807519.6922324137,2166744.203772146,3524690.778110746,gradient_boosting,Baseline,baseline,1.0
ES,P04,2027-03,9,3018712.6064209025,2341835.6090739,3891823.546367768,gradient_boosting,Baseline,baseline,1.0
ES,P04,2027-04,10,2959934.624792464,2209601.892505832,3721429.250021852,gradient_boosting,Baseline,baseline,1.0
ES,P04,2027-05,11,3287867.360627607,2469979.082384008,4326154.115532219,gradient_boosting,Baseline,baseline,1.0
ES,P04,2027-06,12,3250396.9996492253,2589144.5450052144,4231059.717481957,gradient_boosting,Baseline,baseline,1.0
ES,P05,2026-07,1,6068377.97903168,5435199.613888845,6903912.641886149,gradient_boosting,Baseline,baseline,1.0
ES,P05,2026-08,2,6044195.983898906,5248731.48385546,7209647.562018653,gradient_boosting,Baseline,baseline,1.0
ES,P05,2026-09,3,6141091.226342677,5459170.2392018065,7303849.917735208,gradient_boosting,Baseline,baseline,1.0
ES,P05,2026-10,4,5960662.690512538,5160015.460530668,7621620.864993303,gradient_boosting,Baseline,baseline,1.0
ES,P05,2026-11,5,6058932.491117836,4930234.086267797,8199555.529456389,gradient_boosting,Baseline,baseline,1.0
ES,P05,2026-12,6,5921901.182935802,5069262.535022801,7705963.601724552,gradient_boosting,Baseline,baseline,1.0
ES,P05,2027-01,7,5948189.847258078,4782092.9289288875,8001372.448450004,gradient_boosting,Baseline,baseline,1.0
ES,P05,2027-02,8,5961907.017801056,4601188.5544343805,7484855.313298916,gradient_boosting,Baseline,baseline,1.0
ES,P05,2027-03,9,6014232.050244069,4665678.589785998,7753745.704931805,gradient_boosting,Baseline,baseline,1.0
ES,P05,2027-04,10,5971520.5293720355,4457761.652003724,7507797.969243731,gradient_boosting,Baseline,baseline,1.0
ES,P05,2027-05,11,5935614.584560479,4459074.000527589,7810042.3912197435,gradient_boosting,Baseline,baseline,1.0
ES,P05,2027-06,12,5883137.724742067,4686287.228659804,7658112.852750259,gradient_boosting,Baseline,baseline,1.0
ES,P06,2026-07,1,3154490.536892915,2825349.0154006905,3588821.785923155,gradient_boosting,Baseline,baseline,1.0
ES,P06,2026-08,2,3175041.128617217,2757180.339403748,3787257.65895465,gradient_boosting,Baseline,baseline,1.0
ES,P06,2026-09,3,3276609.624662814,2912767.306193295,3897005.2805739692,gradient_boosting,Baseline,baseline,1.0
ES,P06,2026-10,4,3341153.847444615,2892363.887033388,4272177.306286539,gradient_boosting,Baseline,baseline,1.0
ES,P06,2026-11,5,3330539.9472991596,2710104.7252007616,4507220.914077866,gradient_boosting,Baseline,baseline,1.0
ES,P06,2026-12,6,3279520.5122537077,2807333.3127393946,4267525.735038948,gradient_boosting,Baseline,baseline,1.0
ES,P06,2027-01,7,3267026.4857858154,2626551.0445167683,4394731.234708837,gradient_boosting,Baseline,baseline,1.0
ES,P06,2027-02,8,3406323.393556334,2628879.6796623375,4276456.790578766,gradient_boosting,Baseline,baseline,1.0
ES,P06,2027-03,9,3352941.048946127,2601120.996694449,4322721.843780626,gradient_boosting,Baseline,baseline,1.0
ES,P06,2027-04,10,3259510.068951779,2433236.04402332,4098075.6837453437,gradient_boosting,Baseline,baseline,1.0
ES,P06,2027-05,11,3341069.3999940096,2509946.608431075,4396157.006864105,gradient_boosting,Baseline,baseline,1.0
ES,P06,2027-06,12,3875606.474640417,3087163.0030070245,5044898.342397235,gradient_boosting,Baseline,baseline,1.0
ES,P07,2026-07,1,2864455.0245130872,2565575.9903274504,3258852.2541250493,gradient_boosting,Baseline,baseline,1.0
ES,P07,2026-08,2,2953437.450717392,2564741.4766948866,3522924.0039307396,gradient_boosting,Baseline,baseline,1.0
ES,P07,2026-09,3,2909054.309733247,2586026.1843684465,3459856.774263593,gradient_boosting,Baseline,baseline,1.0
ES,P07,2026-10,4,2953760.427740116,2557005.8675023117,3776835.4418189432,gradient_boosting,Baseline,baseline,1.0
ES,P07,2026-11,5,3040970.395259407,2474478.123005646,4115346.3346745702,gradient_boosting,Baseline,baseline,1.0
ES,P07,2026-12,6,2992920.6315064277,2561998.2432855787,3894583.2996499385,gradient_boosting,Baseline,baseline,1.0
ES,P07,2027-01,7,3023612.137542404,2430856.20904153,4067295.677067708,gradient_boosting,Baseline,baseline,1.0
ES,P07,2027-02,8,3010996.0448785243,2323780.0418182495,3780144.453367099,gradient_boosting,Baseline,baseline,1.0
ES,P07,2027-03,9,3202321.8449800746,2484274.6912502646,4128538.613723077,gradient_boosting,Baseline,baseline,1.0
ES,P07,2027-04,10,3168886.065271308,2365584.8978251624,3984137.080093164,gradient_boosting,Baseline,baseline,1.0
ES,P07,2027-05,11,3185306.635024655,2392931.3127729306,4191205.3914831793,gradient_boosting,Baseline,baseline,1.0
ES,P07,2027-06,12,3529087.133224128,2811138.670390545,4593832.202798577,gradient_boosting,Baseline,baseline,1.0
FR,P01,2026-07,1,1441830.6561887865,1291389.1410338401,1640351.4957565563,gradient_boosting,Baseline,baseline,1.0
FR,P01,2026-08,2,1492702.7768845914,1296251.160939137,1780528.1239809098,gradient_boosting,Baseline,baseline,1.0
FR,P01,2026-09,3,1297608.5753099225,1153519.1149869591,1543298.729283691,gradient_boosting,Baseline,baseline,1.0
FR,P01,2026-10,4,1261155.3138211756,1091754.6010120069,1612580.3711583854,gradient_boosting,Baseline,baseline,1.0
FR,P01,2026-11,5,1586691.5241259825,1291112.0313860553,2147270.212906513,gradient_boosting,Baseline,baseline,1.0
FR,P01,2026-12,6,1429460.4843073292,1223645.9634407999,1860107.1044408954,gradient_boosting,Baseline,baseline,1.0
FR,P01,2027-01,7,1405614.2026043606,1130054.3378209171,1890800.906271171,gradient_boosting,Baseline,baseline,1.0
FR,P01,2027-02,8,1336425.391661204,1031405.7561795083,1677810.5837169462,gradient_boosting,Baseline,baseline,1.0
FR,P01,2027-03,9,1575665.455295636,1222358.6516153656,2031399.71227285,gradient_boosting,Baseline,baseline,1.0
FR,P01,2027-04,10,1328881.7062580462,992014.9953548507,1670759.620859661,gradient_boosting,Baseline,baseline,1.0
FR,P01,2027-05,11,1281961.2752958084,963061.2147938199,1686796.1626089592,gradient_boosting,Baseline,baseline,1.0
FR,P01,2027-06,12,1285163.8211700746,1023713.3794363113,1672904.84045632,gradient_boosting,Baseline,baseline,1.0
FR,P02,2026-07,1,13876224.497149551,12428370.528293429,15786795.426808223,gradient_boosting,Baseline,baseline,1.0
FR,P02,2026-08,2,14028923.064655215,12182604.662422447,16734002.543973502,gradient_boosting,Baseline,baseline,1.0
FR,P02,2026-09,3,13998270.337646723,12443869.991668185,16648713.052085033,gradient_boosting,Baseline,baseline,1.0
FR,P02,2026-10,4,14411523.463316454,12475740.994181149,18427341.661050867,gradient_boosting,Baseline,baseline,1.0
FR,P02,2026-11,5,16016054.917571563,13032477.255342405,21674532.90690528,gradient_boosting,Baseline,baseline,1.0
FR,P02,2026-12,6,16367550.718773745,14010941.602310209,21298523.26001204,gradient_boosting,Baseline,baseline,1.0
FR,P02,2027-01,7,14087621.370401053,11325851.438967936,18950354.37533704,gradient_boosting,Baseline,baseline,1.0
FR,P02,2027-02,8,13837512.321109677,10679301.626749916,17372256.44584065,gradient_boosting,Baseline,baseline,1.0
FR,P02,2027-03,9,14155257.703576637,10981266.14482736,18249423.65116359,gradient_boosting,Baseline,baseline,1.0
FR,P02,2027-04,10,14500814.001478853,10824910.047730967,18231400.42426224,gradient_boosting,Baseline,baseline,1.0
FR,P02,2027-05,11,14646977.71958231,11003402.698278897,19272396.35651976,gradient_boosting,Baseline,baseline,1.0
FR,P02,2027-06,12,15221272.138612004,12124695.454118423,19813613.968220435,gradient_boosting,Baseline,baseline,1.0
FR,P03,2026-07,1,15588404.252682535,13961900.374050684,17734719.484975066,gradient_boosting,Baseline,baseline,1.0
FR,P03,2026-08,2,15419505.40453115,13390175.252066366,18392719.204250548,gradient_boosting,Baseline,baseline,1.0
FR,P03,2026-09,3,13503657.904580522,12004180.468257166,16060450.340229368,gradient_boosting,Baseline,baseline,1.0
FR,P03,2026-10,4,12338803.741683528,10681432.816669922,15777051.802705897,gradient_boosting,Baseline,baseline,1.0
FR,P03,2026-11,5,10898373.456760755,8868151.67195978,14748772.73685825,gradient_boosting,Baseline,baseline,1.0
FR,P03,2026-12,6,11382534.444885518,9743670.762580883,14811695.33534492,gradient_boosting,Baseline,baseline,1.0
FR,P03,2027-01,7,11529357.920759205,9269115.882938413,15509035.384606307,gradient_boosting,Baseline,baseline,1.0
FR,P03,2027-02,8,10832568.832717106,8360192.733533127,13599710.653344586,gradient_boosting,Baseline,baseline,1.0
FR,P03,2027-03,9,11411338.881632123,8852608.122871289,14711873.28686223,gradient_boosting,Baseline,baseline,1.0
FR,P03,2027-04,10,12482454.585289856,9318197.450630663,15693782.969623554,gradient_boosting,Baseline,baseline,1.0
FR,P03,2027-05,11,13871543.037340598,10420864.768729782,18252084.53309327,gradient_boosting,Baseline,baseline,1.0
FR,P03,2027-06,12,13444313.29622277,10709236.575105375,17500536.833806448,gradient_boosting,Baseline,baseline,1.0
FR,P04,2026-07,1,1558340.2766004347,1395742.0745630027,1772902.9360328072,gradient_boosting,Baseline,baseline,1.0
FR,P04,2026-08,2,1550654.5411045793,1346576.0098051738,1849654.2404629567,gradient_boosting,Baseline,baseline,1.0
FR,P04,2026-09,3,1564900.5333973183,1391130.3552351699,1861199.9416469825,gradient_boosting,Baseline,baseline,1.0
FR,P04,2026-10,4,1629012.1764225895,1410200.249900484,2082941.752921599,gradient_boosting,Baseline,baseline,1.0
FR,P04,2026-11,5,1594531.622118284,1297491.6235696601,2157880.220352296,gradient_boosting,Baseline,baseline,1.0
FR,P04,2026-12,6,1602070.5075782193,1371403.4989190854,2084718.5114078203,gradient_boosting,Baseline,baseline,1.0
FR,P04,2027-01,7,1638453.7608771042,1317247.4896508444,2204011.492065032,gradient_boosting,Baseline,baseline,1.0
FR,P04,2027-02,8,1693872.6143100539,1307270.855174772,2126566.4491940252,gradient_boosting,Baseline,baseline,1.0
FR,P04,2027-03,9,1706041.5190802962,1323500.876314856,2199484.8204214787,gradient_boosting,Baseline,baseline,1.0
FR,P04,2027-04,10,1727516.4054682965,1289597.2386975465,2171950.0246236306,gradient_boosting,Baseline,baseline,1.0
FR,P04,2027-05,11,1896265.6052240047,1424551.499745867,2495093.7347472813,gradient_boosting,Baseline,baseline,1.0
FR,P04,2027-06,12,1627933.3969399913,1296750.7891417122,2119089.8894134117,gradient_boosting,Baseline,baseline,1.0
FR,P05,2026-07,1,3970144.6843610513,3555897.2974464064,4516780.624276645,gradient_boosting,Baseline,baseline,1.0
FR,P05,2026-08,2,3936724.875035999,3418620.4169953996,4695810.488814254,gradient_boosting,Baseline,baseline,1.0
FR,P05,2026-09,3,4118364.867038364,3661052.097690428,4898139.074419157,gradient_boosting,Baseline,baseline,1.0
FR,P05,2026-10,4,4033932.11499623,3492086.8971906034,5158000.506312522,gradient_boosting,Baseline,baseline,1.0
FR,P05,2026-11,5,4166216.606335363,3390105.955701112,5638142.438700062,gradient_boosting,Baseline,baseline,1.0
FR,P05,2026-12,6,4085907.906013763,3497616.598060274,5316849.543938424,gradient_boosting,Baseline,baseline,1.0
FR,P05,2027-01,7,4043045.3142505228,3250437.3439810337,5438614.471962638,gradient_boosting,Baseline,baseline,1.0
FR,P05,2027-02,8,4027142.188050951,3108005.624276608,5055861.574768561,gradient_boosting,Baseline,baseline,1.0
FR,P05,2027-03,9,4236651.987074113,3286680.045487074,5462031.041308689,gradient_boosting,Baseline,baseline,1.0
FR,P05,2027-04,10,4445638.551389491,3318685.2419876843,5589356.332937799,gradient_boosting,Baseline,baseline,1.0
FR,P05,2027-05,11,4798210.900062108,3604610.3008723785,6313454.14996695,gradient_boosting,Baseline,baseline,1.0
FR,P05,2027-06,12,4551452.317389148,3625516.4955822914,5924650.606748451,gradient_boosting,Baseline,baseline,1.0
FR,P06,2026-07,1,1947156.7019513,1743989.1501807082,2215254.19424846,gradient_boosting,Baseline,baseline,1.0
FR,P06,2026-08,2,2021180.815426719,1755177.2657198978,2410908.146783853,gradient_boosting,Baseline,baseline,1.0
FR,P06,2026-09,3,2047865.70308718,1820465.9543599791,2435610.088784476,gradient_boosting,Baseline,baseline,1.0
FR,P06,2026-10,4,2140034.213132641,1852580.8620919448,2736361.753295047,gradient_boosting,Baseline,baseline,1.0
FR,P06,2026-11,5,2353471.01565387,1915050.7188237857,3184953.1758456314,gradient_boosting,Baseline,baseline,1.0
FR,P06,2026-12,6,2166289.3170104767,1854385.7682706607,2818916.782297892,gradient_boosting,Baseline,baseline,1.0
FR,P06,2027-01,7,2148101.3126351,1726982.5546187677,2889578.0230217054,gradient_boosting,Baseline,baseline,1.0
FR,P06,2027-02,8,2141841.933818767,1652997.700546051,2688967.964566263,gradient_boosting,Baseline,baseline,1.0
FR,P06,2027-03,9,2292651.2219368997,1778576.8208933016,2955761.3368573766,gradient_boosting,Baseline,baseline,1.0
FR,P06,2027-04,10,2356896.460451983,1759431.723874693,2963249.0372364093,gradient_boosting,Baseline,baseline,1.0
FR,P06,2027-05,11,2409322.2509326856,1809980.424937255,3170170.27399979,gradient_boosting,Baseline,baseline,1.0
FR,P06,2027-06,12,2500354.8900800054,1991689.084418424,3254725.7630277816,gradient_boosting,Baseline,baseline,1.0
FR,P07,2026-07,1,4560612.624305075,4084755.442124732,5188548.119527246,gradient_boosting,Baseline,baseline,1.0
FR,P07,2026-08,2,4388966.11055212,3811343.0913551357,5235253.605776168,gradient_boosting,Baseline,baseline,1.0
FR,P07,2026-09,3,4585389.411796124,4076217.1557800677,5453590.387074668,gradient_boosting,Baseline,baseline,1.0
FR,P07,2026-10,4,4563558.672120801,3950573.036226836,5835209.237626944,gradient_boosting,Baseline,baseline,1.0
FR,P07,2026-11,5,4507119.193651996,3667502.9325694353,6099486.033291323,gradient_boosting,Baseline,baseline,1.0
FR,P07,2026-12,6,4737576.5014480455,4055457.584263328,6164843.173294124,gradient_boosting,Baseline,baseline,1.0
FR,P07,2027-01,7,4558584.878675581,3664909.337802246,6132106.807076669,gradient_boosting,Baseline,baseline,1.0
FR,P07,2027-02,8,4579054.123908069,3533951.6973601375,5748757.484288613,gradient_boosting,Baseline,baseline,1.0
FR,P07,2027-03,9,4888052.149728399,3792018.6767352447,6301837.548802455,gradient_boosting,Baseline,baseline,1.0
FR,P07,2027-04,10,4813028.224873253,3592942.9607282593,6051263.385075585,gradient_boosting,Baseline,baseline,1.0
FR,P07,2027-05,11,4996913.673506823,3753883.8694771808,6574905.9443426905,gradient_boosting,Baseline,baseline,1.0
FR,P07,2027-06,12,5253273.58798431,4184561.041379679,6838215.2289184965,gradient_boosting,Baseline,baseline,1.0
GR,P01,2026-07,1,617257.203169038,552852.1993730196,702245.28250859,gradient_boosting,Baseline,baseline,1.0
GR,P01,2026-08,2,494301.4167053202,429247.39953617053,589613.4098472814,gradient_boosting,Baseline,baseline,1.0
GR,P01,2026-09,3,491682.2804923329,437084.7417626099,584777.76205655,gradient_boosting,Baseline,baseline,1.0
GR,P01,2026-10,4,441811.13757799525,382466.2489568033,564923.257595261,gradient_boosting,Baseline,baseline,1.0
GR,P01,2026-11,5,359913.05843275785,292866.050476608,487070.47202161764,gradient_boosting,Baseline,baseline,1.0
GR,P01,2026-12,6,563680.9456328512,482521.84748315037,733498.3674751258,gradient_boosting,Baseline,baseline,1.0
GR,P01,2027-01,7,362932.83155202074,291782.63841748476,488209.1583470417,gradient_boosting,Baseline,baseline,1.0
GR,P01,2027-02,8,376260.1989593812,290384.28740534873,472374.5507863954,gradient_boosting,Baseline,baseline,1.0
GR,P01,2027-03,9,448971.039736859,348299.5917075086,578828.2264328599,gradient_boosting,Baseline,baseline,1.0
GR,P01,2027-04,10,515196.201787355,384595.82618686167,647739.3786918698,gradient_boosting,Baseline,baseline,1.0
GR,P01,2027-05,11,509253.3403650307,382571.7282268056,670072.1752498451,gradient_boosting,Baseline,baseline,1.0
GR,P01,2027-06,12,437652.52265564486,348617.6124836197,569694.7046968394,gradient_boosting,Baseline,baseline,1.0
GR,P02,2026-07,1,2838616.9895213926,2542433.9121154873,3229456.666533598,gradient_boosting,Baseline,baseline,1.0
GR,P02,2026-08,2,3013017.2676483295,2616480.1135228127,3593992.096862525,gradient_boosting,Baseline,baseline,1.0
GR,P02,2026-09,3,3058994.2477747113,2719316.4445607234,3638186.4495225586,gradient_boosting,Baseline,baseline,1.0
GR,P02,2026-10,4,3244226.692418722,2808456.1666259016,4148241.0821640724,gradient_boosting,Baseline,baseline,1.0
GR,P02,2026-11,5,3559361.2604867755,2896299.67614236,4816884.879892879,gradient_boosting,Baseline,baseline,1.0
GR,P02,2026-12,6,3691794.4563409025,3160247.8235302037,4804003.448687718,gradient_boosting,Baseline,baseline,1.0
GR,P02,2027-01,7,2597945.8823698713,2088638.5527099082,3494698.915055748,gradient_boosting,Baseline,baseline,1.0
GR,P02,2027-02,8,2487369.2681968147,1919663.4521985948,3122759.0480044317,gradient_boosting,Baseline,baseline,1.0
GR,P02,2027-03,9,2698128.637052747,2093135.2347594583,3478516.1523743076,gradient_boosting,Baseline,baseline,1.0
GR,P02,2027-04,10,2472190.0968253086,1845498.8400165713,3108203.9653443773,gradient_boosting,Baseline,baseline,1.0
GR,P02,2027-05,11,2487584.5487907575,1868774.231817544,3273147.287617845,gradient_boosting,Baseline,baseline,1.0
GR,P02,2027-06,12,2460631.7858089455,1960047.1469119634,3203017.978916255,gradient_boosting,Baseline,baseline,1.0
GR,P03,2026-07,1,2829319.631083613,2534106.645889518,3218879.1859157914,gradient_boosting,Baseline,baseline,1.0
GR,P03,2026-08,2,2902614.815772379,2520607.5067112874,3462301.6668816493,gradient_boosting,Baseline,baseline,1.0
GR,P03,2026-09,3,2687008.083229851,2388636.484919816,3195768.153299384,gradient_boosting,Baseline,baseline,1.0
GR,P03,2026-10,4,2509764.255926621,2172648.08214723,3209118.2830444537,gradient_boosting,Baseline,baseline,1.0
GR,P03,2026-11,5,2507794.5171198924,2040625.8078935782,3393799.2261401014,gradient_boosting,Baseline,baseline,1.0
GR,P03,2026-12,6,2424278.337879913,2075229.3854706855,3154628.902958245,gradient_boosting,Baseline,baseline,1.0
GR,P03,2027-01,7,2284135.6179225743,1836348.379535546,3072568.339457718,gradient_boosting,Baseline,baseline,1.0
GR,P03,2027-02,8,2223442.1055167047,1715973.821263028,2791412.614721958,gradient_boosting,Baseline,baseline,1.0
GR,P03,2027-03,9,2134560.956602156,1655934.6680691573,2751946.1688375375,gradient_boosting,Baseline,baseline,1.0
GR,P03,2027-04,10,2263283.167022466,1689549.062077706,2845552.0970940543,gradient_boosting,Baseline,baseline,1.0
GR,P03,2027-05,11,2568286.8192794095,1929401.0449289514,3379334.801076609,gradient_boosting,Baseline,baseline,1.0
GR,P03,2027-06,12,2675270.4743932406,2131020.289501953,3482414.344707932,gradient_boosting,Baseline,baseline,1.0
GR,P04,2026-07,1,555645.8206592035,497669.3871642709,632150.8348549512,gradient_boosting,Baseline,baseline,1.0
GR,P04,2026-08,2,590027.0652848044,512374.78767018614,703797.0317454154,gradient_boosting,Baseline,baseline,1.0
GR,P04,2026-09,3,550361.4065490334,489248.00181271153,654567.2366345475,gradient_boosting,Baseline,baseline,1.0
GR,P04,2026-10,4,584263.5424895814,505784.1835387305,747070.4915380127,gradient_boosting,Baseline,baseline,1.0
GR,P04,2026-11,5,652385.6521031216,530854.8963214222,882873.7387125525,gradient_boosting,Baseline,baseline,1.0
GR,P04,2026-12,6,627826.5780797346,537431.755856043,816968.8431847917,gradient_boosting,Baseline,baseline,1.0
GR,P04,2027-01,7,520570.5648173112,418516.7052408257,700259.9247438863,gradient_boosting,Baseline,baseline,1.0
GR,P04,2027-02,8,506231.60453803866,390691.61222049454,635546.697335764,gradient_boosting,Baseline,baseline,1.0
GR,P04,2027-03,9,572648.0854607472,444244.89934799314,738276.74023627,gradient_boosting,Baseline,baseline,1.0
GR,P04,2027-04,10,484752.36127365363,361869.3892409994,609463.331098882,gradient_boosting,Baseline,baseline,1.0
GR,P04,2027-05,11,543986.7923756798,408664.90368535445,715774.221555578,gradient_boosting,Baseline,baseline,1.0
GR,P04,2027-06,12,543561.6667905275,432980.87113559205,707557.222263294,gradient_boosting,Baseline,baseline,1.0
GR,P05,2026-07,1,959558.8639364261,859437.8901234977,1091677.3138151977,gradient_boosting,Baseline,baseline,1.0
GR,P05,2026-08,2,1070794.6851510094,929869.5462008701,1277267.0363083696,gradient_boosting,Baseline,baseline,1.0
GR,P05,2026-09,3,1046669.5055589403,930444.9004953757,1244846.6730603224,gradient_boosting,Baseline,baseline,1.0
GR,P05,2026-10,4,1079707.609219206,934679.2874710796,1380571.6695922515,gradient_boosting,Baseline,baseline,1.0
GR,P05,2026-11,5,1059368.207255522,862022.0233475458,1433643.377652115,gradient_boosting,Baseline,baseline,1.0
GR,P05,2026-12,6,1056676.6414579486,904535.7470016009,1375016.4831069876,gradient_boosting,Baseline,baseline,1.0
GR,P05,2027-01,7,1069567.1032513126,859886.690373677,1438757.835826053,gradient_boosting,Baseline,baseline,1.0
GR,P05,2027-02,8,1015873.5746732572,784015.2237501577,1275374.926232508,gradient_boosting,Baseline,baseline,1.0
GR,P05,2027-03,9,1089856.7395576779,845481.3870179612,1405079.1427300165,gradient_boosting,Baseline,baseline,1.0
GR,P05,2027-04,10,993681.2523593369,741786.6453434604,1249323.0244866174,gradient_boosting,Baseline,baseline,1.0
GR,P05,2027-05,11,1022737.7358750028,768321.9963879057,1345711.5448602433,gradient_boosting,Baseline,baseline,1.0
GR,P05,2027-06,12,978145.2777430735,779153.9034660679,1273257.1076550174,gradient_boosting,Baseline,baseline,1.0
GR,P07,2026-07,1,1157321.9451047778,1036566.2473421445,1316669.7320353964,gradient_boosting,Baseline,baseline,1.0
GR,P07,2026-08,2,1235945.1972844861,1073284.9309632068,1474262.1354648315,gradient_boosting,Baseline,baseline,1.0
GR,P07,2026-09,3,1234517.9918706971,1097434.2559951448,1468262.528765158,gradient_boosting,Baseline,baseline,1.0
GR,P07,2026-10,4,1254756.4789918303,1086215.2695042272,1604398.480053457,gradient_boosting,Baseline,baseline,1.0
GR,P07,2026-11,5,1218517.1661825385,991523.6514390066,1649019.7212720932,gradient_boosting,Baseline,baseline,1.0
GR,P07,2026-12,6,1276771.4947738212,1092941.220108866,1661418.2443295887,gradient_boosting,Baseline,baseline,1.0
GR,P07,2027-01,7,1260479.2629526947,1013371.9879849101,1695568.6192634513,gradient_boosting,Baseline,baseline,1.0
GR,P07,2027-02,8,1380269.035130772,1065242.7264500181,1732853.932564513,gradient_boosting,Baseline,baseline,1.0
GR,P07,2027-03,9,1135549.1947138517,880928.3581284733,1463987.3582686228,gradient_boosting,Baseline,baseline,1.0
GR,P07,2027-04,10,1251636.1503099683,934350.9087291181,1573641.3031334605,gradient_boosting,Baseline,baseline,1.0
GR,P07,2027-05,11,1297130.6486985446,974457.0622803434,1706755.9237484003,gradient_boosting,Baseline,baseline,1.0
GR,P07,2027-06,12,1288053.572613062,1026015.2472345647,1676666.4458618378,gradient_boosting,Baseline,baseline,1.0
HR,P05,2026-07,1,186804.44786014344,167313.15458437926,212524.92735266275,gradient_boosting,Baseline,baseline,1.0
HR,P05,2026-08,2,181343.01921959617,157476.8284964368,216309.8714681802,gradient_boosting,Baseline,baseline,1.0
HR,P05,2026-09,3,194387.8049104473,172802.53302194882,231193.33365601976,gradient_boosting,Baseline,baseline,1.0
HR,P05,2026-10,4,194640.5911396067,168496.10717375425,248877.82913223322,gradient_boosting,Baseline,baseline,1.0
HR,P05,2026-11,5,197803.24358136128,160955.13447439612,267687.201009353,gradient_boosting,Baseline,baseline,1.0
HR,P05,2026-12,6,191794.03421301456,164179.42178408956,249574.89174797427,gradient_boosting,Baseline,baseline,1.0
HR,P05,2027-01,7,190318.79325457037,153008.2560973565,256012.60011419075,gradient_boosting,Baseline,baseline,1.0
HR,P05,2027-02,8,188035.0388155694,145118.77925092675,236067.93181490822,gradient_boosting,Baseline,baseline,1.0
HR,P05,2027-03,9,195210.1507268422,151438.75612816832,251671.3447556314,gradient_boosting,Baseline,baseline,1.0
HR,P05,2027-04,10,195753.9652718655,146131.04239103335,246115.0749981716,gradient_boosting,Baseline,baseline,1.0
HR,P05,2027-05,11,217647.79397624754,163505.83508506807,286379.5270217708,gradient_boosting,Baseline,baseline,1.0
HR,P05,2027-06,12,188329.74325189594,150016.42182647254,245149.86642025842,gradient_boosting,Baseline,baseline,1.0
HR,P06,2026-07,1,149573.96493972023,133967.32360727378,170168.3037893344,gradient_boosting,Baseline,baseline,1.0
HR,P06,2026-08,2,141397.6725668587,122788.60872853687,168662.1989115526,gradient_boosting,Baseline,baseline,1.0
HR,P06,2026-09,3,148720.22094983867,132205.9833102978,176879.01604369175,gradient_boosting,Baseline,baseline,1.0
HR,P06,2026-10,4,146392.78736012918,126729.03757677514,187185.61686176353,gradient_boosting,Baseline,baseline,1.0
HR,P06,2026-11,5,158674.06939996622,129115.20415673188,214733.675451433,gradient_boosting,Baseline,baseline,1.0
HR,P06,2026-12,6,118764.29239650852,101664.5430827076,154543.83417089653,gradient_boosting,Baseline,baseline,1.0
HR,P06,2027-01,7,119620.50775651107,96169.82628101303,160910.84171998187,gradient_boosting,Baseline,baseline,1.0
HR,P06,2027-02,8,135750.85520885978,104767.69922387396,170427.9363735645,gradient_boosting,Baseline,baseline,1.0
HR,P06,2027-03,9,146829.07129048216,113906.02300594033,189296.8663940229,gradient_boosting,Baseline,baseline,1.0
HR,P06,2027-04,10,123139.2889546453,91923.9241424409,154819.0111715188,gradient_boosting,Baseline,baseline,1.0
HR,P06,2027-05,11,141548.35982877063,106336.85899545853,186248.395161288,gradient_boosting,Baseline,baseline,1.0
HR,P06,2027-06,12,157306.33632399252,125304.33747999842,204766.52636491493,gradient_boosting,Baseline,baseline,1.0
HU,P01,2026-07,1,1001222.3262017736,896754.1605997846,1139077.2788194173,gradient_boosting,Baseline,baseline,1.0
HU,P01,2026-08,2,851509.7925350461,739444.2980994973,1015699.2784713093,gradient_boosting,Baseline,baseline,1.0
HU,P01,2026-09,3,979086.6456646605,870366.5978262386,1164467.6251865916,gradient_boosting,Baseline,baseline,1.0
HU,P01,2026-10,4,997348.0618354304,863382.4267211807,1275262.364677094,gradient_boosting,Baseline,baseline,1.0
HU,P01,2026-11,5,973837.4701191297,792424.5230829978,1317894.600181284,gradient_boosting,Baseline,baseline,1.0
HU,P01,2026-12,6,981919.9846302926,840542.5954792512,1277738.2512174544,gradient_boosting,Baseline,baseline,1.0
HU,P01,2027-01,7,945068.012613985,759794.6899024268,1271284.4331165224,gradient_boosting,Baseline,baseline,1.0
HU,P01,2027-02,8,964333.8297094326,744238.6750857871,1210669.5336816462,gradient_boosting,Baseline,baseline,1.0
HU,P01,2027-03,9,907317.4084170357,703872.3100848242,1169743.4351968425,gradient_boosting,Baseline,baseline,1.0
HU,P01,2027-04,10,1081283.4077760365,807181.9708939027,1359462.356890124,gradient_boosting,Baseline,baseline,1.0
HU,P01,2027-05,11,1031927.9624995348,775226.0667274798,1357803.9842361442,gradient_boosting,Baseline,baseline,1.0
HU,P01,2027-06,12,978963.0413500683,779805.3033358015,1274321.5950565105,gradient_boosting,Baseline,baseline,1.0
HU,P02,2026-07,1,2588847.3107990846,2318725.358356407,2945297.0363244824,gradient_boosting,Baseline,baseline,1.0
HU,P02,2026-08,2,2609465.1170890206,2266038.651389435,3112626.3724257564,gradient_boosting,Baseline,baseline,1.0
HU,P02,2026-09,3,2610790.9549921434,2320882.683053479,3105120.018417251,gradient_boosting,Baseline,baseline,1.0
HU,P02,2026-10,4,2646649.8285574084,2291146.9316497706,3384147.4686650303,gradient_boosting,Baseline,baseline,1.0
HU,P02,2026-11,5,3196187.0354614644,2600779.9709635135,4325401.069943228,gradient_boosting,Baseline,baseline,1.0
HU,P02,2026-12,6,2998570.417175543,2566834.569650815,3901935.168818104,gradient_boosting,Baseline,baseline,1.0
HU,P02,2027-01,7,2576393.2442391003,2071311.1436911067,3465706.7864654916,gradient_boosting,Baseline,baseline,1.0
HU,P02,2027-02,8,2480947.157070582,1914707.0944222827,3114696.4310527993,gradient_boosting,Baseline,baseline,1.0
HU,P02,2027-03,9,2568143.588212308,1992296.3488800032,3310935.1535481974,gradient_boosting,Baseline,baseline,1.0
HU,P02,2027-04,10,2658084.5611300585,1984269.7293104297,3341923.0113957217,gradient_boosting,Baseline,baseline,1.0
HU,P02,2027-05,11,2960476.0004683877,2224029.4370211363,3895374.7303589266,gradient_boosting,Baseline,baseline,1.0
HU,P02,2027-06,12,2790606.5003501805,2222892.6492417683,3632547.886381003,gradient_boosting,Baseline,baseline,1.0
HU,P03,2026-07,1,2970678.437344842,2660715.9856283423,3379701.213311086,gradient_boosting,Baseline,baseline,1.0
HU,P03,2026-08,2,3087363.5537989954,2681041.83419935,3682673.9533276637,gradient_boosting,Baseline,baseline,1.0
HU,P03,2026-09,3,2790852.662556785,2480949.9217455457,3319274.741008223,gradient_boosting,Baseline,baseline,1.0
HU,P03,2026-10,4,2367030.1344095003,2049086.2716549342,3026610.831241668,gradient_boosting,Baseline,baseline,1.0
HU,P03,2026-11,5,2470064.8475980493,2009924.6731618573,3342739.650743625,gradient_boosting,Baseline,baseline,1.0
HU,P03,2026-12,6,2362629.1742012524,2022456.5028950274,3074406.9950423483,gradient_boosting,Baseline,baseline,1.0
HU,P03,2027-01,7,2165433.709678936,1740917.0683907052,2912893.177334756,gradient_boosting,Baseline,baseline,1.0
HU,P03,2027-02,8,2200282.1324085095,1698099.774776181,2762336.507486949,gradient_boosting,Baseline,baseline,1.0
HU,P03,2027-03,9,2355602.4542495837,1827412.684615922,3036920.1353684566,gradient_boosting,Baseline,baseline,1.0
HU,P03,2027-04,10,2479404.294032203,1850884.2642984951,3117274.140163879,gradient_boosting,Baseline,baseline,1.0
HU,P03,2027-05,11,2831067.4925055206,2126812.5262727076,3725099.8719468843,gradient_boosting,Baseline,baseline,1.0
HU,P03,2027-06,12,3220952.2884674985,2565689.9905788936,4192731.3743942236,gradient_boosting,Baseline,baseline,1.0
HU,P04,2026-07,1,704303.2694835886,630815.8245226319,801276.4304911321,gradient_boosting,Baseline,baseline,1.0
HU,P04,2026-08,2,694724.6837314032,603293.3627278509,828682.6131516893,gradient_boosting,Baseline,baseline,1.0
HU,P04,2026-09,3,721439.6179668832,641329.2925680047,858037.5213667783,gradient_boosting,Baseline,baseline,1.0
HU,P04,2026-10,4,726781.0017433605,629158.4342433641,929300.9074284036,gradient_boosting,Baseline,baseline,1.0
HU,P04,2026-11,5,760612.6440993397,618920.6415292126,1029337.3660858457,gradient_boosting,Baseline,baseline,1.0
HU,P04,2026-12,6,799031.8127130478,683986.7649513123,1039752.2476614898,gradient_boosting,Baseline,baseline,1.0
HU,P04,2027-01,7,803982.2255674397,646367.6874138194,1081498.9759723647,gradient_boosting,Baseline,baseline,1.0
HU,P04,2027-02,8,838871.0042853049,647410.9126559373,1053157.6683181983,gradient_boosting,Baseline,baseline,1.0
HU,P04,2027-03,9,820673.651044757,636656.4261060795,1058039.454377347,gradient_boosting,Baseline,baseline,1.0
HU,P04,2027-04,10,799356.4530214032,596722.4804860962,1005004.7931974656,gradient_boosting,Baseline,baseline,1.0
HU,P04,2027-05,11,864235.9473523414,649249.035337343,1137155.9404134634,gradient_boosting,Baseline,baseline,1.0
HU,P04,2027-06,12,867376.9036986668,690919.9642127634,1129069.30369112,gradient_boosting,Baseline,baseline,1.0
HU,P05,2026-07,1,1356819.8333589232,1215248.4007869754,1543635.8171254292,gradient_boosting,Baseline,baseline,1.0
HU,P05,2026-08,2,1401651.4643515039,1217182.9288679294,1671920.151113802,gradient_boosting,Baseline,baseline,1.0
HU,P05,2026-09,3,1392929.1026070418,1238255.0302544748,1656667.3147349395,gradient_boosting,Baseline,baseline,1.0
HU,P05,2026-10,4,1432545.4636987986,1240123.3091690454,1831728.947446855,gradient_boosting,Baseline,baseline,1.0
HU,P05,2026-11,5,1396828.3638465444,1136617.8484737263,1890328.329498581,gradient_boosting,Baseline,baseline,1.0
HU,P05,2026-12,6,1425125.4190868076,1219935.0633378746,1854466.0351679563,gradient_boosting,Baseline,baseline,1.0
HU,P05,2027-01,7,1370529.335996033,1101847.5897465535,1843605.5254500927,gradient_boosting,Baseline,baseline,1.0
HU,P05,2027-02,8,1485321.1915211957,1146318.257846103,1864741.2948773832,gradient_boosting,Baseline,baseline,1.0
HU,P05,2027-03,9,1450137.888037352,1124977.7594096633,1869565.4452628235,gradient_boosting,Baseline,baseline,1.0
HU,P05,2027-04,10,1449081.366862398,1081744.4763120718,1821882.7331976905,gradient_boosting,Baseline,baseline,1.0
HU,P05,2027-05,11,1537811.0235625077,1155265.9046847564,2023441.5682832873,gradient_boosting,Baseline,baseline,1.0
HU,P05,2027-06,12,1358113.974417345,1081822.7400337546,1767864.4576421499,gradient_boosting,Baseline,baseline,1.0
HU,P06,2026-07,1,819258.2498734102,733776.330145101,932059.1775618251,gradient_boosting,Baseline,baseline,1.0
HU,P06,2026-08,2,833078.8656004667,723439.028459686,993714.4706004836,gradient_boosting,Baseline,baseline,1.0
HU,P06,2026-09,3,830003.0591835389,737837.5979344866,987156.4437169273,gradient_boosting,Baseline,baseline,1.0
HU,P06,2026-10,4,814532.5542410429,705123.036013956,1041504.7173363892,gradient_boosting,Baseline,baseline,1.0
HU,P06,2026-11,5,844067.6139583638,686829.0623064017,1142277.0069501936,gradient_boosting,Baseline,baseline,1.0
HU,P06,2026-12,6,834697.4856908602,714517.2743650421,1086162.7447819063,gradient_boosting,Baseline,baseline,1.0
HU,P06,2027-01,7,897220.685800537,721327.4638894215,1206921.275193178,gradient_boosting,Baseline,baseline,1.0
HU,P06,2027-02,8,903532.4629301939,697314.3349236046,1134336.6704158129,gradient_boosting,Baseline,baseline,1.0
HU,P06,2027-03,9,939143.0332647008,728561.7692240482,1210774.0771653946,gradient_boosting,Baseline,baseline,1.0
HU,P06,2027-04,10,951688.3189655701,710438.7688324228,1196526.679149517,gradient_boosting,Baseline,baseline,1.0
HU,P06,2027-05,11,991384.4453918929,744768.1351267847,1304457.0927241049,gradient_boosting,Baseline,baseline,1.0
HU,P06,2027-06,12,977120.2862145485,778337.4335932974,1271922.8705241159,gradient_boosting,Baseline,baseline,1.0
HU,P07,2026-07,1,1058906.6668868652,948419.680991293,1204703.9833969425,gradient_boosting,Baseline,baseline,1.0
HU,P07,2026-08,2,1074468.1021626317,933059.5121737793,1281648.767488608,gradient_boosting,Baseline,baseline,1.0
HU,P07,2026-09,3,1104869.7647289722,982182.4681465391,1314066.6117460998,gradient_boosting,Baseline,baseline,1.0
HU,P07,2026-10,4,1125789.5654010708,974571.4301230022,1439494.5137408453,gradient_boosting,Baseline,baseline,1.0
HU,P07,2026-11,5,1175053.9172620235,956157.0267667567,1590200.890803725,gradient_boosting,Baseline,baseline,1.0
HU,P07,2026-12,6,1109947.489281432,950136.6283298183,1444335.980626408,gradient_boosting,Baseline,baseline,1.0
HU,P07,2027-01,7,1153951.5063336454,927728.1795752909,1552269.8546485724,gradient_boosting,Baseline,baseline,1.0
HU,P07,2027-02,8,1244172.7365525414,960208.4262757086,1561992.310521085,gradient_boosting,Baseline,baseline,1.0
HU,P07,2027-03,9,1232419.1370350677,956077.4398576295,1588875.2729575213,gradient_boosting,Baseline,baseline,1.0
HU,P07,2027-04,10,1265136.9383072276,944429.2957513165,1590615.4034836895,gradient_boosting,Baseline,baseline,1.0
HU,P07,2027-05,11,1339350.1847636127,1006174.0871814847,1762308.1099135047,gradient_boosting,Baseline,baseline,1.0
HU,P07,2027-06,12,1310361.7945049333,1043785.1415048146,1705705.1814456852,gradient_boosting,Baseline,baseline,1.0
IT,P01,2026-07,1,112300.5899086959,100583.0759092943,127762.88244418701,gradient_boosting,Baseline,baseline,1.0
IT,P01,2026-08,2,97682.5505349601,84826.7461515064,116517.85683194322,gradient_boosting,Baseline,baseline,1.0
IT,P01,2026-09,3,75616.25393667504,67219.65003878745,89933.49060273517,gradient_boosting,Baseline,baseline,1.0
IT,P01,2026-10,4,93999.26585920725,81373.11072543432,120192.46905329976,gradient_boosting,Baseline,baseline,1.0
IT,P01,2026-11,5,58152.05837571388,47319.104613044525,78697.20161148139,gradient_boosting,Baseline,baseline,1.0
IT,P01,2026-12,6,59202.35555606823,50678.36725649211,77037.96178936725,gradient_boosting,Baseline,baseline,1.0
IT,P01,2027-01,7,62896.56037527876,50566.17296154694,84607.05159251323,gradient_boosting,Baseline,baseline,1.0
IT,P01,2027-02,8,61730.807390354435,47641.64948772606,77499.72623027321,gradient_boosting,Baseline,baseline,1.0
IT,P01,2027-03,9,29361.59647835849,22777.93256172312,37853.93557848736,gradient_boosting,Baseline,baseline,1.0
IT,P01,2027-04,10,48936.91040405802,36531.58043981345,61526.78111805568,gradient_boosting,Baseline,baseline,1.0
IT,P01,2027-05,11,49872.61410419984,37466.32698639921,65622.05560447229,gradient_boosting,Baseline,baseline,1.0
IT,P01,2027-06,12,96825.35364273324,77127.45127113331,126038.0973379327,gradient_boosting,Baseline,baseline,1.0
IT,P02,2026-07,1,4342081.895860836,3889026.34697491,4939928.626153579,gradient_boosting,Baseline,baseline,1.0
IT,P02,2026-08,2,4446694.956353108,3861474.359647801,5304113.820351601,gradient_boosting,Baseline,baseline,1.0
IT,P02,2026-09,3,4494416.231442069,3995345.8479864253,5345392.278407132,gradient_boosting,Baseline,baseline,1.0
IT,P02,2026-10,4,4982168.05845075,4312954.0360481925,6370465.500024177,gradient_boosting,Baseline,baseline,1.0
IT,P02,2026-11,5,5965818.756577707,4854466.199993702,8073544.678859176,gradient_boosting,Baseline,baseline,1.0
IT,P02,2026-12,6,5611676.2002703985,4803703.919052415,7302278.644661473,gradient_boosting,Baseline,baseline,1.0
IT,P02,2027-01,7,4699149.768445402,3777917.5609230655,6321191.564810506,gradient_boosting,Baseline,baseline,1.0
IT,P02,2027-02,8,4884836.82355925,3769943.9484264734,6132651.3050686605,gradient_boosting,Baseline,baseline,1.0
IT,P02,2027-03,9,5034228.622626923,3905418.431556045,6490293.063892369,gradient_boosting,Baseline,baseline,1.0
IT,P02,2027-04,10,5010282.564469673,3740194.0379738575,6299264.831769472,gradient_boosting,Baseline,baseline,1.0
IT,P02,2027-05,11,5244414.362587113,3939816.408065736,6900565.7131897425,gradient_boosting,Baseline,baseline,1.0
IT,P02,2027-06,12,5753890.990019055,4583334.11917689,7489871.664685654,gradient_boosting,Baseline,baseline,1.0
IT,P03,2026-07,1,1483281.938238004,1328515.3703108528,1687510.0661605122,gradient_boosting,Baseline,baseline,1.0
IT,P03,2026-08,2,1571197.4931673405,1364415.3451858235,1874158.3175396256,gradient_boosting,Baseline,baseline,1.0
IT,P03,2026-09,3,1256036.9972883004,1116563.7412320813,1493855.958361987,gradient_boosting,Baseline,baseline,1.0
IT,P03,2026-10,4,1245780.4204240164,1078444.891714142,1592921.213377263,gradient_boosting,Baseline,baseline,1.0
IT,P03,2026-11,5,1211993.3954036788,986215.1722453396,1640191.0999198793,gradient_boosting,Baseline,baseline,1.0
IT,P03,2026-12,6,1187633.9451206499,1016637.7447616896,1545426.6578516588,gradient_boosting,Baseline,baseline,1.0
IT,P03,2027-01,7,1107822.3071802529,890642.2554953328,1490217.8837712205,gradient_boosting,Baseline,baseline,1.0
IT,P03,2027-02,8,1114371.734999071,860032.6132483146,1399034.0971091373,gradient_boosting,Baseline,baseline,1.0
IT,P03,2027-03,9,1121027.577911565,869662.8805018234,1445265.6124216486,gradient_boosting,Baseline,baseline,1.0
IT,P03,2027-04,10,1206214.3634219905,900443.3806952145,1516533.972148057,gradient_boosting,Baseline,baseline,1.0
IT,P03,2027-05,11,1389530.669919786,1043871.699367388,1828335.2602108158,gradient_boosting,Baseline,baseline,1.0
IT,P03,2027-06,12,1541151.135267656,1227623.288889777,2006124.9403338311,gradient_boosting,Baseline,baseline,1.0
IT,P04,2026-07,1,1570726.0121334053,1406835.4746806521,1786994.0220562224,gradient_boosting,Baseline,baseline,1.0
IT,P04,2026-08,2,1631015.5015518942,1416360.825568312,1945510.5303837091,gradient_boosting,Baseline,baseline,1.0
IT,P04,2026-09,3,1596112.0873259325,1418876.1059570343,1898321.1139585131,gradient_boosting,Baseline,baseline,1.0
IT,P04,2026-10,4,1653209.07464148,1431146.976026271,2113881.1960521005,gradient_boosting,Baseline,baseline,1.0
IT,P04,2026-11,5,1600679.4482057956,1302494.1915595708,2166200.0756178712,gradient_boosting,Baseline,baseline,1.0
IT,P04,2026-12,6,1701598.0051969138,1456600.9717065147,2214230.175032063,gradient_boosting,Baseline,baseline,1.0
IT,P04,2027-01,7,1654422.0189154483,1330085.2933883425,2225491.636982842,gradient_boosting,Baseline,baseline,1.0
IT,P04,2027-02,8,1628479.4550419122,1256802.7322965567,2044468.836108124,gradient_boosting,Baseline,baseline,1.0
IT,P04,2027-03,9,1824786.9957763287,1415620.4060613227,2352575.3932859856,gradient_boosting,Baseline,baseline,1.0
IT,P04,2027-04,10,1722376.900276992,1285760.5795017218,2165488.2923984127,gradient_boosting,Baseline,baseline,1.0
IT,P04,2027-05,11,1925215.0753741749,1446299.513845612,2533185.255996706,gradient_boosting,Baseline,baseline,1.0
IT,P04,2027-06,12,2144022.1438678056,1707847.7609857451,2790885.460233734,gradient_boosting,Baseline,baseline,1.0
IT,P05,2026-07,1,6042938.882925472,5412414.849028795,6874970.921740722,gradient_boosting,Baseline,baseline,1.0
IT,P05,2026-08,2,5966817.677710042,5181536.781211335,7117349.046541362,gradient_boosting,Baseline,baseline,1.0
IT,P05,2026-09,3,5928720.45869858,5270381.613260883,7051268.71406687,gradient_boosting,Baseline,baseline,1.0
IT,P05,2026-10,4,5882049.216034363,5091961.493249634,7521101.488463886,gradient_boosting,Baseline,baseline,1.0
IT,P05,2026-11,5,5994543.713587782,4877840.080192113,8112418.173559874,gradient_boosting,Baseline,baseline,1.0
IT,P05,2026-12,6,5731271.393398132,4906079.729313855,7457903.700992902,gradient_boosting,Baseline,baseline,1.0
IT,P05,2027-01,7,5807156.434479929,4668708.033135761,7811657.444004719,gradient_boosting,Baseline,baseline,1.0
IT,P05,2027-02,8,5742100.718393938,4431549.842189312,7208900.2634966215,gradient_boosting,Baseline,baseline,1.0
IT,P05,2027-03,9,5859979.0044194525,4546013.248093041,7554877.6064708,gradient_boosting,Baseline,baseline,1.0
IT,P05,2027-04,10,5796078.688622229,4326793.683961976,7287220.665821098,gradient_boosting,Baseline,baseline,1.0
IT,P05,2027-05,11,5750058.456626636,4319676.724319561,7565888.866008803,gradient_boosting,Baseline,baseline,1.0
IT,P05,2027-06,12,5728215.498688882,4562881.98415307,7456449.7358857645,gradient_boosting,Baseline,baseline,1.0
IT,P06,2026-07,1,3311890.6431695293,2966325.895848277,3767893.7862685816,gradient_boosting,Baseline,baseline,1.0
IT,P06,2026-08,2,3429542.304575012,2978187.1264911243,4090832.1604537545,gradient_boosting,Baseline,baseline,1.0
IT,P06,2026-09,3,3356003.100254706,2983344.7464499795,3991431.1747347857,gradient_boosting,Baseline,baseline,1.0
IT,P06,2026-10,4,3386648.4792836728,2931747.5958338105,4330349.166241248,gradient_boosting,Baseline,baseline,1.0
IT,P06,2026-11,5,3486404.2672176734,2836933.5987724215,4718152.154540825,gradient_boosting,Baseline,baseline,1.0
IT,P06,2026-12,6,3542954.10564441,3032837.58986073,4610322.688150867,gradient_boosting,Baseline,baseline,1.0
IT,P06,2027-01,7,3477624.5255832337,2795862.9566820734,4678023.025422175,gradient_boosting,Baseline,baseline,1.0
IT,P06,2027-02,8,3383730.5106119565,2611443.293267018,4248092.634706483,gradient_boosting,Baseline,baseline,1.0
IT,P06,2027-03,9,3621067.044419417,2809125.8934117313,4668398.69302977,gradient_boosting,Baseline,baseline,1.0
IT,P06,2027-04,10,3682305.2368781897,2748854.164561378,4629642.256706246,gradient_boosting,Baseline,baseline,1.0
IT,P06,2027-05,11,3563574.8031922174,2677101.6762413788,4688928.143954726,gradient_boosting,Baseline,baseline,1.0
IT,P06,2027-06,12,4417320.948706233,3518672.4695827193,5750051.063693788,gradient_boosting,Baseline,baseline,1.0
IT,P07,2026-07,1,522299.4851740165,467802.4292424084,594213.153993237,gradient_boosting,Baseline,baseline,1.0
IT,P07,2026-08,2,539445.2578030109,468449.95033082063,643461.9588978323,gradient_boosting,Baseline,baseline,1.0
IT,P07,2026-09,3,553709.2558184676,492224.09814859246,658548.9701261878,gradient_boosting,Baseline,baseline,1.0
IT,P07,2026-10,4,582679.8992682395,504413.2582020065,745045.5609480472,gradient_boosting,Baseline,baseline,1.0
IT,P07,2026-11,5,576503.1508412019,469108.2941235566,780181.9223367666,gradient_boosting,Baseline,baseline,1.0
IT,P07,2026-12,6,608294.1944669568,520711.6557717553,791552.0331899367,gradient_boosting,Baseline,baseline,1.0
IT,P07,2027-01,7,572089.0541940177,459935.39060289646,769561.4487486326,gradient_boosting,Baseline,baseline,1.0
IT,P07,2027-02,8,658647.7314649984,508320.977561755,826896.9907998283,gradient_boosting,Baseline,baseline,1.0
IT,P07,2027-03,9,549394.7827279746,426205.61589571816,708297.8177930634,gradient_boosting,Baseline,baseline,1.0
IT,P07,2027-04,10,487912.24516428245,364228.25398292654,613436.1500384501,gradient_boosting,Baseline,baseline,1.0
IT,P07,2027-05,11,618963.0449588575,464990.1003078358,814427.4785464506,gradient_boosting,Baseline,baseline,1.0
IT,P07,2027-06,12,625881.4475721762,498553.7261990911,814713.3353334103,gradient_boosting,Baseline,baseline,1.0
NL,P01,2026-07,1,1188170.6630086638,1064196.1906679426,1351765.9067065401,gradient_boosting,Baseline,baseline,1.0
NL,P01,2026-08,2,1190606.2903593318,1033912.9865630615,1420180.9076806402,gradient_boosting,Baseline,baseline,1.0
NL,P01,2026-09,3,1279534.9542374648,1137452.4306410025,1521803.0356165797,gradient_boosting,Baseline,baseline,1.0
NL,P01,2026-10,4,1012624.8275437076,876607.1890227087,1294796.0511675482,gradient_boosting,Baseline,baseline,1.0
NL,P01,2026-11,5,1432379.705174782,1165546.4485342102,1938439.9725635727,gradient_boosting,Baseline,baseline,1.0
NL,P01,2026-12,6,1535781.1414667985,1314658.5128549235,1998458.4698002432,gradient_boosting,Baseline,baseline,1.0
NL,P01,2027-01,7,1681804.7156522046,1352099.8228170236,2262326.230507919,gradient_boosting,Baseline,baseline,1.0
NL,P01,2027-02,8,1375383.174076074,1061471.9920362963,1726719.9953920436,gradient_boosting,Baseline,baseline,1.0
NL,P01,2027-03,9,1486966.82743614,1153548.6546797382,1917046.5248578414,gradient_boosting,Baseline,baseline,1.0
NL,P01,2027-04,10,1146428.1049679986,855812.7227342989,1441366.6596349801,gradient_boosting,Baseline,baseline,1.0
NL,P01,2027-05,11,1492685.5458289778,1121365.8187448152,1964065.7633009953,gradient_boosting,Baseline,baseline,1.0
NL,P01,2027-06,12,1273779.5197945535,1014645.0712240201,1658085.8325114935,gradient_boosting,Baseline,baseline,1.0
NL,P02,2026-07,1,9491144.362307042,8500832.405565819,10797948.277993374,gradient_boosting,Baseline,baseline,1.0
NL,P02,2026-08,2,9832694.928182967,8538633.687289622,11728650.958025122,gradient_boosting,Baseline,baseline,1.0
NL,P02,2026-09,3,10905592.1677102,9694609.965644846,12970464.942013416,gradient_boosting,Baseline,baseline,1.0
NL,P02,2026-10,4,11203104.2500783,9698282.57994752,14324885.929378077,gradient_boosting,Baseline,baseline,1.0
NL,P02,2026-11,5,13338591.653492488,10853789.727688985,18051120.904200234,gradient_boosting,Baseline,baseline,1.0
NL,P02,2026-12,6,12241328.764047343,10478815.394842243,15929214.44962842,gradient_boosting,Baseline,baseline,1.0
NL,P02,2027-01,7,9526509.263629792,7658910.316720928,12814847.997336276,gradient_boosting,Baseline,baseline,1.0
NL,P02,2027-02,8,10438611.6026563,8056150.504682495,13105118.426758548,gradient_boosting,Baseline,baseline,1.0
NL,P02,2027-03,9,11180790.006709477,8673754.540129635,14414642.096949,gradient_boosting,Baseline,baseline,1.0
NL,P02,2027-04,10,10922887.399372675,8153974.911177036,13732990.020200422,gradient_boosting,Baseline,baseline,1.0
NL,P02,2027-05,11,11299325.104188632,8488510.511894548,14867577.198397437,gradient_boosting,Baseline,baseline,1.0
NL,P02,2027-06,12,11481057.511624075,9145380.527461901,14944955.94131073,gradient_boosting,Baseline,baseline,1.0
NL,P03,2026-07,1,9002137.736441718,8062849.037806582,10241611.965729514,gradient_boosting,Baseline,baseline,1.0
NL,P03,2026-08,2,9742385.28359651,8460209.513735447,11620927.66270942,gradient_boosting,Baseline,baseline,1.0
NL,P03,2026-09,3,6894907.423494793,6129280.940646625,8200394.223401857,gradient_boosting,Baseline,baseline,1.0
NL,P03,2026-10,4,5833374.356149523,5049824.730512714,7458863.219506073,gradient_boosting,Baseline,baseline,1.0
NL,P03,2026-11,5,5627250.624099681,4578968.800127602,7615360.302844492,gradient_boosting,Baseline,baseline,1.0
NL,P03,2026-12,6,5962818.330705635,5104288.408947766,7759207.65995188,gradient_boosting,Baseline,baseline,1.0
NL,P03,2027-01,7,5248787.836725869,4219803.308904995,7060552.447547946,gradient_boosting,Baseline,baseline,1.0
NL,P03,2027-02,8,5198345.088103773,4011898.5166939422,6526244.159273336,gradient_boosting,Baseline,baseline,1.0
NL,P03,2027-03,9,5830681.353467207,4523284.922741284,7517106.111567084,gradient_boosting,Baseline,baseline,1.0
NL,P03,2027-04,10,6246888.9769391315,4663325.193098254,7854009.735789471,gradient_boosting,Baseline,baseline,1.0
NL,P03,2027-05,11,7531306.535735305,5657822.401551285,9909643.30102618,gradient_boosting,Baseline,baseline,1.0
NL,P03,2027-06,12,8484006.964565184,6758042.2805155,11043678.699704057,gradient_boosting,Baseline,baseline,1.0
NL,P04,2026-07,1,1521170.2526451393,1362450.3942246765,1730615.0958272566,gradient_boosting,Baseline,baseline,1.0
NL,P04,2026-08,2,1574522.3745035422,1367302.6455638877,1878124.3078356723,gradient_boosting,Baseline,baseline,1.0
NL,P04,2026-09,3,1592223.6008803146,1415419.4060486534,1893696.3786534728,gradient_boosting,Baseline,baseline,1.0
NL,P04,2026-10,4,1613664.9248050188,1396914.4694872815,2063317.939392449,gradient_boosting,Baseline,baseline,1.0
NL,P04,2026-11,5,1534442.752705543,1248596.5100132236,2076561.931664593,gradient_boosting,Baseline,baseline,1.0
NL,P04,2026-12,6,1663548.1721945857,1424029.5749634586,2164717.2535715466,gradient_boosting,Baseline,baseline,1.0
NL,P04,2027-01,7,1634324.963287727,1313928.111106422,2198457.525543251,gradient_boosting,Baseline,baseline,1.0
NL,P04,2027-02,8,1402539.8107046853,1082430.5217918619,1760813.69986514,gradient_boosting,Baseline,baseline,1.0
NL,P04,2027-03,9,1816076.4561243963,1408863.004946769,2341345.4791673464,gradient_boosting,Baseline,baseline,1.0
NL,P04,2027-04,10,1840205.2296686189,1373719.8531403395,2313630.0073560374,gradient_boosting,Baseline,baseline,1.0
NL,P04,2027-05,11,1815839.5465695993,1364132.1881477705,2389269.658992177,gradient_boosting,Baseline,baseline,1.0
NL,P04,2027-06,12,1863158.357089985,1484122.1848472676,2425283.518543743,gradient_boosting,Baseline,baseline,1.0
NL,P05,2026-07,1,2519128.060075891,2256280.6579899034,2865978.3752071518,gradient_boosting,Baseline,baseline,1.0
NL,P05,2026-08,2,2550238.196640082,2214606.4670459325,3041979.22204247,gradient_boosting,Baseline,baseline,1.0
NL,P05,2026-09,3,2537300.21191837,2255552.5222305623,3017714.484454299,gradient_boosting,Baseline,baseline,1.0
NL,P05,2026-10,4,2548085.892070214,2205822.28529221,3258118.368568094,gradient_boosting,Baseline,baseline,1.0
NL,P05,2026-11,5,2638159.311934379,2146705.3781785923,3570221.9500662363,gradient_boosting,Baseline,baseline,1.0
NL,P05,2026-12,6,2544958.335208033,2178533.8092163736,3311665.577184829,gradient_boosting,Baseline,baseline,1.0
NL,P05,2027-01,7,2478138.2136978325,1992318.256972859,3333536.3086424083,gradient_boosting,Baseline,baseline,1.0
NL,P05,2027-02,8,2489407.12063264,1921236.1944898365,3125317.462717453,gradient_boosting,Baseline,baseline,1.0
NL,P05,2027-03,9,2415322.7553261784,1873742.0792553145,3113913.511098129,gradient_boosting,Baseline,baseline,1.0
NL,P05,2027-04,10,2455111.047480618,1832749.2679692244,3086731.0337257087,gradient_boosting,Baseline,baseline,1.0
NL,P05,2027-05,11,2520387.172011588,1893416.890512665,3316308.762179264,gradient_boosting,Baseline,baseline,1.0
NL,P05,2027-06,12,2488753.6548641524,1982447.9748315983,3239624.3711054637,gradient_boosting,Baseline,baseline,1.0
NL,P06,2026-07,1,165589.80135223237,148312.05760146098,188389.30713829963,gradient_boosting,Baseline,baseline,1.0
NL,P06,2026-08,2,167284.68679163337,145268.68497797396,199540.78880022728,gradient_boosting,Baseline,baseline,1.0
NL,P06,2026-09,3,180145.66148705024,160141.87017656767,214254.57241027578,gradient_boosting,Baseline,baseline,1.0
NL,P06,2026-10,4,151653.21069098986,131282.87112272996,193911.87437688856,gradient_boosting,Baseline,baseline,1.0
NL,P06,2026-11,5,146768.86105739177,119427.77752494063,198622.3526998113,gradient_boosting,Baseline,baseline,1.0
NL,P06,2026-12,6,124786.19491944961,106819.4087088123,162379.92603082725,gradient_boosting,Baseline,baseline,1.0
NL,P06,2027-01,7,135836.60265968333,109206.88037017368,182724.37126620236,gradient_boosting,Baseline,baseline,1.0
NL,P06,2027-02,8,140148.34604731764,108161.5268118804,175948.75086616533,gradient_boosting,Baseline,baseline,1.0
NL,P06,2027-03,9,118679.23581008134,92068.14185840888,153005.1729363624,gradient_boosting,Baseline,baseline,1.0
NL,P06,2027-04,10,163598.97337497777,122127.22475473858,205687.65258924462,gradient_boosting,Baseline,baseline,1.0
NL,P06,2027-05,11,159074.54562886138,119503.23937886198,209309.2344568768,gradient_boosting,Baseline,baseline,1.0
NL,P06,2027-06,12,125438.79595526222,99919.84804152805,163284.3731498105,gradient_boosting,Baseline,baseline,1.0
NL,P07,2026-07,1,2455373.706839088,2199178.473964165,2793445.8983562165,gradient_boosting,Baseline,baseline,1.0
NL,P07,2026-08,2,2535699.9329435755,2201981.5550497426,3024637.6669878815,gradient_boosting,Baseline,baseline,1.0
NL,P07,2026-09,3,2542543.87047727,2260213.9128033794,3023950.981148855,gradient_boosting,Baseline,baseline,1.0
NL,P07,2026-10,4,2537814.35974887,2196930.4441776588,3244984.6401354466,gradient_boosting,Baseline,baseline,1.0
NL,P07,2026-11,5,2633228.4149849904,2142693.041640532,3563548.965442986,gradient_boosting,Baseline,baseline,1.0
NL,P07,2026-12,6,2554317.358464869,2186545.3150646975,3323844.1479405668,gradient_boosting,Baseline,baseline,1.0
NL,P07,2027-01,7,2528446.990985345,2032764.3850063432,3401210.554898867,gradient_boosting,Baseline,baseline,1.0
NL,P07,2027-02,8,2580034.152610618,1991178.9260712545,3239094.8530396307,gradient_boosting,Baseline,baseline,1.0
NL,P07,2027-03,9,2651181.733657032,2056715.0966270678,3417990.6609194838,gradient_boosting,Baseline,baseline,1.0
NL,P07,2027-04,10,2644825.160272005,1974371.5386598497,3325252.399221514,gradient_boosting,Baseline,baseline,1.0
NL,P07,2027-05,11,2769334.1409995705,2080435.933125699,3643871.5365580493,gradient_boosting,Baseline,baseline,1.0
NL,P07,2027-06,12,2777665.2418263163,2212584.127262397,3615702.1787213692,gradient_boosting,Baseline,baseline,1.0
PL,P01,2026-07,1,1324469.285882845,1186273.3297286741,1506831.0309925005,gradient_boosting,Baseline,baseline,1.0
PL,P01,2026-08,2,1146528.4864225627,995636.1739185962,1367603.9507887047,gradient_boosting,Baseline,baseline,1.0
PL,P01,2026-09,3,1379276.124570695,1226118.110507577,1640429.2718802984,gradient_boosting,Baseline,baseline,1.0
PL,P01,2026-10,4,1660614.642332797,1437557.8141772074,2123350.3494271273,gradient_boosting,Baseline,baseline,1.0
PL,P01,2026-11,5,1569933.136218506,1277475.5078873266,2124591.0804961477,gradient_boosting,Baseline,baseline,1.0
PL,P01,2026-12,6,1321616.6534071702,1131329.547693976,1719773.686182948,gradient_boosting,Baseline,baseline,1.0
PL,P01,2027-01,7,1352908.738135639,1087681.3747138353,1819902.68982013,gradient_boosting,Baseline,baseline,1.0
PL,P01,2027-02,8,1303060.9091902955,1005656.2310005007,1635923.260893526,gradient_boosting,Baseline,baseline,1.0
PL,P01,2027-03,9,1301910.3994677132,1009986.8820940721,1678465.6933330616,gradient_boosting,Baseline,baseline,1.0
PL,P01,2027-04,10,1364482.369060263,1018591.0187721773,1715519.1728993023,gradient_boosting,Baseline,baseline,1.0
PL,P01,2027-05,11,1428204.7331828324,1072925.2215484916,1879222.336725315,gradient_boosting,Baseline,baseline,1.0
PL,P01,2027-06,12,1283532.8816748378,1022414.234101824,1670781.837512159,gradient_boosting,Baseline,baseline,1.0
PL,P02,2026-07,1,5982324.134470214,5358124.681452161,6806010.331350507,gradient_boosting,Baseline,baseline,1.0
PL,P02,2026-08,2,5163473.124747704,4483918.792193502,6159102.306502702,gradient_boosting,Baseline,baseline,1.0
PL,P02,2026-09,3,6414545.387349382,5702259.417090923,7629080.089012544,gradient_boosting,Baseline,baseline,1.0
PL,P02,2026-10,4,7155844.754343816,6194658.460433091,9149844.32404949,gradient_boosting,Baseline,baseline,1.0
PL,P02,2026-11,5,9282269.617154054,7553106.447630632,12561698.826784361,gradient_boosting,Baseline,baseline,1.0
PL,P02,2026-12,6,8832304.179331247,7560624.078501205,11493169.578953452,gradient_boosting,Baseline,baseline,1.0
PL,P02,2027-01,7,6728053.180890501,5409070.047860901,9050427.228394404,gradient_boosting,Baseline,baseline,1.0
PL,P02,2027-02,8,6712981.499944945,5180841.222691326,8427789.144969337,gradient_boosting,Baseline,baseline,1.0
PL,P02,2027-03,9,7675353.311219323,5954331.544581124,9895317.851642555,gradient_boosting,Baseline,baseline,1.0
PL,P02,2027-04,10,7854482.531977313,5863399.590633842,9875184.67247753,gradient_boosting,Baseline,baseline,1.0
PL,P02,2027-05,11,7689286.610304586,5776503.42995661,10117512.437705562,gradient_boosting,Baseline,baseline,1.0
PL,P02,2027-06,12,7721337.257521203,6150528.1485966155,10050907.331909355,gradient_boosting,Baseline,baseline,1.0
PL,P03,2026-07,1,5644773.494404407,5055794.286922853,6421983.472891874,gradient_boosting,Baseline,baseline,1.0
PL,P03,2026-08,2,6113677.255505176,5309068.464785534,7292526.324020504,gradient_boosting,Baseline,baseline,1.0
PL,P03,2026-09,3,5035764.911338305,4476581.917179417,5989240.312151609,gradient_boosting,Baseline,baseline,1.0
PL,P03,2026-10,4,4431733.803171378,3836455.127333225,5666650.937337762,gradient_boosting,Baseline,baseline,1.0
PL,P03,2026-11,5,4311975.554226324,3508711.9534282736,5835398.075546838,gradient_boosting,Baseline,baseline,1.0
PL,P03,2026-12,6,4330942.360047342,3707370.854210559,5635704.338306188,gradient_boosting,Baseline,baseline,1.0
PL,P03,2027-01,7,3510181.3910781695,2822037.298838148,4721817.795472959,gradient_boosting,Baseline,baseline,1.0
PL,P03,2027-02,8,3670746.5197671372,2832952.077674618,4608425.87954118,gradient_boosting,Baseline,baseline,1.0
PL,P03,2027-03,9,4538071.829645352,3520513.40846219,5850631.412926063,gradient_boosting,Baseline,baseline,1.0
PL,P03,2027-04,10,5240491.75880068,3912046.0333542293,6588699.342326421,gradient_boosting,Baseline,baseline,1.0
PL,P03,2027-05,11,5955921.7354380675,4474329.554474535,7836762.405961166,gradient_boosting,Baseline,baseline,1.0
PL,P03,2027-06,12,6099941.386664301,4858984.907947499,7940327.376287149,gradient_boosting,Baseline,baseline,1.0
PL,P04,2026-07,1,1696922.7482054662,1519864.7641453051,1930566.3645410086,gradient_boosting,Baseline,baseline,1.0
PL,P04,2026-08,2,1771758.3351363644,1538580.7773583785,2113391.6232084525,gradient_boosting,Baseline,baseline,1.0
PL,P04,2026-09,3,1786924.3242027396,1588500.1102976701,2125261.8789218003,gradient_boosting,Baseline,baseline,1.0
PL,P04,2026-10,4,1824609.6842241103,1579524.7389214071,2333043.1466766237,gradient_boosting,Baseline,baseline,1.0
PL,P04,2026-11,5,1893506.3849567722,1540771.3710897053,2562482.8749278313,gradient_boosting,Baseline,baseline,1.0
PL,P04,2026-12,6,1895979.8402709155,1622995.6013347511,2467172.481842744,gradient_boosting,Baseline,baseline,1.0
PL,P04,2027-01,7,1917870.4715807685,1541886.70103992,2579876.6255041435,gradient_boosting,Baseline,baseline,1.0
PL,P04,2027-02,8,1899655.8902963612,1466087.0949006034,2384916.3432891984,gradient_boosting,Baseline,baseline,1.0
PL,P04,2027-03,9,1994290.8332869215,1547116.8995375999,2571105.3138290215,gradient_boosting,Baseline,baseline,1.0
PL,P04,2027-04,10,1952892.9752957053,1457841.6624243143,2455308.6340334984,gradient_boosting,Baseline,baseline,1.0
PL,P04,2027-05,11,2085360.9479779163,1566607.5774245118,2743904.135397585,gradient_boosting,Baseline,baseline,1.0
PL,P04,2027-06,12,2188304.5110364603,1743121.4366035277,2848528.06202738,gradient_boosting,Baseline,baseline,1.0
PL,P05,2026-07,1,3564753.550337163,3192804.928656256,4055572.541199611,gradient_boosting,Baseline,baseline,1.0
PL,P05,2026-08,2,3609692.776849512,3134628.356751935,4305719.536159353,gradient_boosting,Baseline,baseline,1.0
PL,P05,2026-09,3,3716914.5798643962,3304179.779810151,4420677.897100579,gradient_boosting,Baseline,baseline,1.0
PL,P05,2026-10,4,3683889.201940362,3189062.3952182964,4710416.989460264,gradient_boosting,Baseline,baseline,1.0
PL,P05,2026-11,5,3781315.2895186893,3076906.6264792047,5117255.347578679,gradient_boosting,Baseline,baseline,1.0
PL,P05,2026-12,6,3588831.9602649366,3072109.9252865906,4670021.941297763,gradient_boosting,Baseline,baseline,1.0
PL,P05,2027-01,7,3537117.629417692,2843692.8946081367,4758051.823109802,gradient_boosting,Baseline,baseline,1.0
PL,P05,2027-02,8,3827224.7086431887,2953716.3984742174,4804875.874471877,gradient_boosting,Baseline,baseline,1.0
PL,P05,2027-03,9,3860749.785922249,2995065.2828514175,4977405.564056377,gradient_boosting,Baseline,baseline,1.0
PL,P05,2027-04,10,3759661.7343106666,2806601.0694060777,4726900.057541845,gradient_boosting,Baseline,baseline,1.0
PL,P05,2027-05,11,4193268.377134671,3150152.984385573,5517474.781528127,gradient_boosting,Baseline,baseline,1.0
PL,P05,2027-06,12,4041419.429895752,3219243.3946136115,5260737.981583833,gradient_boosting,Baseline,baseline,1.0
PL,P06,2026-07,1,113386.88390386,101556.02530754979,128998.74462547044,gradient_boosting,Baseline,baseline,1.0
PL,P06,2026-08,2,110330.85404203818,95810.43182480514,131605.02653762407,gradient_boosting,Baseline,baseline,1.0
PL,P06,2026-09,3,118685.01834231567,105505.95913543522,141156.92627028117,gradient_boosting,Baseline,baseline,1.0
PL,P06,2026-10,4,108869.05147684945,94245.55925434321,139205.76911837255,gradient_boosting,Baseline,baseline,1.0
PL,P06,2026-11,5,125547.07010696555,102159.32350786384,169902.895338696,gradient_boosting,Baseline,baseline,1.0
PL,P06,2026-12,6,138879.58617840093,118883.62560359703,180719.16485150973,gradient_boosting,Baseline,baseline,1.0
PL,P06,2027-01,7,141135.82033918463,113467.22713864135,189852.76081460362,gradient_boosting,Baseline,baseline,1.0
PL,P06,2027-02,8,140658.9874166598,108555.62172430061,176589.83378730094,gradient_boosting,Baseline,baseline,1.0
PL,P06,2027-03,9,140753.49612850606,109192.75608889194,181464.03513250698,gradient_boosting,Baseline,baseline,1.0
PL,P06,2027-04,10,143507.87168554807,107129.14474862913,180427.76581135695,gradient_boosting,Baseline,baseline,1.0
PL,P06,2027-05,11,156360.03155890858,117463.98650269344,205737.49480702827,gradient_boosting,Baseline,baseline,1.0
PL,P06,2027-06,12,150529.00419882938,119905.76847336678,195944.43572495042,gradient_boosting,Baseline,baseline,1.0
PL,P07,2026-07,1,1166296.4022962789,1044604.3040404341,1326879.8522145546,gradient_boosting,Baseline,baseline,1.0
PL,P07,2026-08,2,1227697.446812739,1066122.650374132,1464424.0404991528,gradient_boosting,Baseline,baseline,1.0
PL,P07,2026-09,3,1228205.0768456017,1091822.3416695965,1460754.321805306,gradient_boosting,Baseline,baseline,1.0
PL,P07,2026-10,4,1226835.51224787,1062044.6986210407,1568697.2445104248,gradient_boosting,Baseline,baseline,1.0
PL,P07,2026-11,5,1204112.4529304202,979802.344363442,1629525.8176232593,gradient_boosting,Baseline,baseline,1.0
PL,P07,2026-12,6,1255854.60508849,1075035.9559115178,1634199.8248394239,gradient_boosting,Baseline,baseline,1.0
PL,P07,2027-01,7,1293230.620036213,1039702.6931479464,1739625.0150656481,gradient_boosting,Baseline,baseline,1.0
PL,P07,2027-02,8,1380426.4928528834,1065364.2467398555,1733051.612311018,gradient_boosting,Baseline,baseline,1.0
PL,P07,2027-03,9,1345161.21674339,1043539.6965628258,1734226.0690359678,gradient_boosting,Baseline,baseline,1.0
PL,P07,2027-04,10,1381092.4589690098,1030990.5109061064,1736402.4971167205,gradient_boosting,Baseline,baseline,1.0
PL,P07,2027-05,11,1382157.190157785,1038332.442828448,1818633.284334245,gradient_boosting,Baseline,baseline,1.0
PL,P07,2027-06,12,1350761.5714407265,1075966.0911192847,1758293.794100305,gradient_boosting,Baseline,baseline,1.0
RO,P01,2026-07,1,0.03921043290235949,0.035119191735865696,0.04460918623457668,gradient_boosting,Baseline,baseline,1.0
RO,P01,2026-08,2,0.08347311016369005,0.07248738170281395,0.09956852934433706,gradient_boosting,Baseline,baseline,1.0
RO,P01,2026-09,3,0.0018163485627804296,0.0016146570133030278,0.002160257324290403,gradient_boosting,Baseline,baseline,1.0
RO,P01,2026-10,4,0.10200058511674201,0.08829967799105676,0.13042338211901727,gradient_boosting,Baseline,baseline,1.0
RO,P01,2026-11,5,0.036744413726218526,0.029899418965057035,0.04972622837226275,gradient_boosting,Baseline,baseline,1.0
RO,P01,2026-12,6,0.0,0.0,0.0,gradient_boosting,Baseline,baseline,1.0
RO,P01,2027-01,7,0.03663590353633987,0.029453716129590506,0.04928180113734412,gradient_boosting,Baseline,baseline,1.0
RO,P01,2027-02,8,0.029621531387794903,0.0228608481781741,0.03718824797736651,gradient_boosting,Baseline,baseline,1.0
RO,P01,2027-03,9,0.09229318598365668,0.07159855792554748,0.11898740993643721,gradient_boosting,Baseline,baseline,1.0
RO,P01,2027-04,10,0.039047806387541927,0.02914932855929664,0.049093533222875595,gradient_boosting,Baseline,baseline,1.0
RO,P01,2027-05,11,0.0,0.0,0.0,gradient_boosting,Baseline,baseline,1.0
RO,P01,2027-06,12,0.10366909623711153,0.08257892037092837,0.13494663485227767,gradient_boosting,Baseline,baseline,1.0
RO,P03,2026-07,1,1289329.0891766793,1154799.6831909537,1466852.4981594526,gradient_boosting,Baseline,baseline,1.0
RO,P03,2026-08,2,1242447.186422542,1078931.2063631958,1482017.8485923228,gradient_boosting,Baseline,baseline,1.0
RO,P03,2026-09,3,1089384.1867428347,968416.4445909654,1295648.9831306897,gradient_boosting,Baseline,baseline,1.0
RO,P03,2026-10,4,1090860.926395144,944334.4704687094,1394832.8951162726,gradient_boosting,Baseline,baseline,1.0
RO,P03,2026-11,5,1003453.4633680528,816523.451339513,1357973.9345459666,gradient_boosting,Baseline,baseline,1.0
RO,P03,2026-12,6,972661.7246306217,832617.3449379099,1265690.800176166,gradient_boosting,Baseline,baseline,1.0
RO,P03,2027-01,7,888538.0537755892,714346.99516243,1195241.5920545384,gradient_boosting,Baseline,baseline,1.0
RO,P03,2027-02,8,896509.2056516503,691894.0338507439,1125519.3466298138,gradient_boosting,Baseline,baseline,1.0
RO,P03,2027-03,9,965532.1542812192,749033.7357031343,1244795.7996445682,gradient_boosting,Baseline,baseline,1.0
RO,P03,2027-04,10,1004496.1658996224,749860.0173786881,1262920.262495919,gradient_boosting,Baseline,baseline,1.0
RO,P03,2027-05,11,1069404.7646595303,803380.1578925694,1407115.712514168,gradient_boosting,Baseline,baseline,1.0
RO,P03,2027-06,12,1165571.5209260187,928450.6309674508,1517230.8830479668,gradient_boosting,Baseline,baseline,1.0
RO,P05,2026-07,1,1345878.580560911,1205448.765169567,1531188.0998323935,gradient_boosting,Baseline,baseline,1.0
RO,P05,2026-08,2,1382057.7583548834,1200167.911184216,1648548.355254476,gradient_boosting,Baseline,baseline,1.0
RO,P05,2026-09,3,1369470.5356656818,1217401.356895699,1628767.0856209553,gradient_boosting,Baseline,baseline,1.0
RO,P05,2026-10,4,1483816.1264555345,1284507.2017381557,1897286.3482457204,gradient_boosting,Baseline,baseline,1.0
RO,P05,2026-11,5,1393370.3563299193,1133804.021689218,1885648.6066768772,gradient_boosting,Baseline,baseline,1.0
RO,P05,2026-12,6,1341334.025406578,1148208.0014334142,1745431.215117562,gradient_boosting,Baseline,baseline,1.0
RO,P05,2027-01,7,1280760.9697514507,1029677.6219944987,1722851.1193440286,gradient_boosting,Baseline,baseline,1.0
RO,P05,2027-02,8,1386596.2201281695,1070125.8236041486,1740797.3748397103,gradient_boosting,Baseline,baseline,1.0
RO,P05,2027-03,9,1407659.1486943015,1092023.9021227753,1814800.4578163,gradient_boosting,Baseline,baseline,1.0
RO,P05,2027-04,10,1323645.1488672704,988105.886341443,1664175.8680699123,gradient_boosting,Baseline,baseline,1.0
RO,P05,2027-05,11,1349738.7536162727,1013978.4007220035,1775977.3200631035,gradient_boosting,Baseline,baseline,1.0
RO,P05,2027-06,12,1294327.2930849185,1031012.65805495,1684832.9824326253,gradient_boosting,Baseline,baseline,1.0
RO,P07,2026-07,1,148318.94276804948,132843.25123629477,168740.48181338233,gradient_boosting,Baseline,baseline,1.0
RO,P07,2026-08,2,142100.09757024588,123398.58898730857,169500.06663236473,gradient_boosting,Baseline,baseline,1.0
RO,P07,2026-09,3,143636.35678431633,127686.64319147453,170832.5693294909,gradient_boosting,Baseline,baseline,1.0
RO,P07,2026-10,4,141371.5047142517,122382.22289698083,180765.13736646133,gradient_boosting,Baseline,baseline,1.0
RO,P07,2026-11,5,135774.64109002595,110481.63427041615,183743.87084551976,gradient_boosting,Baseline,baseline,1.0
RO,P07,2026-12,6,132798.26972194726,113677.90049539196,172805.75971076937,gradient_boosting,Baseline,baseline,1.0
RO,P07,2027-01,7,159054.86303298813,127873.37918819523,213957.05778469626,gradient_boosting,Baseline,baseline,1.0
RO,P07,2027-02,8,129883.1603093808,100239.22024361076,163061.35933469934,gradient_boosting,Baseline,baseline,1.0
RO,P07,2027-03,9,164771.0889617242,127824.95513342264,212428.30550278787,gradient_boosting,Baseline,baseline,1.0
RO,P07,2027-04,10,143715.71933162812,107284.30376744142,180689.08587673667,gradient_boosting,Baseline,baseline,1.0
RO,P07,2027-05,11,103161.20979067728,77498.87764564881,135738.83716952335,gradient_boosting,Baseline,baseline,1.0
RO,P07,2027-06,12,155437.7806430999,123815.91598910246,202334.21712018264,gradient_boosting,Baseline,baseline,1.0
SK,P01,2026-07,1,228888.64053807905,205006.2561980725,260403.5517324734,gradient_boosting,Baseline,baseline,1.0
SK,P01,2026-08,2,148656.73850860505,129092.3235738734,177320.96960807862,gradient_boosting,Baseline,baseline,1.0
SK,P01,2026-09,3,113867.31924991086,101223.22850380621,135427.04051825174,gradient_boosting,Baseline,baseline,1.0
SK,P01,2026-10,4,152173.54930905424,131733.31689584794,194577.2070545141,gradient_boosting,Baseline,baseline,1.0
SK,P01,2026-11,5,133356.0210554889,108513.57092699957,180470.75147887974,gradient_boosting,Baseline,baseline,1.0
SK,P01,2026-12,6,103911.94652901386,88950.64628884623,135216.99417144925,gradient_boosting,Baseline,baseline,1.0
SK,P01,2027-01,7,107794.61511239034,86662.30902888787,145002.9144327226,gradient_boosting,Baseline,baseline,1.0
SK,P01,2027-02,8,86591.98386010595,66828.62444068081,108711.6032754665,gradient_boosting,Baseline,baseline,1.0
SK,P01,2027-03,9,36590.33646131312,28385.793563400417,47173.464842847665,gradient_boosting,Baseline,baseline,1.0
SK,P01,2027-04,10,38128.11963511419,28462.779075515606,47937.24106943584,gradient_boosting,Baseline,baseline,1.0
SK,P01,2027-05,11,3150.846910274564,2367.043772315341,4145.863513695488,gradient_boosting,Baseline,baseline,1.0
SK,P01,2027-06,12,6378.409506809651,5080.802185747718,8302.81086549695,gradient_boosting,Baseline,baseline,1.0
SK,P02,2026-07,1,3067445.8877012874,2747386.659510506,3489792.2501824503,gradient_boosting,Baseline,baseline,1.0
SK,P02,2026-08,2,3053527.0192154837,2651658.4580073557,3642313.003795744,gradient_boosting,Baseline,baseline,1.0
SK,P02,2026-09,3,3286777.4359801295,2921806.060202224,3909098.2727013226,gradient_boosting,Baseline,baseline,1.0
SK,P02,2026-10,4,3129117.07271748,2708808.283805822,4001055.790053374,gradient_boosting,Baseline,baseline,1.0
SK,P02,2026-11,5,3593503.6038146247,2924081.75575899,4863089.725454844,gradient_boosting,Baseline,baseline,1.0
SK,P02,2026-12,6,3543912.2505857702,3033657.7805569805,4611569.488766955,gradient_boosting,Baseline,baseline,1.0
SK,P02,2027-01,7,3186484.2551518497,2561798.499375259,4286387.620654825,gradient_boosting,Baseline,baseline,1.0
SK,P02,2027-02,8,2989682.845478445,2307331.269832169,3753386.87172472,gradient_boosting,Baseline,baseline,1.0
SK,P02,2027-03,9,3199575.9953559246,2482144.5353641696,4124998.574105088,gradient_boosting,Baseline,baseline,1.0
SK,P02,2027-04,10,3301700.7059680554,2464731.5070029213,4151120.595397889,gradient_boosting,Baseline,baseline,1.0
SK,P02,2027-05,11,3303808.5542837176,2481954.7524947724,4347129.432653503,gradient_boosting,Baseline,baseline,1.0
SK,P02,2027-06,12,3343443.125183672,2663261.604671274,4352178.372729009,gradient_boosting,Baseline,baseline,1.0
SK,P03,2026-07,1,1354598.8902226568,1213259.1922507875,1541109.0797586464,gradient_boosting,Baseline,baseline,1.0
SK,P03,2026-08,2,1353495.5647130709,1175364.730510539,1614478.7535565568,gradient_boosting,Baseline,baseline,1.0
SK,P03,2026-09,3,1167688.4892291573,1038025.6560452905,1388779.4793558123,gradient_boosting,Baseline,baseline,1.0
SK,P03,2026-10,4,1026808.9500714171,888886.0739952703,1312932.6258777531,gradient_boosting,Baseline,baseline,1.0
SK,P03,2026-11,5,997633.9445827552,811788.0313751858,1350098.377671102,gradient_boosting,Baseline,baseline,1.0
SK,P03,2026-12,6,948562.4407444767,811987.8894385613,1234331.2420347054,gradient_boosting,Baseline,baseline,1.0
SK,P03,2027-01,7,772642.4632690616,621171.8447238839,1039341.4260228104,gradient_boosting,Baseline,baseline,1.0
SK,P03,2027-02,8,866878.6641963737,669026.232021792,1088319.7869947406,gradient_boosting,Baseline,baseline,1.0
SK,P03,2027-03,9,913244.9077802249,708470.7038013886,1177385.3622698842,gradient_boosting,Baseline,baseline,1.0
SK,P03,2027-04,10,936520.2104986705,699115.7210551277,1177456.311161176,gradient_boosting,Baseline,baseline,1.0
SK,P03,2027-05,11,1217488.6941945227,914626.8014672785,1601963.5670455326,gradient_boosting,Baseline,baseline,1.0
SK,P03,2027-06,12,1304089.0283345669,1038788.4908452644,1697539.8870944153,gradient_boosting,Baseline,baseline,1.0
SK,P05,2026-07,1,358094.7650379783,320730.93261415575,407399.63527015527,gradient_boosting,Baseline,baseline,1.0
SK,P05,2026-08,2,365346.3592822937,317263.858350265,435793.0311175753,gradient_boosting,Baseline,baseline,1.0
SK,P05,2026-09,3,350104.5249978647,311228.1080078482,416393.5710864311,gradient_boosting,Baseline,baseline,1.0
SK,P05,2026-10,4,332996.00604300626,288267.36701806687,425786.4333870872,gradient_boosting,Baseline,baseline,1.0
SK,P05,2026-11,5,366770.9371888943,298446.39778243477,496351.24182020075,gradient_boosting,Baseline,baseline,1.0
SK,P05,2026-12,6,361445.8959077834,309404.71344621904,470336.9461624964,gradient_boosting,Baseline,baseline,1.0
SK,P05,2027-01,7,374952.70937748946,301446.1115465846,504378.03017798613,gradient_boosting,Baseline,baseline,1.0
SK,P05,2027-02,8,342059.93582431565,263989.7363286787,429437.95005136216,gradient_boosting,Baseline,baseline,1.0
SK,P05,2027-03,9,397133.38504851866,308085.3409763127,511997.4176054643,gradient_boosting,Baseline,baseline,1.0
SK,P05,2027-04,10,382710.50815799215,285694.7771834859,481169.43780464027,gradient_boosting,Baseline,baseline,1.0
SK,P05,2027-05,11,395799.7246181412,297340.7785019485,520790.6584335077,gradient_boosting,Baseline,baseline,1.0
SK,P05,2027-06,12,445906.1788570021,355192.1659712087,580438.5345364795,gradient_boosting,Baseline,baseline,1.0
SK,P07,2026-07,1,0.007376813637948271,0.006607112275347128,0.008392502429454114,gradient_boosting,Baseline,baseline,1.0
SK,P07,2026-08,2,0.0,0.0,0.0,gradient_boosting,Baseline,baseline,1.0
SK,P07,2026-09,3,0.0,0.0,0.0,gradient_boosting,Baseline,baseline,1.0
SK,P07,2026-10,4,0.011676369173702267,0.010107977684270986,0.014930027673483668,gradient_boosting,Baseline,baseline,1.0
SK,P07,2026-11,5,0.0,0.0,0.0,gradient_boosting,Baseline,baseline,1.0
SK,P07,2026-12,6,0.0,0.0,0.0,gradient_boosting,Baseline,baseline,1.0
SK,P07,2027-01,7,0.0,0.0,0.0,gradient_boosting,Baseline,baseline,1.0
SK,P07,2027-02,8,0.0,0.0,0.0,gradient_boosting,Baseline,baseline,1.0
SK,P07,2027-03,9,0.0,0.0,0.0,gradient_boosting,Baseline,baseline,1.0
SK,P07,2027-04,10,0.042852696737192324,0.031989692953477866,0.05387729774311653,gradient_boosting,Baseline,baseline,1.0
SK,P07,2027-05,11,0.0,0.0,0.0,gradient_boosting,Baseline,baseline,1.0
SK,P07,2027-06,12,0.0,0.0,0.0,gradient_boosting,Baseline,baseline,1.0
AT,P01,2026-07,1,438759.50404709583,392979.0621525138,499170.8323385945,gradient_boosting,Upside,upside,1.002974840873398
AT,P01,2026-08,2,261744.09197333138,227296.47746587062,312214.0082147075,gradient_boosting,Upside,upside,1.0059585314250183
AT,P01,2026-09,3,265055.27751026733,235622.92586055206,315241.037054515,gradient_boosting,Upside,upside,1.0089510979812448
AT,P01,2026-10,4,55299.14545867452,47871.262028477395,70708.43339532985,gradient_boosting,Upside,upside,1.0119525669467793
AT,P01,2026-11,5,63378.86321204558,51572.22534085076,85770.63848504952,gradient_boosting,Upside,upside,1.0149629648048728
AT,P01,2026-12,6,219777.41726856248,188133.74167977477,285988.6927584572,gradient_boosting,Upside,upside,1.0179823181175596
AT,P01,2027-01,7,152416.58536533403,122536.48485396538,205027.39457638207,gradient_boosting,Upside,upside,1.0210106535258918
AT,P01,2027-02,8,136039.79189347997,104990.69031753931,170790.68092369405,gradient_boosting,Upside,upside,1.0240479977501757
AT,P01,2027-03,9,132628.69102958165,102889.75200132978,170989.2692583441,gradient_boosting,Upside,upside,1.0270943775902046
AT,P01,2027-04,10,147590.46794235308,110176.81760593288,185560.68090983454,gradient_boosting,Upside,upside,1.0301498199254973
AT,P01,2027-05,11,253435.51784408418,190391.02224870658,333468.7772605087,gradient_boosting,Upside,upside,1.033214351715535
AT,P01,2027-06,12,195053.76061543508,155372.52229026405,253902.55694070557,gradient_boosting,Upside,upside,1.036288
AT,P02,2026-07,1,4163281.004626436,3728881.6528971586,4736509.238363458,gradient_boosting,Upside,upside,1.0102016730379573
AT,P02,2026-08,2,3863205.5208591423,3354776.79743562,4608115.014674377,gradient_boosting,Upside,upside,1.0205074202086877
AT,P02,2026-09,3,4429139.56330135,3937317.6521994215,5267756.07831545,gradient_boosting,Upside,upside,1.030918303242466
AT,P02,2026-10,4,3332648.0816407143,2885000.631413901,4261301.380992706,gradient_boosting,Upside,upside,1.0414353947009913
AT,P02,2026-11,5,3625580.683512473,2950183.302846055,4906499.649000102,gradient_boosting,Upside,upside,1.0520597780878869
AT,P02,2026-12,6,3953972.9003954297,3384677.6684195274,5145167.119716653,gradient_boosting,Upside,upside,1.062792547960325
AT,P02,2027-01,7,3998021.7540112236,3214240.3068009233,5378049.781917327,gradient_boosting,Upside,upside,1.0736348100417938
AT,P02,2027-02,8,4091702.447962505,3157830.944948233,5136913.527270361,gradient_boosting,Upside,upside,1.0845876813360096
AT,P02,2027-03,9,3295131.952011893,2556274.2625465747,4248192.45527098,gradient_boosting,Upside,upside,1.0956522902419956
AT,P02,2027-04,10,5186131.443579965,3871465.861622454,6520353.8912450615,gradient_boosting,Upside,upside,1.1068297766703337
AT,P02,2027-05,11,5383661.850787136,4044424.759134654,7083786.6366880275,gradient_boosting,Upside,upside,1.1181212921605994
AT,P02,2027-06,12,5540466.684676751,4413328.308807206,7212056.068263789,gradient_boosting,Upside,upside,1.129528
AT,P03,2026-07,1,2534565.1179305506,2270107.0035440433,2883540.9099148726,gradient_boosting,Upside,upside,1.0102016730379573
AT,P03,2026-08,2,2399989.5107445847,2084131.709085007,2862759.343195289,gradient_boosting,Upside,upside,1.0205074202086877
AT,P03,2026-09,3,2210754.1798292063,1965266.917538077,2629339.988504724,gradient_boosting,Upside,upside,1.030918303242466
AT,P03,2026-10,4,2726795.101361125,2360526.9432739588,3486625.484138652,gradient_boosting,Upside,upside,1.0414353947009913
AT,P03,2026-11,5,2521741.9730239026,2051975.0385733182,3412674.323254523,gradient_boosting,Upside,upside,1.0520597780878869
AT,P03,2026-12,6,1787910.2922966743,1530485.9673845475,2326545.345823653,gradient_boosting,Upside,upside,1.062792547960325
AT,P03,2027-01,7,1668272.7155414142,1341220.6673586776,2244123.285470983,gradient_boosting,Upside,upside,1.0736348100417938
AT,P03,2027-02,8,1689791.869692874,1304121.4810952912,2121443.292637085,gradient_boosting,Upside,upside,1.0845876813360096
AT,P03,2027-03,9,1754064.0058223002,1360755.4229217428,2261396.9892911264,gradient_boosting,Upside,upside,1.0956522902419956
AT,P03,2027-04,10,1949376.3665786788,1455216.5013105317,2450887.3166061444,gradient_boosting,Upside,upside,1.1068297766703337
AT,P03,2027-05,11,2171193.1887966674,1631088.2319531036,2856841.629868929,gradient_boosting,Upside,upside,1.1181212921605994
AT,P03,2027-06,12,2582530.606721797,2057147.1833823198,3361694.3470117743,gradient_boosting,Upside,upside,1.129528
AT,P04,2026-07,1,805254.5629612551,721233.7967101432,916127.3698465003,gradient_boosting,Upside,upside,1.0073458250304712
AT,P04,2026-08,2,658390.4670653698,571741.0193782536,785342.3744661884,gradient_boosting,Upside,upside,1.0147456112063205
AT,P04,2026-09,3,690711.0995697681,614012.9399939361,821490.8428865505,gradient_boosting,Upside,upside,1.0221997549166806
AT,P04,2026-10,4,474985.55171817465,411184.614471738,607341.8308517488,gradient_boosting,Upside,upside,1.0297086554624888
AT,P04,2026-11,5,565397.2554176233,460071.27906255017,765152.3100472315,gradient_boosting,Upside,upside,1.0372727150778782
AT,P04,2026-12,6,523054.3051551624,447744.6534477562,680632.3362614446,gradient_boosting,Upside,upside,1.0448923389517217
AT,P04,2027-01,7,609410.5882634679,489940.32466742833,819765.5448022989,gradient_boosting,Upside,upside,1.052567935249341
AT,P04,2027-02,8,587194.0509543353,453175.5591652205,737190.7175171128,gradient_boosting,Upside,upside,1.0602999151343668
AT,P04,2027-03,9,571608.9338860313,443438.7536567078,736937.0318592213,gradient_boosting,Upside,upside,1.0680886927907673
AT,P04,2027-04,10,640437.4462493602,478088.8677105188,805201.1099565333,gradient_boosting,Upside,upside,1.0759346854450327
AT,P04,2027-05,11,638647.9197716954,479778.17527986766,840328.7065598093,gradient_boosting,Upside,upside,1.083838313388527
AT,P04,2027-06,12,720956.7989232191,574287.1911701615,938473.4450277808,gradient_boosting,Upside,upside,1.0918
AT,P05,2026-07,1,1218704.7695337206,1091544.3493635408,1386504.152210601,gradient_boosting,Upside,upside,1.0073458250304712
AT,P05,2026-08,2,1208100.1823185028,1049104.5425195307,1441047.9999869848,gradient_boosting,Upside,upside,1.0147456112063205
AT,P05,2026-09,3,1566709.4359005205,1392738.3930165886,1863351.3430693438,gradient_boosting,Upside,upside,1.0221997549166806
AT,P05,2026-10,4,2219059.486902584,1920991.315022726,2837407.6783371526,gradient_boosting,Upside,upside,1.0297086554624888
AT,P05,2026-11,5,1710499.1521879067,1391855.9477286928,2314819.1206971556,gradient_boosting,Upside,upside,1.0372727150778782
AT,P05,2026-12,6,1252783.7941077366,1072407.2820150796,1630203.885543164,gradient_boosting,Upside,upside,1.0448923389517217
AT,P05,2027-01,7,882066.2252157046,709143.9188672558,1186535.8324772744,gradient_boosting,Upside,upside,1.052567935249341
AT,P05,2027-02,8,866658.2284539475,668856.1075277315,1088043.0417129016,gradient_boosting,Upside,upside,1.0602999151343668
AT,P05,2027-03,9,989506.3492273412,767632.2678404066,1275704.120031898,gradient_boosting,Upside,upside,1.0680886927907673
AT,P05,2027-04,10,936864.5124200006,699372.7436834628,1177889.1907356586,gradient_boosting,Upside,upside,1.0759346854450327
AT,P05,2027-05,11,876293.3146799713,658307.0178595398,1153020.944553093,gradient_boosting,Upside,upside,1.083838313388527
AT,P05,2027-06,12,1018933.8044615336,811644.5166014163,1326351.7580477346,gradient_boosting,Upside,upside,1.0918
AT,P06,2026-07,1,0.04630379424429196,0.04147242730557841,0.052679208769634465,gradient_boosting,Upside,upside,1.0094919475328417
AT,P06,2026-08,2,0.03773577555714649,0.03276944588860487,0.04501204841325587,gradient_boosting,Upside,upside,1.0190739921336496
AT,P06,2026-09,3,0.20923477090539744,0.18600085754030055,0.24885143502010185,gradient_boosting,Upside,upside,1.0287469889990652
AT,P06,2026-10,4,1.9465506475633763,1.6850863666753357,2.4889633586965423,gradient_boosting,Upside,upside,1.0385118014432133
AT,P06,2026-11,5,1.0649027671566142,0.8665255684715187,1.4411332995660222,gradient_boosting,Upside,upside,1.048369300974749
AT,P06,2026-12,6,0.5689498476140684,0.48703213000712364,0.7403546059759151,gradient_boosting,Upside,upside,1.0583203673746433
AT,P06,2027-01,7,0.6184040267204558,0.49717066861345155,0.831863317828112,gradient_boosting,Upside,upside,1.0683658887747012
AT,P06,2027-02,8,0.22434580198533846,0.17314213946112014,0.281654152436884,gradient_boosting,Upside,upside,1.0785067617368282
AT,P06,2027-03,9,0.22492271930471316,0.17448896335382647,0.28997776510464496,gradient_boosting,Upside,upside,1.0887438913330492
AT,P06,2027-04,10,0.0,0.0,0.0,gradient_boosting,Upside,upside,1.0990781912262844
AT,P06,2027-05,11,0.0,0.0,0.0,gradient_boosting,Upside,upside,1.1095105837518944
AT,P06,2027-06,12,0.0,0.0,0.0,gradient_boosting,Upside,upside,1.120042
AT,P07,2026-07,1,874468.2608410878,783225.6939341052,994870.8702407383,gradient_boosting,Upside,upside,1.0073458250304712
AT,P07,2026-08,2,775427.0024202063,673374.6112595734,924946.0825583612,gradient_boosting,Upside,upside,1.0147456112063205
AT,P07,2026-09,3,650612.5812860293,578367.0540133357,773800.0419077788,gradient_boosting,Upside,upside,1.0221997549166806
AT,P07,2026-10,4,523380.1165285903,453078.7318867139,669221.699594937,gradient_boosting,Upside,upside,1.0297086554624888
AT,P07,2026-11,5,675614.2558762516,549756.3206674733,914309.0165917388,gradient_boosting,Upside,upside,1.0372727150778782
AT,P07,2026-12,6,621274.6599616068,531823.1865768953,808443.060504517,gradient_boosting,Upside,upside,1.0448923389517217
AT,P07,2027-01,7,774775.990093158,622887.110006463,1042211.3987685901,gradient_boosting,Upside,upside,1.052567935249341
AT,P07,2027-02,8,876079.0651932035,676126.7754614033,1099870.398247145,gradient_boosting,Upside,upside,1.0602999151343668
AT,P07,2027-03,9,663021.1395498954,514353.8708733269,854788.6530010703,gradient_boosting,Upside,upside,1.0680886927907673
AT,P07,2027-04,10,949070.8498357665,708484.8186693528,1193235.8205950437,gradient_boosting,Upside,upside,1.0759346854450327
AT,P07,2027-05,11,948234.1607295355,712351.8941946707,1247680.2337139498,gradient_boosting,Upside,upside,1.083838313388527
AT,P07,2027-06,12,1171740.6183240446,933364.7029646339,1525261.2311860023,gradient_boosting,Upside,upside,1.0918
CZ,P03,2026-07,1,174669.96831114506,156444.79424371666,198719.69190910412,gradient_boosting,Upside,upside,1.0102016730379573
CZ,P03,2026-08,2,160878.74586286448,139705.8170752594,191899.64405201512,gradient_boosting,Upside,upside,1.0205074202086877
CZ,P03,2026-09,3,155123.34608615146,137898.09060746653,184494.51356300784,gradient_boosting,Upside,upside,1.030918303242466
CZ,P03,2026-10,4,146236.9963844134,126594.17273287378,186986.41422059023,gradient_boosting,Upside,upside,1.0414353947009913
CZ,P03,2026-11,5,149354.9004356784,121532.07221875843,202122.04072484,gradient_boosting,Upside,upside,1.0520597780878869
CZ,P03,2026-12,6,153026.6160130044,130993.75816187997,199128.20168111793,gradient_boosting,Upside,upside,1.062792547960325
CZ,P03,2027-01,7,137900.84122320355,110866.44082330597,185501.13898769542,gradient_boosting,Upside,upside,1.0736348100417938
CZ,P03,2027-02,8,155125.29884140042,119720.20821544487,194751.51386852487,gradient_boosting,Upside,upside,1.0845876813360096
CZ,P03,2027-03,9,172393.6811278356,133738.35600837777,222255.60195139007,gradient_boosting,Upside,upside,1.0956522902419956
CZ,P03,2027-04,10,181565.4583835394,135539.27073172666,228276.3281197484,gradient_boosting,Upside,upside,1.1068297766703337
CZ,P03,2027-05,11,172532.24779596666,129613.21013004183,227016.78991152142,gradient_boosting,Upside,upside,1.1181212921605994
CZ,P03,2027-06,12,250750.69952380378,199738.6183590378,326403.5697793477,gradient_boosting,Upside,upside,1.129528
CZ,P04,2026-07,1,182474.71210433205,163435.18617345608,207599.0447652794,gradient_boosting,Upside,upside,1.0073458250304712
CZ,P04,2026-08,2,181782.13312182575,157858.15149949142,216833.65601836544,gradient_boosting,Upside,upside,1.0147456112063205
CZ,P04,2026-09,3,206422.04788604568,183500.46579681104,245506.14897299337,gradient_boosting,Upside,upside,1.0221997549166806
CZ,P04,2026-10,4,179798.29132248665,155647.452501838,229899.6738759892,gradient_boosting,Upside,upside,1.0297086554624888
CZ,P04,2026-11,5,223458.06822920786,181830.80706877768,302405.8844749406,gradient_boosting,Upside,upside,1.0372727150778782
CZ,P04,2026-12,6,192264.91779751415,164582.50728645144,250187.63614385502,gradient_boosting,Upside,upside,1.0448923389517217
CZ,P04,2027-01,7,215574.5284754354,173312.7984734329,289986.0523998017,gradient_boosting,Upside,upside,1.052567935249341
CZ,P04,2027-02,8,181048.9321402389,139727.1496970589,227297.24862377613,gradient_boosting,Upside,upside,1.0602999151343668
CZ,P04,2027-03,9,196235.8815710975,152234.49037968108,252993.75068570153,gradient_boosting,Upside,upside,1.0680886927907673
CZ,P04,2027-04,10,201553.5263888516,150460.435720352,253406.674007577,gradient_boosting,Upside,upside,1.0759346854450327
CZ,P04,2027-05,11,266456.4314286789,200172.85973175507,350601.6091887502,gradient_boosting,Upside,upside,1.083838313388527
CZ,P04,2027-06,12,396761.07973228954,316045.0201529527,516466.0877120858,gradient_boosting,Upside,upside,1.0918
CZ,P05,2026-07,1,1360962.6209111067,1218958.9272871134,1548349.0112364413,gradient_boosting,Upside,upside,1.0073458250304712
CZ,P05,2026-08,2,1385579.049224996,1203225.7720317147,1652748.6270862455,gradient_boosting,Upside,upside,1.0147456112063205
CZ,P05,2026-09,3,1347178.6759397888,1197584.8368821163,1602254.468917475,gradient_boosting,Upside,upside,1.0221997549166806
CZ,P05,2026-10,4,1457574.5485391214,1261790.4410711017,1863732.4687255083,gradient_boosting,Upside,upside,1.0297086554624888
CZ,P05,2026-11,5,1433979.376395999,1166848.122318037,1940604.8082052423,gradient_boosting,Upside,upside,1.0372727150778782
CZ,P05,2026-12,6,1406010.5595730753,1203572.3719990859,1829592.5347304035,gradient_boosting,Upside,upside,1.0448923389517217
CZ,P05,2027-01,7,1401302.7349901106,1126588.100306505,1885001.2161020776,gradient_boosting,Upside,upside,1.052567935249341
CZ,P05,2027-02,8,1441912.643057529,1112817.0784819706,1810244.1845331993,gradient_boosting,Upside,upside,1.0602999151343668
CZ,P05,2027-03,9,1468239.760888612,1139020.7028630548,1892902.9749256477,gradient_boosting,Upside,upside,1.0680886927907673
CZ,P05,2027-04,10,1466962.267287843,1095092.6330885212,1844363.8060236298,gradient_boosting,Upside,upside,1.0759346854450327
CZ,P05,2027-05,11,1470627.3887844845,1104794.8380695363,1935041.7862325057,gradient_boosting,Upside,upside,1.083838313388527
CZ,P05,2027-06,12,1495924.693303417,1191597.5986389117,1947253.4311672347,gradient_boosting,Upside,upside,1.0918
CZ,P06,2026-07,1,214360.20813579593,191993.72954660974,243874.74807596218,gradient_boosting,Upside,upside,1.0094919475328417
CZ,P06,2026-08,2,210514.51002116816,182809.11795380854,251106.25598288866,gradient_boosting,Upside,upside,1.0190739921336496
CZ,P06,2026-09,3,262570.4652958195,233414.03294703687,312285.748683251,gradient_boosting,Upside,upside,1.0287469889990652
CZ,P06,2026-10,4,275104.50874565286,238151.96264145605,351763.28082562715,gradient_boosting,Upside,upside,1.0385118014432133
CZ,P06,2026-11,5,328938.06362469785,267661.2845465471,445152.0003559177,gradient_boosting,Upside,upside,1.048369300974749
CZ,P06,2026-12,6,276306.1360161318,236523.42385238945,359547.5441584292,gradient_boosting,Upside,upside,1.0583203673746433
CZ,P06,2027-01,7,290119.5685609563,233243.85619581144,390262.37935393176,gradient_boosting,Upside,upside,1.0683658887747012
CZ,P06,2027-02,8,267967.0869640012,206807.50132843276,336418.3420947585,gradient_boosting,Upside,upside,1.0785067617368282
CZ,P06,2027-03,9,265889.43518592545,206269.83372663852,342793.4021893864,gradient_boosting,Upside,upside,1.0887438913330492
CZ,P06,2027-04,10,368939.33418502676,275414.5460534403,463855.38998720696,gradient_boosting,Upside,upside,1.0990781912262844
CZ,P06,2027-05,11,345649.08522928285,259665.58766486487,454802.7789993242,gradient_boosting,Upside,upside,1.1095105837518944
CZ,P06,2027-06,12,303728.2925713122,241938.58533576876,395364.7950994101,gradient_boosting,Upside,upside,1.120042
CZ,P07,2026-07,1,57467.527657670646,51471.32977137965,65380.03928968232,gradient_boosting,Upside,upside,1.0073458250304712
CZ,P07,2026-08,2,60168.639508982924,52249.96564850474,71770.45322512717,gradient_boosting,Upside,upside,1.0147456112063205
CZ,P07,2026-09,3,70537.79604259656,62705.11586651074,83893.47378735608,gradient_boosting,Upside,upside,1.0221997549166806
CZ,P07,2026-10,4,78783.37813667688,68201.04916608373,100736.6243986409,gradient_boosting,Upside,upside,1.0297086554624888
CZ,P07,2026-11,5,109024.72566320414,88714.87172017588,147543.20063306438,gradient_boosting,Upside,upside,1.0372727150778782
CZ,P07,2026-12,6,77354.92575964321,66217.32023877314,100659.26868816811,gradient_boosting,Upside,upside,1.0448923389517217
CZ,P07,2027-01,7,103813.41289494256,83461.59091773526,139647.48991662738,gradient_boosting,Upside,upside,1.052567935249341
CZ,P07,2027-02,8,98603.80104002908,76098.91925762437,123791.79714180483,gradient_boosting,Upside,upside,1.0602999151343668
CZ,P07,2027-03,9,101046.94398897646,78389.48666996314,130273.04257726725,gradient_boosting,Upside,upside,1.0680886927907673
CZ,P07,2027-04,10,178318.42502342546,133115.34859593274,224193.93899503184,gradient_boosting,Upside,upside,1.0759346854450327
CZ,P07,2027-05,11,154259.3561732944,115885.87409965674,202973.44003593273,gradient_boosting,Upside,upside,1.083838313388527
CZ,P07,2027-06,12,137251.73663212053,109329.59427168351,178661.34323938822,gradient_boosting,Upside,upside,1.0918
DE,P01,2026-07,1,2447180.797624596,2191840.418036683,2784124.934880441,gradient_boosting,Upside,upside,1.002974840873398
DE,P01,2026-08,2,2409764.00959014,2092619.8057592781,2874418.576608557,gradient_boosting,Upside,upside,1.0059585314250183
DE,P01,2026-09,3,2393744.136204532,2127937.2455136394,2846977.3966717185,gradient_boosting,Upside,upside,1.0089510979812448
DE,P01,2026-10,4,2369854.9429661566,2051531.646705025,3030222.7819513255,gradient_boosting,Upside,upside,1.0119525669467793
DE,P01,2026-11,5,2442275.3416893836,1987311.9819869197,3305132.1023564637,gradient_boosting,Upside,upside,1.0149629648048728
DE,P01,2026-12,6,2304404.246820324,1972614.8331577694,2998640.926469071,gradient_boosting,Upside,upside,1.0179823181175596
DE,P01,2027-01,7,2009504.7251640686,1615556.7632539521,2703140.9816836426,gradient_boosting,Upside,upside,1.0210106535258918
DE,P01,2027-02,8,2108933.946967151,1627600.4825084272,2647653.7475714567,gradient_boosting,Upside,upside,1.0240479977501757
DE,P01,2027-03,9,1868755.6689380335,1449730.113714445,2409261.252399999,gradient_boosting,Upside,upside,1.0270943775902046
DE,P01,2027-04,10,2096122.2401893656,1564762.8261961127,2635386.1166136307,gradient_boosting,Upside,upside,1.0301498199254973
DE,P01,2027-05,11,2128131.940751654,1598738.878932905,2800181.9246506724,gradient_boosting,Upside,upside,1.033214351715535
DE,P01,2027-06,12,1887504.5360294539,1503515.4393942195,2456975.0740665025,gradient_boosting,Upside,upside,1.036288
DE,P02,2026-07,1,6300801.111561014,5643371.57096655,7168337.337987906,gradient_boosting,Upside,upside,1.0102016730379573
DE,P02,2026-08,2,5521103.035908235,4794481.7486689575,6585690.991577113,gradient_boosting,Upside,upside,1.0205074202086877
DE,P02,2026-09,3,6336598.376852172,5632967.823096065,7536374.53470232,gradient_boosting,Upside,upside,1.030918303242466
DE,P02,2026-10,4,6938486.409881898,6006496.090553643,8871918.365251625,gradient_boosting,Upside,upside,1.0414353947009913
DE,P02,2026-11,5,8776472.23632178,7141532.380518989,11877203.04854824,gradient_boosting,Upside,upside,1.0520597780878869
DE,P02,2026-12,6,8902451.021275884,7620671.138868366,11584449.219410626,gradient_boosting,Upside,upside,1.062792547960325
DE,P02,2027-01,7,7156652.7744396115,5753645.984117844,9626969.85183161,gradient_boosting,Upside,upside,1.0736348100417938
DE,P02,2027-02,8,7179362.076965494,5540777.224140227,9013305.009190109,gradient_boosting,Upside,upside,1.0845876813360096
DE,P02,2027-03,9,7253955.365144994,5627422.413314896,9352037.764152694,gradient_boosting,Upside,upside,1.0956522902419956
DE,P02,2027-04,10,7699458.598329441,5747673.664019482,9680278.13761746,gradient_boosting,Upside,upside,1.1068297766703337
DE,P02,2027-05,11,8030487.192196285,6032827.1218007,10566461.905451426,gradient_boosting,Upside,upside,1.1181212921605994
DE,P02,2027-06,12,9402146.182295933,7489397.603388203,12238825.58779194,gradient_boosting,Upside,upside,1.129528
DE,P03,2026-07,1,11428408.069659222,10235960.802409947,13001947.344312266,gradient_boosting,Upside,upside,1.0102016730379573
DE,P03,2026-08,2,11302675.656466782,9815153.202831043,13482075.731496708,gradient_boosting,Upside,upside,1.0205074202086877
DE,P03,2026-09,3,8581420.105646,7628519.350091241,10206232.446737528,gradient_boosting,Upside,upside,1.030918303242466
DE,P03,2026-10,4,6815276.401647985,5899835.878360956,8714375.484822195,gradient_boosting,Upside,upside,1.0414353947009913
DE,P03,2026-11,5,6425448.308147963,5228472.889378284,8695561.517073551,gradient_boosting,Upside,upside,1.0520597780878869
DE,P03,2026-12,6,6761040.814605189,5787582.372701283,8797906.756237494,gradient_boosting,Upside,upside,1.062792547960325
DE,P03,2027-01,7,6450069.352700012,5185582.813377437,8676489.57658537,gradient_boosting,Upside,upside,1.0736348100417938
DE,P03,2027-02,8,6447110.768523997,4975651.6142790215,8094002.66510895,gradient_boosting,Upside,upside,1.0845876813360096
DE,P03,2027-03,9,7134456.680660517,5534718.565334139,9197976.131042128,gradient_boosting,Upside,upside,1.0956522902419956
DE,P03,2027-04,10,8184988.135086706,6110123.217567157,10290718.586100249,gradient_boosting,Upside,upside,1.1068297766703337
DE,P03,2027-05,11,9802599.493688399,7364109.632992204,12898195.544737281,gradient_boosting,Upside,upside,1.1181212921605994
DE,P03,2027-06,12,11354746.75777542,9044766.110411298,14780536.535757655,gradient_boosting,Upside,upside,1.129528
DE,P04,2026-07,1,6184354.222470063,5539074.823332731,7035857.266298039,gradient_boosting,Upside,upside,1.0073458250304712
DE,P04,2026-08,2,6291808.758153615,5463756.437959797,7505005.429133769,gradient_boosting,Upside,upside,1.0147456112063205
DE,P04,2026-09,3,6574861.655853503,5844773.795988825,7819750.756711252,gradient_boosting,Upside,upside,1.0221997549166806
DE,P04,2026-10,4,6506531.974522127,5632562.573354474,8319598.412219466,gradient_boosting,Upside,upside,1.0297086554624888
DE,P04,2026-11,5,6405269.560379654,5212053.173494115,8668253.610427668,gradient_boosting,Upside,upside,1.0372727150778782
DE,P04,2026-12,6,5994702.322578382,5131581.72581925,7800697.187260618,gradient_boosting,Upside,upside,1.0448923389517217
DE,P04,2027-01,7,6249353.832128969,5024216.028473704,8406491.530538846,gradient_boosting,Upside,upside,1.052567935249341
DE,P04,2027-02,8,5947143.76483188,4589794.798982447,7466320.838994306,gradient_boosting,Upside,upside,1.0602999151343668
DE,P04,2027-03,9,6334015.735892578,4913758.125631736,8166021.346840861,gradient_boosting,Upside,upside,1.0680886927907673
DE,P04,2027-04,10,6251826.691200394,4667011.214635674,7860217.762860812,gradient_boosting,Upside,upside,1.0759346854450327
DE,P04,2027-05,11,6391601.5727363,4801629.888310899,8410027.052751046,gradient_boosting,Upside,upside,1.083838313388527
DE,P04,2027-06,12,6624887.940196173,5277137.676868653,8623653.202861374,gradient_boosting,Upside,upside,1.0918
DE,P05,2026-07,1,7541265.322402329,6754404.967881533,8579596.916185971,gradient_boosting,Upside,upside,1.0073458250304712
DE,P05,2026-08,2,7669110.089635662,6659793.9060636405,9147880.215645766,gradient_boosting,Upside,upside,1.0147456112063205
DE,P05,2026-09,3,8043864.611586266,7150655.262597784,9566895.803402146,gradient_boosting,Upside,upside,1.0221997549166806
DE,P05,2026-10,4,7729946.538090023,6691645.8314453475,9883921.449499736,gradient_boosting,Upside,upside,1.0297086554624888
DE,P05,2026-11,5,7851091.120098482,6388537.438145745,10624884.449602539,gradient_boosting,Upside,upside,1.0372727150778782
DE,P05,2026-12,6,7597620.560324122,6503710.898241703,9886518.820387833,gradient_boosting,Upside,upside,1.0448923389517217
DE,P05,2027-01,7,8480247.940476522,6817760.487320409,11407440.577612372,gradient_boosting,Upside,upside,1.052567935249341
DE,P05,2027-02,8,8250568.783302026,6367496.597976907,10358147.72203766,gradient_boosting,Upside,upside,1.0602999151343668
DE,P05,2027-03,9,8136606.482113687,6312159.281511461,10489980.605395664,gradient_boosting,Upside,upside,1.0680886927907673
DE,P05,2027-04,10,8425493.317503026,6289661.205255591,10593097.90661943,gradient_boosting,Upside,upside,1.0759346854450327
DE,P05,2027-05,11,7870696.66859015,5912786.010776378,10356210.591910064,gradient_boosting,Upside,upside,1.083838313388527
DE,P05,2027-06,12,7659610.004213508,6101358.529870958,9970556.625528203,gradient_boosting,Upside,upside,1.0918
DE,P06,2026-07,1,6782064.809956943,6074419.9131658375,7715864.625002205,gradient_boosting,Upside,upside,1.0094919475328417
DE,P06,2026-08,2,6815975.584102837,5918938.720182478,8130242.944406749,gradient_boosting,Upside,upside,1.0190739921336496
DE,P06,2026-09,3,6924441.806362873,6155535.75726537,8235520.667861119,gradient_boosting,Upside,upside,1.0287469889990652
DE,P06,2026-10,4,6861486.9762726035,5939839.36318867,8773462.787363723,gradient_boosting,Upside,upside,1.0385118014432133
DE,P06,2026-11,5,6785486.166866559,5521440.49151009,9182800.881367084,gradient_boosting,Upside,upside,1.048369300974749
DE,P06,2026-12,6,6721569.586507278,5753794.234124326,8746544.222881764,gradient_boosting,Upside,upside,1.0583203673746433
DE,P06,2027-01,7,6561644.2652682,5275284.321590756,8826577.662925256,gradient_boosting,Upside,upside,1.0683658887747012
DE,P06,2027-02,8,7474829.576579265,5768808.569374399,9384248.648161348,gradient_boosting,Upside,upside,1.0785067617368282
DE,P06,2027-03,9,7954352.040136546,6170771.213887492,10255012.186339127,gradient_boosting,Upside,upside,1.0887438913330492
DE,P06,2027-04,10,8177708.885111006,6104689.231158266,10281566.622556565,gradient_boosting,Upside,upside,1.0990781912262844
DE,P06,2027-05,11,8124441.776000841,6103409.609242361,10690086.725073593,gradient_boosting,Upside,upside,1.1095105837518944
DE,P06,2027-06,12,8720977.109447844,6946803.825033985,11352144.045434773,gradient_boosting,Upside,upside,1.120042
DE,P07,2026-07,1,2071227.2618425258,1855114.1100210259,2356407.6144669554,gradient_boosting,Upside,upside,1.0073458250304712
DE,P07,2026-08,2,2162177.177658481,1877617.3797609315,2579091.65405689,gradient_boosting,Upside,upside,1.0147456112063205
DE,P07,2026-09,3,2258178.131673993,2007424.8039778431,2685743.2259773104,gradient_boosting,Upside,upside,1.0221997549166806
DE,P07,2026-10,4,2281243.8366247853,1974822.9479517848,2916919.9007068467,gradient_boosting,Upside,upside,1.0297086554624888
DE,P07,2026-11,5,2373548.723934136,1931388.217530467,3212124.3457158366,gradient_boosting,Upside,upside,1.0372727150778782
DE,P07,2026-12,6,2359065.9999190383,2019406.3564409406,3069770.3605432003,gradient_boosting,Upside,upside,1.0448923389517217
DE,P07,2027-01,7,2448803.042294668,1968734.0205348346,3294075.2896999754,gradient_boosting,Upside,upside,1.052567935249341
DE,P07,2027-02,8,2426176.631646971,1872437.1438935297,3045934.966473587,gradient_boosting,Upside,upside,1.0602999151343668
DE,P07,2027-03,9,2702500.2318874914,2096526.59981709,3484152.156171704,gradient_boosting,Upside,upside,1.0680886927907673
DE,P07,2027-04,10,2763697.6037206347,2063110.2472147057,3474706.844723774,gradient_boosting,Upside,upside,1.0759346854450327
DE,P07,2027-05,11,2857152.068704865,2146408.3160411045,3759421.7846943517,gradient_boosting,Upside,upside,1.083838313388527
DE,P07,2027-06,12,2837092.1642669216,2259921.3885508324,3693058.5317144045,gradient_boosting,Upside,upside,1.0918
ES,P01,2026-07,1,985684.7629422802,882837.7964378,1121400.4004539007,gradient_boosting,Upside,upside,1.002974840873398
ES,P01,2026-08,2,898154.6149056593,779950.2890348795,1071338.2304147824,gradient_boosting,Upside,upside,1.0059585314250183
ES,P01,2026-09,3,871732.614799958,774933.407086298,1036787.1038264376,gradient_boosting,Upside,upside,1.0089510979812448
ES,P01,2026-10,4,997248.3361876243,863296.0964067158,1275134.8501510154,gradient_boosting,Upside,upside,1.0119525669467793
ES,P01,2026-11,5,1191151.025055756,969255.457827233,1611985.1125972252,gradient_boosting,Upside,upside,1.0149629648048728
ES,P01,2026-12,6,1268492.6948141132,1085854.406402547,1650645.3304992632,gradient_boosting,Upside,upside,1.0179823181175596
ES,P01,2027-01,7,1287718.7233794986,1035271.3614816897,1732210.5344958883,gradient_boosting,Upside,upside,1.0210106535258918
ES,P01,2027-02,8,1060473.5545719783,818435.90767315,1331367.8150047136,gradient_boosting,Upside,upside,1.0240479977501757
ES,P01,2027-03,9,1099353.1359779171,852848.434562499,1417322.209233041,gradient_boosting,Upside,upside,1.0270943775902046
ES,P01,2027-04,10,861756.7099980331,643304.4977892922,1083458.6007838384,gradient_boosting,Upside,upside,1.0301498199254973
ES,P01,2027-05,11,978340.2923114217,734968.8391934996,1287293.6824209772,gradient_boosting,Upside,upside,1.033214351715535
ES,P01,2027-06,12,1002967.6842101044,798926.5030300444,1305568.5711793043,gradient_boosting,Upside,upside,1.036288
ES,P02,2026-07,1,12677353.244855605,11354590.254538918,14422855.602475334,gradient_boosting,Upside,upside,1.0102016730379573
ES,P02,2026-08,2,13652802.619005976,11855984.673583593,16285357.949849807,gradient_boosting,Upside,upside,1.0205074202086877
ES,P02,2026-09,3,14216994.509724246,12638306.525305348,16908850.618415657,gradient_boosting,Upside,upside,1.030918303242466
ES,P02,2026-10,4,14723865.938102,12746129.050435217,18826719.389074,gradient_boosting,Upside,upside,1.0414353947009913
ES,P02,2026-11,5,16567329.260838805,13481056.53264008,22420572.67483647,gradient_boosting,Upside,upside,1.0520597780878869
ES,P02,2026-12,6,16754490.878308048,14342169.901032101,21802035.002830185,gradient_boosting,Upside,upside,1.062792547960325
ES,P02,2027-01,7,14498183.7430837,11655926.212925427,19502633.731159467,gradient_boosting,Upside,upside,1.0736348100417938
ES,P02,2027-02,8,14361647.371715028,11083810.4841713,18030279.961923026,gradient_boosting,Upside,upside,1.0845876813360096
ES,P02,2027-03,9,15013725.8262035,11647242.499961745,19356188.980973035,gradient_boosting,Upside,upside,1.0956522902419956
ES,P02,2027-04,10,14782143.557132564,11034923.577551361,18585106.897552602,gradient_boosting,Upside,upside,1.1068297766703337
ES,P02,2027-05,11,15563873.245535474,11692211.741172737,20478841.421979513,gradient_boosting,Upside,upside,1.1181212921605994
ES,P02,2027-06,12,16917749.120103188,13476045.49622984,22021927.420022584,gradient_boosting,Upside,upside,1.129528
ES,P03,2026-07,1,6130369.868631376,5490723.230838999,6974439.987377907,gradient_boosting,Upside,upside,1.0102016730379573
ES,P03,2026-08,2,6284896.980581198,5457754.305558666,7496760.911507781,gradient_boosting,Upside,upside,1.0205074202086877
ES,P03,2026-09,3,5685760.519452919,5054400.508150659,6762306.562737749,gradient_boosting,Upside,upside,1.030918303242466
ES,P03,2026-10,4,5004933.771312343,4332661.8162792055,6399574.953311734,gradient_boosting,Upside,upside,1.0414353947009913
ES,P03,2026-11,5,4614439.964661113,3754831.273687174,6244723.271475335,gradient_boosting,Upside,upside,1.0520597780878869
ES,P03,2026-12,6,5149492.561911881,4408065.739715243,6700855.185457838,gradient_boosting,Upside,upside,1.062792547960325
ES,P03,2027-01,7,4932368.562930177,3965415.602619408,6634912.290706871,gradient_boosting,Upside,upside,1.0736348100417938
ES,P03,2027-02,8,4432666.8084274605,3420975.155040264,5564976.041068668,gradient_boosting,Upside,upside,1.0845876813360096
ES,P03,2027-03,9,5173531.430893186,4013485.783230411,6669886.824534783,gradient_boosting,Upside,upside,1.0956522902419956
ES,P03,2027-04,10,5605556.112381931,4184567.892385528,7047682.845603236,gradient_boosting,Upside,upside,1.1068297766703337
ES,P03,2027-05,11,6605103.420085966,4962021.120426588,8690951.370637512,gradient_boosting,Upside,upside,1.1181212921605994
ES,P03,2027-06,12,6972918.4970364235,5554365.787107281,9076686.499919705,gradient_boosting,Upside,upside,1.129528
ES,P04,2026-07,1,2811742.776014127,2518363.7709042826,3198882.2324731867,gradient_boosting,Upside,upside,1.0073458250304712
ES,P04,2026-08,2,2792014.5602580514,2424563.1288011526,3330375.2924471227,gradient_boosting,Upside,upside,1.0147456112063205
ES,P04,2026-09,3,2905875.497183288,2583200.3545233696,3456076.083027169,gradient_boosting,Upside,upside,1.0221997549166806
ES,P04,2026-10,4,2901706.7527758763,2511944.138372691,3710276.839897298,gradient_boosting,Upside,upside,1.0297086554624888
ES,P04,2026-11,5,2930963.6209696173,2384964.145234979,3966474.127280312,gradient_boosting,Upside,upside,1.0372727150778782
ES,P04,2026-12,6,3051034.4386783387,2611744.791963728,3970204.7713683126,gradient_boosting,Upside,upside,1.0448923389517217
ES,P04,2027-01,7,3093552.204496902,2487085.0632342207,4161377.4967712997,gradient_boosting,Upside,upside,1.052567935249341
ES,P04,2027-02,8,2976812.891412092,2297398.695377487,3737229.3329057093,gradient_boosting,Upside,upside,1.0602999151343668
ES,P04,2027-03,9,3224252.8017031117,2501288.1344266124,4156812.7242122777,gradient_boosting,Upside,upside,1.0680886927907673
ES,P04,2027-04,10,3184696.3294639406,2377387.3171720114,4004014.809528205,gradient_boosting,Upside,upside,1.0759346854450327
ES,P04,2027-05,11,3563516.6147878133,2677057.9627560247,4688851.580037275,gradient_boosting,Upside,upside,1.083838313388527
ES,P04,2027-06,12,3548783.4442170244,2826828.0142366933,4619470.999546801,gradient_boosting,Upside,upside,1.0918
ES,P05,2026-07,1,6112955.221884412,5475125.6392581565,6954627.576179102,gradient_boosting,Upside,upside,1.0073458250304712
ES,P05,2026-08,2,6133321.347932283,5326127.237642766,7315958.2219027765,gradient_boosting,Upside,upside,1.0147456112063205
ES,P05,2026-09,3,6277421.946488462,5580362.480560523,7465993.595857147,gradient_boosting,Upside,upside,1.0221997549166806
ES,P05,2026-10,4,6137745.964713086,5313312.582028689,7848048.973337105,gradient_boosting,Upside,upside,1.0297086554624888
ES,P05,2026-11,5,6284765.35553537,5113997.2966325,8505175.226471057,gradient_boosting,Upside,upside,1.0372727150778782
ES,P05,2026-12,6,6187749.1780787585,5296833.586980308,8051902.331682801,gradient_boosting,Upside,upside,1.0448923389517217
ES,P05,2027-01,7,6260873.905999527,5033477.680373152,8421988.077225983,gradient_boosting,Upside,upside,1.052567935249341
ES,P05,2027-02,8,6321409.505013445,4878639.8337839935,7936191.453483855,gradient_boosting,Upside,upside,1.0602999151343668
ES,P05,2027-03,9,6423733.248685524,4983358.545946397,8281688.114212639,gradient_boosting,Upside,upside,1.0680886927907673
ES,P05,2027-04,10,6424966.062398456,4796260.380837556,8077900.246423109,gradient_boosting,Upside,upside,1.0759346854450327
ES,P05,2027-05,11,6433246.500254372,4832915.244006453,8464823.172792505,gradient_boosting,Upside,upside,1.083838313388527
ES,P05,2027-06,12,6423209.76787339,5116488.396250774,8361127.612632734,gradient_boosting,Upside,upside,1.0918
ES,P06,2026-07,1,3184432.7955619483,2852167.08001684,3622886.694019857,gradient_boosting,Upside,upside,1.0094919475328417
ES,P06,2026-08,2,3235601.8381284755,2809770.775508588,3859495.7817496555,gradient_boosting,Upside,upside,1.0190739921336496
ES,P06,2026-09,3,3370802.285497227,2996500.5959012704,4009032.4485039283,gradient_boosting,Upside,upside,1.0287469889990652
ES,P06,2026-10,4,3469827.70100863,3003754.0307523385,4436706.550436448,gradient_boosting,Upside,upside,1.0385118014432133
ES,P06,2026-11,5,3491635.8364184974,2841190.5963270864,4725232.039030582,gradient_boosting,Upside,upside,1.048369300974749
ES,P06,2026-12,6,3470783.3533410225,2971058.0228814306,4516409.403687164,gradient_boosting,Upside,upside,1.0583203673746433
ES,P06,2027-01,7,3490379.6551370514,2806117.541087277,4695180.941495647,gradient_boosting,Upside,upside,1.0683658887747012
ES,P06,2027-02,8,3673742.8126128456,2835264.510308378,4612187.564914574,gradient_boosting,Upside,upside,1.0785067617368282
ES,P06,2027-03,9,3650494.0850399216,2831954.5957692135,4706337.001348091,gradient_boosting,Upside,upside,1.0887438913330492
ES,P06,2027-04,10,3582456.430867383,2674316.67009175,4504105.609999251,gradient_boosting,Upside,upside,1.0990781912262844
ES,P06,2027-05,11,3706951.860342945,2784812.326706449,4877582.726950774,gradient_boosting,Upside,upside,1.1095105837518944
ES,P06,2027-06,12,4340842.027069202,3457752.2242139936,5650498.029215285,gradient_boosting,Upside,upside,1.120042
ES,P07,2026-07,1,2885496.8099308144,2584422.262654774,3282791.2125840085,gradient_boosting,Upside,upside,1.0073458250304712
ES,P07,2026-08,2,2996987.691087857,2602560.1573549537,3574871.671602116,gradient_boosting,Upside,upside,1.0147456112063205
ES,P07,2026-09,3,2973634.6024486385,2643435.3318695445,3536664.7466990617,gradient_boosting,Upside,upside,1.0221997549166806
ES,P07,2026-10,4,3041512.678606581,2632971.0738355,3889040.1446984587,gradient_boosting,Upside,upside,1.0297086554624888
ES,P07,2026-11,5,3154315.6183621734,2566708.641050878,4268736.466053686,gradient_boosting,Upside,upside,1.0372727150778782
ES,P07,2026-12,6,3127279.838951615,2677012.3368168706,4069420.2532135383,gradient_boosting,Upside,upside,1.0448923389517217
ES,P07,2027-01,7,3182557.184607854,2558641.300838883,4281105.012859727,gradient_boosting,Upside,upside,1.052567935249341
ES,P07,2027-02,8,3192558.8508546134,2463903.781130825,4008086.843100783,gradient_boosting,Upside,upside,1.0602999151343668
ES,P07,2027-03,9,3420363.753300086,2653425.7075106823,4409645.411067688,gradient_boosting,Upside,upside,1.0680886927907673
ES,P07,2027-04,10,3409514.4318488324,2545214.842935036,4286671.276039929,gradient_boosting,Upside,upside,1.0759346854450327
ES,P07,2027-05,11,3452357.3709304067,2593550.638090407,4542588.98257003,gradient_boosting,Upside,upside,1.083838313388527
ES,P07,2027-06,12,3853057.3320541033,3069201.200332397,5015545.999015487,gradient_boosting,Upside,upside,1.0918
FR,P01,2026-07,1,1446119.8729573353,1295230.81823405,1645231.2804328725,gradient_boosting,Upside,upside,1.002974840873398
FR,P01,2026-08,2,1501597.0932888705,1303974.9142163093,1791137.456760779,gradient_boosting,Upside,upside,1.0059585314250183
FR,P01,2026-09,3,1309223.5968088252,1163844.3776084462,1557112.94742384,gradient_boosting,Upside,upside,1.0089510979812448
FR,P01,2026-10,4,1276229.3571399096,1104803.870970057,1631854.8460017182,gradient_boosting,Upside,upside,1.0119525669467793
FR,P01,2026-11,5,1610433.1335576696,1310430.8952708326,2179399.741528785,gradient_boosting,Upside,upside,1.0149629648048728
FR,P01,2026-12,6,1455165.4974726243,1245649.95441866,1893556.142125684,gradient_boosting,Upside,upside,1.0179823181175596
FR,P01,2027-01,7,1435147.0756063536,1153797.5179783036,1930527.8689992768,gradient_boosting,Upside,upside,1.0210106535258918
FR,P01,2027-02,8,1368563.7464731503,1056208.9994836315,1718158.5688593923,gradient_boosting,Upside,upside,1.0240479977501757
FR,P01,2027-03,9,1618357.1300972577,1255477.6984728856,2086439.2231138037,gradient_boosting,Upside,upside,1.0270943775902046
FR,P01,2027-04,10,1368947.2504040138,1021924.0688281924,1721132.7225673718,gradient_boosting,Upside,upside,1.0301498199254973
FR,P01,2027-05,11,1324540.7879791793,995048.6687055723,1742822.003626268,gradient_boosting,Upside,upside,1.033214351715535
FR,P01,2027-06,12,1331799.8459126945,1060861.8905492963,1733611.211306799,gradient_boosting,Upside,upside,1.036288
FR,P02,2026-07,1,14017785.202470765,12555160.700817663,15947847.15206964,gradient_boosting,Upside,upside,1.0102016730379573
FR,P02,2026-08,2,14316620.08501745,12432438.455471061,17077173.765916016,gradient_boosting,Upside,upside,1.0205074202086877
FR,P02,2026-09,3,14431073.104816101,12828613.337580405,17163463.0108262,gradient_boosting,Upside,upside,1.030918303242466
FR,P02,2026-10,4,15008670.626261568,12992678.246462382,19190885.836066533,gradient_boosting,Upside,upside,1.0414353947009913
FR,P02,2026-11,5,16849847.182423748,13710945.129190965,22802904.280197367,gradient_boosting,Upside,upside,1.0520597780878869
FR,P02,2026-12,6,17395310.9322754,14890724.324842587,22635911.803300448,gradient_boosting,Upside,upside,1.062792547960325
FR,P02,2027-01,7,15124960.69395125,12159828.358237917,20345760.11998966,gradient_boosting,Upside,upside,1.0736348100417938
FR,P02,2027-02,8,15007995.403810808,11582638.989644567,18841735.338168856,gradient_boosting,Upside,upside,1.0845876813360096
FR,P02,2027-03,9,15509240.521889394,12031649.401336987,19995022.81899383,gradient_boosting,Upside,upside,1.0956522902419956
FR,P02,2027-04,10,16049932.722794887,11981332.770606518,20179056.859973602,gradient_boosting,Upside,upside,1.1068297766703337
FR,P02,2027-05,11,16377097.654066883,12303138.843163026,21548876.717183102,gradient_boosting,Upside,upside,1.1181212921605994
FR,P02,2027-06,12,17192853.076182142,13695183.006899476,22380031.758296095,gradient_boosting,Upside,upside,1.129528
FR,P03,2026-07,1,15747432.056051904,14104335.116655283,17915643.294580672,gradient_boosting,Upside,upside,1.0102016730379573
FR,P03,2026-08,2,15735719.681272,13664773.202628462,18769906.425752513,gradient_boosting,Upside,upside,1.0205074202086877
FR,P03,2026-09,3,13921168.094556866,12375329.360152029,16557012.214059146,gradient_boosting,Upside,upside,1.030918303242466
FR,P03,2026-10,4,12850066.944858253,11124022.201400762,16430780.171369003,gradient_boosting,Upside,upside,1.0414353947009913
FR,P03,2026-11,5,11465740.360438636,9329825.68005173,15516590.572607767,gradient_boosting,Upside,upside,1.0520597780878869
FR,P03,2026-12,6,12097272.784926044,10355500.67624986,15741759.42506329,gradient_boosting,Upside,upside,1.062792547960325
FR,P03,2027-01,7,12378320.00115816,9951645.470233956,16651040.259083252,gradient_boosting,Upside,upside,1.0736348100417938
FR,P03,2027-02,8,11748870.713189369,9067362.05238485,14750078.644351633,gradient_boosting,Upside,upside,1.0845876813360096
FR,P03,2027-03,9,12502859.58038777,9699380.364438822,16119097.660500638,gradient_boosting,Upside,upside,1.0956522902419956
FR,P03,2027-04,10,13815952.420933954,10313658.403251609,17370346.299381126,gradient_boosting,Upside,upside,1.1068297766703337
FR,P03,2027-05,11,15510067.625172636,11651790.780643009,20408044.34276674,gradient_boosting,Upside,upside,1.1181212921605994
FR,P03,2027-06,12,15185728.308855915,12096382.570205625,19767346.36881573,gradient_boosting,Upside,upside,1.129528
FR,P04,2026-07,1,1569787.5716102775,1405994.9516304093,1785926.3707969128,gradient_boosting,Upside,upside,1.0073458250304712
FR,P04,2026-08,2,1573519.8900830226,1366432.0961055192,1876928.5227589454,gradient_boosting,Upside,upside,1.0147456112063205
FR,P04,2026-09,3,1599640.9417077214,1422013.1081785455,1902518.1242024857,gradient_boosting,Upside,upside,1.0221997549166806
FR,P04,2026-10,4,1677407.9379161273,1452095.4032578932,2144823.151807579,gradient_boosting,Upside,upside,1.0297086554624888
FR,P04,2026-11,5,1653964.1449521657,1345852.6591709056,2238310.274977676,gradient_boosting,Upside,upside,1.0372727150778782
FR,P04,2026-12,6,1673991.1998289777,1432969.009632138,2178306.401440869,gradient_boosting,Upside,upside,1.0448923389517217
FR,P04,2027-01,7,1724583.8920879308,1386492.470394167,2319871.8254687097,gradient_boosting,Upside,upside,1.052567935249341
FR,P04,2027-02,8,1796012.9892013783,1386099.176799442,2254798.225608017,gradient_boosting,Upside,upside,1.0602999151343668
FR,P04,2027-03,9,1822203.6559612486,1413616.3208905698,2349244.8666571127,gradient_boosting,Upside,upside,1.0680886927907673
FR,P04,2027-04,10,1858694.8203186651,1387522.3993688275,2336876.366545757,gradient_boosting,Upside,upside,1.0759346854450327
FR,P04,2027-05,11,2055245.3153026595,1543983.4948196572,2704278.185214774,gradient_boosting,Upside,upside,1.083838313388527
FR,P04,2027-06,12,1777377.6827790826,1415792.5115849215,2313622.3412615634,gradient_boosting,Upside,upside,1.0918
FR,P05,2026-07,1,3999308.672558023,3582018.296819773,4549960.104443603,gradient_boosting,Upside,upside,1.0073458250304712
FR,P05,2026-08,2,3994774.2894695303,3469030.064526403,4765053.084580871,gradient_boosting,Upside,upside,1.0147456112063205
FR,P05,2026-09,3,4209791.557744084,3742326.556996355,5006876.561419078,gradient_boosting,Upside,upside,1.0221997549166806
FR,P05,2026-10,4,4153774.814359722,3595832.1036643106,5311237.766229903,gradient_boosting,Upside,upside,1.0297086554624888
FR,P05,2026-11,5,4321502.810856026,3516464.4090717775,5848291.315386223,gradient_boosting,Upside,upside,1.0372727150778782
FR,P05,2026-12,6,4269333.868656052,3654632.7879035636,5555535.355820215,gradient_boosting,Upside,upside,1.0448923389517217
FR,P05,2027-01,7,4255579.858540195,3421306.123811468,5724511.205370898,gradient_boosting,Upside,upside,1.052567935249341
FR,P05,2027-02,8,4269978.520224452,3295418.0996576226,5360729.5986582115,gradient_boosting,Upside,upside,1.0602999151343668
FR,P05,2027-03,9,4525120.0826833965,3510465.793405789,5833933.594893991,gradient_boosting,Upside,upside,1.0680886927907673
FR,P05,2027-04,10,4783216.7163915625,3570688.5619290913,6013782.347919633,gradient_boosting,Upside,upside,1.0759346854450327
FR,P05,2027-05,11,5200484.809205761,3906814.7489204295,6842763.497555975,gradient_boosting,Upside,upside,1.083838313388527
FR,P05,2027-06,12,4969275.640125473,3958338.909876746,6468533.532447959,gradient_boosting,Upside,upside,1.0918
FR,P06,2026-07,1,1965639.0112044427,1760543.0036920686,2236281.2708321735,gradient_boosting,Upside,upside,1.0094919475328417
FR,P06,2026-08,2,2059732.8024008516,1788655.5030793997,2456893.7898105597,gradient_boosting,Upside,upside,1.0190739921336496
FR,P06,2026-09,3,2106735.6759253903,1872798.8691231383,2505626.5452127755,gradient_boosting,Upside,upside,1.0287469889990652
FR,P06,2026-10,4,2222450.7858304884,1923927.0884103267,2841743.973814749,gradient_boosting,Upside,upside,1.0385118014432133
FR,P06,2026-11,5,2467306.7635453804,2007680.3834244828,3339007.1345985914,gradient_boosting,Upside,upside,1.048369300974749
FR,P06,2026-12,6,2292628.105818293,1962534.2275305158,2983317.0446400526,gradient_boosting,Upside,upside,1.0583203673746433
FR,P06,2027-01,7,2294958.168051501,1845049.2518636836,3087126.5927494285,gradient_boosting,Upside,upside,1.0683658887747012
FR,P06,2027-02,8,2309991.0081950244,1782769.1971743447,2900070.1318784305,gradient_boosting,Upside,upside,1.0785067617368282
FR,P06,2027-03,9,2496110.0128410505,1936414.6490141368,3218067.0997418757,gradient_boosting,Upside,upside,1.0887438913330492
FR,P06,2027-04,10,2590413.4986611973,1933753.036662341,3256842.3919988214,gradient_boosting,Upside,upside,1.0990781912262844
FR,P06,2027-05,11,2673168.537078752,2008192.4378516355,3517337.47129841,gradient_boosting,Upside,upside,1.1095105837518944
FR,P06,2027-06,12,2800502.4917949894,2230775.4254901805,3645429.5530731627,gradient_boosting,Upside,upside,1.120042
FR,P07,2026-07,1,4594114.086674978,4114761.3408948453,5226662.286175474,gradient_boosting,Upside,upside,1.0073458250304712
FR,P07,2026-08,2,4453684.098416038,3867543.674754154,5312450.620013431,gradient_boosting,Upside,upside,1.0147456112063205
FR,P07,2026-09,3,4687183.93293554,4166708.177625554,5574658.757083691,gradient_boosting,Upside,upside,1.0221997549166806
FR,P07,2026-10,4,4699135.864393691,4067939.2494394975,6008565.458419135,gradient_boosting,Upside,upside,1.0297086554624888
FR,P07,2026-11,5,4675111.763179023,3804200.7244223785,6326830.438331688,gradient_boosting,Upside,upside,1.0372727150778782
FR,P07,2026-12,6,4950257.391560763,4237516.560740408,6441597.402613852,gradient_boosting,Upside,upside,1.0448923389517217
FR,P07,2027-01,7,4798220.273406424,3857566.0545665394,6454459.000653118,gradient_boosting,Upside,upside,1.052567935249341
FR,P07,2027-02,8,4855170.698975398,3747048.6847999054,6095407.072719273,gradient_boosting,Upside,upside,1.0602999151343668
FR,P07,2027-03,9,5220873.2308965055,4050212.2714723228,6730921.429680187,gradient_boosting,Upside,upside,1.0680886927907673
FR,P07,2027-04,10,5178504.009167068,3865771.954273104,6510764.166766344,gradient_boosting,Upside,upside,1.0759346854450327
FR,P07,2027-05,11,5415846.488041704,4068603.161750545,7126134.969404582,gradient_boosting,Upside,upside,1.083838313388527
FR,P07,2027-06,12,5735524.10336127,4568703.744978334,7465963.386933215,gradient_boosting,Upside,upside,1.0918
GR,P01,2026-07,1,619093.4451264247,554496.8466926625,704334.3504781475,gradient_boosting,Upside,upside,1.002974840873398
GR,P01,2026-08,2,497246.7272301899,431805.08365541423,593126.6398784687,gradient_boosting,Upside,upside,1.0059585314250183
GR,P01,2026-09,3,496083.37676066166,440997.13011223415,590012.1651019712,gradient_boosting,Upside,upside,1.0089510979812448
GR,P01,2026-10,4,447091.91477772896,387037.70240234304,571675.540651461,gradient_boosting,Upside,upside,1.0119525669467793
GR,P01,2026-11,5,365298.42485890136,297248.1948824316,494358.4903519699,gradient_boosting,Upside,upside,1.0149629648048728
GR,P01,2026-12,6,573817.2357140279,491198.70884326496,746688.3684577742,gradient_boosting,Upside,upside,1.0179823181175596
GR,P01,2027-01,7,370558.2875289311,297913.1823381451,498466.75182123866,gradient_boosting,Upside,upside,1.0210106535258918
GR,P01,2027-02,8,385308.50337743707,297367.44809555897,483734.2129209469,gradient_boosting,Upside,upside,1.0240479977501757
GR,P01,2027-03,9,461135.6306145562,357736.55235974595,594511.2169597002,gradient_boosting,Upside,upside,1.0270943775902046
GR,P01,2027-04,10,530729.2744975439,396191.3210904934,667268.6043180831,gradient_boosting,Upside,upside,1.0301498199254973
GR,P01,2027-05,11,526167.8599242258,395278.60016455076,692328.188153387,gradient_boosting,Upside,upside,1.033214351715535
GR,P01,2027-06,12,453534.05739777297,361268.24840542534,590367.7861408785,gradient_boosting,Upside,upside,1.036288
GR,P02,2026-07,1,2867575.63192848,2568370.991607504,3262402.5275358255,gradient_boosting,Upside,upside,1.0102016730379573
GR,P02,2026-08,2,3074806.4788520257,2670137.3706785,3667695.6030195877,gradient_boosting,Upside,upside,1.0205074202086877
GR,P02,2026-09,3,3153573.159544369,2803393.0950058764,3750673.001421528,gradient_boosting,Upside,upside,1.030918303242466
GR,P02,2026-10,4,3378652.5059185834,2924825.656390479,4320125.088718408,gradient_boosting,Upside,upside,1.0414353947009913
GR,P02,2026-11,5,3744660.8178423382,3047080.39455835,5067650.837815,gradient_boosting,Upside,upside,1.0520597780878869
GR,P02,2026-12,6,3923611.6368003506,3358687.836555737,5105659.065641009,gradient_boosting,Upside,upside,1.062792547960325
GR,P02,2027-01,7,2789245.1339170374,2242435.0557846697,3752030.4058191413,gradient_boosting,Upside,upside,1.0736348100417938
GR,P02,2027-02,8,2697770.0672200304,2082043.3325655537,3386905.995246171,gradient_boosting,Upside,upside,1.0845876813360096
GR,P02,2027-03,9,2956210.8205543566,2293348.4137504175,3811244.1889926847,gradient_boosting,Upside,upside,1.0956522902419956
GR,P02,2027-04,10,2736293.612755767,2042653.0689409014,3440252.7008079626,gradient_boosting,Upside,upside,1.1068297766703337
GR,P02,2027-05,11,2781421.2500526635,2089516.2588362638,3659775.674663226,gradient_boosting,Upside,upside,1.1181212921605994
GR,P02,2027-06,12,2779352.499761207,2213928.1337571763,3617898.4916893197,gradient_boosting,Upside,upside,1.129528
GR,P03,2026-07,1,2858183.424879802,2559958.7733341972,3251717.1389191905,gradient_boosting,Upside,upside,1.0102016730379573
GR,P03,2026-08,2,2962139.9575033854,2572298.6640325882,3533304.542053631,gradient_boosting,Upside,upside,1.0205074202086877
GR,P03,2026-09,3,2770085.813962109,2462489.072096585,3294575.88215571,gradient_boosting,Upside,upside,1.030918303242466
GR,P03,2026-10,4,2613757.3284773803,2262672.6129773525,3342089.3657445684,gradient_boosting,Upside,upside,1.0414353947009913
GR,P03,2026-11,5,2638349.7431711736,2146860.3346129325,3570479.660727797,gradient_boosting,Upside,upside,1.0520597780878869
GR,P03,2026-12,6,2576504.9516804144,2205538.3261865294,3352716.0896442784,gradient_boosting,Upside,upside,1.062792547960325
GR,P03,2027-01,7,2452327.5102579985,1971567.5436332019,3298816.3254741174,gradient_boosting,Upside,upside,1.0736348100417938
GR,P03,2027-02,8,2411517.917807218,1861124.0680369597,3027531.7354533765,gradient_boosting,Upside,upside,1.0845876813360096
GR,P03,2027-03,9,2338736.6007622974,1814328.611561091,3015176.1225095335,gradient_boosting,Upside,upside,1.0956522902419956
GR,P03,2027-04,10,2505069.202297202,1870043.211053039,3149541.7921304116,gradient_boosting,Upside,upside,1.1068297766703337
GR,P03,2027-05,11,2871656.177011729,2157304.38945197,3778506.1944230604,gradient_boosting,Upside,upside,1.1181212921605994
GR,P03,2027-06,12,3021792.9084004485,2407047.085560562,3933484.5099492613,gradient_boosting,Upside,upside,1.129528
GR,P04,2026-07,1,559727.4976366785,501325.17940540146,636794.504280662,gradient_boosting,Upside,upside,1.0073458250304712
GR,P04,2026-08,2,598727.3749907004,519930.0670810917,714174.9491436956,gradient_boosting,Upside,upside,1.0147456112063205
GR,P04,2026-09,3,562579.2948900216,500109.1875464294,669098.4688643233,gradient_boosting,Upside,upside,1.0221997549166806
GR,P04,2026-10,4,601621.2267726975,520810.35158585885,769264.9513773078,gradient_boosting,Upside,upside,1.0297086554624888
GR,P04,2026-11,5,676701.8366348571,550641.2996197072,915780.8400253266,gradient_boosting,Upside,upside,1.0372727150778782
GR,P04,2026-12,6,656011.1816257896,561558.3244033514,853644.4854060394,gradient_boosting,Upside,upside,1.0448923389517217
GR,P04,2027-01,7,547935.8845613404,440517.2643026929,737071.1431255313,gradient_boosting,Upside,upside,1.052567935249341
GR,P04,2027-02,8,536757.3273300168,414250.28328109934,673870.1092490377,gradient_boosting,Upside,upside,1.0602999151343668
GR,P04,2027-03,9,611638.9450289052,474492.953823564,788545.0383967865,gradient_boosting,Upside,upside,1.0680886927907673
GR,P04,2027-04,10,521561.8793457054,389347.8274852008,655742.7374361574,gradient_boosting,Upside,upside,1.0759346854450327
GR,P04,2027-05,11,589593.7275540916,442926.6799514194,775783.5250577836,gradient_boosting,Upside,upside,1.083838313388527
GR,P04,2027-06,12,593460.627801898,472728.51510583947,772510.9752670645,gradient_boosting,Upside,upside,1.0918
GR,P05,2026-07,1,966607.6154573408,865751.1704889023,1099696.584352219,gradient_boosting,Upside,upside,1.0073458250304712
GR,P05,2026-08,2,1086584.2072600406,943581.0410017457,1296101.119432422,gradient_boosting,Upside,upside,1.0147456112063205
GR,P05,2026-09,3,1069905.3120611121,951100.5492498484,1272481.9641111067,gradient_boosting,Upside,upside,1.0221997549166806
GR,P05,2026-10,4,1111784.270581727,962447.3523904824,1421586.5976654408,gradient_boosting,Upside,upside,1.0297086554624888
GR,P05,2026-11,5,1098853.7366071197,894151.924614635,1487079.1587906291,gradient_boosting,Upside,upside,1.0372727150778782
GR,P05,2026-12,6,1104113.3274086458,945142.4723499456,1436744.1891308308,gradient_boosting,Upside,upside,1.0448923389517217
GR,P05,2027-01,7,1125792.0374798528,905089.1582350105,1514390.364579239,gradient_boosting,Upside,upside,1.052567935249341
GR,P05,2027-02,8,1077130.6650133005,831291.2752063439,1352279.9260488276,gradient_boosting,Upside,upside,1.0602999151343668
GR,P05,2027-03,9,1164063.6602833678,903049.109438939,1500749.1448260753,gradient_boosting,Upside,upside,1.0680886927907673
GR,P05,2027-04,10,1069136.1256898693,798113.9809249421,1344189.9753702455,gradient_boosting,Upside,upside,1.0759346854450327
GR,P05,2027-05,11,1108482.3426895638,832736.8167043736,1458533.7310887952,gradient_boosting,Upside,upside,1.083838313388527
GR,P05,2027-06,12,1067939.0142398877,850680.231804253,1390142.110137748,gradient_boosting,Upside,upside,1.0918
GR,P07,2026-07,1,1165823.4296174422,1044180.681627612,1326341.7575098458,gradient_boosting,Upside,upside,1.0073458250304712
GR,P07,2026-08,2,1254169.9646359622,1089111.1732687927,1496001.0317305957,gradient_boosting,Upside,upside,1.0147456112063205
GR,P07,2026-09,3,1261923.9887304592,1121797.0275154067,1500857.5970570901,gradient_boosting,Upside,upside,1.0221997549166806
GR,P07,2026-10,4,1292033.606915524,1118485.2647040228,1652063.0017219058,gradient_boosting,Upside,upside,1.0297086554624888
GR,P07,2026-11,5,1263934.6093351638,1028480.4299920701,1710483.16350087,gradient_boosting,Upside,upside,1.0372727150778782
GR,P07,2026-12,6,1334088.753481104,1142005.9078163016,1736003.195294607,gradient_boosting,Upside,upside,1.0448923389517217
GR,P07,2027-01,7,1326740.0552307288,1066642.8610327968,1784701.1606517069,gradient_boosting,Upside,upside,1.052567935249341
GR,P07,2027-02,8,1463499.140811752,1129476.7724524557,1837344.877638407,gradient_boosting,Upside,upside,1.0602999151343668
GR,P07,2027-03,9,1212867.2549815264,940909.618475758,1563668.343755342,gradient_boosting,Upside,upside,1.0680886927907673
GR,P07,2027-04,10,1346678.7476753874,1005300.5510787441,1693135.2604902112,gradient_boosting,Upside,upside,1.0759346854450327
GR,P07,2027-05,11,1405879.8945299964,1056153.8988514661,1849847.4617613435,gradient_boosting,Upside,upside,1.083838313388527
GR,P07,2027-06,12,1406296.8905789414,1120203.446930698,1830584.4255919547,gradient_boosting,Upside,upside,1.0918
HR,P05,2026-07,1,188176.68064903782,168542.20774325228,214086.09828360903,gradient_boosting,Upside,upside,1.0073458250304712
HR,P05,2026-08,2,184017.03287598863,159798.92058344965,219499.49273293914,gradient_boosting,Upside,upside,1.0147456112063205
HR,P05,2026-09,3,198703.16653825075,176638.7069040177,236325.76900155377,gradient_boosting,Upside,upside,1.0221997549166806
HR,P05,2026-10,4,200423.1014007884,173501.8999685499,256271.6548101749,gradient_boosting,Upside,upside,1.0297086554624888
HR,P05,2026-11,5,205175.9075208495,166954.36934198186,277664.6297825693,gradient_boosting,Upside,upside,1.0372727150778782
HR,P05,2026-12,6,200404.11700582333,171549.82003571859,260778.89238216358,gradient_boosting,Upside,upside,1.0448923389517217
HR,P05,2027-01,7,200323.4592551093,161051.5841964969,269470.65390000894,gradient_boosting,Upside,upside,1.052567935249341
HR,P05,2027-02,8,199373.5356984356,153869.42932416053,250302.8080692927,gradient_boosting,Upside,upside,1.0602999151343668
HR,P05,2027-03,9,208501.75470932154,161750.0230707951,268807.3176329369,gradient_boosting,Upside,upside,1.0680886927907673
HR,P05,2027-04,10,210618.48104940247,157227.4571287512,264803.7458014384,gradient_boosting,Upside,upside,1.0759346854450327
HR,P05,2027-05,11,235895.01793594973,177213.8885277828,310389.10355628014,gradient_boosting,Upside,upside,1.083838313388527
HR,P05,2027-06,12,205618.41368242,163787.92935014272,267654.6241576382,gradient_boosting,Upside,upside,1.0918
HR,P06,2026-07,1,150993.71316720714,135238.93441406923,171783.53240065541,gradient_boosting,Upside,upside,1.0094919475328417
HR,P06,2026-08,2,144094.6906611153,125130.67768552675,171879.2603668356,gradient_boosting,Upside,upside,1.0190739921336496
HR,P06,2026-09,3,152995.47950542223,136006.50725812954,181963.75517206526,gradient_boosting,Upside,upside,1.0287469889990652
HR,P06,2026-10,4,152030.637319661,131609.60110902143,194394.47217136915,gradient_boosting,Upside,upside,1.0385118014432133
HR,P06,2026-11,5,166349.0232196614,135360.41632700502,225120.19322875742,gradient_boosting,Upside,upside,1.048369300974749
HR,P06,2026-12,6,125690.66956006245,107593.65658426637,163556.88735522918,gradient_boosting,Upside,upside,1.0583203673746433
HR,P06,2027-01,7,127798.47008496599,102744.56192802309,171911.6544276537,gradient_boosting,Upside,upside,1.0683658887747012
HR,P06,2027-02,8,146408.2152543124,112992.67202455833,183807.68176774326,gradient_boosting,Upside,upside,1.0785067617368282
HR,P06,2027-03,9,159859.25443761723,124014.48673375929,206095.8069349808,gradient_boosting,Upside,upside,1.0887438913330492
HR,P06,2027-04,10,135339.70697316233,101031.58027689611,170158.1987658348,gradient_boosting,Upside,upside,1.0990781912262844
HR,P06,2027-05,11,157049.4033427425,117981.87049839408,206644.56563825416,gradient_boosting,Upside,upside,1.1095105837518944
HR,P06,2027-06,12,176189.70354899723,140346.12075977237,229347.10972281205,gradient_boosting,Upside,upside,1.120042
HU,P01,2026-07,1,1004200.8033011173,899421.8615301265,1142465.8524664084,gradient_boosting,Upside,upside,1.002974840873398
HU,P01,2026-08,2,856583.5403925771,743850.3001867738,1021751.3545404491,gradient_boosting,Upside,upside,1.0059585314250183
HU,P01,2026-09,3,987850.5461621332,878157.334522984,1174890.8889956244,gradient_boosting,Upside,upside,1.0089510979812448
HU,P01,2026-10,4,1009268.931313759,873702.0629772383,1290505.023465605,gradient_boosting,Upside,upside,1.0119525669467793
HU,P01,2026-11,5,988408.9659101886,804281.5433324068,1337614.2107003285,gradient_boosting,Upside,upside,1.0149629648048728
HU,P01,2026-12,6,999577.1821599038,855657.4998225183,1300714.946921821,gradient_boosting,Upside,upside,1.0179823181175596
HU,P01,2027-01,7,964924.5091854206,775758.4728827791,1297994.9498735934,gradient_boosting,Upside,upside,1.0210106535258918
HU,P01,2027-02,8,987524.1274767034,762136.1250698438,1239783.7119038287,gradient_boosting,Upside,upside,1.0240479977501757
HU,P01,2027-03,9,931900.6088748528,722943.292229552,1201436.9055137287,gradient_boosting,Upside,upside,1.0270943775902046
HU,P01,2027-04,10,1113883.907808912,831518.3619634619,1400449.9021458533,gradient_boosting,Upside,upside,1.0301498199254973
HU,P01,2027-05,11,1066202.7807910899,800974.6979668171,1402902.5633293183,gradient_boosting,Upside,upside,1.033214351715535
HU,P01,2027-06,12,1014487.6521945797,808102.8781832511,1320564.1770979213,gradient_boosting,Upside,upside,1.036288
HU,P02,2026-07,1,2615257.884609052,2342380.2363271792,2975343.993688729,gradient_boosting,Upside,upside,1.0102016730379573
HU,P02,2026-08,2,2662978.5147650773,2312509.258222606,3176458.3093977347,gradient_boosting,Upside,upside,1.0205074202086877
HU,P02,2026-09,3,2691512.181441278,2392640.437638315,3201125.0607509273,gradient_boosting,Upside,upside,1.030918303242466
HU,P02,2026-10,4,2756314.8088389956,2386081.509080644,3524370.9547555265,gradient_boosting,Upside,upside,1.0414353947009913
HU,P02,2026-11,5,3362579.8232549694,2736175.9991072947,4550580.489785581,gradient_boosting,Upside,upside,1.0520597780878869
HU,P02,2026-12,6,3186858.2939084503,2728012.652471834,4146947.620044194,gradient_boosting,Upside,upside,1.062792547960325
HU,P02,2027-01,7,2766105.4713716074,2223831.746294252,3720903.447347434,gradient_boosting,Upside,upside,1.0736348100417938
HU,P02,2027-02,8,2690804.7246043473,2076667.7279770714,3378161.3802211,gradient_boosting,Upside,upside,1.0845876813360096
HU,P02,2027-03,9,2813792.404095112,2182864.0574911414,3627633.683827816,gradient_boosting,Upside,upside,1.0956522902419956
HU,P02,2027-04,10,2942047.1411664444,2196248.8213463663,3698939.900352576,gradient_boosting,Upside,upside,1.1068297766703337
HU,P02,2027-05,11,3310171.251054157,2486734.6679252833,4355501.42695867,gradient_boosting,Upside,upside,1.1181212921605994
HU,P02,2027-06,12,3152068.179127539,2510819.488312756,4103064.5490081618,gradient_boosting,Upside,upside,1.129528
HU,P03,2026-07,1,3000984.327463544,2687859.7401605886,3414179.820055273,gradient_boosting,Upside,upside,1.0102016730379573
HU,P03,2026-08,2,3150677.4155337387,2736023.0856903465,3758196.0955801434,gradient_boosting,Upside,upside,1.0205074202086877
HU,P03,2026-09,3,2877141.0914827595,2557656.6837554467,3421901.083995773,gradient_boosting,Upside,upside,1.030918303242466
HU,P03,2026-10,4,2465108.9622978987,2133990.9700973392,3152019.645640462,gradient_boosting,Upside,upside,1.0414353947009913
HU,P03,2026-11,5,2598655.875426694,2114560.905620032,3516761.9351669187,gradient_boosting,Upside,upside,1.0520597780878869
HU,P03,2026-12,6,2510984.679934748,2149451.699850735,3267456.8437281037,gradient_boosting,Upside,upside,1.062792547960325
HU,P03,2027-01,7,2324885.009549241,1869109.1660201713,3127383.513119838,gradient_boosting,Upside,upside,1.0736348100417938
HU,P03,2027-02,8,2386398.896273996,1841738.0974016981,2995996.147725081,gradient_boosting,Upside,upside,1.0845876813360096
HU,P03,2027-03,9,2580921.223898222,2002208.8931167084,3327408.5015984806,gradient_boosting,Upside,upside,1.0956522902419956
HU,P03,2027-04,10,2744278.5010391297,2048613.8168961382,3450291.8403777927,gradient_boosting,Upside,upside,1.1068297766703337
HU,P03,2027-05,11,3165476.842914141,2378034.3700593887,4165113.4822485335,gradient_boosting,Upside,upside,1.1181212921605994
HU,P03,2027-06,12,3638155.796488117,2898018.6836785967,4735807.483856759,gradient_boosting,Upside,upside,1.129528
HU,P04,2026-07,1,709476.9580696039,635449.6871960276,807162.4669505605,gradient_boosting,Upside,upside,1.0073458250304712
HU,P04,2026-08,2,704968.8238131404,612189.2920979895,840902.0447786618,gradient_boosting,Upside,upside,1.0147456112063205
HU,P04,2026-09,3,737455.4006729317,655566.6456839025,877085.7440504369,gradient_boosting,Upside,upside,1.0221997549166806
HU,P04,2026-10,4,748372.6881208365,647849.8853976192,956909.1879081723,gradient_boosting,Upside,upside,1.0297086554624888
HU,P04,2026-11,5,788962.742467486,641989.4942567486,1067703.5644509771,gradient_boosting,Upside,upside,1.0372727150778782
HU,P04,2026-12,6,834902.2196825707,714692.5306419983,1086429.1579893238,gradient_boosting,Upside,upside,1.0448923389517217
HU,P04,2027-01,7,846245.9111426899,680345.9021530552,1138351.1441135083,gradient_boosting,Upside,upside,1.052567935249341
HU,P04,2027-02,8,889454.8546523899,686449.7357461533,1116662.9863408932,gradient_boosting,Upside,upside,1.0602999151343668
HU,P04,2027-03,9,876552.2471522208,680005.5299164841,1130079.9777469572,gradient_boosting,Upside,upside,1.0680886927907673
HU,P04,2027-04,10,860055.3338400405,642034.4143397876,1081319.5160396653,gradient_boosting,Upside,upside,1.0759346854450327
HU,P04,2027-05,11,936692.0315480975,703680.979429154,1232493.1765174724,gradient_boosting,Upside,upside,1.083838313388527
HU,P04,2027-06,12,947002.1034582045,754346.4169274952,1232717.8657699649,gradient_boosting,Upside,upside,1.0918
HU,P05,2026-07,1,1366786.794452651,1224175.4029077166,1554975.095748801,gradient_boosting,Upside,upside,1.0073458250304712
HU,P05,2026-08,2,1422319.6718916008,1235131.0351039863,1696573.6356301387,gradient_boosting,Upside,upside,1.0147456112063205
HU,P05,2026-09,3,1423851.78730123,1265743.988450471,1693444.9231005304,gradient_boosting,Upside,upside,1.0221997549166806
HU,P05,2026-10,4,1475104.4633141775,1276965.7052921501,1886147.1516472208,gradient_boosting,Upside,upside,1.0297086554624888
HU,P05,2026-11,5,1448891.9494648955,1178982.6816923185,1960785.998727623,gradient_boosting,Upside,upside,1.0372727150778782
HU,P05,2026-12,6,1489102.632449167,1274700.8017003285,1937717.3529931717,gradient_boosting,Upside,upside,1.0448923389517217
HU,P05,2027-01,7,1442575.2333879946,1159769.4424989927,1940520.0613372803,gradient_boosting,Upside,upside,1.052567935249341
HU,P05,2027-02,8,1574885.9333172005,1215441.1515111984,1977185.0367060388,gradient_boosting,Upside,upside,1.0602999151343668
HU,P05,2027-03,9,1548875.8812001792,1201576.0244665537,1996861.7125175581,gradient_boosting,Upside,upside,1.0680886927907673
HU,P05,2027-04,10,1559116.9046393523,1163886.4028527306,1960226.8254607935,gradient_boosting,Upside,upside,1.0759346854450327
HU,P05,2027-05,11,1666738.5060882727,1252121.4496487973,2193083.496608394,gradient_boosting,Upside,upside,1.083838313388527
HU,P05,2027-06,12,1482788.8372688573,1181134.0675688535,1930154.4148536995,gradient_boosting,Upside,upside,1.0918
HU,P06,2026-07,1,827034.6061970564,740741.2965716793,940906.2343727455,gradient_boosting,Upside,upside,1.0094919475328417
HU,P06,2026-08,2,848969.0053296398,737237.8987977011,1012668.572595811,gradient_boosting,Upside,upside,1.0190739921336496
HU,P06,2026-09,3,853863.1479950786,759048.207245406,1015534.2191448142,gradient_boosting,Upside,upside,1.0287469889990652
HU,P06,2026-10,4,845901.6702390073,732278.5943699612,1081614.9402126183,gradient_boosting,Upside,upside,1.0385118014432133
HU,P06,2026-11,5,884894.5744209541,720050.5039393046,1197528.147295903,gradient_boosting,Upside,upside,1.048369300974749
HU,P06,2026-12,6,883377.3497030422,756188.1843015401,1149508.155086238,gradient_boosting,Upside,upside,1.0583203673746433
HU,P06,2027-01,7,958559.9754123376,770641.657055823,1289433.5208528554,gradient_boosting,Upside,upside,1.0683658887747012
HU,P06,2027-02,8,974465.8707189442,752058.225271127,1223389.7691294942,gradient_boosting,Upside,upside,1.0785067617368282
HU,P06,2027-03,9,1022486.2405549336,793217.1757014812,1318222.8802982331,gradient_boosting,Upside,upside,1.0887438913330492
HU,P06,2027-04,10,1045979.8762198619,780827.7570253676,1315076.378273644,gradient_boosting,Upside,upside,1.0990781912262844
HU,P06,2027-05,11,1099951.534729307,826328.1283643286,1447308.9504276207,gradient_boosting,Upside,upside,1.1095105837518944
HU,P06,2027-06,12,1094415.7596123153,871770.615796704,1424607.0357475718,gradient_boosting,Upside,upside,1.120042
HU,P07,2026-07,1,1066685.2099854155,955386.6060233105,1213553.528072488,gradient_boosting,Upside,upside,1.0073458250304712
HU,P07,2026-08,2,1090311.791050715,946818.0449726529,1300547.4619170546,gradient_boosting,Upside,upside,1.0147456112063205
HU,P07,2026-09,3,1129397.602720806,1003986.6782228526,1343238.568471056,gradient_boosting,Upside,upside,1.0221997549166806
HU,P07,2026-10,4,1159235.259722836,1003524.6369641114,1482259.9602897149,gradient_boosting,Upside,upside,1.0297086554624888
HU,P07,2026-11,5,1218851.3671212757,991795.5951951451,1649471.9955232404,gradient_boosting,Upside,upside,1.0372727150778782
HU,P07,2026-12,6,1159775.6281888667,992790.4838992466,1509175.6010288561,gradient_boosting,Upside,upside,1.0448923389517217
HU,P07,2027-01,7,1214612.3543994718,976496.9344481936,1633869.4758572422,gradient_boosting,Upside,upside,1.052567935249341
HU,P07,2027-02,8,1319196.2469791526,1018108.9128914378,1656180.3142860401,gradient_boosting,Upside,upside,1.0602999151343668
HU,P07,2027-03,9,1316332.945046111,1021175.502944279,1697059.7133007725,gradient_boosting,Upside,upside,1.0680886927907673
HU,P07,2027-04,10,1361204.7137624787,1016144.2372492665,1711398.2838112472,gradient_boosting,Upside,upside,1.0759346854450327
HU,P07,2027-05,11,1451639.0452908059,1090530.025626021,1910057.0495195757,gradient_boosting,Upside,upside,1.083838313388527
HU,P07,2027-06,12,1430653.0072404863,1139604.6174949566,1862288.9171023993,gradient_boosting,Upside,upside,1.0918
IT,P01,2026-07,1,112634.666293663,100882.29455468137,128142.95668898513,gradient_boosting,Upside,upside,1.002974840873398
IT,P01,2026-08,2,98264.5950819986,85332.18898413221,117212.13214345215,gradient_boosting,Upside,upside,1.0059585314250183
IT,P01,2026-09,3,76293.10243463691,67821.33971254963,90738.49408891561,gradient_boosting,Upside,upside,1.0089510979812448
IT,P01,2026-10,4,95122.79837733753,82345.72827904776,121629.07758615802,gradient_boosting,Upside,upside,1.0119525669467793
IT,P01,2026-11,5,59022.1855785206,48027.13870996761,79874.74506943596,gradient_boosting,Upside,upside,1.0149629648048728
IT,P01,2026-12,6,60266.95114698632,51589.68177817686,78423.28292539205,gradient_boosting,Upside,upside,1.0179823181175596
IT,P01,2027-01,7,64218.058213294076,51628.601301772316,86384.70103937079,gradient_boosting,Upside,upside,1.0210106535258918
IT,P01,2027-02,8,63215.30970759421,48787.33576742156,79363.43947229807,gradient_boosting,Upside,upside,1.0240479977501757
IT,P01,2027-03,9,30157.130659994356,23395.08646727466,38879.56440232618,gradient_boosting,Upside,upside,1.0270943775902046
IT,P01,2027-04,10,50412.34944045056,37633.00101166764,63381.80248936055,gradient_boosting,Upside,upside,1.0301498199254973
IT,P01,2027-05,11,51529.10065002989,38710.74674841471,67801.64963961563,gradient_boosting,Upside,upside,1.033214351715535
IT,P01,2027-06,12,100338.95207572075,79926.2522228602,130611.76781413161,gradient_boosting,Upside,upside,1.036288
IT,P02,2026-07,1,4386378.395666442,3928700.922202749,4990324.162828444,gradient_boosting,Upside,upside,1.0102016730379573
IT,P02,2026-08,2,4537885.198362893,3940663.236966172,5412887.511300258,gradient_boosting,Upside,upside,1.0205074202086877
IT,P02,2026-09,3,4633375.955383656,4118875.1624729973,5510662.73782086,gradient_boosting,Upside,upside,1.030918303242466
IT,P02,2026-10,4,5188606.158419329,4491662.988859083,6634428.252446727,gradient_boosting,Upside,upside,1.0414353947009913
IT,P02,2026-11,5,6276397.957157696,5107188.633100521,8493851.623223225,gradient_boosting,Upside,upside,1.0520597780878869
IT,P02,2026-12,6,5964047.647213692,5105340.727776715,7760807.326676036,gradient_boosting,Upside,upside,1.062792547960325
IT,P02,2027-01,7,5045170.769002819,4056103.8028751924,6786651.304923117,gradient_boosting,Upside,upside,1.0736348100417938
IT,P02,2027-02,8,5298033.844168885,4088834.7657905896,6651398.059406672,gradient_boosting,Upside,upside,1.0845876813360096
IT,P02,2027-03,9,5515764.119982995,4278980.648887684,7111104.459795413,gradient_boosting,Upside,upside,1.0956522902419956
IT,P02,2027-04,10,5545529.931887235,4139758.1317543183,6972213.886934692,gradient_boosting,Upside,upside,1.1068297766703337
IT,P02,2027-05,11,5863891.363721509,4405192.6130619915,7715669.451870843,gradient_boosting,Upside,upside,1.1181212921605994
IT,P02,2027-06,12,6499180.982174244,5177004.220965634,8460019.761669058,gradient_boosting,Upside,upside,1.129528
IT,P03,2026-07,1,1498413.8955950157,1342068.4497446648,1704725.4921037434,gradient_boosting,Upside,upside,1.0102016730379573
IT,P03,2026-08,2,1603418.7003905599,1392395.9840087309,1912592.4696950177,gradient_boosting,Upside,upside,1.0205074202086877
IT,P03,2026-09,3,1294871.5300542165,1151085.9975730372,1540043.4498831877,gradient_boosting,Upside,upside,1.030918303242466
IT,P03,2026-10,4,1297399.8238550525,1123130.6814655853,1658924.532581132,gradient_boosting,Upside,upside,1.0414353947009913
IT,P03,2026-11,5,1275089.502612379,1037557.315259339,1725579.0846034354,gradient_boosting,Upside,upside,1.0520597780878869
IT,P03,2026-12,6,1262208.5065789483,1080475.0191079148,1642467.9353839739,gradient_boosting,Upside,upside,1.062792547960325
IT,P03,2027-01,7,1189396.5923295326,956224.5287939264,1599949.7945635982,gradient_boosting,Upside,upside,1.0736348100417938
IT,P03,2027-02,8,1208633.8562090287,932780.7778763386,1517375.147493617,gradient_boosting,Upside,upside,1.0845876813360096
IT,P03,2027-03,9,1228256.4331632433,952848.1267602737,1583508.5782577796,gradient_boosting,Upside,upside,1.0956522902419956
IT,P03,2027-04,10,1335073.9744829105,996637.5459591645,1678544.957705608,gradient_boosting,Upside,upside,1.1068297766703337
IT,P03,2027-05,11,1553663.8281474945,1167175.1733465446,2044300.583649703,gradient_boosting,Upside,upside,1.1181212921605994
IT,P03,2027-06,12,1740773.3595166053,1386634.878253092,2265974.291605392,gradient_boosting,Upside,upside,1.129528
IT,P04,2026-07,1,1582264.290589347,1417169.841924316,1800120.9674727453,gradient_boosting,Upside,upside,1.0073458250304712
IT,P04,2026-08,2,1655065.8220092603,1437245.9316300054,1974198.2722625495,gradient_boosting,Upside,upside,1.0147456112063205
IT,P04,2026-09,3,1631545.3844841197,1450374.8077664145,1940463.3774415522,gradient_boosting,Upside,upside,1.0221997549166806
IT,P04,2026-10,4,1702323.6934474637,1473664.4284532182,2176681.764194246,gradient_boosting,Upside,upside,1.0297086554624888
IT,P04,2026-11,5,1660341.1172097856,1351041.686452162,2246940.2338380544,gradient_boosting,Upside,upside,1.0372727150778782
IT,P04,2026-12,6,1777986.7196057872,1521991.196245771,2313632.1465667323,gradient_boosting,Upside,upside,1.0448923389517217
IT,P04,2027-01,7,1741391.5684808795,1400005.1309672815,2342481.1372537054,gradient_boosting,Upside,upside,1.052567935249341
IT,P04,2027-02,8,1726676.6279789994,1332587.8303946794,2167750.1334203016,gradient_boosting,Upside,upside,1.0602999151343668
IT,P04,2027-03,9,1949034.3569403305,1512008.1489979734,2512759.176506554,gradient_boosting,Upside,upside,1.0680886927907673
IT,P04,2027-04,10,1853165.0484173158,1383394.404663808,2329923.964716587,gradient_boosting,Upside,upside,1.0759346854450327
IT,P04,2027-05,11,2086621.8602037115,1567554.8257410747,2745563.235360154,gradient_boosting,Upside,upside,1.083838313388527
IT,P04,2027-06,12,2340843.3766748705,1864628.1854442367,3047088.745483191,gradient_boosting,Upside,upside,1.0918
IT,P05,2026-07,1,6087329.254629274,5452173.501502085,6925473.255221407,gradient_boosting,Upside,upside,1.0073458250304712
IT,P05,2026-08,2,6054802.051324555,5257941.708038326,7222298.708401336,gradient_boosting,Upside,upside,1.0147456112063205
IT,P05,2026-09,3,6060336.5998511985,5387382.7933926545,7207805.151370811,gradient_boosting,Upside,upside,1.0221997549166806
IT,P05,2026-10,4,6056796.98960693,5243236.822880847,7744543.301283072,gradient_boosting,Upside,upside,1.0297086554624888
IT,P05,2026-11,5,6217976.633446226,5059650.423696568,8414790.024735572,gradient_boosting,Upside,upside,1.0372727150778782
IT,P05,2026-12,6,5988561.571414867,5126325.1234463835,7792706.441807175,gradient_boosting,Upside,upside,1.0448923389517217
IT,P05,2027-01,7,6112426.6579104625,4914132.3747197185,8222300.146711191,gradient_boosting,Upside,upside,1.052567935249341
IT,P05,2027-02,8,6088348.904406079,4698771.921587044,7643596.3375975825,gradient_boosting,Upside,upside,1.0602999151343668
IT,P05,2027-03,9,6258977.314611715,4855545.347565206,8069279.346889638,gradient_boosting,Upside,upside,1.0680886927907673
IT,P05,2027-04,10,6236202.100657416,4655347.401339184,7840573.474848764,gradient_boosting,Upside,upside,1.0759346854450327
IT,P05,2027-05,11,6232133.65951565,4681831.13527019,8200200.227820016,gradient_boosting,Upside,upside,1.083838313388527
IT,P05,2027-06,12,6254065.681468522,4981754.550298322,8140951.821640078,gradient_boosting,Upside,upside,1.0918
IT,P06,2026-07,1,3343326.9353890037,2994482.1056169784,3803658.436397163,gradient_boosting,Upside,upside,1.0094919475328417
IT,P06,2026-08,2,3494957.3675144943,3034993.0443143523,4168860.66090233,gradient_boosting,Upside,upside,1.0190739921336496
IT,P06,2026-09,3,3452478.084458557,3069106.9250565963,4106172.8028054126,gradient_boosting,Upside,upside,1.0287469889990652
IT,P06,2026-10,4,3517074.4130758056,3044654.47712618,4497118.713511315,gradient_boosting,Upside,upside,1.0385118014432133
IT,P06,2026-11,5,3655039.204538374,2974154.0938568227,4946365.876148471,gradient_boosting,Upside,upside,1.048369300974749
IT,P06,2026-12,6,3749580.4906770927,3209713.7922890354,4879198.401039478,gradient_boosting,Upside,upside,1.0583203673746433
IT,P06,2027-01,7,3715375.4170994298,2987004.612607907,4997840.227263679,gradient_boosting,Upside,upside,1.0683658887747012
IT,P06,2027-02,8,3649376.2355902055,2816459.24968077,4581596.63101536,gradient_boosting,Upside,upside,1.0785067617368282
IT,P06,2027-03,9,3942414.6247190596,3058418.6564375167,5082690.559343352,gradient_boosting,Upside,upside,1.0887438913330492
IT,P06,2027-04,10,4047141.3792911554,3021205.663130958,5088338.837525474,gradient_boosting,Upside,upside,1.0990781912262844
IT,P06,2027-05,11,3953823.9601333393,2970272.643569747,5202415.402169894,gradient_boosting,Upside,upside,1.1095105837518944
IT,P06,2027-06,12,4947584.990030826,3941060.950176368,6440298.693481717,gradient_boosting,Upside,upside,1.120042
IT,P07,2026-07,1,526136.20580561,471238.82403645257,598578.1398532757,gradient_boosting,Upside,upside,1.0073458250304712
IT,P07,2026-08,2,547399.7078416673,475357.53116801905,652950.1987697971,gradient_boosting,Upside,upside,1.0147456112063205
IT,P07,2026-09,3,566001.4655927352,503151.35249157535,673168.5958636216,gradient_boosting,Upside,upside,1.0221997549166806
IT,P07,2026-10,4,599990.5356405174,519398.6979006413,767179.8628221095,gradient_boosting,Upside,upside,1.0297086554624888
IT,P07,2026-11,5,597990.988524005,486593.2339110934,809261.4208369362,gradient_boosting,Upside,upside,1.0372727150778782
IT,P07,2026-12,6,635601.943627332,544087.6199187732,827086.6553618237,gradient_boosting,Upside,upside,1.0448923389517217
IT,P07,2027-01,7,602162.5945517455,484113.2444349898,810015.7051568397,gradient_boosting,Upside,upside,1.052567935249341
IT,P07,2027-02,8,698364.1337757811,538972.6893697472,876758.8091699213,gradient_boosting,Upside,upside,1.0602999151343668
IT,P07,2027-03,9,586802.35530999,455225.3991421415,756524.8903131462,gradient_boosting,Upside,upside,1.0680886927907673
IT,P07,2027-04,10,524961.7080256119,391885.81187931355,660017.2311322318,gradient_boosting,Upside,upside,1.0759346854450327
IT,P07,2027-05,11,670855.8626980351,503974.08606000675,882707.7047250557,gradient_boosting,Upside,upside,1.083838313388527
IT,P07,2027-06,12,683337.364459302,544320.9582641678,889504.0195170174,gradient_boosting,Upside,upside,1.0918
NL,P01,2026-07,1,1191705.2816615545,1067362.0049932562,1355787.1951770769,gradient_boosting,Upside,upside,1.002974840873398
NL,P01,2026-08,2,1197700.5553552622,1040073.5895842321,1428643.1002482665,gradient_boosting,Upside,upside,1.0059585314250183
NL,P01,2026-09,3,1290988.196983272,1147633.8787966752,1535424.8436965395,gradient_boosting,Upside,upside,1.0089510979812448
NL,P01,2026-10,4,1024728.2935868945,887084.8951355306,1310272.1876515537,gradient_boosting,Upside,upside,1.0119525669467793
NL,P01,2026-11,5,1453812.3522905265,1182986.4790220722,1967444.7816494,gradient_boosting,Upside,upside,1.0149629648048728
NL,P01,2026-12,6,1563398.0465116033,1338299.1204490385,2034395.3857489224,gradient_boosting,Upside,upside,1.0179823181175596
NL,P01,2027-01,7,1717140.5318309842,1380508.3237266517,2309859.1830996578,gradient_boosting,Upside,upside,1.0210106535258918
NL,P01,2027-02,8,1408458.385551885,1086998.2681126597,1768244.153956415,gradient_boosting,Upside,upside,1.0240479977501757
NL,P01,2027-03,9,1527255.2681228034,1184803.3374983035,1968987.7072603293,gradient_boosting,Upside,upside,1.0270943775902046
NL,P01,2027-04,10,1180992.7058903128,881615.3222146875,1484823.6048695904,gradient_boosting,Upside,upside,1.0301498199254973
NL,P01,2027-05,11,1542264.1285488368,1158611.2574503843,2029300.9343557153,gradient_boosting,Upside,upside,1.033214351715535
NL,P01,2027-06,12,1320002.4310088584,1051464.5115685975,1718254.4512016708,gradient_boosting,Upside,upside,1.036288
NL,P02,2026-07,1,9587969.91384735,8587555.118317872,10908105.415806236,gradient_boosting,Upside,upside,1.0102016730379573
NL,P02,2026-08,2,10034338.134859048,8713739.036322927,11969175.33170237,gradient_boosting,Upside,upside,1.0205074202086877
NL,P02,2026-09,3,11242774.573390126,9994350.856380086,13371489.710286362,gradient_boosting,Upside,upside,1.030918303242466
NL,P02,2026-10,4,11667309.296556648,10100134.746569393,14918443.231908536,gradient_boosting,Upside,upside,1.0414353947009913
NL,P02,2026-11,5,14032995.774978247,11418835.61232506,18990858.252710514,gradient_boosting,Upside,upside,1.0520597780878869
NL,P02,2026-12,6,13009992.987561893,11136806.913090266,16929450.411927015,gradient_boosting,Upside,upside,1.062792547960325
NL,P02,2027-01,7,10227991.963618562,8222872.7230198085,13758466.895334594,gradient_boosting,Upside,upside,1.0736348100417938
NL,P02,2027-02,8,11321589.554492163,8737601.59636751,14213650.008111868,gradient_boosting,Upside,upside,1.0845876813360096
NL,P02,2027-03,9,12250258.177566055,9503419.026889943,15793435.626540855,gradient_boosting,Upside,upside,1.0956522902419956
NL,P02,2027-04,10,12089777.02084286,9025062.229913583,15200082.277074354,gradient_boosting,Upside,upside,1.1068297766703337
NL,P02,2027-05,11,12634015.986038093,9491184.342078364,16623754.628369607,gradient_boosting,Upside,upside,1.1181212921605994
NL,P02,2027-06,12,12968175.92898972,10329963.376422986,16880746.194476828,gradient_boosting,Upside,upside,1.129528
NL,P03,2026-07,1,9093974.602271553,8145103.587444693,10346093.542385517,gradient_boosting,Upside,upside,1.0102016730379573
NL,P03,2026-08,2,9942176.47244216,8633706.585287157,11859242.909503365,gradient_boosting,Upside,upside,1.0205074202086877
NL,P03,2026-09,3,7108086.262043134,6318787.907427805,8453936.498708762,gradient_boosting,Upside,upside,1.030918303242466
NL,P03,2026-10,4,6075082.525035219,5259066.211392336,7767924.161027014,gradient_boosting,Upside,upside,1.0414353947009913
NL,P03,2026-11,5,5920204.042835234,4817348.899733603,8011814.270269879,gradient_boosting,Upside,upside,1.0520597780878869
NL,P03,2026-12,6,6337238.886715175,5424799.68366995,8246428.07907353,gradient_boosting,Upside,upside,1.062792547960325
NL,P03,2027-01,7,5635281.3320328565,4530527.723969948,7580454.885813261,gradient_boosting,Upside,upside,1.0736348100417938
NL,P03,2027-02,8,5638061.045890906,4351255.709976459,7078284.020538942,gradient_boosting,Upside,upside,1.0845876813360096
NL,P03,2027-03,9,6388399.378597644,4955947.485018576,8236134.527130578,gradient_boosting,Upside,upside,1.0956522902419956
NL,P03,2027-04,10,6914242.731229908,5161507.182018081,8693051.841830486,gradient_boosting,Upside,upside,1.1068297766703337
NL,P03,2027-05,11,8420914.195393927,6326131.694437709,11080183.17259402,gradient_boosting,Upside,upside,1.1181212921605994
NL,P03,2027-06,12,9582923.418671384,7633397.981026113,12474144.314319324,gradient_boosting,Upside,upside,1.129528
NL,P04,2026-07,1,1532344.5031626283,1372458.7164333474,1743327.8915162957,gradient_boosting,Upside,upside,1.0073458250304712
NL,P04,2026-08,2,1597739.669273624,1387464.358776746,1905818.3986761568,gradient_boosting,Upside,upside,1.0147456112063205
NL,P04,2026-09,3,1627570.5745924122,1446841.3699672471,1935735.9741461854,gradient_boosting,Upside,upside,1.0221997549166806
NL,P04,2026-10,4,1661604.740087954,1438414.9201718445,2124616.3411634318,gradient_boosting,Upside,upside,1.0297086554624888
NL,P04,2026-11,5,1591635.600230452,1295135.0919781795,2153961.032885096,gradient_boosting,Upside,upside,1.0372727150778782
NL,P04,2026-12,6,1738228.740603262,1487957.5933199944,2261896.474253521,gradient_boosting,Upside,upside,1.0448923389517217
NL,P04,2027-01,7,1720238.0521342177,1382998.5989733532,2314025.8983944347,gradient_boosting,Upside,upside,1.052567935249341
NL,P04,2027-02,8,1487112.8422627486,1147700.9903947595,1866990.6165344384,gradient_boosting,Upside,upside,1.0602999151343668
NL,P04,2027-03,9,1939730.7280299957,1504790.6452748668,2500764.632215424,gradient_boosting,Upside,upside,1.0680886927907673
NL,P04,2027-04,10,1979940.6349378095,1478032.8380781477,2489314.774200807,gradient_boosting,Upside,upside,1.0759346854450327
NL,P04,2027-05,11,1968076.471538182,1478498.7300410804,2589581.997432462,gradient_boosting,Upside,upside,1.083838313388527
NL,P04,2027-06,12,2034196.2942708458,1620364.601416247,2647924.545546059,gradient_boosting,Upside,upside,1.0918
NL,P05,2026-07,1,2537633.134034559,2272854.900923134,2887031.3508925377,gradient_boosting,Upside,upside,1.0073458250304712
NL,P05,2026-08,2,2587843.017571245,2247262.1929839947,3086835.064948413,gradient_boosting,Upside,upside,1.0147456112063205
NL,P05,2026-09,3,2593627.654772999,2305625.2354257815,3084707.0064177015,gradient_boosting,Upside,upside,1.0221997549166806
NL,P05,2026-10,4,2623786.097926556,2271354.299577436,3354912.6846358897,gradient_boosting,Upside,upside,1.0297086554624888
NL,P05,2026-11,5,2736490.6722981604,2226718.9160955916,3703293.815575842,gradient_boosting,Upside,upside,1.0372727150778782
NL,P05,2026-12,6,2659207.4674102017,2276333.2873975006,3460333.9907705593,gradient_boosting,Upside,upside,1.0448923389517217
NL,P05,2027-01,7,2608408.8228544174,2097050.3141014879,3508773.429466449,gradient_boosting,Upside,upside,1.052567935249341
NL,P05,2027-02,8,2639518.1587416767,2037086.5739706475,3313773.84048727,gradient_boosting,Upside,upside,1.0602999151343668
NL,P05,2027-03,9,2579778.924404132,2001322.7280588632,3325935.8115323093,gradient_boosting,Upside,upside,1.0680886927907673
NL,P05,2027-04,10,2641539.1326036835,1971918.5071320813,3321120.983825091,gradient_boosting,Upside,upside,1.0759346854450327
NL,P05,2027-05,11,2731692.1815991187,2052157.7691545961,3594342.495475967,gradient_boosting,Upside,upside,1.083838313388527
NL,P05,2027-06,12,2717221.240380682,2164436.6989211394,3537021.8883729456,gradient_boosting,Upside,upside,1.0918
NL,P06,2026-07,1,167161.57105864145,149719.82787070185,190177.48855740475,gradient_boosting,Upside,upside,1.0094919475328417
NL,P06,2026-08,2,170475.47359157703,148039.53873250945,203346.82823614505,gradient_boosting,Upside,upside,1.0190739921336496
NL,P06,2026-09,3,185324.3068360478,164745.46675682318,220413.7462463534,gradient_boosting,Upside,upside,1.0287469889990652
NL,P06,2026-10,4,157493.64902934706,136338.8109883035,201379.76998037263,gradient_boosting,Upside,upside,1.0385118014432133
NL,P06,2026-11,5,153867.96827159787,125204.41564078984,208229.57705786123,gradient_boosting,Upside,upside,1.048369300974749
NL,P06,2026-12,6,132063.77165043575,113049.15586745241,171849.9829712125,gradient_boosting,Upside,upside,1.0583203673746433
NL,P06,2027-01,7,145123.19272864852,116672.90580699306,195216.48530861476,gradient_boosting,Upside,upside,1.0683658887747012
NL,P06,2027-02,8,151150.93885826497,116652.93802639225,189761.9175283079,gradient_boosting,Upside,upside,1.0785067617368282
NL,P06,2027-03,9,129211.29301630052,100238.62703472728,166583.44737682134,gradient_boosting,Upside,upside,1.0887438913330492
NL,P06,2027-04,10,179808.06374344762,134227.369282924,226066.81316536735,gradient_boosting,Upside,upside,1.0990781912262844
NL,P06,2027-05,11,176494.89198074533,132590.10888348354,232230.8109069115,gradient_boosting,Upside,upside,1.1095105837518944
NL,P06,2027-06,12,140496.7198993238,111914.42644012916,182885.35587146005,gradient_boosting,Upside,upside,1.120042
NL,P07,2026-07,1,2473410.4524739473,2215333.2542446842,2813966.0631576288,gradient_boosting,Upside,upside,1.0073458250304712
NL,P07,2026-08,2,2573090.378290654,2234451.118943995,3069237.798065277,gradient_boosting,Upside,upside,1.0147456112063205
NL,P07,2026-09,3,2598987.7212667735,2310390.107726886,3091081.9518104154,gradient_boosting,Upside,upside,1.0221997549166806
NL,P07,2026-10,4,2613209.412190406,2262198.2938187853,3341388.770790299,gradient_boosting,Upside,upside,1.0297086554624888
NL,P07,2026-11,5,2731375.987431699,2222557.028880952,3696372.1106980103,gradient_boosting,Upside,upside,1.0372727150778782
NL,P07,2026-12,6,2668986.6391113405,2284704.448481881,3473059.286052611,gradient_boosting,Upside,upside,1.0448923389517217
NL,P07,2027-01,7,2661362.2286888533,2139622.611574523,3580005.1711181654,gradient_boosting,Upside,upside,1.052567935249341
NL,P07,2027-02,8,2735609.9930568063,2111246.8463306907,3434411.9977900847,gradient_boosting,Upside,upside,1.0602999151343668
NL,P07,2027-03,9,2831697.2322524996,2196754.1389994416,3650717.176992542,gradient_boosting,Upside,upside,1.0680886927907673
NL,P07,2027-04,10,2845659.1268743677,2124294.8203996103,3577754.39418174,gradient_boosting,Upside,upside,1.0759346854450327
NL,P07,2027-05,11,3001510.44459024,2254856.172871844,3949367.5803875364,gradient_boosting,Upside,upside,1.083838313388527
NL,P07,2027-06,12,3032654.9110259726,2415699.3501450857,3947623.6387279914,gradient_boosting,Upside,upside,1.0918
PL,P01,2026-07,1,1328409.3712500497,1189802.304116973,1511313.6135328014,gradient_boosting,Upside,upside,1.002974840873398
PL,P01,2026-08,2,1153360.1124385903,1001568.7033487753,1375752.8619064584,gradient_boosting,Upside,upside,1.0059585314250183
PL,P01,2026-09,3,1391622.160304919,1237093.2138513091,1655112.9150242012,gradient_boosting,Upside,upside,1.0089510979812448
PL,P01,2026-10,4,1680463.2500180816,1454740.3201910262,2148729.8366301223,gradient_boosting,Upside,upside,1.0119525669467793
PL,P01,2026-11,5,1593423.990481747,1296590.3289509318,2156381.262058358,gradient_boosting,Upside,upside,1.0149629648048728
PL,P01,2026-12,6,1345382.3844982025,1151673.4755164038,1750699.203698098,gradient_boosting,Upside,upside,1.0179823181175596
PL,P01,2027-01,7,1381334.2348847585,1110534.2712245134,1858140.0346867791,gradient_boosting,Upside,upside,1.0210106535258918
PL,P01,2027-02,8,1334396.9150028457,1029840.249781051,1675263.9397909536,gradient_boosting,Upside,upside,1.0240479977501757
PL,P01,2027-03,9,1337184.8514195054,1037351.8480386824,1723942.6766004323,gradient_boosting,Upside,upside,1.0270943775902046
PL,P01,2027-04,10,1405621.266778946,1049301.3545658872,1767241.7670409542,gradient_boosting,Upside,upside,1.0301498199254973
PL,P01,2027-05,11,1475641.6275125588,1108561.7372214715,1941639.4883689992,gradient_boosting,Upside,upside,1.033214351715535
PL,P01,2027-06,12,1330109.7228850545,1059515.601828911,1731411.1688318003,gradient_boosting,Upside,upside,1.036288
PL,P02,2026-07,1,6043353.84929716,5412786.517548945,6875443.023443905,gradient_boosting,Upside,upside,1.0102016730379573
PL,P02,2026-08,2,5269362.637853171,4575872.3990466455,6285409.60561045,gradient_boosting,Upside,upside,1.0205074202086877
PL,P02,2026-09,3,6612872.246798012,5878563.602915747,7864958.300665693,gradient_boosting,Upside,upside,1.030918303242466
PL,P02,2026-10,4,7452350.006159071,6451336.578778972,9528971.735069105,gradient_boosting,Upside,upside,1.0414353947009913
PL,P02,2026-11,5,9765502.513575029,7946319.4931684695,13215658.080113623,gradient_boosting,Upside,upside,1.0520597780878869
PL,P02,2026-12,6,9386907.063112084,8035374.9285604805,12214854.980956037,gradient_boosting,Upside,upside,1.062792547960325
PL,P02,2027-01,7,7223472.098816459,5807365.893337895,9716853.718154306,gradient_boosting,Upside,upside,1.0736348100417938
PL,P02,2027-02,8,7280817.039876816,5619076.569088803,9140676.287531083,gradient_boosting,Upside,upside,1.0845876813360096
PL,P02,2027-03,9,8409518.433853935,6523876.993680467,10841827.666824669,gradient_boosting,Upside,upside,1.0956522902419956
PL,P02,2027-04,10,8693575.146729486,6489785.259430181,10930148.445616607,gradient_boosting,Upside,upside,1.1068297766703337
PL,P02,2027-05,11,8597555.080506958,6458831.47927322,11312606.080298278,gradient_boosting,Upside,upside,1.1181212921605994
PL,P02,2027-06,12,8721466.62981341,6947193.758628039,11352781.256796911,gradient_boosting,Upside,upside,1.129528
PL,P03,2026-07,1,5702359.627967648,5107371.847185213,6487498.448537482,gradient_boosting,Upside,upside,1.0102016730379573
PL,P03,2026-08,2,6239053.004004117,5417943.762709583,7442077.225730109,gradient_boosting,Upside,upside,1.0205074202086877
PL,P03,2026-09,3,5191462.217924833,4614990.23438451,6174417.460314714,gradient_boosting,Upside,upside,1.030918303242466
PL,P03,2026-10,4,4615364.442515509,3995420.1597869196,5901450.855559095,gradient_boosting,Upside,upside,1.0414353947009913
PL,P03,2026-11,5,4536456.04469974,3691374.7190980655,6139187.604414289,gradient_boosting,Upside,upside,1.0520597780878869
PL,P03,2026-12,6,4602893.265904019,3940166.116380287,5989584.5732594915,gradient_boosting,Upside,upside,1.062792547960325
PL,P03,2027-01,7,3768652.9310224503,3029837.479268952,5069507.951894572,gradient_boosting,Upside,upside,1.0736348100417938
PL,P03,2027-02,8,3981246.456646466,3072584.925261145,4998241.939300429,gradient_boosting,Upside,upside,1.0845876813360096
PL,P03,2027-03,9,4972148.793433614,3857258.578809253,6410257.706934203,gradient_boosting,Upside,upside,1.0956522902419956
PL,P03,2027-04,10,5800332.32303608,4329969.037421526,7292568.621615127,gradient_boosting,Upside,upside,1.1068297766703337
PL,P03,2027-05,11,6659442.906835412,5002843.143001427,8762450.907708907,gradient_boosting,Upside,upside,1.1181212921605994
PL,P03,2027-06,12,6890054.594596155,5488359.505104124,8968822.100682871,gradient_boosting,Upside,upside,1.129528
PL,P04,2026-07,1,1709388.04580401,1531029.424772695,1944747.9672646397,gradient_boosting,Upside,upside,1.0073458250304712
PL,P04,2026-08,2,1797883.994697843,1561268.0913108236,2144554.874410979,gradient_boosting,Upside,upside,1.0147456112063205
PL,P04,2026-09,3,1826593.6062546954,1623764.4234313986,2172442.1717676283,gradient_boosting,Upside,upside,1.0221997549166806
PL,P04,2026-10,4,1878816.384686245,1626450.2951845007,2402354.72170036,gradient_boosting,Upside,upside,1.0297086554624888
PL,P04,2026-11,5,1964082.5089414092,1598200.1034044835,2657993.5690169586,gradient_boosting,Upside,upside,1.0372727150778782
PL,P04,2026-12,6,1981094.8099059886,1695855.6699870243,2577929.625149989,gradient_boosting,Upside,upside,1.0448923389517217
PL,P04,2027-01,7,2018688.9623474493,1622940.5013020064,2715495.4129049336,gradient_boosting,Upside,upside,1.052567935249341
PL,P04,2027-02,8,2014204.9792657318,1554492.0223027002,2528726.5963921016,gradient_boosting,Upside,upside,1.0602999151343668
PL,P04,2027-03,9,2130079.489170038,1652458.0668216199,2746168.5136750354,gradient_boosting,Upside,upside,1.0680886927907673
PL,P04,2027-04,10,2101185.2890825984,1568542.410489168,2641751.722829305,gradient_boosting,Upside,upside,1.0759346854450327
PL,P04,2027-05,11,2260194.0926626846,1697949.3144574692,2973948.430209123,gradient_boosting,Upside,upside,1.083838313388527
PL,P04,2027-06,12,2389190.8651496074,1903139.9844837317,3110022.9381214934,gradient_boosting,Upside,upside,1.0918
PL,P05,2026-07,1,3590939.606194691,3216258.715018591,4085364.067485647,gradient_boosting,Upside,upside,1.0073458250304712
PL,P05,2026-08,2,3662919.903111198,3180850.367776906,4369210.002403017,gradient_boosting,Upside,upside,1.0147456112063205
PL,P05,2026-09,3,3799429.1725836224,3377531.761122588,4518815.862981799,gradient_boosting,Upside,upside,1.0221997549166806
PL,P05,2026-10,4,3793332.597002791,3283805.151166216,4850357.144884793,gradient_boosting,Upside,upside,1.0297086554624888
PL,P05,2026-11,5,3922255.176924544,3191591.2904891996,5307989.348129728,gradient_boosting,Upside,upside,1.0372727150778782
PL,P05,2026-12,6,3749943.021065922,3210024.125349505,4879670.14919848,gradient_boosting,Upside,upside,1.0448923389517217
PL,P05,2027-01,7,3723056.599930223,2993179.958560908,5008172.7832600465,gradient_boosting,Upside,upside,1.052567935249341
PL,P05,2027-02,8,4058006.033774525,3131825.2466332004,5094609.481933697,gradient_boosting,Upside,upside,1.0602999151343668
PL,P05,2027-03,9,4123623.19203793,3198995.3627837803,5316310.602402467,gradient_boosting,Upside,upside,1.0680886927907673
PL,P05,2027-04,10,4045150.465485273,3019719.4387811203,5085835.7265413925,gradient_boosting,Upside,upside,1.0759346854450327
PL,P05,2027-05,11,4544824.925459088,3414256.497512294,5980050.5613751765,gradient_boosting,Upside,upside,1.083838313388527
PL,P05,2027-06,12,4412421.733560182,3514769.9382391414,5743673.728293229,gradient_boosting,Upside,upside,1.0918
PL,P06,2026-07,1,114463.14625678785,102519.98977141299,130223.19394125785,gradient_boosting,Upside,upside,1.0094919475328417
PL,P06,2026-08,2,112435.30388413485,97637.91924775305,134115.25977855147,gradient_boosting,Upside,upside,1.0190739921336496
PL,P06,2026-09,3,122096.85525895607,108538.9377820374,145214.7628769148,gradient_boosting,Upside,upside,1.0287469889990652
PL,P06,2026-10,4,113061.79477063684,97875.12551925107,144566.83405840912,gradient_boosting,Upside,upside,1.0385118014432133
PL,P06,2026-11,5,131619.6941274673,107100.69857399246,178120.97961981467,gradient_boosting,Upside,upside,1.048369300974749
PL,P06,2026-12,6,146979.09466516372,125816.96232362835,191258.7729372885,gradient_boosting,Upside,upside,1.0583203673746433
PL,P06,2027-01,7,150784.69613461953,121224.51496877546,202832.21354402477,gradient_boosting,Upside,upside,1.0683658887747012
PL,P06,2027-02,8,151701.66902792302,117077.97205420354,190453.3297935867,gradient_boosting,Upside,upside,1.0785067617368282
PL,P06,2027-03,9,153244.50909368094,118882.9461696007,197567.8597471628,gradient_boosting,Upside,upside,1.0887438913330492
PL,P06,2027-04,10,157726.3720388859,117743.3066379421,198304.22249494583,gradient_boosting,Upside,upside,1.0990781912262844
PL,P06,2027-05,11,173483.10989038929,130327.53623442804,228267.92796299828,gradient_boosting,Upside,upside,1.1095105837518944
PL,P06,2027-06,12,168598.80692086526,134299.49673244669,219465.99767824492,gradient_boosting,Upside,upside,1.120042
PL,P07,2026-07,1,1174863.8116012153,1052277.7844839923,1336626.87944538,gradient_boosting,Upside,upside,1.0073458250304712
PL,P07,2026-08,2,1245800.596042432,1081843.2804748008,1486017.8680415421,gradient_boosting,Upside,upside,1.0147456112063205
PL,P07,2026-09,3,1255470.928538997,1116060.5300672178,1493182.7097428658,gradient_boosting,Upside,upside,1.0221997549166806
PL,P07,2026-10,4,1263283.1457903879,1093596.6186581359,1615301.1304725406,gradient_boosting,Upside,upside,1.0297086554624888
PL,P07,2026-11,5,1248992.9933102208,1016322.2379775377,1690262.6691355775,gradient_boosting,Upside,upside,1.0372727150778782
PL,P07,2026-12,6,1312232.8556942032,1123296.8344295858,1707562.8772909595,gradient_boosting,Upside,upside,1.0448923389517217
PL,P07,2027-01,7,1361213.0835327415,1094357.7169999129,1831073.5102157528,gradient_boosting,Upside,upside,1.052567935249341
PL,P07,2027-02,8,1463666.0932211438,1129605.6204054574,1837554.47745685,gradient_boosting,Upside,upside,1.0602999151343668
PL,P07,2027-03,9,1436751.4855842856,1114592.9503770627,1852307.2550802978,gradient_boosting,Upside,upside,1.0680886927907673
PL,P07,2027-04,10,1485965.2804113282,1109278.451048575,1868255.674541248,gradient_boosting,Upside,upside,1.0759346854450327
PL,P07,2027-05,11,1498034.9178184394,1125384.4835717743,1971104.4315650654,gradient_boosting,Upside,upside,1.083838313388527
PL,P07,2027-06,12,1474761.4836989853,1174739.7782840352,1919705.1643987133,gradient_boosting,Upside,upside,1.0918
RO,P01,2026-07,1,0.03932707770082106,0.03522366574288225,0.044741891465116326,gradient_boosting,Upside,upside,1.002974840873398
RO,P01,2026-08,2,0.08397048731374442,0.07291930004460746,0.10016181155537815,gradient_boosting,Upside,upside,1.0059585314250183
RO,P01,2026-09,3,0.0018326068767339704,0.0016291099664352074,0.0021795939992648285,gradient_boosting,Upside,upside,1.0089510979812448
RO,P01,2026-10,4,0.10321975393896053,0.08935508580362392,0.1319822763252202,gradient_boosting,Upside,upside,1.0119525669467793
RO,P01,2026-11,5,0.03729421909557962,0.03034680291871733,0.050470280177275985,gradient_boosting,Upside,upside,1.0149629648048728
RO,P01,2026-12,6,0.0,0.0,0.0,gradient_boosting,Upside,upside,1.0179823181175596
RO,P01,2027-01,7,0.0374056478121499,0.030072557954239305,0.05031724398617276,gradient_boosting,Upside,upside,1.0210106535258918
RO,P01,2027-02,8,0.030333869907965355,0.02341060580372994,0.0380825508810592,gradient_boosting,Upside,upside,1.0240479977501757
RO,P01,2027-03,9,0.09479381241370086,0.0735384762888964,0.1222112997497355,gradient_boosting,Upside,upside,1.0270943775902046
RO,P01,2027-04,10,0.040225090718611994,0.030028175566308588,0.05057369440905171,gradient_boosting,Upside,upside,1.0301498199254973
RO,P01,2027-05,11,0.0,0.0,0.0,gradient_boosting,Upside,upside,1.033214351715535
RO,P01,2027-06,12,0.10743104040136384,0.08557554423334862,0.13984357833779715,gradient_boosting,Upside,upside,1.036288
RO,P03,2026-07,1,1302482.402982787,1166580.5719832045,1481816.8477405861,gradient_boosting,Upside,upside,1.0102016730379573
RO,P03,2026-08,2,1267926.5729616107,1101057.301988352,1512410.2113701808,gradient_boosting,Upside,upside,1.0205074202086877
RO,P03,2026-09,3,1123066.097376097,998358.2378898197,1335708.2512869171,gradient_boosting,Upside,upside,1.030918303242466
RO,P03,2026-10,4,1136061.179444216,983463.341982332,1452628.346667342,gradient_boosting,Upside,upside,1.0414353947009913
RO,P03,2026-11,5,1055693.0279925151,859031.4810198034,1428669.7562275643,gradient_boosting,Upside,upside,1.0520597780878869
RO,P03,2026-12,6,1033737.6326236626,884899.5095025221,1345166.7504491701,gradient_boosting,Upside,upside,1.062792547960325
RO,P03,2027-01,7,953965.3845802599,766947.8004551417,1283252.9796395255,gradient_boosting,Upside,upside,1.0736348100417938
RO,P03,2027-02,8,972342.8406541112,750419.7459043969,1220724.4184600501,gradient_boosting,Upside,upside,1.0845876813360096
RO,P03,2027-03,9,1057887.5161405057,820680.5279916568,1363863.3687641874,gradient_boosting,Upside,upside,1.0956522902419956
RO,P03,2027-04,10,1111806.2669688854,829967.3955692658,1397837.752090797,gradient_boosting,Upside,upside,1.1068297766703337
RO,P03,2027-05,11,1195724.2373038158,898276.4602390261,1573326.0386958239,gradient_boosting,Upside,upside,1.1181212921605994
RO,P03,2027-06,12,1316545.6688885242,1048710.984295403,1713754.764867404,gradient_boosting,Upside,upside,1.129528
RO,P05,2026-07,1,1355765.1691259705,1214303.7808817,1542435.939702502,gradient_boosting,Upside,upside,1.0073458250304712
RO,P05,2026-08,2,1402437.0447242633,1217865.1205848402,1672857.2083558775,gradient_boosting,Upside,upside,1.0147456112063205
RO,P05,2026-09,3,1399872.4459230753,1244427.3686540178,1664925.3157380966,gradient_boosting,Upside,upside,1.0221997549166806
RO,P05,2026-10,4,1527898.3085260866,1322668.1836336802,1953652.174679436,gradient_boosting,Upside,upside,1.0297086554624888
RO,P05,2026-11,5,1445305.052619366,1176063.9759437926,1955931.8499305425,gradient_boosting,Upside,upside,1.0372727150778782
RO,P05,2026-12,6,1401549.6471226076,1199753.744220842,1823787.7048435353,gradient_boosting,Upside,upside,1.0448923389517217
RO,P05,2027-01,7,1348087.929479228,1083805.6485552008,1813417.84542996,gradient_boosting,Upside,upside,1.052567935249341
RO,P05,2027-02,8,1470207.854527532,1134654.3199505731,1845767.3088086734,gradient_boosting,Upside,upside,1.0602999151343668
RO,P05,2027-03,9,1503504.8200238608,1166378.382114588,1938367.848665098,gradient_boosting,Upside,upside,1.0680886927907673
RO,P05,2027-04,10,1424155.72688735,1063137.3960071658,1790544.5391370154,gradient_boosting,Upside,upside,1.0759346854450327
RO,P05,2027-05,11,1462898.5742345937,1098988.6396509323,1924872.2631934702,gradient_boosting,Upside,upside,1.083838313388527
RO,P05,2027-06,12,1413146.538590114,1125659.6200643945,1839500.6502199403,gradient_boosting,Upside,upside,1.0918
RO,P07,2026-07,1,149408.46777032805,133819.09451635552,169980.01986834084,gradient_boosting,Upside,upside,1.0073458250304712
RO,P07,2026-08,2,144195.45036139694,125218.17660392396,171999.44871437098,gradient_boosting,Upside,upside,1.0147456112063205
RO,P07,2026-09,3,146825.04870205306,130521.25537645891,174625.01050039247,gradient_boosting,Upside,upside,1.0221997549166806
RO,P07,2026-10,4,145571.46204002103,126018.03419176074,186135.426552111,gradient_boosting,Upside,upside,1.0297086554624888
RO,P07,2026-11,5,140835.33060217567,114599.58474591572,190592.50379085127,gradient_boosting,Upside,upside,1.0372727150778782
RO,P07,2026-12,6,138759.89465850708,118781.16733575119,180563.41444851502,gradient_boosting,Upside,upside,1.0448923389517217
RO,P07,2027-01,7,167416.04877399903,134595.4187054747,225204.33854446164,gradient_boosting,Upside,upside,1.052567935249341
RO,P07,2027-02,8,137715.10385341983,106283.6367174356,172893.9454642762,gradient_boosting,Upside,upside,1.0602999151343668
RO,P07,2027-03,9,175990.13701883922,136528.38923449587,226892.27113623047,gradient_boosting,Upside,upside,1.0680886927907673
RO,P07,2027-04,10,154628.7272725819,115430.90362721142,194409.65477613718,gradient_boosting,Upside,upside,1.0759346854450327
RO,P07,2027-05,11,111810.07162664767,83996.25283696383,147118.95233913607,gradient_boosting,Upside,upside,1.083838313388527
RO,P07,2027-06,12,169706.96890613646,135182.21707690207,220908.49825181544,gradient_boosting,Upside,upside,1.0918
SK,P01,2026-07,1,229569.54782140825,205616.1171883128,261178.21086174517,gradient_boosting,Upside,upside,1.002974840873398
SK,P01,2026-08,2,149542.5143565493,129861.52424061696,178377.5421778031,gradient_boosting,Upside,upside,1.0059585314250183
SK,P01,2026-09,3,114886.55678137849,102129.28754012172,136639.26122724064,gradient_boosting,Upside,upside,1.0089510979812448
SK,P01,2026-10,4,153992.41384469974,133307.86818516685,196902.9041481505,gradient_boosting,Upside,upside,1.0119525669467793
SK,P01,2026-11,5,135351.42250506007,110137.25566963134,183171.12898156716,gradient_boosting,Upside,upside,1.0149629648048728
SK,P01,2026-12,6,105780.52420771343,90550.18510717478,137648.50917554044,gradient_boosting,Upside,upside,1.0179823181175596
SK,P01,2027-01,7,110059.45042247363,88483.1407776476,148049.5204281131,gradient_boosting,Upside,upside,1.0210106535258918
SK,P01,2027-02,8,88674.34769315703,68435.71905087764,111325.89966645293,gradient_boosting,Upside,upside,1.0240479977501757
SK,P01,2027-03,9,37581.72885354857,29154.888972404788,48451.600511538025,gradient_boosting,Upside,upside,1.0270943775902046
SK,P01,2027-04,10,39277.6755762107,29320.926739221613,49382.540255404485,gradient_boosting,Upside,upside,1.0301498199254973
SK,P01,2027-05,11,3255.50024775423,2445.6635966950894,4283.565682603974,gradient_boosting,Upside,upside,1.033214351715535
SK,P01,2027-06,12,6609.86923099276,5265.174335464131,8604.103266184104,gradient_boosting,Upside,upside,1.036288
SK,P02,2026-07,1,3098738.9677092424,2775414.5999196777,3525393.969689209,gradient_boosting,Upside,upside,1.0102016730379573
SK,P02,2026-08,2,3116146.980917117,2706037.1322556334,3717007.447096151,gradient_boosting,Upside,upside,1.0205074202086877
SK,P02,2026-09,3,3388399.017436258,3012143.3459872315,4029960.958501302,gradient_boosting,Upside,upside,1.030918303242466
SK,P02,2026-10,4,3258773.273691139,2821048.824214631,4166841.1159349224,gradient_boosting,Upside,upside,1.0414353947009913
SK,P02,2026-11,5,3780580.6039872356,3076308.8030746416,5116261.097383506,gradient_boosting,Upside,upside,1.0520597780878869
SK,P02,2026-12,6,3766443.530547861,3224148.882237818,4901141.687062726,gradient_boosting,Upside,upside,1.062792547960325
SK,P02,2027-01,7,3421120.417981123,2750436.045242109,4602014.95886724,gradient_boosting,Upside,upside,1.0736348100417938
SK,P02,2027-02,8,3242573.1853075097,2502503.072021343,4070877.1643609325,gradient_boosting,Upside,upside,1.0845876813360096
SK,P02,2027-03,9,3505622.7671150314,2719567.3448834065,4519564.134963206,gradient_boosting,Upside,upside,1.0956522902419956
SK,P02,2027-04,10,3654420.6550189056,2728038.2234483785,4594583.881535868,gradient_boosting,Upside,upside,1.1068297766703337
SK,P02,2027-05,11,3694058.6897669523,2775126.4549435955,4860617.978427907,gradient_boosting,Upside,upside,1.1181212921605994
SK,P02,2027-06,12,3776512.626302463,3008228.5538011347,4915907.332991852,gradient_boosting,Upside,upside,1.129528
SK,P03,2026-07,1,1368418.065198288,1225636.4658404263,1556830.9707061714,gradient_boosting,Upside,upside,1.0102016730379573
SK,P03,2026-08,2,1381252.2670092368,1199468.4289375895,1647587.5477737393,gradient_boosting,Upside,upside,1.0205074202086877
SK,P03,2026-09,3,1203791.4360318815,1070119.6480523585,1431718.1844354493,gradient_boosting,Upside,upside,1.030918303242466
SK,P03,2026-10,4,1069355.184200137,925717.4193154789,1367334.5074468069,gradient_boosting,Upside,upside,1.0414353947009913
SK,P03,2026-11,5,1049570.5463506766,854049.5361429806,1420384.1996094757,gradient_boosting,Upside,upside,1.0520597780878869
SK,P03,2026-12,6,1008125.0932982874,862974.6779293353,1311838.0457490971,gradient_boosting,Upside,upside,1.062792547960325
SK,P03,2027-01,7,829535.8442821027,666911.7155134378,1115873.134496567,gradient_boosting,Upside,upside,1.0736348100417938
SK,P03,2027-02,8,940205.9204004022,725617.6097414825,1180378.2343287256,gradient_boosting,Upside,upside,1.0845876813360096
SK,P03,2027-03,9,1000598.8747612435,776237.54918935,1290004.9686684003,gradient_boosting,Upside,upside,1.0956522902419956
SK,P03,2027-04,10,1036568.4554334973,773802.0974021662,1303243.7059215994,gradient_boosting,Upside,upside,1.1068297766703337
SK,P03,2027-05,11,1361300.0319437005,1022663.7011013095,1791189.573579154,gradient_boosting,Upside,upside,1.1181212921605994
SK,P03,2027-06,12,1473005.0719966867,1173340.6864874698,1917418.8335899808,gradient_boosting,Upside,upside,1.129528
SK,P05,2026-07,1,360725.26652627497,323086.96592699917,410392.3217083276,gradient_boosting,Upside,upside,1.0073458250304712
SK,P05,2026-08,2,370733.6146519151,321942.10785531515,442219.065720859,gradient_boosting,Upside,upside,1.0147456112063205
SK,P05,2026-09,3,357876.75964803813,318137.2957288046,425637.4063134313,gradient_boosting,Upside,upside,1.0221997549166806
SK,P05,2026-10,4,342888.86965692276,296831.4029058854,438435.9758371861,gradient_boosting,Upside,upside,1.0297086554624888
SK,P05,2026-11,5,380441.4858295823,309570.30533299857,514851.60023511614,gradient_boosting,Upside,upside,1.0372727150778782
SK,P05,2026-12,6,377672.04757958435,323294.614715507,491451.4717711409,gradient_boosting,Upside,upside,1.0448923389517217
SK,P05,2027-01,7,394663.19912561023,317292.511219531,530892.1418095726,gradient_boosting,Upside,upside,1.052567935249341
SK,P05,2027-02,8,362686.1209253888,279908.29502564186,455333.02199493576,gradient_boosting,Upside,upside,1.0602999151343668
SK,P05,2027-03,9,424173.6781000448,329062.4691113877,546858.652482469,gradient_boosting,Upside,upside,1.0680886927907673
SK,P05,2027-04,10,411771.51021147793,307388.9202222026,517706.8877100988,gradient_boosting,Upside,upside,1.0759346854450327
SK,P05,2027-05,11,428982.9059697696,322269.3278731835,564452.8688650734,gradient_boosting,Upside,upside,1.083838313388527
SK,P05,2027-06,12,486840.36607607495,387798.80680736573,633722.7920069284,gradient_boosting,Upside,upside,1.0918
SK,P07,2026-07,1,0.007431002420215033,0.0066556469660785066,0.008454152283868688,gradient_boosting,Upside,upside,1.0073458250304712
SK,P07,2026-08,2,0.0,0.0,0.0,gradient_boosting,Upside,upside,1.0147456112063205
SK,P07,2026-09,3,0.0,0.0,0.0,gradient_boosting,Upside,upside,1.0221997549166806
SK,P07,2026-10,4,0.012023258402536612,0.010408272110715518,0.015373578721680619,gradient_boosting,Upside,upside,1.0297086554624888
SK,P07,2026-11,5,0.0,0.0,0.0,gradient_boosting,Upside,upside,1.0372727150778782
SK,P07,2026-12,6,0.0,0.0,0.0,gradient_boosting,Upside,upside,1.0448923389517217
SK,P07,2027-01,7,0.0,0.0,0.0,gradient_boosting,Upside,upside,1.052567935249341
SK,P07,2027-02,8,0.0,0.0,0.0,gradient_boosting,Upside,upside,1.0602999151343668
SK,P07,2027-03,9,0.0,0.0,0.0,gradient_boosting,Upside,upside,1.0680886927907673
SK,P07,2027-04,10,0.046106702784402404,0.03441882022538339,0.057968453399868454,gradient_boosting,Upside,upside,1.0759346854450327
SK,P07,2027-05,11,0.0,0.0,0.0,gradient_boosting,Upside,upside,1.083838313388527
SK,P07,2027-06,12,0.0,0.0,0.0,gradient_boosting,Upside,upside,1.0918
