view_type,date,country_code,country_name,product_id,product_name,series,scenario,model,horizon,category,value,actual,abs_error,metric_order
Trend,2019-01-01,AT,Austria,P01,International Voice Termination,Actual,,,,,2148125.89,,,
Trend,2019-01-01,AT,Austria,P02,A2P Messaging,Actual,,,,,1465146.87,,,
Trend,2019-01-01,AT,Austria,P03,IPX Roaming & Signalling,Actual,,,,,551529.68,,,
Trend,2019-01-01,AT,Austria,P04,IP Transit,Actual,,,,,435969.78,,,
Trend,2019-01-01,AT,Austria,P05,Ethernet & Capacity Services,Actual,,,,,1235216.3,,,
Trend,2019-01-01,AT,Austria,P06,Cloud Connect,Actual,,,,,82732.49,,,
Trend,2019-01-01,AT,Austria,P07,Voice Firewall & Anti-Fraud,Actual,,,,,237229.85,,,
Trend,2019-01-01,CZ,Czechia,P03,IPX Roaming & Signalling,Actual,,,,,50820.81,,,
Trend,2019-01-01,CZ,Czechia,P04,IP Transit,Actual,,,,,87145.53,,,
Trend,2019-01-01,CZ,Czechia,P05,Ethernet & Capacity Services,Actual,,,,,1147602.81,,,
Trend,2019-01-01,CZ,Czechia,P06,Cloud Connect,Actual,,,,,45243.33,,,
Trend,2019-01-01,CZ,Czechia,P07,Voice Firewall & Anti-Fraud,Actual,,,,,15229.02,,,
Trend,2019-01-01,DE,Germany,P01,International Voice Termination,Actual,,,,,11289025.95,,,
Trend,2019-01-01,DE,Germany,P02,A2P Messaging,Actual,,,,,1641895.36,,,
Trend,2019-01-01,DE,Germany,P03,IPX Roaming & Signalling,Actual,,,,,2302356.51,,,
Trend,2019-01-01,DE,Germany,P04,IP Transit,Actual,,,,,2949949.84,,,
Trend,2019-01-01,DE,Germany,P05,Ethernet & Capacity Services,Actual,,,,,5734777.0,,,
Trend,2019-01-01,DE,Germany,P06,Cloud Connect,Actual,,,,,1556501.37,,,
Trend,2019-01-01,DE,Germany,P07,Voice Firewall & Anti-Fraud,Actual,,,,,364511.86,,,
Trend,2019-01-01,ES,Spain,P01,International Voice Termination,Actual,,,,,2671816.62,,,
Trend,2019-01-01,ES,Spain,P02,A2P Messaging,Actual,,,,,3172514.81,,,
Trend,2019-01-01,ES,Spain,P03,IPX Roaming & Signalling,Actual,,,,,1142021.9,,,
Trend,2019-01-01,ES,Spain,P04,IP Transit,Actual,,,,,1520953.61,,,
Trend,2019-01-01,ES,Spain,P05,Ethernet & Capacity Services,Actual,,,,,4524157.87,,,
Trend,2019-01-01,ES,Spain,P06,Cloud Connect,Actual,,,,,585639.33,,,
Trend,2019-01-01,ES,Spain,P07,Voice Firewall & Anti-Fraud,Actual,,,,,630857.38,,,
Trend,2019-01-01,FR,France,P01,International Voice Termination,Actual,,,,,5897976.27,,,
Trend,2019-01-01,FR,France,P02,A2P Messaging,Actual,,,,,3414586.2,,,
Trend,2019-01-01,FR,France,P03,IPX Roaming & Signalling,Actual,,,,,4069161.08,,,
Trend,2019-01-01,FR,France,P04,IP Transit,Actual,,,,,752347.04,,,
Trend,2019-01-01,FR,France,P05,Ethernet & Capacity Services,Actual,,,,,2878312.53,,,
Trend,2019-01-01,FR,France,P06,Cloud Connect,Actual,,,,,629716.05,,,
Trend,2019-01-01,FR,France,P07,Voice Firewall & Anti-Fraud,Actual,,,,,1255440.95,,,
Trend,2019-01-01,GR,Greece,P01,International Voice Termination,Actual,,,,,2182142.6,,,
Trend,2019-01-01,GR,Greece,P02,A2P Messaging,Actual,,,,,602315.81,,,
Trend,2019-01-01,GR,Greece,P03,IPX Roaming & Signalling,Actual,,,,,442266.4,,,
Trend,2019-01-01,GR,Greece,P04,IP Transit,Actual,,,,,266370.9,,,
Trend,2019-01-01,GR,Greece,P05,Ethernet & Capacity Services,Actual,,,,,598477.2,,,
Trend,2019-01-01,GR,Greece,P07,Voice Firewall & Anti-Fraud,Actual,,,,,208264.48,,,
Trend,2019-01-01,HR,Croatia,P05,Ethernet & Capacity Services,Actual,,,,,134775.18,,,
Trend,2019-01-01,HR,Croatia,P06,Cloud Connect,Actual,,,,,32258.85,,,
Trend,2019-01-01,HU,Hungary,P01,International Voice Termination,Actual,,,,,4413627.71,,,
Trend,2019-01-01,HU,Hungary,P02,A2P Messaging,Actual,,,,,399779.43,,,
Trend,2019-01-01,HU,Hungary,P03,IPX Roaming & Signalling,Actual,,,,,686972.31,,,
Trend,2019-01-01,HU,Hungary,P04,IP Transit,Actual,,,,,35876.14,,,
Trend,2019-01-01,HU,Hungary,P05,Ethernet & Capacity Services,Actual,,,,,650698.99,,,
Trend,2019-01-01,HU,Hungary,P06,Cloud Connect,Actual,,,,,22394.87,,,
Trend,2019-01-01,HU,Hungary,P07,Voice Firewall & Anti-Fraud,Actual,,,,,256729.28,,,
Trend,2019-01-01,IT,Italy,P01,International Voice Termination,Actual,,,,,532322.02,,,
Trend,2019-01-01,IT,Italy,P02,A2P Messaging,Actual,,,,,175076.68,,,
Trend,2019-01-01,IT,Italy,P03,IPX Roaming & Signalling,Actual,,,,,119507.33,,,
Trend,2019-01-01,IT,Italy,P04,IP Transit,Actual,,,,,757838.33,,,
Trend,2019-01-01,IT,Italy,P05,Ethernet & Capacity Services,Actual,,,,,4740253.52,,,
Trend,2019-01-01,IT,Italy,P06,Cloud Connect,Actual,,,,,727656.8,,,
Trend,2019-01-01,IT,Italy,P07,Voice Firewall & Anti-Fraud,Actual,,,,,138181.82,,,
Trend,2019-01-01,NL,Netherlands,P01,International Voice Termination,Actual,,,,,7341261.47,,,
Trend,2019-01-01,NL,Netherlands,P02,A2P Messaging,Actual,,,,,1879277.36,,,
Trend,2019-01-01,NL,Netherlands,P03,IPX Roaming & Signalling,Actual,,,,,2009271.46,,,
Trend,2019-01-01,NL,Netherlands,P04,IP Transit,Actual,,,,,891064.15,,,
Trend,2019-01-01,NL,Netherlands,P05,Ethernet & Capacity Services,Actual,,,,,1811792.88,,,
Trend,2019-01-01,NL,Netherlands,P06,Cloud Connect,Actual,,,,,33327.74,,,
Trend,2019-01-01,NL,Netherlands,P07,Voice Firewall & Anti-Fraud,Actual,,,,,611601.68,,,
Trend,2019-01-01,PL,Poland,P01,International Voice Termination,Actual,,,,,6478451.22,,,
Trend,2019-01-01,PL,Poland,P02,A2P Messaging,Actual,,,,,122756.29,,,
Trend,2019-01-01,PL,Poland,P03,IPX Roaming & Signalling,Actual,,,,,1294110.53,,,
Trend,2019-01-01,PL,Poland,P04,IP Transit,Actual,,,,,537413.39,,,
Trend,2019-01-01,PL,Poland,P05,Ethernet & Capacity Services,Actual,,,,,1910741.36,,,
Trend,2019-01-01,PL,Poland,P06,Cloud Connect,Actual,,,,,20994.02,,,
Trend,2019-01-01,PL,Poland,P07,Voice Firewall & Anti-Fraud,Actual,,,,,180301.78,,,
Trend,2019-01-01,RO,Romania,P01,International Voice Termination,Actual,,,,,483888.43,,,
Trend,2019-01-01,RO,Romania,P03,IPX Roaming & Signalling,Actual,,,,,212330.83,,,
Trend,2019-01-01,RO,Romania,P05,Ethernet & Capacity Services,Actual,,,,,580345.24,,,
Trend,2019-01-01,RO,Romania,P07,Voice Firewall & Anti-Fraud,Actual,,,,,62339.63,,,
Trend,2019-01-01,SK,Slovakia,P01,International Voice Termination,Actual,,,,,716554.68,,,
Trend,2019-01-01,SK,Slovakia,P02,A2P Messaging,Actual,,,,,722384.39,,,
Trend,2019-01-01,SK,Slovakia,P03,IPX Roaming & Signalling,Actual,,,,,407780.83,,,
Trend,2019-01-01,SK,Slovakia,P05,Ethernet & Capacity Services,Actual,,,,,635181.93,,,
Trend,2019-01-01,SK,Slovakia,P07,Voice Firewall & Anti-Fraud,Actual,,,,,47409.52,,,
Trend,2019-02-01,AT,Austria,P01,International Voice Termination,Actual,,,,,1880323.73,,,
Trend,2019-02-01,AT,Austria,P02,A2P Messaging,Actual,,,,,1492040.09,,,
Trend,2019-02-01,AT,Austria,P03,IPX Roaming & Signalling,Actual,,,,,514196.27,,,
Trend,2019-02-01,AT,Austria,P04,IP Transit,Actual,,,,,390019.19,,,
Trend,2019-02-01,AT,Austria,P05,Ethernet & Capacity Services,Actual,,,,,1207626.18,,,
Trend,2019-02-01,AT,Austria,P06,Cloud Connect,Actual,,,,,90464.05,,,
Trend,2019-02-01,AT,Austria,P07,Voice Firewall & Anti-Fraud,Actual,,,,,234961.4,,,
Trend,2019-02-01,CZ,Czechia,P03,IPX Roaming & Signalling,Actual,,,,,53139.22,,,
Trend,2019-02-01,CZ,Czechia,P04,IP Transit,Actual,,,,,94059.08,,,
Trend,2019-02-01,CZ,Czechia,P05,Ethernet & Capacity Services,Actual,,,,,1102712.37,,,
Trend,2019-02-01,CZ,Czechia,P06,Cloud Connect,Actual,,,,,47470.91,,,
Trend,2019-02-01,CZ,Czechia,P07,Voice Firewall & Anti-Fraud,Actual,,,,,14234.5,,,
Trend,2019-02-01,DE,Germany,P01,International Voice Termination,Actual,,,,,10593963.04,,,
Trend,2019-02-01,DE,Germany,P02,A2P Messaging,Actual,,,,,1702569.74,,,
Trend,2019-02-01,DE,Germany,P03,IPX Roaming & Signalling,Actual,,,,,2293201.29,,,
Trend,2019-02-01,DE,Germany,P04,IP Transit,Actual,,,,,2836646.94,,,
Trend,2019-02-01,DE,Germany,P05,Ethernet & Capacity Services,Actual,,,,,5543703.09,,,
Trend,2019-02-01,DE,Germany,P06,Cloud Connect,Actual,,,,,1620557.41,,,
Trend,2019-02-01,DE,Germany,P07,Voice Firewall & Anti-Fraud,Actual,,,,,370399.18,,,
Trend,2019-02-01,ES,Spain,P01,International Voice Termination,Actual,,,,,2485952.15,,,
Trend,2019-02-01,ES,Spain,P02,A2P Messaging,Actual,,,,,3244105.06,,,
Trend,2019-02-01,ES,Spain,P03,IPX Roaming & Signalling,Actual,,,,,1128497.35,,,
Trend,2019-02-01,ES,Spain,P04,IP Transit,Actual,,,,,1498273.72,,,
Trend,2019-02-01,ES,Spain,P05,Ethernet & Capacity Services,Actual,,,,,4587953.3,,,
Trend,2019-02-01,ES,Spain,P06,Cloud Connect,Actual,,,,,598869.89,,,
Trend,2019-02-01,ES,Spain,P07,Voice Firewall & Anti-Fraud,Actual,,,,,635602.07,,,
Trend,2019-02-01,FR,France,P01,International Voice Termination,Actual,,,,,5191529.66,,,
Trend,2019-02-01,FR,France,P02,A2P Messaging,Actual,,,,,3374940.34,,,
Trend,2019-02-01,FR,France,P03,IPX Roaming & Signalling,Actual,,,,,3985043.67,,,
Trend,2019-02-01,FR,France,P04,IP Transit,Actual,,,,,703700.84,,,
Trend,2019-02-01,FR,France,P05,Ethernet & Capacity Services,Actual,,,,,2608320.97,,,
Trend,2019-02-01,FR,France,P06,Cloud Connect,Actual,,,,,660736.17,,,
Trend,2019-02-01,FR,France,P07,Voice Firewall & Anti-Fraud,Actual,,,,,1308711.35,,,
Trend,2019-02-01,GR,Greece,P01,International Voice Termination,Actual,,,,,1831777.07,,,
Trend,2019-02-01,GR,Greece,P02,A2P Messaging,Actual,,,,,642092.61,,,
Trend,2019-02-01,GR,Greece,P03,IPX Roaming & Signalling,Actual,,,,,437413.39,,,
Trend,2019-02-01,GR,Greece,P04,IP Transit,Actual,,,,,227994.7,,,
Trend,2019-02-01,GR,Greece,P05,Ethernet & Capacity Services,Actual,,,,,591848.04,,,
Trend,2019-02-01,GR,Greece,P07,Voice Firewall & Anti-Fraud,Actual,,,,,209338.39,,,
Trend,2019-02-01,HR,Croatia,P05,Ethernet & Capacity Services,Actual,,,,,146102.94,,,
Trend,2019-02-01,HR,Croatia,P06,Cloud Connect,Actual,,,,,34401.35,,,
Trend,2019-02-01,HU,Hungary,P01,International Voice Termination,Actual,,,,,4134865.85,,,
Trend,2019-02-01,HU,Hungary,P02,A2P Messaging,Actual,,,,,443928.67,,,
Trend,2019-02-01,HU,Hungary,P03,IPX Roaming & Signalling,Actual,,,,,730606.87,,,
Trend,2019-02-01,HU,Hungary,P04,IP Transit,Actual,,,,,41373.81,,,
Trend,2019-02-01,HU,Hungary,P05,Ethernet & Capacity Services,Actual,,,,,675507.69,,,
Trend,2019-02-01,HU,Hungary,P06,Cloud Connect,Actual,,,,,20873.26,,,
Trend,2019-02-01,HU,Hungary,P07,Voice Firewall & Anti-Fraud,Actual,,,,,251562.22,,,
Trend,2019-02-01,IT,Italy,P01,International Voice Termination,Actual,,,,,465593.28,,,
Trend,2019-02-01,IT,Italy,P02,A2P Messaging,Actual,,,,,175467.65,,,
Trend,2019-02-01,IT,Italy,P03,IPX Roaming & Signalling,Actual,,,,,108353.9,,,
Trend,2019-02-01,IT,Italy,P04,IP Transit,Actual,,,,,720636.93,,,
Trend,2019-02-01,IT,Italy,P05,Ethernet & Capacity Services,Actual,,,,,4350470.94,,,
Trend,2019-02-01,IT,Italy,P06,Cloud Connect,Actual,,,,,706123.14,,,
Trend,2019-02-01,IT,Italy,P07,Voice Firewall & Anti-Fraud,Actual,,,,,145869.63,,,
Trend,2019-02-01,NL,Netherlands,P01,International Voice Termination,Actual,,,,,6708964.87,,,
Trend,2019-02-01,NL,Netherlands,P02,A2P Messaging,Actual,,,,,1918561.96,,,
Trend,2019-02-01,NL,Netherlands,P03,IPX Roaming & Signalling,Actual,,,,,2021396.47,,,
Trend,2019-02-01,NL,Netherlands,P04,IP Transit,Actual,,,,,786191.71,,,
Trend,2019-02-01,NL,Netherlands,P05,Ethernet & Capacity Services,Actual,,,,,1761919.83,,,
Trend,2019-02-01,NL,Netherlands,P06,Cloud Connect,Actual,,,,,36597.12,,,
Trend,2019-02-01,NL,Netherlands,P07,Voice Firewall & Anti-Fraud,Actual,,,,,648824.35,,,
Trend,2019-02-01,PL,Poland,P01,International Voice Termination,Actual,,,,,5619341.36,,,
Trend,2019-02-01,PL,Poland,P02,A2P Messaging,Actual,,,,,122929.77,,,
Trend,2019-02-01,PL,Poland,P03,IPX Roaming & Signalling,Actual,,,,,1318181.37,,,
Trend,2019-02-01,PL,Poland,P04,IP Transit,Actual,,,,,497419.84,,,
Trend,2019-02-01,PL,Poland,P05,Ethernet & Capacity Services,Actual,,,,,1971549.69,,,
Trend,2019-02-01,PL,Poland,P06,Cloud Connect,Actual,,,,,21167.53,,,
Trend,2019-02-01,PL,Poland,P07,Voice Firewall & Anti-Fraud,Actual,,,,,171988.43,,,
Trend,2019-02-01,RO,Romania,P01,International Voice Termination,Actual,,,,,451374.14,,,
Trend,2019-02-01,RO,Romania,P03,IPX Roaming & Signalling,Actual,,,,,215896.83,,,
Trend,2019-02-01,RO,Romania,P05,Ethernet & Capacity Services,Actual,,,,,578981.11,,,
Trend,2019-02-01,RO,Romania,P07,Voice Firewall & Anti-Fraud,Actual,,,,,61266.78,,,
Trend,2019-02-01,SK,Slovakia,P01,International Voice Termination,Actual,,,,,680279.28,,,
Trend,2019-02-01,SK,Slovakia,P02,A2P Messaging,Actual,,,,,669979.81,,,
Trend,2019-02-01,SK,Slovakia,P03,IPX Roaming & Signalling,Actual,,,,,439112.93,,,
Trend,2019-02-01,SK,Slovakia,P05,Ethernet & Capacity Services,Actual,,,,,638549.16,,,
Trend,2019-02-01,SK,Slovakia,P07,Voice Firewall & Anti-Fraud,Actual,,,,,52293.08,,,
Trend,2019-03-01,AT,Austria,P01,International Voice Termination,Actual,,,,,2163832.23,,,
Trend,2019-03-01,AT,Austria,P02,A2P Messaging,Actual,,,,,1596392.45,,,
Trend,2019-03-01,AT,Austria,P03,IPX Roaming & Signalling,Actual,,,,,589385.2,,,
Trend,2019-03-01,AT,Austria,P04,IP Transit,Actual,,,,,411679.47,,,
Trend,2019-03-01,AT,Austria,P05,Ethernet & Capacity Services,Actual,,,,,1240499.65,,,
Trend,2019-03-01,AT,Austria,P06,Cloud Connect,Actual,,,,,89629.71,,,
Trend,2019-03-01,AT,Austria,P07,Voice Firewall & Anti-Fraud,Actual,,,,,243436.04,,,
Trend,2019-03-01,CZ,Czechia,P03,IPX Roaming & Signalling,Actual,,,,,55163.97,,,
Trend,2019-03-01,CZ,Czechia,P04,IP Transit,Actual,,,,,90969.93,,,
Trend,2019-03-01,CZ,Czechia,P05,Ethernet & Capacity Services,Actual,,,,,1167113.25,,,
Trend,2019-03-01,CZ,Czechia,P06,Cloud Connect,Actual,,,,,54906.76,,,
Trend,2019-03-01,CZ,Czechia,P07,Voice Firewall & Anti-Fraud,Actual,,,,,14256.19,,,
Trend,2019-03-01,DE,Germany,P01,International Voice Termination,Actual,,,,,11649351.48,,,
Trend,2019-03-01,DE,Germany,P02,A2P Messaging,Actual,,,,,1909148.83,,,
Trend,2019-03-01,DE,Germany,P03,IPX Roaming & Signalling,Actual,,,,,2379884.71,,,
Trend,2019-03-01,DE,Germany,P04,IP Transit,Actual,,,,,2937186.02,,,
Trend,2019-03-01,DE,Germany,P05,Ethernet & Capacity Services,Actual,,,,,5765386.54,,,
Trend,2019-03-01,DE,Germany,P06,Cloud Connect,Actual,,,,,1637581.95,,,
Trend,2019-03-01,DE,Germany,P07,Voice Firewall & Anti-Fraud,Actual,,,,,392888.18,,,
Trend,2019-03-01,ES,Spain,P01,International Voice Termination,Actual,,,,,2743560.84,,,
Trend,2019-03-01,ES,Spain,P02,A2P Messaging,Actual,,,,,3565437.23,,,
Trend,2019-03-01,ES,Spain,P03,IPX Roaming & Signalling,Actual,,,,,1257598.02,,,
Trend,2019-03-01,ES,Spain,P04,IP Transit,Actual,,,,,1534774.76,,,
Trend,2019-03-01,ES,Spain,P05,Ethernet & Capacity Services,Actual,,,,,4602553.12,,,
Trend,2019-03-01,ES,Spain,P06,Cloud Connect,Actual,,,,,608312.22,,,
Trend,2019-03-01,ES,Spain,P07,Voice Firewall & Anti-Fraud,Actual,,,,,640049.24,,,
Trend,2019-03-01,FR,France,P01,International Voice Termination,Actual,,,,,5870217.69,,,
Trend,2019-03-01,FR,France,P02,A2P Messaging,Actual,,,,,3875000.89,,,
Trend,2019-03-01,FR,France,P03,IPX Roaming & Signalling,Actual,,,,,4603844.52,,,
Trend,2019-03-01,FR,France,P04,IP Transit,Actual,,,,,730564.37,,,
Trend,2019-03-01,FR,France,P05,Ethernet & Capacity Services,Actual,,,,,2833501.69,,,
Trend,2019-03-01,FR,France,P06,Cloud Connect,Actual,,,,,684517.24,,,
Trend,2019-03-01,FR,France,P07,Voice Firewall & Anti-Fraud,Actual,,,,,1310443.76,,,
Trend,2019-03-01,GR,Greece,P01,International Voice Termination,Actual,,,,,1949397.0,,,
Trend,2019-03-01,GR,Greece,P02,A2P Messaging,Actual,,,,,715159.45,,,
Trend,2019-03-01,GR,Greece,P03,IPX Roaming & Signalling,Actual,,,,,523118.39,,,
Trend,2019-03-01,GR,Greece,P04,IP Transit,Actual,,,,,252345.02,,,
Trend,2019-03-01,GR,Greece,P05,Ethernet & Capacity Services,Actual,,,,,605443.48,,,
Trend,2019-03-01,GR,Greece,P07,Voice Firewall & Anti-Fraud,Actual,,,,,210275.98,,,
Trend,2019-03-01,HR,Croatia,P05,Ethernet & Capacity Services,Actual,,,,,128087.27,,,
Trend,2019-03-01,HR,Croatia,P06,Cloud Connect,Actual,,,,,33809.97,,,
Trend,2019-03-01,HU,Hungary,P01,International Voice Termination,Actual,,,,,4516287.59,,,
Trend,2019-03-01,HU,Hungary,P02,A2P Messaging,Actual,,,,,434143.63,,,
Trend,2019-03-01,HU,Hungary,P03,IPX Roaming & Signalling,Actual,,,,,775537.19,,,
Trend,2019-03-01,HU,Hungary,P04,IP Transit,Actual,,,,,39231.99,,,
Trend,2019-03-01,HU,Hungary,P05,Ethernet & Capacity Services,Actual,,,,,758939.6,,,
Trend,2019-03-01,HU,Hungary,P06,Cloud Connect,Actual,,,,,21725.78,,,
Trend,2019-03-01,HU,Hungary,P07,Voice Firewall & Anti-Fraud,Actual,,,,,258419.73,,,
Trend,2019-03-01,IT,Italy,P01,International Voice Termination,Actual,,,,,520348.41,,,
Trend,2019-03-01,IT,Italy,P02,A2P Messaging,Actual,,,,,186044.67,,,
Trend,2019-03-01,IT,Italy,P03,IPX Roaming & Signalling,Actual,,,,,130835.88,,,
Trend,2019-03-01,IT,Italy,P04,IP Transit,Actual,,,,,705250.8,,,
Trend,2019-03-01,IT,Italy,P05,Ethernet & Capacity Services,Actual,,,,,4425123.04,,,
Trend,2019-03-01,IT,Italy,P06,Cloud Connect,Actual,,,,,727192.53,,,
Trend,2019-03-01,IT,Italy,P07,Voice Firewall & Anti-Fraud,Actual,,,,,141305.74,,,
Trend,2019-03-01,NL,Netherlands,P01,International Voice Termination,Actual,,,,,7408034.96,,,
Trend,2019-03-01,NL,Netherlands,P02,A2P Messaging,Actual,,,,,2246084.39,,,
Trend,2019-03-01,NL,Netherlands,P03,IPX Roaming & Signalling,Actual,,,,,2248045.06,,,
Trend,2019-03-01,NL,Netherlands,P04,IP Transit,Actual,,,,,883213.93,,,
Trend,2019-03-01,NL,Netherlands,P05,Ethernet & Capacity Services,Actual,,,,,1844091.23,,,
Trend,2019-03-01,NL,Netherlands,P06,Cloud Connect,Actual,,,,,36632.4,,,
Trend,2019-03-01,NL,Netherlands,P07,Voice Firewall & Anti-Fraud,Actual,,,,,657549.44,,,
Trend,2019-03-01,PL,Poland,P01,International Voice Termination,Actual,,,,,6196641.54,,,
Trend,2019-03-01,PL,Poland,P02,A2P Messaging,Actual,,,,,139623.44,,,
Trend,2019-03-01,PL,Poland,P03,IPX Roaming & Signalling,Actual,,,,,1602901.6,,,
Trend,2019-03-01,PL,Poland,P04,IP Transit,Actual,,,,,563413.63,,,
Trend,2019-03-01,PL,Poland,P05,Ethernet & Capacity Services,Actual,,,,,1993793.91,,,
Trend,2019-03-01,PL,Poland,P06,Cloud Connect,Actual,,,,,22607.76,,,
Trend,2019-03-01,PL,Poland,P07,Voice Firewall & Anti-Fraud,Actual,,,,,193047.78,,,
Trend,2019-03-01,RO,Romania,P01,International Voice Termination,Actual,,,,,481834.3,,,
Trend,2019-03-01,RO,Romania,P03,IPX Roaming & Signalling,Actual,,,,,241437.21,,,
Trend,2019-03-01,RO,Romania,P05,Ethernet & Capacity Services,Actual,,,,,545330.08,,,
Trend,2019-03-01,RO,Romania,P07,Voice Firewall & Anti-Fraud,Actual,,,,,63856.22,,,
Trend,2019-03-01,SK,Slovakia,P01,International Voice Termination,Actual,,,,,731600.51,,,
Trend,2019-03-01,SK,Slovakia,P02,A2P Messaging,Actual,,,,,745762.02,,,
Trend,2019-03-01,SK,Slovakia,P03,IPX Roaming & Signalling,Actual,,,,,488216.9,,,
Trend,2019-03-01,SK,Slovakia,P05,Ethernet & Capacity Services,Actual,,,,,579404.09,,,
Trend,2019-03-01,SK,Slovakia,P07,Voice Firewall & Anti-Fraud,Actual,,,,,48827.74,,,
Trend,2019-04-01,AT,Austria,P01,International Voice Termination,Actual,,,,,2088699.51,,,
Trend,2019-04-01,AT,Austria,P02,A2P Messaging,Actual,,,,,1615250.3,,,
Trend,2019-04-01,AT,Austria,P03,IPX Roaming & Signalling,Actual,,,,,731747.2,,,
Trend,2019-04-01,AT,Austria,P04,IP Transit,Actual,,,,,388426.18,,,
Trend,2019-04-01,AT,Austria,P05,Ethernet & Capacity Services,Actual,,,,,1270502.54,,,
Trend,2019-04-01,AT,Austria,P06,Cloud Connect,Actual,,,,,97059.78,,,
Trend,2019-04-01,AT,Austria,P07,Voice Firewall & Anti-Fraud,Actual,,,,,246602.51,,,
Trend,2019-04-01,CZ,Czechia,P03,IPX Roaming & Signalling,Actual,,,,,61185.69,,,
Trend,2019-04-01,CZ,Czechia,P04,IP Transit,Actual,,,,,98215.24,,,
Trend,2019-04-01,CZ,Czechia,P05,Ethernet & Capacity Services,Actual,,,,,1202770.2,,,
Trend,2019-04-01,CZ,Czechia,P06,Cloud Connect,Actual,,,,,51658.04,,,
Trend,2019-04-01,CZ,Czechia,P07,Voice Firewall & Anti-Fraud,Actual,,,,,15346.87,,,
Trend,2019-04-01,DE,Germany,P01,International Voice Termination,Actual,,,,,10441985.31,,,
Trend,2019-04-01,DE,Germany,P02,A2P Messaging,Actual,,,,,1947123.98,,,
Trend,2019-04-01,DE,Germany,P03,IPX Roaming & Signalling,Actual,,,,,2882835.76,,,
Trend,2019-04-01,DE,Germany,P04,IP Transit,Actual,,,,,2937975.31,,,
Trend,2019-04-01,DE,Germany,P05,Ethernet & Capacity Services,Actual,,,,,5591301.49,,,
Trend,2019-04-01,DE,Germany,P06,Cloud Connect,Actual,,,,,1640573.79,,,
Trend,2019-04-01,DE,Germany,P07,Voice Firewall & Anti-Fraud,Actual,,,,,375849.51,,,
Trend,2019-04-01,ES,Spain,P01,International Voice Termination,Actual,,,,,2682825.76,,,
Trend,2019-04-01,ES,Spain,P02,A2P Messaging,Actual,,,,,3637072.96,,,
Trend,2019-04-01,ES,Spain,P03,IPX Roaming & Signalling,Actual,,,,,1439651.78,,,
Trend,2019-04-01,ES,Spain,P04,IP Transit,Actual,,,,,1544482.45,,,
Trend,2019-04-01,ES,Spain,P05,Ethernet & Capacity Services,Actual,,,,,4293881.15,,,
Trend,2019-04-01,ES,Spain,P06,Cloud Connect,Actual,,,,,659804.46,,,
Trend,2019-04-01,ES,Spain,P07,Voice Firewall & Anti-Fraud,Actual,,,,,660551.58,,,
Trend,2019-04-01,FR,France,P01,International Voice Termination,Actual,,,,,5312530.46,,,
Trend,2019-04-01,FR,France,P02,A2P Messaging,Actual,,,,,4143731.74,,,
Trend,2019-04-01,FR,France,P03,IPX Roaming & Signalling,Actual,,,,,5349203.75,,,
Trend,2019-04-01,FR,France,P04,IP Transit,Actual,,,,,773476.74,,,
Trend,2019-04-01,FR,France,P05,Ethernet & Capacity Services,Actual,,,,,2737938.34,,,
Trend,2019-04-01,FR,France,P06,Cloud Connect,Actual,,,,,684778.05,,,
Trend,2019-04-01,FR,France,P07,Voice Firewall & Anti-Fraud,Actual,,,,,1341013.09,,,
Trend,2019-04-01,GR,Greece,P01,International Voice Termination,Actual,,,,,1961791.01,,,
Trend,2019-04-01,GR,Greece,P02,A2P Messaging,Actual,,,,,768357.36,,,
Trend,2019-04-01,GR,Greece,P03,IPX Roaming & Signalling,Actual,,,,,549562.97,,,
Trend,2019-04-01,GR,Greece,P04,IP Transit,Actual,,,,,243896.78,,,
Trend,2019-04-01,GR,Greece,P05,Ethernet & Capacity Services,Actual,,,,,637179.81,,,
Trend,2019-04-01,GR,Greece,P07,Voice Firewall & Anti-Fraud,Actual,,,,,211652.69,,,
Trend,2019-04-01,HR,Croatia,P05,Ethernet & Capacity Services,Actual,,,,,127302.08,,,
Trend,2019-04-01,HR,Croatia,P06,Cloud Connect,Actual,,,,,33680.79,,,
Trend,2019-04-01,HU,Hungary,P01,International Voice Termination,Actual,,,,,4401991.74,,,
Trend,2019-04-01,HU,Hungary,P02,A2P Messaging,Actual,,,,,462759.73,,,
Trend,2019-04-01,HU,Hungary,P03,IPX Roaming & Signalling,Actual,,,,,886419.2,,,
Trend,2019-04-01,HU,Hungary,P04,IP Transit,Actual,,,,,39368.57,,,
Trend,2019-04-01,HU,Hungary,P05,Ethernet & Capacity Services,Actual,,,,,666891.0,,,
Trend,2019-04-01,HU,Hungary,P06,Cloud Connect,Actual,,,,,22862.01,,,
Trend,2019-04-01,HU,Hungary,P07,Voice Firewall & Anti-Fraud,Actual,,,,,272867.92,,,
Trend,2019-04-01,IT,Italy,P01,International Voice Termination,Actual,,,,,513624.73,,,
Trend,2019-04-01,IT,Italy,P02,A2P Messaging,Actual,,,,,198831.58,,,
Trend,2019-04-01,IT,Italy,P03,IPX Roaming & Signalling,Actual,,,,,148807.23,,,
Trend,2019-04-01,IT,Italy,P04,IP Transit,Actual,,,,,694976.55,,,
Trend,2019-04-01,IT,Italy,P05,Ethernet & Capacity Services,Actual,,,,,4535427.72,,,
Trend,2019-04-01,IT,Italy,P06,Cloud Connect,Actual,,,,,683156.87,,,
Trend,2019-04-01,IT,Italy,P07,Voice Firewall & Anti-Fraud,Actual,,,,,138254.86,,,
Trend,2019-04-01,NL,Netherlands,P01,International Voice Termination,Actual,,,,,6962885.11,,,
Trend,2019-04-01,NL,Netherlands,P02,A2P Messaging,Actual,,,,,2198359.99,,,
Trend,2019-04-01,NL,Netherlands,P03,IPX Roaming & Signalling,Actual,,,,,2643386.27,,,
Trend,2019-04-01,NL,Netherlands,P04,IP Transit,Actual,,,,,826197.85,,,
Trend,2019-04-01,NL,Netherlands,P05,Ethernet & Capacity Services,Actual,,,,,1900340.43,,,
Trend,2019-04-01,NL,Netherlands,P06,Cloud Connect,Actual,,,,,37500.05,,,
Trend,2019-04-01,NL,Netherlands,P07,Voice Firewall & Anti-Fraud,Actual,,,,,650625.68,,,
Trend,2019-04-01,PL,Poland,P01,International Voice Termination,Actual,,,,,5740608.68,,,
Trend,2019-04-01,PL,Poland,P02,A2P Messaging,Actual,,,,,143446.32,,,
Trend,2019-04-01,PL,Poland,P03,IPX Roaming & Signalling,Actual,,,,,1749624.69,,,
Trend,2019-04-01,PL,Poland,P04,IP Transit,Actual,,,,,547415.7,,,
Trend,2019-04-01,PL,Poland,P05,Ethernet & Capacity Services,Actual,,,,,1920975.89,,,
Trend,2019-04-01,PL,Poland,P06,Cloud Connect,Actual,,,,,21792.07,,,
Trend,2019-04-01,PL,Poland,P07,Voice Firewall & Anti-Fraud,Actual,,,,,187031.59,,,
Trend,2019-04-01,RO,Romania,P01,International Voice Termination,Actual,,,,,413394.65,,,
Trend,2019-04-01,RO,Romania,P03,IPX Roaming & Signalling,Actual,,,,,299585.67,,,
Trend,2019-04-01,RO,Romania,P05,Ethernet & Capacity Services,Actual,,,,,594845.96,,,
Trend,2019-04-01,RO,Romania,P07,Voice Firewall & Anti-Fraud,Actual,,,,,66102.42,,,
Trend,2019-04-01,SK,Slovakia,P01,International Voice Termination,Actual,,,,,675834.06,,,
Trend,2019-04-01,SK,Slovakia,P02,A2P Messaging,Actual,,,,,813386.89,,,
Trend,2019-04-01,SK,Slovakia,P03,IPX Roaming & Signalling,Actual,,,,,596758.84,,,
Trend,2019-04-01,SK,Slovakia,P05,Ethernet & Capacity Services,Actual,,,,,607692.02,,,
Trend,2019-04-01,SK,Slovakia,P07,Voice Firewall & Anti-Fraud,Actual,,,,,53315.37,,,
Trend,2019-05-01,AT,Austria,P01,International Voice Termination,Actual,,,,,2288048.62,,,
Trend,2019-05-01,AT,Austria,P02,A2P Messaging,Actual,,,,,1758956.97,,,
Trend,2019-05-01,AT,Austria,P03,IPX Roaming & Signalling,Actual,,,,,686582.03,,,
Trend,2019-05-01,AT,Austria,P04,IP Transit,Actual,,,,,428977.19,,,
Trend,2019-05-01,AT,Austria,P05,Ethernet & Capacity Services,Actual,,,,,1277437.97,,,
Trend,2019-05-01,AT,Austria,P06,Cloud Connect,Actual,,,,,104450.78,,,
Trend,2019-05-01,AT,Austria,P07,Voice Firewall & Anti-Fraud,Actual,,,,,246357.46,,,
Trend,2019-05-01,CZ,Czechia,P03,IPX Roaming & Signalling,Actual,,,,,65999.7,,,
Trend,2019-05-01,CZ,Czechia,P04,IP Transit,Actual,,,,,94495.6,,,
Trend,2019-05-01,CZ,Czechia,P05,Ethernet & Capacity Services,Actual,,,,,1151591.62,,,
Trend,2019-05-01,CZ,Czechia,P06,Cloud Connect,Actual,,,,,51789.1,,,
Trend,2019-05-01,CZ,Czechia,P07,Voice Firewall & Anti-Fraud,Actual,,,,,14171.82,,,
Trend,2019-05-01,DE,Germany,P01,International Voice Termination,Actual,,,,,10713455.39,,,
Trend,2019-05-01,DE,Germany,P02,A2P Messaging,Actual,,,,,1947328.44,,,
Trend,2019-05-01,DE,Germany,P03,IPX Roaming & Signalling,Actual,,,,,3191056.21,,,
Trend,2019-05-01,DE,Germany,P04,IP Transit,Actual,,,,,3065158.33,,,
Trend,2019-05-01,DE,Germany,P05,Ethernet & Capacity Services,Actual,,,,,5530341.73,,,
Trend,2019-05-01,DE,Germany,P06,Cloud Connect,Actual,,,,,1629710.8,,,
Trend,2019-05-01,DE,Germany,P07,Voice Firewall & Anti-Fraud,Actual,,,,,378732.2,,,
Trend,2019-05-01,ES,Spain,P01,International Voice Termination,Actual,,,,,2629557.35,,,
Trend,2019-05-01,ES,Spain,P02,A2P Messaging,Actual,,,,,3700390.34,,,
Trend,2019-05-01,ES,Spain,P03,IPX Roaming & Signalling,Actual,,,,,1638895.72,,,
Trend,2019-05-01,ES,Spain,P04,IP Transit,Actual,,,,,1593013.14,,,
Trend,2019-05-01,ES,Spain,P05,Ethernet & Capacity Services,Actual,,,,,4661725.24,,,
Trend,2019-05-01,ES,Spain,P06,Cloud Connect,Actual,,,,,658236.29,,,
Trend,2019-05-01,ES,Spain,P07,Voice Firewall & Anti-Fraud,Actual,,,,,659244.1,,,
Trend,2019-05-01,FR,France,P01,International Voice Termination,Actual,,,,,5144829.6,,,
Trend,2019-05-01,FR,France,P02,A2P Messaging,Actual,,,,,4078952.29,,,
Trend,2019-05-01,FR,France,P03,IPX Roaming & Signalling,Actual,,,,,5827701.53,,,
Trend,2019-05-01,FR,France,P04,IP Transit,Actual,,,,,762424.48,,,
Trend,2019-05-01,FR,France,P05,Ethernet & Capacity Services,Actual,,,,,2769724.24,,,
Trend,2019-05-01,FR,France,P06,Cloud Connect,Actual,,,,,713642.83,,,
Trend,2019-05-01,FR,France,P07,Voice Firewall & Anti-Fraud,Actual,,,,,1400098.69,,,
Trend,2019-05-01,GR,Greece,P01,International Voice Termination,Actual,,,,,1960033.73,,,
Trend,2019-05-01,GR,Greece,P02,A2P Messaging,Actual,,,,,732754.18,,,
Trend,2019-05-01,GR,Greece,P03,IPX Roaming & Signalling,Actual,,,,,596560.34,,,
Trend,2019-05-01,GR,Greece,P04,IP Transit,Actual,,,,,274149.77,,,
Trend,2019-05-01,GR,Greece,P05,Ethernet & Capacity Services,Actual,,,,,597508.71,,,
Trend,2019-05-01,GR,Greece,P07,Voice Firewall & Anti-Fraud,Actual,,,,,222679.49,,,
Trend,2019-05-01,HR,Croatia,P05,Ethernet & Capacity Services,Actual,,,,,133066.43,,,
Trend,2019-05-01,HR,Croatia,P06,Cloud Connect,Actual,,,,,35757.29,,,
Trend,2019-05-01,HU,Hungary,P01,International Voice Termination,Actual,,,,,4342522.19,,,
Trend,2019-05-01,HU,Hungary,P02,A2P Messaging,Actual,,,,,482418.51,,,
Trend,2019-05-01,HU,Hungary,P03,IPX Roaming & Signalling,Actual,,,,,1000775.72,,,
Trend,2019-05-01,HU,Hungary,P04,IP Transit,Actual,,,,,37784.04,,,
Trend,2019-05-01,HU,Hungary,P05,Ethernet & Capacity Services,Actual,,,,,725271.02,,,
Trend,2019-05-01,HU,Hungary,P06,Cloud Connect,Actual,,,,,22323.12,,,
Trend,2019-05-01,HU,Hungary,P07,Voice Firewall & Anti-Fraud,Actual,,,,,279607.55,,,
Trend,2019-05-01,IT,Italy,P01,International Voice Termination,Actual,,,,,517098.85,,,
Trend,2019-05-01,IT,Italy,P02,A2P Messaging,Actual,,,,,195904.05,,,
Trend,2019-05-01,IT,Italy,P03,IPX Roaming & Signalling,Actual,,,,,160948.64,,,
Trend,2019-05-01,IT,Italy,P04,IP Transit,Actual,,,,,721186.04,,,
Trend,2019-05-01,IT,Italy,P05,Ethernet & Capacity Services,Actual,,,,,4463548.39,,,
Trend,2019-05-01,IT,Italy,P06,Cloud Connect,Actual,,,,,753353.62,,,
Trend,2019-05-01,IT,Italy,P07,Voice Firewall & Anti-Fraud,Actual,,,,,148306.4,,,
Trend,2019-05-01,NL,Netherlands,P01,International Voice Termination,Actual,,,,,7271099.26,,,
Trend,2019-05-01,NL,Netherlands,P02,A2P Messaging,Actual,,,,,2369224.28,,,
Trend,2019-05-01,NL,Netherlands,P03,IPX Roaming & Signalling,Actual,,,,,3045438.78,,,
Trend,2019-05-01,NL,Netherlands,P04,IP Transit,Actual,,,,,823026.99,,,
Trend,2019-05-01,NL,Netherlands,P05,Ethernet & Capacity Services,Actual,,,,,1836439.54,,,
Trend,2019-05-01,NL,Netherlands,P06,Cloud Connect,Actual,,,,,38693.8,,,
Trend,2019-05-01,NL,Netherlands,P07,Voice Firewall & Anti-Fraud,Actual,,,,,649506.09,,,
Trend,2019-05-01,PL,Poland,P01,International Voice Termination,Actual,,,,,5774935.42,,,
Trend,2019-05-01,PL,Poland,P02,A2P Messaging,Actual,,,,,143390.18,,,
Trend,2019-05-01,PL,Poland,P03,IPX Roaming & Signalling,Actual,,,,,1906816.88,,,
Trend,2019-05-01,PL,Poland,P04,IP Transit,Actual,,,,,570640.8,,,
Trend,2019-05-01,PL,Poland,P05,Ethernet & Capacity Services,Actual,,,,,2003873.03,,,
Trend,2019-05-01,PL,Poland,P06,Cloud Connect,Actual,,,,,22803.4,,,
Trend,2019-05-01,PL,Poland,P07,Voice Firewall & Anti-Fraud,Actual,,,,,196240.93,,,
Trend,2019-05-01,RO,Romania,P01,International Voice Termination,Actual,,,,,450700.52,,,
Trend,2019-05-01,RO,Romania,P03,IPX Roaming & Signalling,Actual,,,,,322953.42,,,
Trend,2019-05-01,RO,Romania,P05,Ethernet & Capacity Services,Actual,,,,,554995.47,,,
Trend,2019-05-01,RO,Romania,P07,Voice Firewall & Anti-Fraud,Actual,,,,,67320.38,,,
Trend,2019-05-01,SK,Slovakia,P01,International Voice Termination,Actual,,,,,638692.59,,,
Trend,2019-05-01,SK,Slovakia,P02,A2P Messaging,Actual,,,,,769613.53,,,
Trend,2019-05-01,SK,Slovakia,P03,IPX Roaming & Signalling,Actual,,,,,647432.44,,,
Trend,2019-05-01,SK,Slovakia,P05,Ethernet & Capacity Services,Actual,,,,,622283.99,,,
Trend,2019-05-01,SK,Slovakia,P07,Voice Firewall & Anti-Fraud,Actual,,,,,51095.39,,,
Trend,2019-06-01,AT,Austria,P01,International Voice Termination,Actual,,,,,2088999.22,,,
Trend,2019-06-01,AT,Austria,P02,A2P Messaging,Actual,,,,,1661301.3,,,
Trend,2019-06-01,AT,Austria,P03,IPX Roaming & Signalling,Actual,,,,,832720.78,,,
Trend,2019-06-01,AT,Austria,P04,IP Transit,Actual,,,,,401712.01,,,
Trend,2019-06-01,AT,Austria,P05,Ethernet & Capacity Services,Actual,,,,,1233794.39,,,
Trend,2019-06-01,AT,Austria,P06,Cloud Connect,Actual,,,,,99590.63,,,
Trend,2019-06-01,AT,Austria,P07,Voice Firewall & Anti-Fraud,Actual,,,,,265343.15,,,
Trend,2019-06-01,CZ,Czechia,P03,IPX Roaming & Signalling,Actual,,,,,77409.54,,,
Trend,2019-06-01,CZ,Czechia,P04,IP Transit,Actual,,,,,85993.0,,,
Trend,2019-06-01,CZ,Czechia,P05,Ethernet & Capacity Services,Actual,,,,,1161697.87,,,
Trend,2019-06-01,CZ,Czechia,P06,Cloud Connect,Actual,,,,,51710.82,,,
Trend,2019-06-01,CZ,Czechia,P07,Voice Firewall & Anti-Fraud,Actual,,,,,14115.39,,,
Trend,2019-06-01,DE,Germany,P01,International Voice Termination,Actual,,,,,10669441.55,,,
Trend,2019-06-01,DE,Germany,P02,A2P Messaging,Actual,,,,,1991754.54,,,
Trend,2019-06-01,DE,Germany,P03,IPX Roaming & Signalling,Actual,,,,,3784055.77,,,
Trend,2019-06-01,DE,Germany,P04,IP Transit,Actual,,,,,3136036.3,,,
Trend,2019-06-01,DE,Germany,P05,Ethernet & Capacity Services,Actual,,,,,5634221.36,,,
Trend,2019-06-01,DE,Germany,P06,Cloud Connect,Actual,,,,,1671459.36,,,
Trend,2019-06-01,DE,Germany,P07,Voice Firewall & Anti-Fraud,Actual,,,,,402787.54,,,
Trend,2019-06-01,ES,Spain,P01,International Voice Termination,Actual,,,,,2629782.09,,,
Trend,2019-06-01,ES,Spain,P02,A2P Messaging,Actual,,,,,3744444.02,,,
Trend,2019-06-01,ES,Spain,P03,IPX Roaming & Signalling,Actual,,,,,1912170.54,,,
Trend,2019-06-01,ES,Spain,P04,IP Transit,Actual,,,,,1523735.77,,,
Trend,2019-06-01,ES,Spain,P05,Ethernet & Capacity Services,Actual,,,,,4505453.12,,,
Trend,2019-06-01,ES,Spain,P06,Cloud Connect,Actual,,,,,662936.7,,,
Trend,2019-06-01,ES,Spain,P07,Voice Firewall & Anti-Fraud,Actual,,,,,664942.97,,,
Trend,2019-06-01,FR,France,P01,International Voice Termination,Actual,,,,,5160649.94,,,
Trend,2019-06-01,FR,France,P02,A2P Messaging,Actual,,,,,4066296.97,,,
Trend,2019-06-01,FR,France,P03,IPX Roaming & Signalling,Actual,,,,,7092080.95,,,
Trend,2019-06-01,FR,France,P04,IP Transit,Actual,,,,,748996.08,,,
Trend,2019-06-01,FR,France,P05,Ethernet & Capacity Services,Actual,,,,,2845226.49,,,
Trend,2019-06-01,FR,France,P06,Cloud Connect,Actual,,,,,700192.96,,,
Trend,2019-06-01,FR,France,P07,Voice Firewall & Anti-Fraud,Actual,,,,,1428978.88,,,
Trend,2019-06-01,GR,Greece,P01,International Voice Termination,Actual,,,,,1975871.1,,,
Trend,2019-06-01,GR,Greece,P02,A2P Messaging,Actual,,,,,828849.03,,,
Trend,2019-06-01,GR,Greece,P03,IPX Roaming & Signalling,Actual,,,,,725987.72,,,
Trend,2019-06-01,GR,Greece,P04,IP Transit,Actual,,,,,232277.81,,,
Trend,2019-06-01,GR,Greece,P05,Ethernet & Capacity Services,Actual,,,,,608583.26,,,
Trend,2019-06-01,GR,Greece,P07,Voice Firewall & Anti-Fraud,Actual,,,,,209968.88,,,
Trend,2019-06-01,HR,Croatia,P05,Ethernet & Capacity Services,Actual,,,,,142764.16,,,
Trend,2019-06-01,HR,Croatia,P06,Cloud Connect,Actual,,,,,34007.75,,,
Trend,2019-06-01,HU,Hungary,P01,International Voice Termination,Actual,,,,,4174266.66,,,
Trend,2019-06-01,HU,Hungary,P02,A2P Messaging,Actual,,,,,471102.11,,,
Trend,2019-06-01,HU,Hungary,P03,IPX Roaming & Signalling,Actual,,,,,1114597.17,,,
Trend,2019-06-01,HU,Hungary,P04,IP Transit,Actual,,,,,40512.15,,,
Trend,2019-06-01,HU,Hungary,P05,Ethernet & Capacity Services,Actual,,,,,724413.63,,,
Trend,2019-06-01,HU,Hungary,P06,Cloud Connect,Actual,,,,,23346.27,,,
Trend,2019-06-01,HU,Hungary,P07,Voice Firewall & Anti-Fraud,Actual,,,,,260464.97,,,
Trend,2019-06-01,IT,Italy,P01,International Voice Termination,Actual,,,,,441440.2,,,
Trend,2019-06-01,IT,Italy,P02,A2P Messaging,Actual,,,,,193727.2,,,
Trend,2019-06-01,IT,Italy,P03,IPX Roaming & Signalling,Actual,,,,,159625.87,,,
Trend,2019-06-01,IT,Italy,P04,IP Transit,Actual,,,,,813023.01,,,
Trend,2019-06-01,IT,Italy,P05,Ethernet & Capacity Services,Actual,,,,,4540895.09,,,
Trend,2019-06-01,IT,Italy,P06,Cloud Connect,Actual,,,,,749628.65,,,
Trend,2019-06-01,IT,Italy,P07,Voice Firewall & Anti-Fraud,Actual,,,,,146692.11,,,
Trend,2019-06-01,NL,Netherlands,P01,International Voice Termination,Actual,,,,,7147099.86,,,
Trend,2019-06-01,NL,Netherlands,P02,A2P Messaging,Actual,,,,,2234636.16,,,
Trend,2019-06-01,NL,Netherlands,P03,IPX Roaming & Signalling,Actual,,,,,3397707.32,,,
Trend,2019-06-01,NL,Netherlands,P04,IP Transit,Actual,,,,,812803.45,,,
Trend,2019-06-01,NL,Netherlands,P05,Ethernet & Capacity Services,Actual,,,,,1998590.35,,,
Trend,2019-06-01,NL,Netherlands,P06,Cloud Connect,Actual,,,,,37503.28,,,
Trend,2019-06-01,NL,Netherlands,P07,Voice Firewall & Anti-Fraud,Actual,,,,,687268.2,,,
Trend,2019-06-01,PL,Poland,P01,International Voice Termination,Actual,,,,,5646758.58,,,
Trend,2019-06-01,PL,Poland,P02,A2P Messaging,Actual,,,,,137566.59,,,
Trend,2019-06-01,PL,Poland,P03,IPX Roaming & Signalling,Actual,,,,,2124674.08,,,
Trend,2019-06-01,PL,Poland,P04,IP Transit,Actual,,,,,564242.06,,,
Trend,2019-06-01,PL,Poland,P05,Ethernet & Capacity Services,Actual,,,,,2047755.59,,,
Trend,2019-06-01,PL,Poland,P06,Cloud Connect,Actual,,,,,22504.88,,,
Trend,2019-06-01,PL,Poland,P07,Voice Firewall & Anti-Fraud,Actual,,,,,189984.66,,,
Trend,2019-06-01,RO,Romania,P01,International Voice Termination,Actual,,,,,449300.01,,,
Trend,2019-06-01,RO,Romania,P03,IPX Roaming & Signalling,Actual,,,,,378527.6,,,
Trend,2019-06-01,RO,Romania,P05,Ethernet & Capacity Services,Actual,,,,,584466.45,,,
Trend,2019-06-01,RO,Romania,P07,Voice Firewall & Anti-Fraud,Actual,,,,,63204.06,,,
Trend,2019-06-01,SK,Slovakia,P01,International Voice Termination,Actual,,,,,632736.74,,,
Trend,2019-06-01,SK,Slovakia,P02,A2P Messaging,Actual,,,,,762334.1,,,
Trend,2019-06-01,SK,Slovakia,P03,IPX Roaming & Signalling,Actual,,,,,724426.04,,,
Trend,2019-06-01,SK,Slovakia,P05,Ethernet & Capacity Services,Actual,,,,,608108.73,,,
Trend,2019-06-01,SK,Slovakia,P07,Voice Firewall & Anti-Fraud,Actual,,,,,54106.82,,,
Trend,2019-07-01,AT,Austria,P01,International Voice Termination,Actual,,,,,2242431.5,,,
Trend,2019-07-01,AT,Austria,P02,A2P Messaging,Actual,,,,,1637084.19,,,
Trend,2019-07-01,AT,Austria,P03,IPX Roaming & Signalling,Actual,,,,,1110249.52,,,
Trend,2019-07-01,AT,Austria,P04,IP Transit,Actual,,,,,417360.29,,,
Trend,2019-07-01,AT,Austria,P05,Ethernet & Capacity Services,Actual,,,,,1217592.73,,,
Trend,2019-07-01,AT,Austria,P06,Cloud Connect,Actual,,,,,96852.2,,,
Trend,2019-07-01,AT,Austria,P07,Voice Firewall & Anti-Fraud,Actual,,,,,262446.89,,,
Trend,2019-07-01,CZ,Czechia,P03,IPX Roaming & Signalling,Actual,,,,,97813.12,,,
Trend,2019-07-01,CZ,Czechia,P04,IP Transit,Actual,,,,,92902.21,,,
Trend,2019-07-01,CZ,Czechia,P05,Ethernet & Capacity Services,Actual,,,,,1033136.09,,,
Trend,2019-07-01,CZ,Czechia,P06,Cloud Connect,Actual,,,,,56185.25,,,
Trend,2019-07-01,CZ,Czechia,P07,Voice Firewall & Anti-Fraud,Actual,,,,,15439.35,,,
Trend,2019-07-01,DE,Germany,P01,International Voice Termination,Actual,,,,,11299079.77,,,
Trend,2019-07-01,DE,Germany,P02,A2P Messaging,Actual,,,,,2033859.73,,,
Trend,2019-07-01,DE,Germany,P03,IPX Roaming & Signalling,Actual,,,,,4606297.93,,,
Trend,2019-07-01,DE,Germany,P04,IP Transit,Actual,,,,,3140612.78,,,
Trend,2019-07-01,DE,Germany,P05,Ethernet & Capacity Services,Actual,,,,,5527053.59,,,
Trend,2019-07-01,DE,Germany,P06,Cloud Connect,Actual,,,,,1657278.26,,,
Trend,2019-07-01,DE,Germany,P07,Voice Firewall & Anti-Fraud,Actual,,,,,419137.2,,,
Trend,2019-07-01,ES,Spain,P01,International Voice Termination,Actual,,,,,2702562.73,,,
Trend,2019-07-01,ES,Spain,P02,A2P Messaging,Actual,,,,,3643426.41,,,
Trend,2019-07-01,ES,Spain,P03,IPX Roaming & Signalling,Actual,,,,,2299301.44,,,
Trend,2019-07-01,ES,Spain,P04,IP Transit,Actual,,,,,1577089.71,,,
Trend,2019-07-01,ES,Spain,P05,Ethernet & Capacity Services,Actual,,,,,4632293.73,,,
Trend,2019-07-01,ES,Spain,P06,Cloud Connect,Actual,,,,,680539.48,,,
Trend,2019-07-01,ES,Spain,P07,Voice Firewall & Anti-Fraud,Actual,,,,,670875.68,,,
Trend,2019-07-01,FR,France,P01,International Voice Termination,Actual,,,,,5579309.49,,,
Trend,2019-07-01,FR,France,P02,A2P Messaging,Actual,,,,,3945072.37,,,
Trend,2019-07-01,FR,France,P03,IPX Roaming & Signalling,Actual,,,,,8374759.7,,,
Trend,2019-07-01,FR,France,P04,IP Transit,Actual,,,,,741834.8,,,
Trend,2019-07-01,FR,France,P05,Ethernet & Capacity Services,Actual,,,,,2680700.03,,,
Trend,2019-07-01,FR,France,P06,Cloud Connect,Actual,,,,,692343.11,,,
Trend,2019-07-01,FR,France,P07,Voice Firewall & Anti-Fraud,Actual,,,,,1417885.71,,,
Trend,2019-07-01,GR,Greece,P01,International Voice Termination,Actual,,,,,1948746.28,,,
Trend,2019-07-01,GR,Greece,P02,A2P Messaging,Actual,,,,,722401.29,,,
Trend,2019-07-01,GR,Greece,P03,IPX Roaming & Signalling,Actual,,,,,887507.05,,,
Trend,2019-07-01,GR,Greece,P04,IP Transit,Actual,,,,,255713.2,,,
Trend,2019-07-01,GR,Greece,P05,Ethernet & Capacity Services,Actual,,,,,605699.45,,,
Trend,2019-07-01,GR,Greece,P07,Voice Firewall & Anti-Fraud,Actual,,,,,225032.85,,,
Trend,2019-07-01,HR,Croatia,P05,Ethernet & Capacity Services,Actual,,,,,128871.77,,,
Trend,2019-07-01,HR,Croatia,P06,Cloud Connect,Actual,,,,,36795.1,,,
Trend,2019-07-01,HU,Hungary,P01,International Voice Termination,Actual,,,,,4099756.25,,,
Trend,2019-07-01,HU,Hungary,P02,A2P Messaging,Actual,,,,,458208.27,,,
Trend,2019-07-01,HU,Hungary,P03,IPX Roaming & Signalling,Actual,,,,,1432573.14,,,
Trend,2019-07-01,HU,Hungary,P04,IP Transit,Actual,,,,,38479.43,,,
Trend,2019-07-01,HU,Hungary,P05,Ethernet & Capacity Services,Actual,,,,,707090.74,,,
Trend,2019-07-01,HU,Hungary,P06,Cloud Connect,Actual,,,,,23217.14,,,
Trend,2019-07-01,HU,Hungary,P07,Voice Firewall & Anti-Fraud,Actual,,,,,281838.53,,,
Trend,2019-07-01,IT,Italy,P01,International Voice Termination,Actual,,,,,475338.93,,,
Trend,2019-07-01,IT,Italy,P02,A2P Messaging,Actual,,,,,202966.43,,,
Trend,2019-07-01,IT,Italy,P03,IPX Roaming & Signalling,Actual,,,,,236361.19,,,
Trend,2019-07-01,IT,Italy,P04,IP Transit,Actual,,,,,742319.96,,,
Trend,2019-07-01,IT,Italy,P05,Ethernet & Capacity Services,Actual,,,,,4493202.57,,,
Trend,2019-07-01,IT,Italy,P06,Cloud Connect,Actual,,,,,758836.75,,,
Trend,2019-07-01,IT,Italy,P07,Voice Firewall & Anti-Fraud,Actual,,,,,146730.34,,,
Trend,2019-07-01,NL,Netherlands,P01,International Voice Termination,Actual,,,,,7260270.93,,,
Trend,2019-07-01,NL,Netherlands,P02,A2P Messaging,Actual,,,,,2103478.53,,,
Trend,2019-07-01,NL,Netherlands,P03,IPX Roaming & Signalling,Actual,,,,,4513398.39,,,
Trend,2019-07-01,NL,Netherlands,P04,IP Transit,Actual,,,,,857127.07,,,
Trend,2019-07-01,NL,Netherlands,P05,Ethernet & Capacity Services,Actual,,,,,1861354.64,,,
Trend,2019-07-01,NL,Netherlands,P06,Cloud Connect,Actual,,,,,39129.12,,,
Trend,2019-07-01,NL,Netherlands,P07,Voice Firewall & Anti-Fraud,Actual,,,,,679841.75,,,
Trend,2019-07-01,PL,Poland,P01,International Voice Termination,Actual,,,,,5784090.54,,,
Trend,2019-07-01,PL,Poland,P02,A2P Messaging,Actual,,,,,141831.23,,,
Trend,2019-07-01,PL,Poland,P03,IPX Roaming & Signalling,Actual,,,,,2829502.28,,,
Trend,2019-07-01,PL,Poland,P04,IP Transit,Actual,,,,,570061.77,,,
Trend,2019-07-01,PL,Poland,P05,Ethernet & Capacity Services,Actual,,,,,1882540.1,,,
Trend,2019-07-01,PL,Poland,P06,Cloud Connect,Actual,,,,,22676.07,,,
Trend,2019-07-01,PL,Poland,P07,Voice Firewall & Anti-Fraud,Actual,,,,,202152.63,,,
Trend,2019-07-01,RO,Romania,P01,International Voice Termination,Actual,,,,,505500.31,,,
Trend,2019-07-01,RO,Romania,P03,IPX Roaming & Signalling,Actual,,,,,449739.15,,,
Trend,2019-07-01,RO,Romania,P05,Ethernet & Capacity Services,Actual,,,,,594195.46,,,
Trend,2019-07-01,RO,Romania,P07,Voice Firewall & Anti-Fraud,Actual,,,,,69143.61,,,
Trend,2019-07-01,SK,Slovakia,P01,International Voice Termination,Actual,,,,,637083.89,,,
Trend,2019-07-01,SK,Slovakia,P02,A2P Messaging,Actual,,,,,696867.68,,,
Trend,2019-07-01,SK,Slovakia,P03,IPX Roaming & Signalling,Actual,,,,,898738.23,,,
Trend,2019-07-01,SK,Slovakia,P05,Ethernet & Capacity Services,Actual,,,,,611500.67,,,
Trend,2019-07-01,SK,Slovakia,P07,Voice Firewall & Anti-Fraud,Actual,,,,,56560.22,,,
Trend,2019-08-01,AT,Austria,P01,International Voice Termination,Actual,,,,,2085439.5,,,
Trend,2019-08-01,AT,Austria,P02,A2P Messaging,Actual,,,,,1619379.69,,,
Trend,2019-08-01,AT,Austria,P03,IPX Roaming & Signalling,Actual,,,,,1112305.14,,,
Trend,2019-08-01,AT,Austria,P04,IP Transit,Actual,,,,,419279.72,,,
Trend,2019-08-01,AT,Austria,P05,Ethernet & Capacity Services,Actual,,,,,1274963.74,,,
Trend,2019-08-01,AT,Austria,P06,Cloud Connect,Actual,,,,,92743.27,,,
Trend,2019-08-01,AT,Austria,P07,Voice Firewall & Anti-Fraud,Actual,,,,,256602.8,,,
Trend,2019-08-01,CZ,Czechia,P03,IPX Roaming & Signalling,Actual,,,,,97208.09,,,
Trend,2019-08-01,CZ,Czechia,P04,IP Transit,Actual,,,,,95631.78,,,
Trend,2019-08-01,CZ,Czechia,P05,Ethernet & Capacity Services,Actual,,,,,1175625.5,,,
Trend,2019-08-01,CZ,Czechia,P06,Cloud Connect,Actual,,,,,55271.71,,,
Trend,2019-08-01,CZ,Czechia,P07,Voice Firewall & Anti-Fraud,Actual,,,,,15855.27,,,
Trend,2019-08-01,DE,Germany,P01,International Voice Termination,Actual,,,,,10488697.49,,,
Trend,2019-08-01,DE,Germany,P02,A2P Messaging,Actual,,,,,1997429.6,,,
Trend,2019-08-01,DE,Germany,P03,IPX Roaming & Signalling,Actual,,,,,4755337.41,,,
Trend,2019-08-01,DE,Germany,P04,IP Transit,Actual,,,,,2906564.82,,,
Trend,2019-08-01,DE,Germany,P05,Ethernet & Capacity Services,Actual,,,,,5674987.33,,,
Trend,2019-08-01,DE,Germany,P06,Cloud Connect,Actual,,,,,1728170.15,,,
Trend,2019-08-01,DE,Germany,P07,Voice Firewall & Anti-Fraud,Actual,,,,,410583.3,,,
Trend,2019-08-01,ES,Spain,P01,International Voice Termination,Actual,,,,,2475958.65,,,
Trend,2019-08-01,ES,Spain,P02,A2P Messaging,Actual,,,,,3783177.4,,,
Trend,2019-08-01,ES,Spain,P03,IPX Roaming & Signalling,Actual,,,,,2345289.7,,,
Trend,2019-08-01,ES,Spain,P04,IP Transit,Actual,,,,,1548005.44,,,
Trend,2019-08-01,ES,Spain,P05,Ethernet & Capacity Services,Actual,,,,,4484167.36,,,
Trend,2019-08-01,ES,Spain,P06,Cloud Connect,Actual,,,,,644890.7,,,
Trend,2019-08-01,ES,Spain,P07,Voice Firewall & Anti-Fraud,Actual,,,,,648290.9,,,
Trend,2019-08-01,FR,France,P01,International Voice Termination,Actual,,,,,5183272.3,,,
Trend,2019-08-01,FR,France,P02,A2P Messaging,Actual,,,,,3946203.9,,,
Trend,2019-08-01,FR,France,P03,IPX Roaming & Signalling,Actual,,,,,8333538.29,,,
Trend,2019-08-01,FR,France,P04,IP Transit,Actual,,,,,748944.15,,,
Trend,2019-08-01,FR,France,P05,Ethernet & Capacity Services,Actual,,,,,2681696.34,,,
Trend,2019-08-01,FR,France,P06,Cloud Connect,Actual,,,,,690604.46,,,
Trend,2019-08-01,FR,France,P07,Voice Firewall & Anti-Fraud,Actual,,,,,1438876.92,,,
Trend,2019-08-01,GR,Greece,P01,International Voice Termination,Actual,,,,,2073279.47,,,
Trend,2019-08-01,GR,Greece,P02,A2P Messaging,Actual,,,,,782754.63,,,
Trend,2019-08-01,GR,Greece,P03,IPX Roaming & Signalling,Actual,,,,,940188.34,,,
Trend,2019-08-01,GR,Greece,P04,IP Transit,Actual,,,,,259056.3,,,
Trend,2019-08-01,GR,Greece,P05,Ethernet & Capacity Services,Actual,,,,,650475.4,,,
Trend,2019-08-01,GR,Greece,P07,Voice Firewall & Anti-Fraud,Actual,,,,,249921.3,,,
Trend,2019-08-01,HR,Croatia,P05,Ethernet & Capacity Services,Actual,,,,,133181.04,,,
Trend,2019-08-01,HR,Croatia,P06,Cloud Connect,Actual,,,,,36972.77,,,
Trend,2019-08-01,HU,Hungary,P01,International Voice Termination,Actual,,,,,4162949.18,,,
Trend,2019-08-01,HU,Hungary,P02,A2P Messaging,Actual,,,,,459868.05,,,
Trend,2019-08-01,HU,Hungary,P03,IPX Roaming & Signalling,Actual,,,,,1353209.9,,,
Trend,2019-08-01,HU,Hungary,P04,IP Transit,Actual,,,,,38504.81,,,
Trend,2019-08-01,HU,Hungary,P05,Ethernet & Capacity Services,Actual,,,,,715231.67,,,
Trend,2019-08-01,HU,Hungary,P06,Cloud Connect,Actual,,,,,22751.97,,,
Trend,2019-08-01,HU,Hungary,P07,Voice Firewall & Anti-Fraud,Actual,,,,,274540.0,,,
Trend,2019-08-01,IT,Italy,P01,International Voice Termination,Actual,,,,,438606.38,,,
Trend,2019-08-01,IT,Italy,P02,A2P Messaging,Actual,,,,,188802.34,,,
Trend,2019-08-01,IT,Italy,P03,IPX Roaming & Signalling,Actual,,,,,228203.23,,,
Trend,2019-08-01,IT,Italy,P04,IP Transit,Actual,,,,,707394.35,,,
Trend,2019-08-01,IT,Italy,P05,Ethernet & Capacity Services,Actual,,,,,4547704.95,,,
Trend,2019-08-01,IT,Italy,P06,Cloud Connect,Actual,,,,,732134.06,,,
Trend,2019-08-01,IT,Italy,P07,Voice Firewall & Anti-Fraud,Actual,,,,,154844.73,,,
Trend,2019-08-01,NL,Netherlands,P01,International Voice Termination,Actual,,,,,6732827.04,,,
Trend,2019-08-01,NL,Netherlands,P02,A2P Messaging,Actual,,,,,2232733.58,,,
Trend,2019-08-01,NL,Netherlands,P03,IPX Roaming & Signalling,Actual,,,,,4513636.51,,,
Trend,2019-08-01,NL,Netherlands,P04,IP Transit,Actual,,,,,865325.67,,,
Trend,2019-08-01,NL,Netherlands,P05,Ethernet & Capacity Services,Actual,,,,,1881837.28,,,
Trend,2019-08-01,NL,Netherlands,P06,Cloud Connect,Actual,,,,,40312.91,,,
Trend,2019-08-01,NL,Netherlands,P07,Voice Firewall & Anti-Fraud,Actual,,,,,691653.93,,,
Trend,2019-08-01,PL,Poland,P01,International Voice Termination,Actual,,,,,5865189.28,,,
Trend,2019-08-01,PL,Poland,P02,A2P Messaging,Actual,,,,,147769.91,,,
Trend,2019-08-01,PL,Poland,P03,IPX Roaming & Signalling,Actual,,,,,2575444.34,,,
Trend,2019-08-01,PL,Poland,P04,IP Transit,Actual,,,,,529933.21,,,
Trend,2019-08-01,PL,Poland,P05,Ethernet & Capacity Services,Actual,,,,,1975711.92,,,
Trend,2019-08-01,PL,Poland,P06,Cloud Connect,Actual,,,,,24686.08,,,
Trend,2019-08-01,PL,Poland,P07,Voice Firewall & Anti-Fraud,Actual,,,,,206894.64,,,
Trend,2019-08-01,RO,Romania,P01,International Voice Termination,Actual,,,,,440417.48,,,
Trend,2019-08-01,RO,Romania,P03,IPX Roaming & Signalling,Actual,,,,,453056.81,,,
Trend,2019-08-01,RO,Romania,P05,Ethernet & Capacity Services,Actual,,,,,548943.85,,,
Trend,2019-08-01,RO,Romania,P07,Voice Firewall & Anti-Fraud,Actual,,,,,68836.67,,,
Trend,2019-08-01,SK,Slovakia,P01,International Voice Termination,Actual,,,,,655816.27,,,
Trend,2019-08-01,SK,Slovakia,P02,A2P Messaging,Actual,,,,,748890.64,,,
Trend,2019-08-01,SK,Slovakia,P03,IPX Roaming & Signalling,Actual,,,,,928302.0,,,
Trend,2019-08-01,SK,Slovakia,P05,Ethernet & Capacity Services,Actual,,,,,567517.89,,,
Trend,2019-08-01,SK,Slovakia,P07,Voice Firewall & Anti-Fraud,Actual,,,,,55007.69,,,
Trend,2019-09-01,AT,Austria,P01,International Voice Termination,Actual,,,,,2066845.62,,,
Trend,2019-09-01,AT,Austria,P02,A2P Messaging,Actual,,,,,1803161.75,,,
Trend,2019-09-01,AT,Austria,P03,IPX Roaming & Signalling,Actual,,,,,823766.24,,,
Trend,2019-09-01,AT,Austria,P04,IP Transit,Actual,,,,,422514.4,,,
Trend,2019-09-01,AT,Austria,P05,Ethernet & Capacity Services,Actual,,,,,1329282.87,,,
Trend,2019-09-01,AT,Austria,P06,Cloud Connect,Actual,,,,,105317.44,,,
Trend,2019-09-01,AT,Austria,P07,Voice Firewall & Anti-Fraud,Actual,,,,,271558.5,,,
Trend,2019-09-01,CZ,Czechia,P03,IPX Roaming & Signalling,Actual,,,,,74783.91,,,
Trend,2019-09-01,CZ,Czechia,P04,IP Transit,Actual,,,,,90800.89,,,
Trend,2019-09-01,CZ,Czechia,P05,Ethernet & Capacity Services,Actual,,,,,1143218.72,,,
Trend,2019-09-01,CZ,Czechia,P06,Cloud Connect,Actual,,,,,54843.07,,,
Trend,2019-09-01,CZ,Czechia,P07,Voice Firewall & Anti-Fraud,Actual,,,,,16489.67,,,
Trend,2019-09-01,DE,Germany,P01,International Voice Termination,Actual,,,,,10598654.41,,,
Trend,2019-09-01,DE,Germany,P02,A2P Messaging,Actual,,,,,2044461.31,,,
Trend,2019-09-01,DE,Germany,P03,IPX Roaming & Signalling,Actual,,,,,3667084.9,,,
Trend,2019-09-01,DE,Germany,P04,IP Transit,Actual,,,,,2986561.1,,,
Trend,2019-09-01,DE,Germany,P05,Ethernet & Capacity Services,Actual,,,,,5740581.15,,,
Trend,2019-09-01,DE,Germany,P06,Cloud Connect,Actual,,,,,1750632.67,,,
Trend,2019-09-01,DE,Germany,P07,Voice Firewall & Anti-Fraud,Actual,,,,,415979.2,,,
Trend,2019-09-01,ES,Spain,P01,International Voice Termination,Actual,,,,,2490943.28,,,
Trend,2019-09-01,ES,Spain,P02,A2P Messaging,Actual,,,,,4128770.66,,,
Trend,2019-09-01,ES,Spain,P03,IPX Roaming & Signalling,Actual,,,,,1837962.3,,,
Trend,2019-09-01,ES,Spain,P04,IP Transit,Actual,,,,,1692014.57,,,
Trend,2019-09-01,ES,Spain,P05,Ethernet & Capacity Services,Actual,,,,,4551434.17,,,
Trend,2019-09-01,ES,Spain,P06,Cloud Connect,Actual,,,,,642521.8,,,
Trend,2019-09-01,ES,Spain,P07,Voice Firewall & Anti-Fraud,Actual,,,,,717175.36,,,
Trend,2019-09-01,FR,France,P01,International Voice Termination,Actual,,,,,4965736.83,,,
Trend,2019-09-01,FR,France,P02,A2P Messaging,Actual,,,,,4200131.44,,,
Trend,2019-09-01,FR,France,P03,IPX Roaming & Signalling,Actual,,,,,6433063.43,,,
Trend,2019-09-01,FR,France,P04,IP Transit,Actual,,,,,784263.79,,,
Trend,2019-09-01,FR,France,P05,Ethernet & Capacity Services,Actual,,,,,2871405.91,,,
Trend,2019-09-01,FR,France,P06,Cloud Connect,Actual,,,,,754175.9,,,
Trend,2019-09-01,FR,France,P07,Voice Firewall & Anti-Fraud,Actual,,,,,1491419.59,,,
Trend,2019-09-01,GR,Greece,P01,International Voice Termination,Actual,,,,,2034073.63,,,
Trend,2019-09-01,GR,Greece,P02,A2P Messaging,Actual,,,,,819185.34,,,
Trend,2019-09-01,GR,Greece,P03,IPX Roaming & Signalling,Actual,,,,,844774.49,,,
Trend,2019-09-01,GR,Greece,P04,IP Transit,Actual,,,,,249161.42,,,
Trend,2019-09-01,GR,Greece,P05,Ethernet & Capacity Services,Actual,,,,,768146.05,,,
Trend,2019-09-01,GR,Greece,P07,Voice Firewall & Anti-Fraud,Actual,,,,,260033.79,,,
Trend,2019-09-01,HR,Croatia,P05,Ethernet & Capacity Services,Actual,,,,,134318.44,,,
Trend,2019-09-01,HR,Croatia,P06,Cloud Connect,Actual,,,,,35651.09,,,
Trend,2019-09-01,HU,Hungary,P01,International Voice Termination,Actual,,,,,4193378.58,,,
Trend,2019-09-01,HU,Hungary,P02,A2P Messaging,Actual,,,,,522963.8,,,
Trend,2019-09-01,HU,Hungary,P03,IPX Roaming & Signalling,Actual,,,,,1120667.43,,,
Trend,2019-09-01,HU,Hungary,P04,IP Transit,Actual,,,,,44974.27,,,
Trend,2019-09-01,HU,Hungary,P05,Ethernet & Capacity Services,Actual,,,,,732665.41,,,
Trend,2019-09-01,HU,Hungary,P06,Cloud Connect,Actual,,,,,24045.67,,,
Trend,2019-09-01,HU,Hungary,P07,Voice Firewall & Anti-Fraud,Actual,,,,,279772.39,,,
Trend,2019-09-01,IT,Italy,P01,International Voice Termination,Actual,,,,,460053.29,,,
Trend,2019-09-01,IT,Italy,P02,A2P Messaging,Actual,,,,,196410.3,,,
Trend,2019-09-01,IT,Italy,P03,IPX Roaming & Signalling,Actual,,,,,175348.39,,,
Trend,2019-09-01,IT,Italy,P04,IP Transit,Actual,,,,,748303.62,,,
Trend,2019-09-01,IT,Italy,P05,Ethernet & Capacity Services,Actual,,,,,4561930.32,,,
Trend,2019-09-01,IT,Italy,P06,Cloud Connect,Actual,,,,,807789.16,,,
Trend,2019-09-01,IT,Italy,P07,Voice Firewall & Anti-Fraud,Actual,,,,,156123.38,,,
Trend,2019-09-01,NL,Netherlands,P01,International Voice Termination,Actual,,,,,6807702.78,,,
Trend,2019-09-01,NL,Netherlands,P02,A2P Messaging,Actual,,,,,2449160.98,,,
Trend,2019-09-01,NL,Netherlands,P03,IPX Roaming & Signalling,Actual,,,,,3290196.66,,,
Trend,2019-09-01,NL,Netherlands,P04,IP Transit,Actual,,,,,900912.28,,,
Trend,2019-09-01,NL,Netherlands,P05,Ethernet & Capacity Services,Actual,,,,,1901580.93,,,
Trend,2019-09-01,NL,Netherlands,P06,Cloud Connect,Actual,,,,,39086.5,,,
Trend,2019-09-01,NL,Netherlands,P07,Voice Firewall & Anti-Fraud,Actual,,,,,715054.67,,,
Trend,2019-09-01,PL,Poland,P01,International Voice Termination,Actual,,,,,5540072.09,,,
Trend,2019-09-01,PL,Poland,P02,A2P Messaging,Actual,,,,,148417.44,,,
Trend,2019-09-01,PL,Poland,P03,IPX Roaming & Signalling,Actual,,,,,2132439.61,,,
Trend,2019-09-01,PL,Poland,P04,IP Transit,Actual,,,,,615343.78,,,
Trend,2019-09-01,PL,Poland,P05,Ethernet & Capacity Services,Actual,,,,,2169806.73,,,
Trend,2019-09-01,PL,Poland,P06,Cloud Connect,Actual,,,,,24880.42,,,
Trend,2019-09-01,PL,Poland,P07,Voice Firewall & Anti-Fraud,Actual,,,,,209599.0,,,
Trend,2019-09-01,RO,Romania,P01,International Voice Termination,Actual,,,,,438330.57,,,
Trend,2019-09-01,RO,Romania,P03,IPX Roaming & Signalling,Actual,,,,,341636.54,,,
Trend,2019-09-01,RO,Romania,P05,Ethernet & Capacity Services,Actual,,,,,553352.76,,,
Trend,2019-09-01,RO,Romania,P07,Voice Firewall & Anti-Fraud,Actual,,,,,68514.51,,,
Trend,2019-09-01,SK,Slovakia,P01,International Voice Termination,Actual,,,,,693551.06,,,
Trend,2019-09-01,SK,Slovakia,P02,A2P Messaging,Actual,,,,,782561.01,,,
Trend,2019-09-01,SK,Slovakia,P03,IPX Roaming & Signalling,Actual,,,,,686977.5,,,
Trend,2019-09-01,SK,Slovakia,P05,Ethernet & Capacity Services,Actual,,,,,648318.41,,,
Trend,2019-09-01,SK,Slovakia,P07,Voice Firewall & Anti-Fraud,Actual,,,,,59503.61,,,
Trend,2019-10-01,AT,Austria,P01,International Voice Termination,Actual,,,,,1852894.19,,,
Trend,2019-10-01,AT,Austria,P02,A2P Messaging,Actual,,,,,1960224.17,,,
Trend,2019-10-01,AT,Austria,P03,IPX Roaming & Signalling,Actual,,,,,693142.17,,,
Trend,2019-10-01,AT,Austria,P04,IP Transit,Actual,,,,,455943.51,,,
Trend,2019-10-01,AT,Austria,P05,Ethernet & Capacity Services,Actual,,,,,1291069.76,,,
Trend,2019-10-01,AT,Austria,P06,Cloud Connect,Actual,,,,,98776.95,,,
Trend,2019-10-01,AT,Austria,P07,Voice Firewall & Anti-Fraud,Actual,,,,,267599.26,,,
Trend,2019-10-01,CZ,Czechia,P03,IPX Roaming & Signalling,Actual,,,,,58076.06,,,
Trend,2019-10-01,CZ,Czechia,P04,IP Transit,Actual,,,,,100667.22,,,
Trend,2019-10-01,CZ,Czechia,P05,Ethernet & Capacity Services,Actual,,,,,1198705.36,,,
Trend,2019-10-01,CZ,Czechia,P06,Cloud Connect,Actual,,,,,52653.22,,,
Trend,2019-10-01,CZ,Czechia,P07,Voice Firewall & Anti-Fraud,Actual,,,,,16824.55,,,
Trend,2019-10-01,DE,Germany,P01,International Voice Termination,Actual,,,,,10859951.14,,,
Trend,2019-10-01,DE,Germany,P02,A2P Messaging,Actual,,,,,2249618.55,,,
Trend,2019-10-01,DE,Germany,P03,IPX Roaming & Signalling,Actual,,,,,3238319.3,,,
Trend,2019-10-01,DE,Germany,P04,IP Transit,Actual,,,,,3195237.98,,,
Trend,2019-10-01,DE,Germany,P05,Ethernet & Capacity Services,Actual,,,,,5799744.34,,,
Trend,2019-10-01,DE,Germany,P06,Cloud Connect,Actual,,,,,1750070.48,,,
Trend,2019-10-01,DE,Germany,P07,Voice Firewall & Anti-Fraud,Actual,,,,,401978.99,,,
Trend,2019-10-01,ES,Spain,P01,International Voice Termination,Actual,,,,,2477660.94,,,
Trend,2019-10-01,ES,Spain,P02,A2P Messaging,Actual,,,,,4620187.5,,,
Trend,2019-10-01,ES,Spain,P03,IPX Roaming & Signalling,Actual,,,,,1732348.22,,,
Trend,2019-10-01,ES,Spain,P04,IP Transit,Actual,,,,,1658818.63,,,
Trend,2019-10-01,ES,Spain,P05,Ethernet & Capacity Services,Actual,,,,,4523081.94,,,
Trend,2019-10-01,ES,Spain,P06,Cloud Connect,Actual,,,,,714840.34,,,
Trend,2019-10-01,ES,Spain,P07,Voice Firewall & Anti-Fraud,Actual,,,,,758083.96,,,
Trend,2019-10-01,FR,France,P01,International Voice Termination,Actual,,,,,5225825.22,,,
Trend,2019-10-01,FR,France,P02,A2P Messaging,Actual,,,,,4598895.34,,,
Trend,2019-10-01,FR,France,P03,IPX Roaming & Signalling,Actual,,,,,5451226.47,,,
Trend,2019-10-01,FR,France,P04,IP Transit,Actual,,,,,774648.29,,,
Trend,2019-10-01,FR,France,P05,Ethernet & Capacity Services,Actual,,,,,2864166.97,,,
Trend,2019-10-01,FR,France,P06,Cloud Connect,Actual,,,,,753936.64,,,
Trend,2019-10-01,FR,France,P07,Voice Firewall & Anti-Fraud,Actual,,,,,1438391.63,,,
Trend,2019-10-01,GR,Greece,P01,International Voice Termination,Actual,,,,,2242929.13,,,
Trend,2019-10-01,GR,Greece,P02,A2P Messaging,Actual,,,,,911768.63,,,
Trend,2019-10-01,GR,Greece,P03,IPX Roaming & Signalling,Actual,,,,,737551.13,,,
Trend,2019-10-01,GR,Greece,P04,IP Transit,Actual,,,,,273795.04,,,
Trend,2019-10-01,GR,Greece,P05,Ethernet & Capacity Services,Actual,,,,,796818.4,,,
Trend,2019-10-01,GR,Greece,P07,Voice Firewall & Anti-Fraud,Actual,,,,,277634.42,,,
Trend,2019-10-01,HR,Croatia,P05,Ethernet & Capacity Services,Actual,,,,,146132.83,,,
Trend,2019-10-01,HR,Croatia,P06,Cloud Connect,Actual,,,,,36068.64,,,
Trend,2019-10-01,HU,Hungary,P01,International Voice Termination,Actual,,,,,4112153.51,,,
Trend,2019-10-01,HU,Hungary,P02,A2P Messaging,Actual,,,,,553169.2,,,
Trend,2019-10-01,HU,Hungary,P03,IPX Roaming & Signalling,Actual,,,,,901432.14,,,
Trend,2019-10-01,HU,Hungary,P04,IP Transit,Actual,,,,,43975.72,,,
Trend,2019-10-01,HU,Hungary,P05,Ethernet & Capacity Services,Actual,,,,,703147.61,,,
Trend,2019-10-01,HU,Hungary,P06,Cloud Connect,Actual,,,,,22679.85,,,
Trend,2019-10-01,HU,Hungary,P07,Voice Firewall & Anti-Fraud,Actual,,,,,296806.45,,,
Trend,2019-10-01,IT,Italy,P01,International Voice Termination,Actual,,,,,458032.13,,,
Trend,2019-10-01,IT,Italy,P02,A2P Messaging,Actual,,,,,232680.85,,,
Trend,2019-10-01,IT,Italy,P03,IPX Roaming & Signalling,Actual,,,,,146203.07,,,
Trend,2019-10-01,IT,Italy,P04,IP Transit,Actual,,,,,718264.88,,,
Trend,2019-10-01,IT,Italy,P05,Ethernet & Capacity Services,Actual,,,,,4573463.37,,,
Trend,2019-10-01,IT,Italy,P06,Cloud Connect,Actual,,,,,784438.16,,,
Trend,2019-10-01,IT,Italy,P07,Voice Firewall & Anti-Fraud,Actual,,,,,167343.69,,,
Trend,2019-10-01,NL,Netherlands,P01,International Voice Termination,Actual,,,,,7402405.01,,,
Trend,2019-10-01,NL,Netherlands,P02,A2P Messaging,Actual,,,,,2516602.73,,,
Trend,2019-10-01,NL,Netherlands,P03,IPX Roaming & Signalling,Actual,,,,,2802456.07,,,
Trend,2019-10-01,NL,Netherlands,P04,IP Transit,Actual,,,,,921201.48,,,
Trend,2019-10-01,NL,Netherlands,P05,Ethernet & Capacity Services,Actual,,,,,1852336.45,,,
Trend,2019-10-01,NL,Netherlands,P06,Cloud Connect,Actual,,,,,38856.35,,,
Trend,2019-10-01,NL,Netherlands,P07,Voice Firewall & Anti-Fraud,Actual,,,,,723234.7,,,
Trend,2019-10-01,PL,Poland,P01,International Voice Termination,Actual,,,,,5795847.17,,,
Trend,2019-10-01,PL,Poland,P02,A2P Messaging,Actual,,,,,165065.03,,,
Trend,2019-10-01,PL,Poland,P03,IPX Roaming & Signalling,Actual,,,,,1806499.73,,,
Trend,2019-10-01,PL,Poland,P04,IP Transit,Actual,,,,,575771.02,,,
Trend,2019-10-01,PL,Poland,P05,Ethernet & Capacity Services,Actual,,,,,2059298.42,,,
Trend,2019-10-01,PL,Poland,P06,Cloud Connect,Actual,,,,,25624.14,,,
Trend,2019-10-01,PL,Poland,P07,Voice Firewall & Anti-Fraud,Actual,,,,,201146.2,,,
Trend,2019-10-01,RO,Romania,P01,International Voice Termination,Actual,,,,,474864.8,,,
Trend,2019-10-01,RO,Romania,P03,IPX Roaming & Signalling,Actual,,,,,298099.04,,,
Trend,2019-10-01,RO,Romania,P05,Ethernet & Capacity Services,Actual,,,,,571559.42,,,
Trend,2019-10-01,RO,Romania,P07,Voice Firewall & Anti-Fraud,Actual,,,,,70502.65,,,
Trend,2019-10-01,SK,Slovakia,P01,International Voice Termination,Actual,,,,,587898.97,,,
Trend,2019-10-01,SK,Slovakia,P02,A2P Messaging,Actual,,,,,908558.52,,,
Trend,2019-10-01,SK,Slovakia,P03,IPX Roaming & Signalling,Actual,,,,,591522.15,,,
Trend,2019-10-01,SK,Slovakia,P05,Ethernet & Capacity Services,Actual,,,,,579538.44,,,
Trend,2019-10-01,SK,Slovakia,P07,Voice Firewall & Anti-Fraud,Actual,,,,,58618.01,,,
Trend,2019-11-01,AT,Austria,P01,International Voice Termination,Actual,,,,,2031792.78,,,
Trend,2019-11-01,AT,Austria,P02,A2P Messaging,Actual,,,,,2473632.01,,,
Trend,2019-11-01,AT,Austria,P03,IPX Roaming & Signalling,Actual,,,,,600423.27,,,
Trend,2019-11-01,AT,Austria,P04,IP Transit,Actual,,,,,422810.78,,,
Trend,2019-11-01,AT,Austria,P05,Ethernet & Capacity Services,Actual,,,,,1324457.12,,,
Trend,2019-11-01,AT,Austria,P06,Cloud Connect,Actual,,,,,108264.37,,,
Trend,2019-11-01,AT,Austria,P07,Voice Firewall & Anti-Fraud,Actual,,,,,272392.78,,,
Trend,2019-11-01,CZ,Czechia,P03,IPX Roaming & Signalling,Actual,,,,,53157.39,,,
Trend,2019-11-01,CZ,Czechia,P04,IP Transit,Actual,,,,,93829.85,,,
Trend,2019-11-01,CZ,Czechia,P05,Ethernet & Capacity Services,Actual,,,,,1244900.01,,,
Trend,2019-11-01,CZ,Czechia,P06,Cloud Connect,Actual,,,,,59716.12,,,
Trend,2019-11-01,CZ,Czechia,P07,Voice Firewall & Anti-Fraud,Actual,,,,,17127.32,,,
Trend,2019-11-01,DE,Germany,P01,International Voice Termination,Actual,,,,,9713835.72,,,
Trend,2019-11-01,DE,Germany,P02,A2P Messaging,Actual,,,,,2940353.89,,,
Trend,2019-11-01,DE,Germany,P03,IPX Roaming & Signalling,Actual,,,,,2580739.55,,,
Trend,2019-11-01,DE,Germany,P04,IP Transit,Actual,,,,,2962343.99,,,
Trend,2019-11-01,DE,Germany,P05,Ethernet & Capacity Services,Actual,,,,,5845760.42,,,
Trend,2019-11-01,DE,Germany,P06,Cloud Connect,Actual,,,,,1773016.12,,,
Trend,2019-11-01,DE,Germany,P07,Voice Firewall & Anti-Fraud,Actual,,,,,422696.47,,,
Trend,2019-11-01,ES,Spain,P01,International Voice Termination,Actual,,,,,2337209.85,,,
Trend,2019-11-01,ES,Spain,P02,A2P Messaging,Actual,,,,,5400517.12,,,
Trend,2019-11-01,ES,Spain,P03,IPX Roaming & Signalling,Actual,,,,,1358171.18,,,
Trend,2019-11-01,ES,Spain,P04,IP Transit,Actual,,,,,1582305.57,,,
Trend,2019-11-01,ES,Spain,P05,Ethernet & Capacity Services,Actual,,,,,4524185.15,,,
Trend,2019-11-01,ES,Spain,P06,Cloud Connect,Actual,,,,,720224.82,,,
Trend,2019-11-01,ES,Spain,P07,Voice Firewall & Anti-Fraud,Actual,,,,,725914.08,,,
Trend,2019-11-01,FR,France,P01,International Voice Termination,Actual,,,,,5168743.21,,,
Trend,2019-11-01,FR,France,P02,A2P Messaging,Actual,,,,,5686616.13,,,
Trend,2019-11-01,FR,France,P03,IPX Roaming & Signalling,Actual,,,,,5047876.32,,,
Trend,2019-11-01,FR,France,P04,IP Transit,Actual,,,,,790162.21,,,
Trend,2019-11-01,FR,France,P05,Ethernet & Capacity Services,Actual,,,,,2744825.4,,,
Trend,2019-11-01,FR,France,P06,Cloud Connect,Actual,,,,,757513.88,,,
Trend,2019-11-01,FR,France,P07,Voice Firewall & Anti-Fraud,Actual,,,,,1511759.46,,,
Trend,2019-11-01,GR,Greece,P01,International Voice Termination,Actual,,,,,2290571.47,,,
Trend,2019-11-01,GR,Greece,P02,A2P Messaging,Actual,,,,,1051973.56,,,
Trend,2019-11-01,GR,Greece,P03,IPX Roaming & Signalling,Actual,,,,,635256.72,,,
Trend,2019-11-01,GR,Greece,P04,IP Transit,Actual,,,,,251216.95,,,
Trend,2019-11-01,GR,Greece,P05,Ethernet & Capacity Services,Actual,,,,,883387.29,,,
Trend,2019-11-01,GR,Greece,P07,Voice Firewall & Anti-Fraud,Actual,,,,,290363.42,,,
Trend,2019-11-01,HR,Croatia,P05,Ethernet & Capacity Services,Actual,,,,,128085.87,,,
Trend,2019-11-01,HR,Croatia,P06,Cloud Connect,Actual,,,,,39218.63,,,
Trend,2019-11-01,HU,Hungary,P01,International Voice Termination,Actual,,,,,4024845.3,,,
Trend,2019-11-01,HU,Hungary,P02,A2P Messaging,Actual,,,,,687379.64,,,
Trend,2019-11-01,HU,Hungary,P03,IPX Roaming & Signalling,Actual,,,,,850125.32,,,
Trend,2019-11-01,HU,Hungary,P04,IP Transit,Actual,,,,,42694.54,,,
Trend,2019-11-01,HU,Hungary,P05,Ethernet & Capacity Services,Actual,,,,,729744.57,,,
Trend,2019-11-01,HU,Hungary,P06,Cloud Connect,Actual,,,,,24230.87,,,
Trend,2019-11-01,HU,Hungary,P07,Voice Firewall & Anti-Fraud,Actual,,,,,284022.72,,,
Trend,2019-11-01,IT,Italy,P01,International Voice Termination,Actual,,,,,478723.65,,,
Trend,2019-11-01,IT,Italy,P02,A2P Messaging,Actual,,,,,265180.26,,,
Trend,2019-11-01,IT,Italy,P03,IPX Roaming & Signalling,Actual,,,,,144100.87,,,
Trend,2019-11-01,IT,Italy,P04,IP Transit,Actual,,,,,734712.62,,,
Trend,2019-11-01,IT,Italy,P05,Ethernet & Capacity Services,Actual,,,,,4467518.33,,,
Trend,2019-11-01,IT,Italy,P06,Cloud Connect,Actual,,,,,851649.67,,,
Trend,2019-11-01,IT,Italy,P07,Voice Firewall & Anti-Fraud,Actual,,,,,161731.93,,,
Trend,2019-11-01,NL,Netherlands,P01,International Voice Termination,Actual,,,,,6436384.53,,,
Trend,2019-11-01,NL,Netherlands,P02,A2P Messaging,Actual,,,,,3246992.62,,,
Trend,2019-11-01,NL,Netherlands,P03,IPX Roaming & Signalling,Actual,,,,,2438407.64,,,
Trend,2019-11-01,NL,Netherlands,P04,IP Transit,Actual,,,,,860699.67,,,
Trend,2019-11-01,NL,Netherlands,P05,Ethernet & Capacity Services,Actual,,,,,2004434.9,,,
Trend,2019-11-01,NL,Netherlands,P06,Cloud Connect,Actual,,,,,39581.73,,,
Trend,2019-11-01,NL,Netherlands,P07,Voice Firewall & Anti-Fraud,Actual,,,,,716189.79,,,
Trend,2019-11-01,PL,Poland,P01,International Voice Termination,Actual,,,,,5526648.95,,,
Trend,2019-11-01,PL,Poland,P02,A2P Messaging,Actual,,,,,208462.58,,,
Trend,2019-11-01,PL,Poland,P03,IPX Roaming & Signalling,Actual,,,,,1562469.6,,,
Trend,2019-11-01,PL,Poland,P04,IP Transit,Actual,,,,,572972.91,,,
Trend,2019-11-01,PL,Poland,P05,Ethernet & Capacity Services,Actual,,,,,2059475.5,,,
Trend,2019-11-01,PL,Poland,P06,Cloud Connect,Actual,,,,,26908.22,,,
Trend,2019-11-01,PL,Poland,P07,Voice Firewall & Anti-Fraud,Actual,,,,,216971.82,,,
Trend,2019-11-01,RO,Romania,P01,International Voice Termination,Actual,,,,,489292.53,,,
Trend,2019-11-01,RO,Romania,P03,IPX Roaming & Signalling,Actual,,,,,277416.59,,,
Trend,2019-11-01,RO,Romania,P05,Ethernet & Capacity Services,Actual,,,,,561914.98,,,
Trend,2019-11-01,RO,Romania,P07,Voice Firewall & Anti-Fraud,Actual,,,,,70345.69,,,
Trend,2019-11-01,SK,Slovakia,P01,International Voice Termination,Actual,,,,,594786.79,,,
Trend,2019-11-01,SK,Slovakia,P02,A2P Messaging,Actual,,,,,1085433.37,,,
Trend,2019-11-01,SK,Slovakia,P03,IPX Roaming & Signalling,Actual,,,,,535778.74,,,
Trend,2019-11-01,SK,Slovakia,P05,Ethernet & Capacity Services,Actual,,,,,636643.28,,,
Trend,2019-11-01,SK,Slovakia,P07,Voice Firewall & Anti-Fraud,Actual,,,,,60194.76,,,
Trend,2019-12-01,AT,Austria,P01,International Voice Termination,Actual,,,,,1999118.43,,,
Trend,2019-12-01,AT,Austria,P02,A2P Messaging,Actual,,,,,2222986.84,,,
Trend,2019-12-01,AT,Austria,P03,IPX Roaming & Signalling,Actual,,,,,690311.84,,,
Trend,2019-12-01,AT,Austria,P04,IP Transit,Actual,,,,,415488.42,,,
Trend,2019-12-01,AT,Austria,P05,Ethernet & Capacity Services,Actual,,,,,1247557.66,,,
Trend,2019-12-01,AT,Austria,P06,Cloud Connect,Actual,,,,,100249.5,,,
Trend,2019-12-01,AT,Austria,P07,Voice Firewall & Anti-Fraud,Actual,,,,,293759.37,,,
Trend,2019-12-01,CZ,Czechia,P03,IPX Roaming & Signalling,Actual,,,,,53890.8,,,
Trend,2019-12-01,CZ,Czechia,P04,IP Transit,Actual,,,,,99456.8,,,
Trend,2019-12-01,CZ,Czechia,P05,Ethernet & Capacity Services,Actual,,,,,1017615.59,,,
Trend,2019-12-01,CZ,Czechia,P06,Cloud Connect,Actual,,,,,56424.51,,,
Trend,2019-12-01,CZ,Czechia,P07,Voice Firewall & Anti-Fraud,Actual,,,,,16095.57,,,
Trend,2019-12-01,DE,Germany,P01,International Voice Termination,Actual,,,,,11518706.6,,,
Trend,2019-12-01,DE,Germany,P02,A2P Messaging,Actual,,,,,2816065.37,,,
Trend,2019-12-01,DE,Germany,P03,IPX Roaming & Signalling,Actual,,,,,2761087.76,,,
Trend,2019-12-01,DE,Germany,P04,IP Transit,Actual,,,,,2978344.29,,,
Trend,2019-12-01,DE,Germany,P05,Ethernet & Capacity Services,Actual,,,,,5631738.29,,,
Trend,2019-12-01,DE,Germany,P06,Cloud Connect,Actual,,,,,1723785.48,,,
Trend,2019-12-01,DE,Germany,P07,Voice Firewall & Anti-Fraud,Actual,,,,,440173.27,,,
Trend,2019-12-01,ES,Spain,P01,International Voice Termination,Actual,,,,,2662871.67,,,
Trend,2019-12-01,ES,Spain,P02,A2P Messaging,Actual,,,,,5111593.33,,,
Trend,2019-12-01,ES,Spain,P03,IPX Roaming & Signalling,Actual,,,,,1508785.22,,,
Trend,2019-12-01,ES,Spain,P04,IP Transit,Actual,,,,,1576966.44,,,
Trend,2019-12-01,ES,Spain,P05,Ethernet & Capacity Services,Actual,,,,,4557243.43,,,
Trend,2019-12-01,ES,Spain,P06,Cloud Connect,Actual,,,,,732557.21,,,
Trend,2019-12-01,ES,Spain,P07,Voice Firewall & Anti-Fraud,Actual,,,,,717380.39,,,
Trend,2019-12-01,FR,France,P01,International Voice Termination,Actual,,,,,5300141.4,,,
Trend,2019-12-01,FR,France,P02,A2P Messaging,Actual,,,,,5506492.56,,,
Trend,2019-12-01,FR,France,P03,IPX Roaming & Signalling,Actual,,,,,5425706.6,,,
Trend,2019-12-01,FR,France,P04,IP Transit,Actual,,,,,753539.52,,,
Trend,2019-12-01,FR,France,P05,Ethernet & Capacity Services,Actual,,,,,2666588.19,,,
Trend,2019-12-01,FR,France,P06,Cloud Connect,Actual,,,,,744190.98,,,
Trend,2019-12-01,FR,France,P07,Voice Firewall & Anti-Fraud,Actual,,,,,1534947.87,,,
Trend,2019-12-01,GR,Greece,P01,International Voice Termination,Actual,,,,,2527384.09,,,
Trend,2019-12-01,GR,Greece,P02,A2P Messaging,Actual,,,,,935338.78,,,
Trend,2019-12-01,GR,Greece,P03,IPX Roaming & Signalling,Actual,,,,,762966.8,,,
Trend,2019-12-01,GR,Greece,P04,IP Transit,Actual,,,,,261368.96,,,
Trend,2019-12-01,GR,Greece,P05,Ethernet & Capacity Services,Actual,,,,,924720.77,,,
Trend,2019-12-01,GR,Greece,P07,Voice Firewall & Anti-Fraud,Actual,,,,,288280.57,,,
Trend,2019-12-01,HR,Croatia,P05,Ethernet & Capacity Services,Actual,,,,,122357.65,,,
Trend,2019-12-01,HR,Croatia,P06,Cloud Connect,Actual,,,,,38424.46,,,
Trend,2019-12-01,HU,Hungary,P01,International Voice Termination,Actual,,,,,4293811.36,,,
Trend,2019-12-01,HU,Hungary,P02,A2P Messaging,Actual,,,,,676036.98,,,
Trend,2019-12-01,HU,Hungary,P03,IPX Roaming & Signalling,Actual,,,,,901991.45,,,
Trend,2019-12-01,HU,Hungary,P04,IP Transit,Actual,,,,,37090.05,,,
Trend,2019-12-01,HU,Hungary,P05,Ethernet & Capacity Services,Actual,,,,,744688.16,,,
Trend,2019-12-01,HU,Hungary,P06,Cloud Connect,Actual,,,,,23677.3,,,
Trend,2019-12-01,HU,Hungary,P07,Voice Firewall & Anti-Fraud,Actual,,,,,290284.21,,,
Trend,2019-12-01,IT,Italy,P01,International Voice Termination,Actual,,,,,501846.56,,,
Trend,2019-12-01,IT,Italy,P02,A2P Messaging,Actual,,,,,250471.19,,,
Trend,2019-12-01,IT,Italy,P03,IPX Roaming & Signalling,Actual,,,,,146996.6,,,
Trend,2019-12-01,IT,Italy,P04,IP Transit,Actual,,,,,693099.65,,,
Trend,2019-12-01,IT,Italy,P05,Ethernet & Capacity Services,Actual,,,,,4428562.77,,,
Trend,2019-12-01,IT,Italy,P06,Cloud Connect,Actual,,,,,828023.03,,,
Trend,2019-12-01,IT,Italy,P07,Voice Firewall & Anti-Fraud,Actual,,,,,168489.02,,,
Trend,2019-12-01,NL,Netherlands,P01,International Voice Termination,Actual,,,,,6952130.8,,,
Trend,2019-12-01,NL,Netherlands,P02,A2P Messaging,Actual,,,,,2770501.44,,,
Trend,2019-12-01,NL,Netherlands,P03,IPX Roaming & Signalling,Actual,,,,,2555103.12,,,
Trend,2019-12-01,NL,Netherlands,P04,IP Transit,Actual,,,,,854216.9,,,
Trend,2019-12-01,NL,Netherlands,P05,Ethernet & Capacity Services,Actual,,,,,1867567.44,,,
Trend,2019-12-01,NL,Netherlands,P06,Cloud Connect,Actual,,,,,39101.08,,,
Trend,2019-12-01,NL,Netherlands,P07,Voice Firewall & Anti-Fraud,Actual,,,,,713428.72,,,
Trend,2019-12-01,PL,Poland,P01,International Voice Termination,Actual,,,,,5931683.95,,,
Trend,2019-12-01,PL,Poland,P02,A2P Messaging,Actual,,,,,197363.17,,,
Trend,2019-12-01,PL,Poland,P03,IPX Roaming & Signalling,Actual,,,,,1729492.92,,,
Trend,2019-12-01,PL,Poland,P04,IP Transit,Actual,,,,,580256.45,,,
Trend,2019-12-01,PL,Poland,P05,Ethernet & Capacity Services,Actual,,,,,1987063.83,,,
Trend,2019-12-01,PL,Poland,P06,Cloud Connect,Actual,,,,,25463.01,,,
Trend,2019-12-01,PL,Poland,P07,Voice Firewall & Anti-Fraud,Actual,,,,,220163.4,,,
Trend,2019-12-01,RO,Romania,P01,International Voice Termination,Actual,,,,,453380.92,,,
Trend,2019-12-01,RO,Romania,P03,IPX Roaming & Signalling,Actual,,,,,281078.94,,,
Trend,2019-12-01,RO,Romania,P05,Ethernet & Capacity Services,Actual,,,,,602086.64,,,
Trend,2019-12-01,RO,Romania,P07,Voice Firewall & Anti-Fraud,Actual,,,,,71594.01,,,
Trend,2019-12-01,SK,Slovakia,P01,International Voice Termination,Actual,,,,,638443.83,,,
Trend,2019-12-01,SK,Slovakia,P02,A2P Messaging,Actual,,,,,1001313.14,,,
Trend,2019-12-01,SK,Slovakia,P03,IPX Roaming & Signalling,Actual,,,,,572927.37,,,
Trend,2019-12-01,SK,Slovakia,P05,Ethernet & Capacity Services,Actual,,,,,627181.56,,,
Trend,2019-12-01,SK,Slovakia,P07,Voice Firewall & Anti-Fraud,Actual,,,,,56276.03,,,
Trend,2020-01-01,AT,Austria,P01,International Voice Termination,Actual,,,,,1813793.83,,,
Trend,2020-01-01,AT,Austria,P02,A2P Messaging,Actual,,,,,1761563.72,,,
Trend,2020-01-01,AT,Austria,P03,IPX Roaming & Signalling,Actual,,,,,588735.55,,,
Trend,2020-01-01,AT,Austria,P04,IP Transit,Actual,,,,,435886.77,,,
Trend,2020-01-01,AT,Austria,P05,Ethernet & Capacity Services,Actual,,,,,1315656.86,,,
Trend,2020-01-01,AT,Austria,P06,Cloud Connect,Actual,,,,,102751.56,,,
Trend,2020-01-01,AT,Austria,P07,Voice Firewall & Anti-Fraud,Actual,,,,,282114.06,,,
Trend,2020-01-01,CZ,Czechia,P03,IPX Roaming & Signalling,Actual,,,,,50164.92,,,
Trend,2020-01-01,CZ,Czechia,P04,IP Transit,Actual,,,,,97344.75,,,
Trend,2020-01-01,CZ,Czechia,P05,Ethernet & Capacity Services,Actual,,,,,1168478.39,,,
Trend,2020-01-01,CZ,Czechia,P06,Cloud Connect,Actual,,,,,61591.31,,,
Trend,2020-01-01,CZ,Czechia,P07,Voice Firewall & Anti-Fraud,Actual,,,,,15968.67,,,
Trend,2020-01-01,DE,Germany,P01,International Voice Termination,Actual,,,,,9403078.33,,,
Trend,2020-01-01,DE,Germany,P02,A2P Messaging,Actual,,,,,2014459.34,,,
Trend,2020-01-01,DE,Germany,P03,IPX Roaming & Signalling,Actual,,,,,2590340.61,,,
Trend,2020-01-01,DE,Germany,P04,IP Transit,Actual,,,,,3057826.81,,,
Trend,2020-01-01,DE,Germany,P05,Ethernet & Capacity Services,Actual,,,,,5688133.97,,,
Trend,2020-01-01,DE,Germany,P06,Cloud Connect,Actual,,,,,1919077.27,,,
Trend,2020-01-01,DE,Germany,P07,Voice Firewall & Anti-Fraud,Actual,,,,,421578.31,,,
Trend,2020-01-01,ES,Spain,P01,International Voice Termination,Actual,,,,,2218286.55,,,
Trend,2020-01-01,ES,Spain,P02,A2P Messaging,Actual,,,,,3667487.69,,,
Trend,2020-01-01,ES,Spain,P03,IPX Roaming & Signalling,Actual,,,,,1259557.97,,,
Trend,2020-01-01,ES,Spain,P04,IP Transit,Actual,,,,,1674950.61,,,
Trend,2020-01-01,ES,Spain,P05,Ethernet & Capacity Services,Actual,,,,,4688567.22,,,
Trend,2020-01-01,ES,Spain,P06,Cloud Connect,Actual,,,,,713800.08,,,
Trend,2020-01-01,ES,Spain,P07,Voice Firewall & Anti-Fraud,Actual,,,,,722892.71,,,
Trend,2020-01-01,FR,France,P01,International Voice Termination,Actual,,,,,4735223.49,,,
Trend,2020-01-01,FR,France,P02,A2P Messaging,Actual,,,,,3835611.88,,,
Trend,2020-01-01,FR,France,P03,IPX Roaming & Signalling,Actual,,,,,4930699.02,,,
Trend,2020-01-01,FR,France,P04,IP Transit,Actual,,,,,796167.94,,,
Trend,2020-01-01,FR,France,P05,Ethernet & Capacity Services,Actual,,,,,2608261.59,,,
Trend,2020-01-01,FR,France,P06,Cloud Connect,Actual,,,,,798536.5,,,
Trend,2020-01-01,FR,France,P07,Voice Firewall & Anti-Fraud,Actual,,,,,1521202.45,,,
Trend,2020-01-01,GR,Greece,P01,International Voice Termination,Actual,,,,,2402402.24,,,
Trend,2020-01-01,GR,Greece,P02,A2P Messaging,Actual,,,,,693803.17,,,
Trend,2020-01-01,GR,Greece,P03,IPX Roaming & Signalling,Actual,,,,,699113.46,,,
Trend,2020-01-01,GR,Greece,P04,IP Transit,Actual,,,,,256169.01,,,
Trend,2020-01-01,GR,Greece,P05,Ethernet & Capacity Services,Actual,,,,,1010392.43,,,
Trend,2020-01-01,GR,Greece,P07,Voice Firewall & Anti-Fraud,Actual,,,,,320577.06,,,
Trend,2020-01-01,HR,Croatia,P05,Ethernet & Capacity Services,Actual,,,,,134758.18,,,
Trend,2020-01-01,HR,Croatia,P06,Cloud Connect,Actual,,,,,38124.03,,,
Trend,2020-01-01,HU,Hungary,P01,International Voice Termination,Actual,,,,,3678995.83,,,
Trend,2020-01-01,HU,Hungary,P02,A2P Messaging,Actual,,,,,479916.8,,,
Trend,2020-01-01,HU,Hungary,P03,IPX Roaming & Signalling,Actual,,,,,800257.91,,,
Trend,2020-01-01,HU,Hungary,P04,IP Transit,Actual,,,,,38922.4,,,
Trend,2020-01-01,HU,Hungary,P05,Ethernet & Capacity Services,Actual,,,,,743686.3,,,
Trend,2020-01-01,HU,Hungary,P06,Cloud Connect,Actual,,,,,26476.51,,,
Trend,2020-01-01,HU,Hungary,P07,Voice Firewall & Anti-Fraud,Actual,,,,,295330.77,,,
Trend,2020-01-01,IT,Italy,P01,International Voice Termination,Actual,,,,,439689.44,,,
Trend,2020-01-01,IT,Italy,P02,A2P Messaging,Actual,,,,,186075.7,,,
Trend,2020-01-01,IT,Italy,P03,IPX Roaming & Signalling,Actual,,,,,138308.87,,,
Trend,2020-01-01,IT,Italy,P04,IP Transit,Actual,,,,,737587.99,,,
Trend,2020-01-01,IT,Italy,P05,Ethernet & Capacity Services,Actual,,,,,4820669.51,,,
Trend,2020-01-01,IT,Italy,P06,Cloud Connect,Actual,,,,,776732.57,,,
Trend,2020-01-01,IT,Italy,P07,Voice Firewall & Anti-Fraud,Actual,,,,,160839.65,,,
Trend,2020-01-01,NL,Netherlands,P01,International Voice Termination,Actual,,,,,6044529.83,,,
Trend,2020-01-01,NL,Netherlands,P02,A2P Messaging,Actual,,,,,2084088.42,,,
Trend,2020-01-01,NL,Netherlands,P03,IPX Roaming & Signalling,Actual,,,,,2327070.62,,,
Trend,2020-01-01,NL,Netherlands,P04,IP Transit,Actual,,,,,814625.2,,,
Trend,2020-01-01,NL,Netherlands,P05,Ethernet & Capacity Services,Actual,,,,,1752649.76,,,
Trend,2020-01-01,NL,Netherlands,P06,Cloud Connect,Actual,,,,,42270.37,,,
Trend,2020-01-01,NL,Netherlands,P07,Voice Firewall & Anti-Fraud,Actual,,,,,741893.27,,,
Trend,2020-01-01,PL,Poland,P01,International Voice Termination,Actual,,,,,5058657.07,,,
Trend,2020-01-01,PL,Poland,P02,A2P Messaging,Actual,,,,,144569.42,,,
Trend,2020-01-01,PL,Poland,P03,IPX Roaming & Signalling,Actual,,,,,1464370.31,,,
Trend,2020-01-01,PL,Poland,P04,IP Transit,Actual,,,,,576023.92,,,
Trend,2020-01-01,PL,Poland,P05,Ethernet & Capacity Services,Actual,,,,,1988597.03,,,
Trend,2020-01-01,PL,Poland,P06,Cloud Connect,Actual,,,,,25675.76,,,
Trend,2020-01-01,PL,Poland,P07,Voice Firewall & Anti-Fraud,Actual,,,,,220089.12,,,
Trend,2020-01-01,RO,Romania,P01,International Voice Termination,Actual,,,,,404413.79,,,
Trend,2020-01-01,RO,Romania,P03,IPX Roaming & Signalling,Actual,,,,,243166.23,,,
Trend,2020-01-01,RO,Romania,P05,Ethernet & Capacity Services,Actual,,,,,561072.18,,,
Trend,2020-01-01,RO,Romania,P07,Voice Firewall & Anti-Fraud,Actual,,,,,76396.24,,,
Trend,2020-01-01,SK,Slovakia,P01,International Voice Termination,Actual,,,,,610340.96,,,
Trend,2020-01-01,SK,Slovakia,P02,A2P Messaging,Actual,,,,,733337.72,,,
Trend,2020-01-01,SK,Slovakia,P03,IPX Roaming & Signalling,Actual,,,,,480703.32,,,
Trend,2020-01-01,SK,Slovakia,P05,Ethernet & Capacity Services,Actual,,,,,616050.54,,,
Trend,2020-01-01,SK,Slovakia,P07,Voice Firewall & Anti-Fraud,Actual,,,,,57930.76,,,
Trend,2020-02-01,AT,Austria,P01,International Voice Termination,Actual,,,,,1822846.46,,,
Trend,2020-02-01,AT,Austria,P02,A2P Messaging,Actual,,,,,1712225.96,,,
Trend,2020-02-01,AT,Austria,P03,IPX Roaming & Signalling,Actual,,,,,582172.39,,,
Trend,2020-02-01,AT,Austria,P04,IP Transit,Actual,,,,,440106.34,,,
Trend,2020-02-01,AT,Austria,P05,Ethernet & Capacity Services,Actual,,,,,1257012.63,,,
Trend,2020-02-01,AT,Austria,P06,Cloud Connect,Actual,,,,,96605.73,,,
Trend,2020-02-01,AT,Austria,P07,Voice Firewall & Anti-Fraud,Actual,,,,,292989.93,,,
Trend,2020-02-01,CZ,Czechia,P03,IPX Roaming & Signalling,Actual,,,,,48008.5,,,
Trend,2020-02-01,CZ,Czechia,P04,IP Transit,Actual,,,,,96658.47,,,
Trend,2020-02-01,CZ,Czechia,P05,Ethernet & Capacity Services,Actual,,,,,1075128.12,,,
Trend,2020-02-01,CZ,Czechia,P06,Cloud Connect,Actual,,,,,53962.67,,,
Trend,2020-02-01,CZ,Czechia,P07,Voice Firewall & Anti-Fraud,Actual,,,,,17064.91,,,
Trend,2020-02-01,DE,Germany,P01,International Voice Termination,Actual,,,,,9639222.67,,,
Trend,2020-02-01,DE,Germany,P02,A2P Messaging,Actual,,,,,1900372.66,,,
Trend,2020-02-01,DE,Germany,P03,IPX Roaming & Signalling,Actual,,,,,2500947.98,,,
Trend,2020-02-01,DE,Germany,P04,IP Transit,Actual,,,,,3049274.3,,,
Trend,2020-02-01,DE,Germany,P05,Ethernet & Capacity Services,Actual,,,,,5631864.95,,,
Trend,2020-02-01,DE,Germany,P06,Cloud Connect,Actual,,,,,1826477.98,,,
Trend,2020-02-01,DE,Germany,P07,Voice Firewall & Anti-Fraud,Actual,,,,,442231.85,,,
Trend,2020-02-01,ES,Spain,P01,International Voice Termination,Actual,,,,,2001364.39,,,
Trend,2020-02-01,ES,Spain,P02,A2P Messaging,Actual,,,,,3821343.59,,,
Trend,2020-02-01,ES,Spain,P03,IPX Roaming & Signalling,Actual,,,,,1190014.17,,,
Trend,2020-02-01,ES,Spain,P04,IP Transit,Actual,,,,,1584474.5,,,
Trend,2020-02-01,ES,Spain,P05,Ethernet & Capacity Services,Actual,,,,,4532409.72,,,
Trend,2020-02-01,ES,Spain,P06,Cloud Connect,Actual,,,,,741363.68,,,
Trend,2020-02-01,ES,Spain,P07,Voice Firewall & Anti-Fraud,Actual,,,,,766531.86,,,
Trend,2020-02-01,FR,France,P01,International Voice Termination,Actual,,,,,4237582.03,,,
Trend,2020-02-01,FR,France,P02,A2P Messaging,Actual,,,,,3891546.8,,,
Trend,2020-02-01,FR,France,P03,IPX Roaming & Signalling,Actual,,,,,4613440.14,,,
Trend,2020-02-01,FR,France,P04,IP Transit,Actual,,,,,836685.11,,,
Trend,2020-02-01,FR,France,P05,Ethernet & Capacity Services,Actual,,,,,2876048.02,,,
Trend,2020-02-01,FR,France,P06,Cloud Connect,Actual,,,,,769684.53,,,
Trend,2020-02-01,FR,France,P07,Voice Firewall & Anti-Fraud,Actual,,,,,1565926.83,,,
Trend,2020-02-01,GR,Greece,P01,International Voice Termination,Actual,,,,,2151798.59,,,
Trend,2020-02-01,GR,Greece,P02,A2P Messaging,Actual,,,,,732391.17,,,
Trend,2020-02-01,GR,Greece,P03,IPX Roaming & Signalling,Actual,,,,,693321.57,,,
Trend,2020-02-01,GR,Greece,P04,IP Transit,Actual,,,,,298701.79,,,
Trend,2020-02-01,GR,Greece,P05,Ethernet & Capacity Services,Actual,,,,,1021636.44,,,
Trend,2020-02-01,GR,Greece,P07,Voice Firewall & Anti-Fraud,Actual,,,,,306102.98,,,
Trend,2020-02-01,HR,Croatia,P05,Ethernet & Capacity Services,Actual,,,,,139820.58,,,
Trend,2020-02-01,HR,Croatia,P06,Cloud Connect,Actual,,,,,39494.68,,,
Trend,2020-02-01,HU,Hungary,P01,International Voice Termination,Actual,,,,,3272629.95,,,
Trend,2020-02-01,HU,Hungary,P02,A2P Messaging,Actual,,,,,488026.26,,,
Trend,2020-02-01,HU,Hungary,P03,IPX Roaming & Signalling,Actual,,,,,693538.17,,,
Trend,2020-02-01,HU,Hungary,P04,IP Transit,Actual,,,,,42999.44,,,
Trend,2020-02-01,HU,Hungary,P05,Ethernet & Capacity Services,Actual,,,,,696955.14,,,
Trend,2020-02-01,HU,Hungary,P06,Cloud Connect,Actual,,,,,22786.47,,,
Trend,2020-02-01,HU,Hungary,P07,Voice Firewall & Anti-Fraud,Actual,,,,,322351.49,,,
Trend,2020-02-01,IT,Italy,P01,International Voice Termination,Actual,,,,,430826.81,,,
Trend,2020-02-01,IT,Italy,P02,A2P Messaging,Actual,,,,,202788.06,,,
Trend,2020-02-01,IT,Italy,P03,IPX Roaming & Signalling,Actual,,,,,127086.88,,,
Trend,2020-02-01,IT,Italy,P04,IP Transit,Actual,,,,,767685.31,,,
Trend,2020-02-01,IT,Italy,P05,Ethernet & Capacity Services,Actual,,,,,4735776.88,,,
Trend,2020-02-01,IT,Italy,P06,Cloud Connect,Actual,,,,,819594.48,,,
Trend,2020-02-01,IT,Italy,P07,Voice Firewall & Anti-Fraud,Actual,,,,,170364.75,,,
Trend,2020-02-01,NL,Netherlands,P01,International Voice Termination,Actual,,,,,5798448.98,,,
Trend,2020-02-01,NL,Netherlands,P02,A2P Messaging,Actual,,,,,2286364.57,,,
Trend,2020-02-01,NL,Netherlands,P03,IPX Roaming & Signalling,Actual,,,,,2301234.39,,,
Trend,2020-02-01,NL,Netherlands,P04,IP Transit,Actual,,,,,834766.26,,,
Trend,2020-02-01,NL,Netherlands,P05,Ethernet & Capacity Services,Actual,,,,,1795093.36,,,
Trend,2020-02-01,NL,Netherlands,P06,Cloud Connect,Actual,,,,,40366.18,,,
Trend,2020-02-01,NL,Netherlands,P07,Voice Firewall & Anti-Fraud,Actual,,,,,737248.55,,,
Trend,2020-02-01,PL,Poland,P01,International Voice Termination,Actual,,,,,4787371.82,,,
Trend,2020-02-01,PL,Poland,P02,A2P Messaging,Actual,,,,,149298.46,,,
Trend,2020-02-01,PL,Poland,P03,IPX Roaming & Signalling,Actual,,,,,1504659.4,,,
Trend,2020-02-01,PL,Poland,P04,IP Transit,Actual,,,,,558234.28,,,
Trend,2020-02-01,PL,Poland,P05,Ethernet & Capacity Services,Actual,,,,,2028579.61,,,
Trend,2020-02-01,PL,Poland,P06,Cloud Connect,Actual,,,,,26953.41,,,
Trend,2020-02-01,PL,Poland,P07,Voice Firewall & Anti-Fraud,Actual,,,,,210356.34,,,
Trend,2020-02-01,RO,Romania,P01,International Voice Termination,Actual,,,,,365266.4,,,
Trend,2020-02-01,RO,Romania,P03,IPX Roaming & Signalling,Actual,,,,,220482.41,,,
Trend,2020-02-01,RO,Romania,P05,Ethernet & Capacity Services,Actual,,,,,606804.18,,,
Trend,2020-02-01,RO,Romania,P07,Voice Firewall & Anti-Fraud,Actual,,,,,82924.51,,,
Trend,2020-02-01,SK,Slovakia,P01,International Voice Termination,Actual,,,,,521287.86,,,
Trend,2020-02-01,SK,Slovakia,P02,A2P Messaging,Actual,,,,,811834.86,,,
Trend,2020-02-01,SK,Slovakia,P03,IPX Roaming & Signalling,Actual,,,,,439408.28,,,
Trend,2020-02-01,SK,Slovakia,P05,Ethernet & Capacity Services,Actual,,,,,591205.6,,,
Trend,2020-02-01,SK,Slovakia,P07,Voice Firewall & Anti-Fraud,Actual,,,,,60825.35,,,
Trend,2020-03-01,AT,Austria,P01,International Voice Termination,Actual,,,,,1915672.55,,,
Trend,2020-03-01,AT,Austria,P02,A2P Messaging,Actual,,,,,1980567.26,,,
Trend,2020-03-01,AT,Austria,P03,IPX Roaming & Signalling,Actual,,,,,331696.3,,,
Trend,2020-03-01,AT,Austria,P04,IP Transit,Actual,,,,,441100.9,,,
Trend,2020-03-01,AT,Austria,P05,Ethernet & Capacity Services,Actual,,,,,1292501.14,,,
Trend,2020-03-01,AT,Austria,P06,Cloud Connect,Actual,,,,,111496.07,,,
Trend,2020-03-01,AT,Austria,P07,Voice Firewall & Anti-Fraud,Actual,,,,,290878.04,,,
Trend,2020-03-01,CZ,Czechia,P03,IPX Roaming & Signalling,Actual,,,,,25981.69,,,
Trend,2020-03-01,CZ,Czechia,P04,IP Transit,Actual,,,,,104056.73,,,
Trend,2020-03-01,CZ,Czechia,P05,Ethernet & Capacity Services,Actual,,,,,1209153.22,,,
Trend,2020-03-01,CZ,Czechia,P06,Cloud Connect,Actual,,,,,62408.91,,,
Trend,2020-03-01,CZ,Czechia,P07,Voice Firewall & Anti-Fraud,Actual,,,,,18163.94,,,
Trend,2020-03-01,DE,Germany,P01,International Voice Termination,Actual,,,,,10227715.13,,,
Trend,2020-03-01,DE,Germany,P02,A2P Messaging,Actual,,,,,2233532.0,,,
Trend,2020-03-01,DE,Germany,P03,IPX Roaming & Signalling,Actual,,,,,1348638.18,,,
Trend,2020-03-01,DE,Germany,P04,IP Transit,Actual,,,,,3138917.88,,,
Trend,2020-03-01,DE,Germany,P05,Ethernet & Capacity Services,Actual,,,,,5691525.96,,,
Trend,2020-03-01,DE,Germany,P06,Cloud Connect,Actual,,,,,1840504.81,,,
Trend,2020-03-01,DE,Germany,P07,Voice Firewall & Anti-Fraud,Actual,,,,,446049.25,,,
Trend,2020-03-01,ES,Spain,P01,International Voice Termination,Actual,,,,,2405907.43,,,
Trend,2020-03-01,ES,Spain,P02,A2P Messaging,Actual,,,,,4249045.74,,,
Trend,2020-03-01,ES,Spain,P03,IPX Roaming & Signalling,Actual,,,,,674460.48,,,
Trend,2020-03-01,ES,Spain,P04,IP Transit,Actual,,,,,1710804.43,,,
Trend,2020-03-01,ES,Spain,P05,Ethernet & Capacity Services,Actual,,,,,4546523.9,,,
Trend,2020-03-01,ES,Spain,P06,Cloud Connect,Actual,,,,,778548.9,,,
Trend,2020-03-01,ES,Spain,P07,Voice Firewall & Anti-Fraud,Actual,,,,,765657.86,,,
Trend,2020-03-01,FR,France,P01,International Voice Termination,Actual,,,,,5001068.71,,,
Trend,2020-03-01,FR,France,P02,A2P Messaging,Actual,,,,,4820128.04,,,
Trend,2020-03-01,FR,France,P03,IPX Roaming & Signalling,Actual,,,,,2547817.89,,,
Trend,2020-03-01,FR,France,P04,IP Transit,Actual,,,,,833044.0,,,
Trend,2020-03-01,FR,France,P05,Ethernet & Capacity Services,Actual,,,,,2953851.79,,,
Trend,2020-03-01,FR,France,P06,Cloud Connect,Actual,,,,,788329.43,,,
Trend,2020-03-01,FR,France,P07,Voice Firewall & Anti-Fraud,Actual,,,,,1616601.7,,,
Trend,2020-03-01,GR,Greece,P01,International Voice Termination,Actual,,,,,2544306.17,,,
Trend,2020-03-01,GR,Greece,P02,A2P Messaging,Actual,,,,,934734.86,,,
Trend,2020-03-01,GR,Greece,P03,IPX Roaming & Signalling,Actual,,,,,363932.04,,,
Trend,2020-03-01,GR,Greece,P04,IP Transit,Actual,,,,,254475.21,,,
Trend,2020-03-01,GR,Greece,P05,Ethernet & Capacity Services,Actual,,,,,1047688.36,,,
Trend,2020-03-01,GR,Greece,P07,Voice Firewall & Anti-Fraud,Actual,,,,,332063.36,,,
Trend,2020-03-01,HR,Croatia,P05,Ethernet & Capacity Services,Actual,,,,,138247.28,,,
Trend,2020-03-01,HR,Croatia,P06,Cloud Connect,Actual,,,,,42111.28,,,
Trend,2020-03-01,HU,Hungary,P01,International Voice Termination,Actual,,,,,3913535.08,,,
Trend,2020-03-01,HU,Hungary,P02,A2P Messaging,Actual,,,,,537215.98,,,
Trend,2020-03-01,HU,Hungary,P03,IPX Roaming & Signalling,Actual,,,,,387429.26,,,
Trend,2020-03-01,HU,Hungary,P04,IP Transit,Actual,,,,,45676.84,,,
Trend,2020-03-01,HU,Hungary,P05,Ethernet & Capacity Services,Actual,,,,,806909.81,,,
Trend,2020-03-01,HU,Hungary,P06,Cloud Connect,Actual,,,,,26820.96,,,
Trend,2020-03-01,HU,Hungary,P07,Voice Firewall & Anti-Fraud,Actual,,,,,321667.23,,,
Trend,2020-03-01,IT,Italy,P01,International Voice Termination,Actual,,,,,453670.41,,,
Trend,2020-03-01,IT,Italy,P02,A2P Messaging,Actual,,,,,268769.81,,,
Trend,2020-03-01,IT,Italy,P03,IPX Roaming & Signalling,Actual,,,,,60238.23,,,
Trend,2020-03-01,IT,Italy,P04,IP Transit,Actual,,,,,764652.84,,,
Trend,2020-03-01,IT,Italy,P05,Ethernet & Capacity Services,Actual,,,,,4607812.64,,,
Trend,2020-03-01,IT,Italy,P06,Cloud Connect,Actual,,,,,871416.5,,,
Trend,2020-03-01,IT,Italy,P07,Voice Firewall & Anti-Fraud,Actual,,,,,163886.89,,,
Trend,2020-03-01,NL,Netherlands,P01,International Voice Termination,Actual,,,,,6283703.17,,,
Trend,2020-03-01,NL,Netherlands,P02,A2P Messaging,Actual,,,,,2709778.87,,,
Trend,2020-03-01,NL,Netherlands,P03,IPX Roaming & Signalling,Actual,,,,,1209418.98,,,
Trend,2020-03-01,NL,Netherlands,P04,IP Transit,Actual,,,,,849453.75,,,
Trend,2020-03-01,NL,Netherlands,P05,Ethernet & Capacity Services,Actual,,,,,1855459.59,,,
Trend,2020-03-01,NL,Netherlands,P06,Cloud Connect,Actual,,,,,41946.98,,,
Trend,2020-03-01,NL,Netherlands,P07,Voice Firewall & Anti-Fraud,Actual,,,,,773975.71,,,
Trend,2020-03-01,PL,Poland,P01,International Voice Termination,Actual,,,,,5356975.12,,,
Trend,2020-03-01,PL,Poland,P02,A2P Messaging,Actual,,,,,171288.43,,,
Trend,2020-03-01,PL,Poland,P03,IPX Roaming & Signalling,Actual,,,,,790813.96,,,
Trend,2020-03-01,PL,Poland,P04,IP Transit,Actual,,,,,538926.95,,,
Trend,2020-03-01,PL,Poland,P05,Ethernet & Capacity Services,Actual,,,,,2026459.54,,,
Trend,2020-03-01,PL,Poland,P06,Cloud Connect,Actual,,,,,28188.93,,,
Trend,2020-03-01,PL,Poland,P07,Voice Firewall & Anti-Fraud,Actual,,,,,232377.44,,,
Trend,2020-03-01,RO,Romania,P01,International Voice Termination,Actual,,,,,399431.77,,,
Trend,2020-03-01,RO,Romania,P03,IPX Roaming & Signalling,Actual,,,,,118667.71,,,
Trend,2020-03-01,RO,Romania,P05,Ethernet & Capacity Services,Actual,,,,,583466.67,,,
Trend,2020-03-01,RO,Romania,P07,Voice Firewall & Anti-Fraud,Actual,,,,,77661.26,,,
Trend,2020-03-01,SK,Slovakia,P01,International Voice Termination,Actual,,,,,631464.41,,,
Trend,2020-03-01,SK,Slovakia,P02,A2P Messaging,Actual,,,,,968866.45,,,
Trend,2020-03-01,SK,Slovakia,P03,IPX Roaming & Signalling,Actual,,,,,254203.78,,,
Trend,2020-03-01,SK,Slovakia,P05,Ethernet & Capacity Services,Actual,,,,,644956.74,,,
Trend,2020-03-01,SK,Slovakia,P07,Voice Firewall & Anti-Fraud,Actual,,,,,69627.08,,,
Trend,2020-04-01,AT,Austria,P01,International Voice Termination,Actual,,,,,2036358.24,,,
Trend,2020-04-01,AT,Austria,P02,A2P Messaging,Actual,,,,,2074211.75,,,
Trend,2020-04-01,AT,Austria,P03,IPX Roaming & Signalling,Actual,,,,,82266.17,,,
Trend,2020-04-01,AT,Austria,P04,IP Transit,Actual,,,,,518838.58,,,
Trend,2020-04-01,AT,Austria,P05,Ethernet & Capacity Services,Actual,,,,,1498284.5,,,
Trend,2020-04-01,AT,Austria,P06,Cloud Connect,Actual,,,,,126154.7,,,
Trend,2020-04-01,AT,Austria,P07,Voice Firewall & Anti-Fraud,Actual,,,,,288346.49,,,
Trend,2020-04-01,CZ,Czechia,P03,IPX Roaming & Signalling,Actual,,,,,7044.29,,,
Trend,2020-04-01,CZ,Czechia,P04,IP Transit,Actual,,,,,110575.43,,,
Trend,2020-04-01,CZ,Czechia,P05,Ethernet & Capacity Services,Actual,,,,,1246592.23,,,
Trend,2020-04-01,CZ,Czechia,P06,Cloud Connect,Actual,,,,,63856.46,,,
Trend,2020-04-01,CZ,Czechia,P07,Voice Firewall & Anti-Fraud,Actual,,,,,17984.53,,,
Trend,2020-04-01,DE,Germany,P01,International Voice Termination,Actual,,,,,10539181.1,,,
Trend,2020-04-01,DE,Germany,P02,A2P Messaging,Actual,,,,,2644704.66,,,
Trend,2020-04-01,DE,Germany,P03,IPX Roaming & Signalling,Actual,,,,,347074.81,,,
Trend,2020-04-01,DE,Germany,P04,IP Transit,Actual,,,,,3440656.39,,,
Trend,2020-04-01,DE,Germany,P05,Ethernet & Capacity Services,Actual,,,,,6463639.92,,,
Trend,2020-04-01,DE,Germany,P06,Cloud Connect,Actual,,,,,2117148.94,,,
Trend,2020-04-01,DE,Germany,P07,Voice Firewall & Anti-Fraud,Actual,,,,,470243.51,,,
Trend,2020-04-01,ES,Spain,P01,International Voice Termination,Actual,,,,,2740278.97,,,
Trend,2020-04-01,ES,Spain,P02,A2P Messaging,Actual,,,,,4920559.77,,,
Trend,2020-04-01,ES,Spain,P03,IPX Roaming & Signalling,Actual,,,,,180156.5,,,
Trend,2020-04-01,ES,Spain,P04,IP Transit,Actual,,,,,1855075.39,,,
Trend,2020-04-01,ES,Spain,P05,Ethernet & Capacity Services,Actual,,,,,5022227.98,,,
Trend,2020-04-01,ES,Spain,P06,Cloud Connect,Actual,,,,,870221.64,,,
Trend,2020-04-01,ES,Spain,P07,Voice Firewall & Anti-Fraud,Actual,,,,,830719.17,,,
Trend,2020-04-01,FR,France,P01,International Voice Termination,Actual,,,,,5123270.61,,,
Trend,2020-04-01,FR,France,P02,A2P Messaging,Actual,,,,,4841314.84,,,
Trend,2020-04-01,FR,France,P03,IPX Roaming & Signalling,Actual,,,,,664546.91,,,
Trend,2020-04-01,FR,France,P04,IP Transit,Actual,,,,,906704.75,,,
Trend,2020-04-01,FR,France,P05,Ethernet & Capacity Services,Actual,,,,,3183521.99,,,
Trend,2020-04-01,FR,France,P06,Cloud Connect,Actual,,,,,874509.88,,,
Trend,2020-04-01,FR,France,P07,Voice Firewall & Anti-Fraud,Actual,,,,,1672316.39,,,
Trend,2020-04-01,GR,Greece,P01,International Voice Termination,Actual,,,,,2576562.86,,,
Trend,2020-04-01,GR,Greece,P02,A2P Messaging,Actual,,,,,901777.91,,,
Trend,2020-04-01,GR,Greece,P03,IPX Roaming & Signalling,Actual,,,,,98500.67,,,
Trend,2020-04-01,GR,Greece,P04,IP Transit,Actual,,,,,319100.31,,,
Trend,2020-04-01,GR,Greece,P05,Ethernet & Capacity Services,Actual,,,,,1111494.46,,,
Trend,2020-04-01,GR,Greece,P07,Voice Firewall & Anti-Fraud,Actual,,,,,339622.72,,,
Trend,2020-04-01,HR,Croatia,P05,Ethernet & Capacity Services,Actual,,,,,154096.63,,,
Trend,2020-04-01,HR,Croatia,P06,Cloud Connect,Actual,,,,,45328.77,,,
Trend,2020-04-01,HU,Hungary,P01,International Voice Termination,Actual,,,,,4000324.0,,,
Trend,2020-04-01,HU,Hungary,P02,A2P Messaging,Actual,,,,,604638.12,,,
Trend,2020-04-01,HU,Hungary,P03,IPX Roaming & Signalling,Actual,,,,,109930.09,,,
Trend,2020-04-01,HU,Hungary,P04,IP Transit,Actual,,,,,42711.0,,,
Trend,2020-04-01,HU,Hungary,P05,Ethernet & Capacity Services,Actual,,,,,808823.14,,,
Trend,2020-04-01,HU,Hungary,P06,Cloud Connect,Actual,,,,,30341.04,,,
Trend,2020-04-01,HU,Hungary,P07,Voice Firewall & Anti-Fraud,Actual,,,,,331273.81,,,
Trend,2020-04-01,IT,Italy,P01,International Voice Termination,Actual,,,,,476044.16,,,
Trend,2020-04-01,IT,Italy,P02,A2P Messaging,Actual,,,,,262144.39,,,
Trend,2020-04-01,IT,Italy,P03,IPX Roaming & Signalling,Actual,,,,,19403.34,,,
Trend,2020-04-01,IT,Italy,P04,IP Transit,Actual,,,,,816993.11,,,
Trend,2020-04-01,IT,Italy,P05,Ethernet & Capacity Services,Actual,,,,,5333982.16,,,
Trend,2020-04-01,IT,Italy,P06,Cloud Connect,Actual,,,,,988824.7,,,
Trend,2020-04-01,IT,Italy,P07,Voice Firewall & Anti-Fraud,Actual,,,,,173442.36,,,
Trend,2020-04-01,NL,Netherlands,P01,International Voice Termination,Actual,,,,,6678363.52,,,
Trend,2020-04-01,NL,Netherlands,P02,A2P Messaging,Actual,,,,,2866879.66,,,
Trend,2020-04-01,NL,Netherlands,P03,IPX Roaming & Signalling,Actual,,,,,334098.38,,,
Trend,2020-04-01,NL,Netherlands,P04,IP Transit,Actual,,,,,927494.38,,,
Trend,2020-04-01,NL,Netherlands,P05,Ethernet & Capacity Services,Actual,,,,,2081118.99,,,
Trend,2020-04-01,NL,Netherlands,P06,Cloud Connect,Actual,,,,,43982.08,,,
Trend,2020-04-01,NL,Netherlands,P07,Voice Firewall & Anti-Fraud,Actual,,,,,799221.97,,,
Trend,2020-04-01,PL,Poland,P01,International Voice Termination,Actual,,,,,5527090.87,,,
Trend,2020-04-01,PL,Poland,P02,A2P Messaging,Actual,,,,,186287.96,,,
Trend,2020-04-01,PL,Poland,P03,IPX Roaming & Signalling,Actual,,,,,216963.92,,,
Trend,2020-04-01,PL,Poland,P04,IP Transit,Actual,,,,,632187.59,,,
Trend,2020-04-01,PL,Poland,P05,Ethernet & Capacity Services,Actual,,,,,2312388.66,,,
Trend,2020-04-01,PL,Poland,P06,Cloud Connect,Actual,,,,,30976.02,,,
Trend,2020-04-01,PL,Poland,P07,Voice Firewall & Anti-Fraud,Actual,,,,,228750.01,,,
Trend,2020-04-01,RO,Romania,P01,International Voice Termination,Actual,,,,,414118.09,,,
Trend,2020-04-01,RO,Romania,P03,IPX Roaming & Signalling,Actual,,,,,32582.4,,,
Trend,2020-04-01,RO,Romania,P05,Ethernet & Capacity Services,Actual,,,,,645943.22,,,
Trend,2020-04-01,RO,Romania,P07,Voice Firewall & Anti-Fraud,Actual,,,,,76212.25,,,
Trend,2020-04-01,SK,Slovakia,P01,International Voice Termination,Actual,,,,,614796.78,,,
Trend,2020-04-01,SK,Slovakia,P02,A2P Messaging,Actual,,,,,953184.46,,,
Trend,2020-04-01,SK,Slovakia,P03,IPX Roaming & Signalling,Actual,,,,,62802.93,,,
Trend,2020-04-01,SK,Slovakia,P05,Ethernet & Capacity Services,Actual,,,,,698065.04,,,
Trend,2020-04-01,SK,Slovakia,P07,Voice Firewall & Anti-Fraud,Actual,,,,,62782.06,,,
Trend,2020-05-01,AT,Austria,P01,International Voice Termination,Actual,,,,,2114135.37,,,
Trend,2020-05-01,AT,Austria,P02,A2P Messaging,Actual,,,,,2344897.2,,,
Trend,2020-05-01,AT,Austria,P03,IPX Roaming & Signalling,Actual,,,,,103163.3,,,
Trend,2020-05-01,AT,Austria,P04,IP Transit,Actual,,,,,461061.51,,,
Trend,2020-05-01,AT,Austria,P05,Ethernet & Capacity Services,Actual,,,,,1356515.07,,,
Trend,2020-05-01,AT,Austria,P06,Cloud Connect,Actual,,,,,125366.73,,,
Trend,2020-05-01,AT,Austria,P07,Voice Firewall & Anti-Fraud,Actual,,,,,311730.5,,,
Trend,2020-05-01,CZ,Czechia,P03,IPX Roaming & Signalling,Actual,,,,,9050.46,,,
Trend,2020-05-01,CZ,Czechia,P04,IP Transit,Actual,,,,,106371.87,,,
Trend,2020-05-01,CZ,Czechia,P05,Ethernet & Capacity Services,Actual,,,,,1304601.77,,,
Trend,2020-05-01,CZ,Czechia,P06,Cloud Connect,Actual,,,,,64804.38,,,
Trend,2020-05-01,CZ,Czechia,P07,Voice Firewall & Anti-Fraud,Actual,,,,,16641.41,,,
Trend,2020-05-01,DE,Germany,P01,International Voice Termination,Actual,,,,,10535358.67,,,
Trend,2020-05-01,DE,Germany,P02,A2P Messaging,Actual,,,,,2489736.12,,,
Trend,2020-05-01,DE,Germany,P03,IPX Roaming & Signalling,Actual,,,,,477124.86,,,
Trend,2020-05-01,DE,Germany,P04,IP Transit,Actual,,,,,3548170.89,,,
Trend,2020-05-01,DE,Germany,P05,Ethernet & Capacity Services,Actual,,,,,6569426.64,,,
Trend,2020-05-01,DE,Germany,P06,Cloud Connect,Actual,,,,,2208205.78,,,
Trend,2020-05-01,DE,Germany,P07,Voice Firewall & Anti-Fraud,Actual,,,,,490078.55,,,
Trend,2020-05-01,ES,Spain,P01,International Voice Termination,Actual,,,,,2830577.07,,,
Trend,2020-05-01,ES,Spain,P02,A2P Messaging,Actual,,,,,5064234.54,,,
Trend,2020-05-01,ES,Spain,P03,IPX Roaming & Signalling,Actual,,,,,268359.82,,,
Trend,2020-05-01,ES,Spain,P04,IP Transit,Actual,,,,,1765401.22,,,
Trend,2020-05-01,ES,Spain,P05,Ethernet & Capacity Services,Actual,,,,,5144460.44,,,
Trend,2020-05-01,ES,Spain,P06,Cloud Connect,Actual,,,,,827384.2,,,
Trend,2020-05-01,ES,Spain,P07,Voice Firewall & Anti-Fraud,Actual,,,,,827074.7,,,
Trend,2020-05-01,FR,France,P01,International Voice Termination,Actual,,,,,4924518.69,,,
Trend,2020-05-01,FR,France,P02,A2P Messaging,Actual,,,,,5294880.28,,,
Trend,2020-05-01,FR,France,P03,IPX Roaming & Signalling,Actual,,,,,899498.83,,,
Trend,2020-05-01,FR,France,P04,IP Transit,Actual,,,,,894149.74,,,
Trend,2020-05-01,FR,France,P05,Ethernet & Capacity Services,Actual,,,,,3124820.76,,,
Trend,2020-05-01,FR,France,P06,Cloud Connect,Actual,,,,,882899.18,,,
Trend,2020-05-01,FR,France,P07,Voice Firewall & Anti-Fraud,Actual,,,,,1694318.3,,,
Trend,2020-05-01,GR,Greece,P01,International Voice Termination,Actual,,,,,2569226.84,,,
Trend,2020-05-01,GR,Greece,P02,A2P Messaging,Actual,,,,,1074404.06,,,
Trend,2020-05-01,GR,Greece,P03,IPX Roaming & Signalling,Actual,,,,,127551.86,,,
Trend,2020-05-01,GR,Greece,P04,IP Transit,Actual,,,,,280562.66,,,
Trend,2020-05-01,GR,Greece,P05,Ethernet & Capacity Services,Actual,,,,,1036420.6,,,
Trend,2020-05-01,GR,Greece,P07,Voice Firewall & Anti-Fraud,Actual,,,,,338289.4,,,
Trend,2020-05-01,HR,Croatia,P05,Ethernet & Capacity Services,Actual,,,,,148750.99,,,
Trend,2020-05-01,HR,Croatia,P06,Cloud Connect,Actual,,,,,47688.85,,,
Trend,2020-05-01,HU,Hungary,P01,International Voice Termination,Actual,,,,,3937371.02,,,
Trend,2020-05-01,HU,Hungary,P02,A2P Messaging,Actual,,,,,696130.77,,,
Trend,2020-05-01,HU,Hungary,P03,IPX Roaming & Signalling,Actual,,,,,147692.46,,,
Trend,2020-05-01,HU,Hungary,P04,IP Transit,Actual,,,,,49933.48,,,
Trend,2020-05-01,HU,Hungary,P05,Ethernet & Capacity Services,Actual,,,,,762746.52,,,
Trend,2020-05-01,HU,Hungary,P06,Cloud Connect,Actual,,,,,29002.93,,,
Trend,2020-05-01,HU,Hungary,P07,Voice Firewall & Anti-Fraud,Actual,,,,,317546.7,,,
Trend,2020-05-01,IT,Italy,P01,International Voice Termination,Actual,,,,,478499.73,,,
Trend,2020-05-01,IT,Italy,P02,A2P Messaging,Actual,,,,,284771.38,,,
Trend,2020-05-01,IT,Italy,P03,IPX Roaming & Signalling,Actual,,,,,22988.53,,,
Trend,2020-05-01,IT,Italy,P04,IP Transit,Actual,,,,,800019.75,,,
Trend,2020-05-01,IT,Italy,P05,Ethernet & Capacity Services,Actual,,,,,5027567.44,,,
Trend,2020-05-01,IT,Italy,P06,Cloud Connect,Actual,,,,,972464.5,,,
Trend,2020-05-01,IT,Italy,P07,Voice Firewall & Anti-Fraud,Actual,,,,,186870.36,,,
Trend,2020-05-01,NL,Netherlands,P01,International Voice Termination,Actual,,,,,6444318.26,,,
Trend,2020-05-01,NL,Netherlands,P02,A2P Messaging,Actual,,,,,3272156.34,,,
Trend,2020-05-01,NL,Netherlands,P03,IPX Roaming & Signalling,Actual,,,,,444241.4,,,
Trend,2020-05-01,NL,Netherlands,P04,IP Transit,Actual,,,,,1031522.17,,,
Trend,2020-05-01,NL,Netherlands,P05,Ethernet & Capacity Services,Actual,,,,,2083410.28,,,
Trend,2020-05-01,NL,Netherlands,P06,Cloud Connect,Actual,,,,,50256.62,,,
Trend,2020-05-01,NL,Netherlands,P07,Voice Firewall & Anti-Fraud,Actual,,,,,814573.81,,,
Trend,2020-05-01,PL,Poland,P01,International Voice Termination,Actual,,,,,5546031.61,,,
Trend,2020-05-01,PL,Poland,P02,A2P Messaging,Actual,,,,,184369.94,,,
Trend,2020-05-01,PL,Poland,P03,IPX Roaming & Signalling,Actual,,,,,289048.71,,,
Trend,2020-05-01,PL,Poland,P04,IP Transit,Actual,,,,,632189.84,,,
Trend,2020-05-01,PL,Poland,P05,Ethernet & Capacity Services,Actual,,,,,2378361.7,,,
Trend,2020-05-01,PL,Poland,P06,Cloud Connect,Actual,,,,,30152.95,,,
Trend,2020-05-01,PL,Poland,P07,Voice Firewall & Anti-Fraud,Actual,,,,,250050.23,,,
Trend,2020-05-01,RO,Romania,P01,International Voice Termination,Actual,,,,,420802.3,,,
Trend,2020-05-01,RO,Romania,P03,IPX Roaming & Signalling,Actual,,,,,44762.0,,,
Trend,2020-05-01,RO,Romania,P05,Ethernet & Capacity Services,Actual,,,,,659648.49,,,
Trend,2020-05-01,RO,Romania,P07,Voice Firewall & Anti-Fraud,Actual,,,,,80536.4,,,
Trend,2020-05-01,SK,Slovakia,P01,International Voice Termination,Actual,,,,,636377.22,,,
Trend,2020-05-01,SK,Slovakia,P02,A2P Messaging,Actual,,,,,1043536.77,,,
Trend,2020-05-01,SK,Slovakia,P03,IPX Roaming & Signalling,Actual,,,,,93188.07,,,
Trend,2020-05-01,SK,Slovakia,P05,Ethernet & Capacity Services,Actual,,,,,677820.0,,,
Trend,2020-05-01,SK,Slovakia,P07,Voice Firewall & Anti-Fraud,Actual,,,,,66311.27,,,
Trend,2020-06-01,AT,Austria,P01,International Voice Termination,Actual,,,,,1854820.13,,,
Trend,2020-06-01,AT,Austria,P02,A2P Messaging,Actual,,,,,2204360.98,,,
Trend,2020-06-01,AT,Austria,P03,IPX Roaming & Signalling,Actual,,,,,153116.34,,,
Trend,2020-06-01,AT,Austria,P04,IP Transit,Actual,,,,,468714.61,,,
Trend,2020-06-01,AT,Austria,P05,Ethernet & Capacity Services,Actual,,,,,1458461.39,,,
Trend,2020-06-01,AT,Austria,P06,Cloud Connect,Actual,,,,,131185.95,,,
Trend,2020-06-01,AT,Austria,P07,Voice Firewall & Anti-Fraud,Actual,,,,,306227.13,,,
Trend,2020-06-01,CZ,Czechia,P03,IPX Roaming & Signalling,Actual,,,,,14187.78,,,
Trend,2020-06-01,CZ,Czechia,P04,IP Transit,Actual,,,,,109251.86,,,
Trend,2020-06-01,CZ,Czechia,P05,Ethernet & Capacity Services,Actual,,,,,1259755.26,,,
Trend,2020-06-01,CZ,Czechia,P06,Cloud Connect,Actual,,,,,71211.7,,,
Trend,2020-06-01,CZ,Czechia,P07,Voice Firewall & Anti-Fraud,Actual,,,,,18504.02,,,
Trend,2020-06-01,DE,Germany,P01,International Voice Termination,Actual,,,,,9286606.33,,,
Trend,2020-06-01,DE,Germany,P02,A2P Messaging,Actual,,,,,2513048.74,,,
Trend,2020-06-01,DE,Germany,P03,IPX Roaming & Signalling,Actual,,,,,663486.77,,,
Trend,2020-06-01,DE,Germany,P04,IP Transit,Actual,,,,,3686938.8,,,
Trend,2020-06-01,DE,Germany,P05,Ethernet & Capacity Services,Actual,,,,,6504480.96,,,
Trend,2020-06-01,DE,Germany,P06,Cloud Connect,Actual,,,,,2265410.77,,,
Trend,2020-06-01,DE,Germany,P07,Voice Firewall & Anti-Fraud,Actual,,,,,517086.67,,,
Trend,2020-06-01,ES,Spain,P01,International Voice Termination,Actual,,,,,2867943.16,,,
Trend,2020-06-01,ES,Spain,P02,A2P Messaging,Actual,,,,,4974114.2,,,
Trend,2020-06-01,ES,Spain,P03,IPX Roaming & Signalling,Actual,,,,,380286.57,,,
Trend,2020-06-01,ES,Spain,P04,IP Transit,Actual,,,,,1798877.05,,,
Trend,2020-06-01,ES,Spain,P05,Ethernet & Capacity Services,Actual,,,,,5049463.45,,,
Trend,2020-06-01,ES,Spain,P06,Cloud Connect,Actual,,,,,850267.15,,,
Trend,2020-06-01,ES,Spain,P07,Voice Firewall & Anti-Fraud,Actual,,,,,873373.79,,,
Trend,2020-06-01,FR,France,P01,International Voice Termination,Actual,,,,,4877238.33,,,
Trend,2020-06-01,FR,France,P02,A2P Messaging,Actual,,,,,5315131.18,,,
Trend,2020-06-01,FR,France,P03,IPX Roaming & Signalling,Actual,,,,,1274285.18,,,
Trend,2020-06-01,FR,France,P04,IP Transit,Actual,,,,,907405.56,,,
Trend,2020-06-01,FR,France,P05,Ethernet & Capacity Services,Actual,,,,,3166649.89,,,
Trend,2020-06-01,FR,France,P06,Cloud Connect,Actual,,,,,971089.56,,,
Trend,2020-06-01,FR,France,P07,Voice Firewall & Anti-Fraud,Actual,,,,,1693575.46,,,
Trend,2020-06-01,GR,Greece,P01,International Voice Termination,Actual,,,,,2396927.87,,,
Trend,2020-06-01,GR,Greece,P02,A2P Messaging,Actual,,,,,1012584.34,,,
Trend,2020-06-01,GR,Greece,P03,IPX Roaming & Signalling,Actual,,,,,181454.58,,,
Trend,2020-06-01,GR,Greece,P04,IP Transit,Actual,,,,,301066.24,,,
Trend,2020-06-01,GR,Greece,P05,Ethernet & Capacity Services,Actual,,,,,973422.81,,,
Trend,2020-06-01,GR,Greece,P07,Voice Firewall & Anti-Fraud,Actual,,,,,349901.71,,,
Trend,2020-06-01,HR,Croatia,P05,Ethernet & Capacity Services,Actual,,,,,164767.08,,,
Trend,2020-06-01,HR,Croatia,P06,Cloud Connect,Actual,,,,,46426.61,,,
Trend,2020-06-01,HU,Hungary,P01,International Voice Termination,Actual,,,,,3565403.36,,,
Trend,2020-06-01,HU,Hungary,P02,A2P Messaging,Actual,,,,,615384.76,,,
Trend,2020-06-01,HU,Hungary,P03,IPX Roaming & Signalling,Actual,,,,,194186.44,,,
Trend,2020-06-01,HU,Hungary,P04,IP Transit,Actual,,,,,47857.55,,,
Trend,2020-06-01,HU,Hungary,P05,Ethernet & Capacity Services,Actual,,,,,786513.91,,,
Trend,2020-06-01,HU,Hungary,P06,Cloud Connect,Actual,,,,,30316.97,,,
Trend,2020-06-01,HU,Hungary,P07,Voice Firewall & Anti-Fraud,Actual,,,,,342150.36,,,
Trend,2020-06-01,IT,Italy,P01,International Voice Termination,Actual,,,,,406596.24,,,
Trend,2020-06-01,IT,Italy,P02,A2P Messaging,Actual,,,,,254306.71,,,
Trend,2020-06-01,IT,Italy,P03,IPX Roaming & Signalling,Actual,,,,,32145.13,,,
Trend,2020-06-01,IT,Italy,P04,IP Transit,Actual,,,,,847571.25,,,
Trend,2020-06-01,IT,Italy,P05,Ethernet & Capacity Services,Actual,,,,,5256073.36,,,
Trend,2020-06-01,IT,Italy,P06,Cloud Connect,Actual,,,,,970684.25,,,
Trend,2020-06-01,IT,Italy,P07,Voice Firewall & Anti-Fraud,Actual,,,,,187914.87,,,
Trend,2020-06-01,NL,Netherlands,P01,International Voice Termination,Actual,,,,,6086552.87,,,
Trend,2020-06-01,NL,Netherlands,P02,A2P Messaging,Actual,,,,,3004712.15,,,
Trend,2020-06-01,NL,Netherlands,P03,IPX Roaming & Signalling,Actual,,,,,616668.76,,,
Trend,2020-06-01,NL,Netherlands,P04,IP Transit,Actual,,,,,1006847.2,,,
Trend,2020-06-01,NL,Netherlands,P05,Ethernet & Capacity Services,Actual,,,,,2103825.63,,,
Trend,2020-06-01,NL,Netherlands,P06,Cloud Connect,Actual,,,,,50571.38,,,
Trend,2020-06-01,NL,Netherlands,P07,Voice Firewall & Anti-Fraud,Actual,,,,,847351.6,,,
Trend,2020-06-01,PL,Poland,P01,International Voice Termination,Actual,,,,,5159677.56,,,
Trend,2020-06-01,PL,Poland,P02,A2P Messaging,Actual,,,,,186210.32,,,
Trend,2020-06-01,PL,Poland,P03,IPX Roaming & Signalling,Actual,,,,,381021.06,,,
Trend,2020-06-01,PL,Poland,P04,IP Transit,Actual,,,,,673981.22,,,
Trend,2020-06-01,PL,Poland,P05,Ethernet & Capacity Services,Actual,,,,,2349106.4,,,
Trend,2020-06-01,PL,Poland,P06,Cloud Connect,Actual,,,,,31139.75,,,
Trend,2020-06-01,PL,Poland,P07,Voice Firewall & Anti-Fraud,Actual,,,,,244457.0,,,
Trend,2020-06-01,RO,Romania,P01,International Voice Termination,Actual,,,,,363076.56,,,
Trend,2020-06-01,RO,Romania,P03,IPX Roaming & Signalling,Actual,,,,,65343.79,,,
Trend,2020-06-01,RO,Romania,P05,Ethernet & Capacity Services,Actual,,,,,674309.23,,,
Trend,2020-06-01,RO,Romania,P07,Voice Firewall & Anti-Fraud,Actual,,,,,81257.33,,,
Trend,2020-06-01,SK,Slovakia,P01,International Voice Termination,Actual,,,,,627409.73,,,
Trend,2020-06-01,SK,Slovakia,P02,A2P Messaging,Actual,,,,,1015226.39,,,
Trend,2020-06-01,SK,Slovakia,P03,IPX Roaming & Signalling,Actual,,,,,122590.22,,,
Trend,2020-06-01,SK,Slovakia,P05,Ethernet & Capacity Services,Actual,,,,,699694.81,,,
Trend,2020-06-01,SK,Slovakia,P07,Voice Firewall & Anti-Fraud,Actual,,,,,65817.35,,,
Trend,2020-07-01,AT,Austria,P01,International Voice Termination,Actual,,,,,1809752.29,,,
Trend,2020-07-01,AT,Austria,P02,A2P Messaging,Actual,,,,,2226973.05,,,
Trend,2020-07-01,AT,Austria,P03,IPX Roaming & Signalling,Actual,,,,,375157.08,,,
Trend,2020-07-01,AT,Austria,P04,IP Transit,Actual,,,,,491843.68,,,
Trend,2020-07-01,AT,Austria,P05,Ethernet & Capacity Services,Actual,,,,,1538700.3,,,
Trend,2020-07-01,AT,Austria,P06,Cloud Connect,Actual,,,,,125385.97,,,
Trend,2020-07-01,AT,Austria,P07,Voice Firewall & Anti-Fraud,Actual,,,,,307891.4,,,
Trend,2020-07-01,CZ,Czechia,P03,IPX Roaming & Signalling,Actual,,,,,26943.79,,,
Trend,2020-07-01,CZ,Czechia,P04,IP Transit,Actual,,,,,106237.66,,,
Trend,2020-07-01,CZ,Czechia,P05,Ethernet & Capacity Services,Actual,,,,,1228509.68,,,
Trend,2020-07-01,CZ,Czechia,P06,Cloud Connect,Actual,,,,,70438.6,,,
Trend,2020-07-01,CZ,Czechia,P07,Voice Firewall & Anti-Fraud,Actual,,,,,19489.22,,,
Trend,2020-07-01,DE,Germany,P01,International Voice Termination,Actual,,,,,9015620.02,,,
Trend,2020-07-01,DE,Germany,P02,A2P Messaging,Actual,,,,,2621619.35,,,
Trend,2020-07-01,DE,Germany,P03,IPX Roaming & Signalling,Actual,,,,,1545964.25,,,
Trend,2020-07-01,DE,Germany,P04,IP Transit,Actual,,,,,3520357.63,,,
Trend,2020-07-01,DE,Germany,P05,Ethernet & Capacity Services,Actual,,,,,6273310.07,,,
Trend,2020-07-01,DE,Germany,P06,Cloud Connect,Actual,,,,,2226130.21,,,
Trend,2020-07-01,DE,Germany,P07,Voice Firewall & Anti-Fraud,Actual,,,,,530302.59,,,
Trend,2020-07-01,ES,Spain,P01,International Voice Termination,Actual,,,,,2835556.62,,,
Trend,2020-07-01,ES,Spain,P02,A2P Messaging,Actual,,,,,5023775.39,,,
Trend,2020-07-01,ES,Spain,P03,IPX Roaming & Signalling,Actual,,,,,864953.18,,,
Trend,2020-07-01,ES,Spain,P04,IP Transit,Actual,,,,,1743656.4,,,
Trend,2020-07-01,ES,Spain,P05,Ethernet & Capacity Services,Actual,,,,,5012761.52,,,
Trend,2020-07-01,ES,Spain,P06,Cloud Connect,Actual,,,,,839438.33,,,
Trend,2020-07-01,ES,Spain,P07,Voice Firewall & Anti-Fraud,Actual,,,,,916424.31,,,
Trend,2020-07-01,FR,France,P01,International Voice Termination,Actual,,,,,4600261.35,,,
Trend,2020-07-01,FR,France,P02,A2P Messaging,Actual,,,,,5189597.11,,,
Trend,2020-07-01,FR,France,P03,IPX Roaming & Signalling,Actual,,,,,2751009.49,,,
Trend,2020-07-01,FR,France,P04,IP Transit,Actual,,,,,887927.43,,,
Trend,2020-07-01,FR,France,P05,Ethernet & Capacity Services,Actual,,,,,3052050.16,,,
Trend,2020-07-01,FR,France,P06,Cloud Connect,Actual,,,,,949916.25,,,
Trend,2020-07-01,FR,France,P07,Voice Firewall & Anti-Fraud,Actual,,,,,1837206.35,,,
Trend,2020-07-01,GR,Greece,P01,International Voice Termination,Actual,,,,,2363634.62,,,
Trend,2020-07-01,GR,Greece,P02,A2P Messaging,Actual,,,,,1019267.75,,,
Trend,2020-07-01,GR,Greece,P03,IPX Roaming & Signalling,Actual,,,,,400931.41,,,
Trend,2020-07-01,GR,Greece,P04,IP Transit,Actual,,,,,298704.23,,,
Trend,2020-07-01,GR,Greece,P05,Ethernet & Capacity Services,Actual,,,,,1014897.98,,,
Trend,2020-07-01,GR,Greece,P07,Voice Firewall & Anti-Fraud,Actual,,,,,353073.49,,,
Trend,2020-07-01,HR,Croatia,P05,Ethernet & Capacity Services,Actual,,,,,151379.48,,,
Trend,2020-07-01,HR,Croatia,P06,Cloud Connect,Actual,,,,,45756.69,,,
Trend,2020-07-01,HU,Hungary,P01,International Voice Termination,Actual,,,,,3686125.77,,,
Trend,2020-07-01,HU,Hungary,P02,A2P Messaging,Actual,,,,,641628.0,,,
Trend,2020-07-01,HU,Hungary,P03,IPX Roaming & Signalling,Actual,,,,,456663.63,,,
Trend,2020-07-01,HU,Hungary,P04,IP Transit,Actual,,,,,47898.13,,,
Trend,2020-07-01,HU,Hungary,P05,Ethernet & Capacity Services,Actual,,,,,859331.21,,,
Trend,2020-07-01,HU,Hungary,P06,Cloud Connect,Actual,,,,,30913.3,,,
Trend,2020-07-01,HU,Hungary,P07,Voice Firewall & Anti-Fraud,Actual,,,,,340117.83,,,
Trend,2020-07-01,IT,Italy,P01,International Voice Termination,Actual,,,,,439784.04,,,
Trend,2020-07-01,IT,Italy,P02,A2P Messaging,Actual,,,,,259860.07,,,
Trend,2020-07-01,IT,Italy,P03,IPX Roaming & Signalling,Actual,,,,,74025.67,,,
Trend,2020-07-01,IT,Italy,P04,IP Transit,Actual,,,,,915463.08,,,
Trend,2020-07-01,IT,Italy,P05,Ethernet & Capacity Services,Actual,,,,,5306662.02,,,
Trend,2020-07-01,IT,Italy,P06,Cloud Connect,Actual,,,,,993847.62,,,
Trend,2020-07-01,IT,Italy,P07,Voice Firewall & Anti-Fraud,Actual,,,,,196626.35,,,
Trend,2020-07-01,NL,Netherlands,P01,International Voice Termination,Actual,,,,,5781011.26,,,
Trend,2020-07-01,NL,Netherlands,P02,A2P Messaging,Actual,,,,,2875730.98,,,
Trend,2020-07-01,NL,Netherlands,P03,IPX Roaming & Signalling,Actual,,,,,1272471.54,,,
Trend,2020-07-01,NL,Netherlands,P04,IP Transit,Actual,,,,,945271.61,,,
Trend,2020-07-01,NL,Netherlands,P05,Ethernet & Capacity Services,Actual,,,,,2204769.49,,,
Trend,2020-07-01,NL,Netherlands,P06,Cloud Connect,Actual,,,,,50065.36,,,
Trend,2020-07-01,NL,Netherlands,P07,Voice Firewall & Anti-Fraud,Actual,,,,,844660.66,,,
Trend,2020-07-01,PL,Poland,P01,International Voice Termination,Actual,,,,,4632623.91,,,
Trend,2020-07-01,PL,Poland,P02,A2P Messaging,Actual,,,,,182916.11,,,
Trend,2020-07-01,PL,Poland,P03,IPX Roaming & Signalling,Actual,,,,,871541.24,,,
Trend,2020-07-01,PL,Poland,P04,IP Transit,Actual,,,,,695518.59,,,
Trend,2020-07-01,PL,Poland,P05,Ethernet & Capacity Services,Actual,,,,,2310094.62,,,
Trend,2020-07-01,PL,Poland,P06,Cloud Connect,Actual,,,,,32933.26,,,
Trend,2020-07-01,PL,Poland,P07,Voice Firewall & Anti-Fraud,Actual,,,,,250293.17,,,
Trend,2020-07-01,RO,Romania,P01,International Voice Termination,Actual,,,,,358018.43,,,
Trend,2020-07-01,RO,Romania,P03,IPX Roaming & Signalling,Actual,,,,,137728.0,,,
Trend,2020-07-01,RO,Romania,P05,Ethernet & Capacity Services,Actual,,,,,645387.22,,,
Trend,2020-07-01,RO,Romania,P07,Voice Firewall & Anti-Fraud,Actual,,,,,83823.42,,,
Trend,2020-07-01,SK,Slovakia,P01,International Voice Termination,Actual,,,,,576759.3,,,
Trend,2020-07-01,SK,Slovakia,P02,A2P Messaging,Actual,,,,,1031694.9,,,
Trend,2020-07-01,SK,Slovakia,P03,IPX Roaming & Signalling,Actual,,,,,262868.62,,,
Trend,2020-07-01,SK,Slovakia,P05,Ethernet & Capacity Services,Actual,,,,,728618.89,,,
Trend,2020-07-01,SK,Slovakia,P07,Voice Firewall & Anti-Fraud,Actual,,,,,69897.48,,,
Trend,2020-08-01,AT,Austria,P01,International Voice Termination,Actual,,,,,1772395.89,,,
Trend,2020-08-01,AT,Austria,P02,A2P Messaging,Actual,,,,,2229751.02,,,
Trend,2020-08-01,AT,Austria,P03,IPX Roaming & Signalling,Actual,,,,,472101.55,,,
Trend,2020-08-01,AT,Austria,P04,IP Transit,Actual,,,,,451524.25,,,
Trend,2020-08-01,AT,Austria,P05,Ethernet & Capacity Services,Actual,,,,,1394794.89,,,
Trend,2020-08-01,AT,Austria,P06,Cloud Connect,Actual,,,,,126156.79,,,
Trend,2020-08-01,AT,Austria,P07,Voice Firewall & Anti-Fraud,Actual,,,,,315521.03,,,
Trend,2020-08-01,CZ,Czechia,P03,IPX Roaming & Signalling,Actual,,,,,39977.41,,,
Trend,2020-08-01,CZ,Czechia,P04,IP Transit,Actual,,,,,99041.21,,,
Trend,2020-08-01,CZ,Czechia,P05,Ethernet & Capacity Services,Actual,,,,,1264889.4,,,
Trend,2020-08-01,CZ,Czechia,P06,Cloud Connect,Actual,,,,,63133.46,,,
Trend,2020-08-01,CZ,Czechia,P07,Voice Firewall & Anti-Fraud,Actual,,,,,19908.34,,,
Trend,2020-08-01,DE,Germany,P01,International Voice Termination,Actual,,,,,8494677.74,,,
Trend,2020-08-01,DE,Germany,P02,A2P Messaging,Actual,,,,,2778206.29,,,
Trend,2020-08-01,DE,Germany,P03,IPX Roaming & Signalling,Actual,,,,,2211426.75,,,
Trend,2020-08-01,DE,Germany,P04,IP Transit,Actual,,,,,3611971.61,,,
Trend,2020-08-01,DE,Germany,P05,Ethernet & Capacity Services,Actual,,,,,6593041.58,,,
Trend,2020-08-01,DE,Germany,P06,Cloud Connect,Actual,,,,,2224650.74,,,
Trend,2020-08-01,DE,Germany,P07,Voice Firewall & Anti-Fraud,Actual,,,,,553688.51,,,
Trend,2020-08-01,ES,Spain,P01,International Voice Termination,Actual,,,,,2969480.47,,,
Trend,2020-08-01,ES,Spain,P02,A2P Messaging,Actual,,,,,4878842.04,,,
Trend,2020-08-01,ES,Spain,P03,IPX Roaming & Signalling,Actual,,,,,1285671.61,,,
Trend,2020-08-01,ES,Spain,P04,IP Transit,Actual,,,,,1847275.18,,,
Trend,2020-08-01,ES,Spain,P05,Ethernet & Capacity Services,Actual,,,,,4990516.32,,,
Trend,2020-08-01,ES,Spain,P06,Cloud Connect,Actual,,,,,877618.49,,,
Trend,2020-08-01,ES,Spain,P07,Voice Firewall & Anti-Fraud,Actual,,,,,987551.15,,,
Trend,2020-08-01,FR,France,P01,International Voice Termination,Actual,,,,,4469063.55,,,
Trend,2020-08-01,FR,France,P02,A2P Messaging,Actual,,,,,5271160.53,,,
Trend,2020-08-01,FR,France,P03,IPX Roaming & Signalling,Actual,,,,,3928939.98,,,
Trend,2020-08-01,FR,France,P04,IP Transit,Actual,,,,,858259.77,,,
Trend,2020-08-01,FR,France,P05,Ethernet & Capacity Services,Actual,,,,,3115766.91,,,
Trend,2020-08-01,FR,France,P06,Cloud Connect,Actual,,,,,922156.36,,,
Trend,2020-08-01,FR,France,P07,Voice Firewall & Anti-Fraud,Actual,,,,,1829614.94,,,
Trend,2020-08-01,GR,Greece,P01,International Voice Termination,Actual,,,,,2192438.69,,,
Trend,2020-08-01,GR,Greece,P02,A2P Messaging,Actual,,,,,1043336.77,,,
Trend,2020-08-01,GR,Greece,P03,IPX Roaming & Signalling,Actual,,,,,576520.03,,,
Trend,2020-08-01,GR,Greece,P04,IP Transit,Actual,,,,,285562.65,,,
Trend,2020-08-01,GR,Greece,P05,Ethernet & Capacity Services,Actual,,,,,1012724.66,,,
Trend,2020-08-01,GR,Greece,P07,Voice Firewall & Anti-Fraud,Actual,,,,,366604.2,,,
Trend,2020-08-01,HR,Croatia,P05,Ethernet & Capacity Services,Actual,,,,,142156.09,,,
Trend,2020-08-01,HR,Croatia,P06,Cloud Connect,Actual,,,,,45603.2,,,
Trend,2020-08-01,HU,Hungary,P01,International Voice Termination,Actual,,,,,3480512.99,,,
Trend,2020-08-01,HU,Hungary,P02,A2P Messaging,Actual,,,,,626383.28,,,
Trend,2020-08-01,HU,Hungary,P03,IPX Roaming & Signalling,Actual,,,,,630162.91,,,
Trend,2020-08-01,HU,Hungary,P04,IP Transit,Actual,,,,,43926.48,,,
Trend,2020-08-01,HU,Hungary,P05,Ethernet & Capacity Services,Actual,,,,,826886.44,,,
Trend,2020-08-01,HU,Hungary,P06,Cloud Connect,Actual,,,,,30258.86,,,
Trend,2020-08-01,HU,Hungary,P07,Voice Firewall & Anti-Fraud,Actual,,,,,341908.0,,,
Trend,2020-08-01,IT,Italy,P01,International Voice Termination,Actual,,,,,400572.04,,,
Trend,2020-08-01,IT,Italy,P02,A2P Messaging,Actual,,,,,247624.09,,,
Trend,2020-08-01,IT,Italy,P03,IPX Roaming & Signalling,Actual,,,,,103802.63,,,
Trend,2020-08-01,IT,Italy,P04,IP Transit,Actual,,,,,873377.37,,,
Trend,2020-08-01,IT,Italy,P05,Ethernet & Capacity Services,Actual,,,,,5170056.58,,,
Trend,2020-08-01,IT,Italy,P06,Cloud Connect,Actual,,,,,992254.81,,,
Trend,2020-08-01,IT,Italy,P07,Voice Firewall & Anti-Fraud,Actual,,,,,201476.9,,,
Trend,2020-08-01,NL,Netherlands,P01,International Voice Termination,Actual,,,,,5678221.59,,,
Trend,2020-08-01,NL,Netherlands,P02,A2P Messaging,Actual,,,,,2978040.2,,,
Trend,2020-08-01,NL,Netherlands,P03,IPX Roaming & Signalling,Actual,,,,,1944986.77,,,
Trend,2020-08-01,NL,Netherlands,P04,IP Transit,Actual,,,,,965953.56,,,
Trend,2020-08-01,NL,Netherlands,P05,Ethernet & Capacity Services,Actual,,,,,2040721.86,,,
Trend,2020-08-01,NL,Netherlands,P06,Cloud Connect,Actual,,,,,50892.79,,,
Trend,2020-08-01,NL,Netherlands,P07,Voice Firewall & Anti-Fraud,Actual,,,,,847004.71,,,
Trend,2020-08-01,PL,Poland,P01,International Voice Termination,Actual,,,,,4630850.57,,,
Trend,2020-08-01,PL,Poland,P02,A2P Messaging,Actual,,,,,191251.34,,,
Trend,2020-08-01,PL,Poland,P03,IPX Roaming & Signalling,Actual,,,,,1183138.85,,,
Trend,2020-08-01,PL,Poland,P04,IP Transit,Actual,,,,,692313.02,,,
Trend,2020-08-01,PL,Poland,P05,Ethernet & Capacity Services,Actual,,,,,2304469.98,,,
Trend,2020-08-01,PL,Poland,P06,Cloud Connect,Actual,,,,,31699.15,,,
Trend,2020-08-01,PL,Poland,P07,Voice Firewall & Anti-Fraud,Actual,,,,,253052.82,,,
Trend,2020-08-01,RO,Romania,P01,International Voice Termination,Actual,,,,,347817.19,,,
Trend,2020-08-01,RO,Romania,P03,IPX Roaming & Signalling,Actual,,,,,200403.6,,,
Trend,2020-08-01,RO,Romania,P05,Ethernet & Capacity Services,Actual,,,,,642624.39,,,
Trend,2020-08-01,RO,Romania,P07,Voice Firewall & Anti-Fraud,Actual,,,,,86986.64,,,
Trend,2020-08-01,SK,Slovakia,P01,International Voice Termination,Actual,,,,,553300.91,,,
Trend,2020-08-01,SK,Slovakia,P02,A2P Messaging,Actual,,,,,932886.23,,,
Trend,2020-08-01,SK,Slovakia,P03,IPX Roaming & Signalling,Actual,,,,,394227.93,,,
Trend,2020-08-01,SK,Slovakia,P05,Ethernet & Capacity Services,Actual,,,,,688746.11,,,
Trend,2020-08-01,SK,Slovakia,P07,Voice Firewall & Anti-Fraud,Actual,,,,,69742.34,,,
Trend,2020-09-01,AT,Austria,P01,International Voice Termination,Actual,,,,,1783456.37,,,
Trend,2020-09-01,AT,Austria,P02,A2P Messaging,Actual,,,,,2460891.8,,,
Trend,2020-09-01,AT,Austria,P03,IPX Roaming & Signalling,Actual,,,,,299977.45,,,
Trend,2020-09-01,AT,Austria,P04,IP Transit,Actual,,,,,527453.54,,,
Trend,2020-09-01,AT,Austria,P05,Ethernet & Capacity Services,Actual,,,,,1491271.92,,,
Trend,2020-09-01,AT,Austria,P06,Cloud Connect,Actual,,,,,129591.44,,,
Trend,2020-09-01,AT,Austria,P07,Voice Firewall & Anti-Fraud,Actual,,,,,322341.8,,,
Trend,2020-09-01,CZ,Czechia,P03,IPX Roaming & Signalling,Actual,,,,,25826.38,,,
Trend,2020-09-01,CZ,Czechia,P04,IP Transit,Actual,,,,,118924.57,,,
Trend,2020-09-01,CZ,Czechia,P05,Ethernet & Capacity Services,Actual,,,,,1285505.06,,,
Trend,2020-09-01,CZ,Czechia,P06,Cloud Connect,Actual,,,,,73140.58,,,
Trend,2020-09-01,CZ,Czechia,P07,Voice Firewall & Anti-Fraud,Actual,,,,,19049.97,,,
Trend,2020-09-01,DE,Germany,P01,International Voice Termination,Actual,,,,,8991438.08,,,
Trend,2020-09-01,DE,Germany,P02,A2P Messaging,Actual,,,,,2863574.65,,,
Trend,2020-09-01,DE,Germany,P03,IPX Roaming & Signalling,Actual,,,,,1335121.02,,,
Trend,2020-09-01,DE,Germany,P04,IP Transit,Actual,,,,,3794161.8,,,
Trend,2020-09-01,DE,Germany,P05,Ethernet & Capacity Services,Actual,,,,,6866557.79,,,
Trend,2020-09-01,DE,Germany,P06,Cloud Connect,Actual,,,,,2332208.84,,,
Trend,2020-09-01,DE,Germany,P07,Voice Firewall & Anti-Fraud,Actual,,,,,626954.8,,,
Trend,2020-09-01,ES,Spain,P01,International Voice Termination,Actual,,,,,3196796.49,,,
Trend,2020-09-01,ES,Spain,P02,A2P Messaging,Actual,,,,,5320237.19,,,
Trend,2020-09-01,ES,Spain,P03,IPX Roaming & Signalling,Actual,,,,,874211.02,,,
Trend,2020-09-01,ES,Spain,P04,IP Transit,Actual,,,,,1904458.14,,,
Trend,2020-09-01,ES,Spain,P05,Ethernet & Capacity Services,Actual,,,,,5375665.55,,,
Trend,2020-09-01,ES,Spain,P06,Cloud Connect,Actual,,,,,879251.21,,,
Trend,2020-09-01,ES,Spain,P07,Voice Firewall & Anti-Fraud,Actual,,,,,987361.81,,,
Trend,2020-09-01,FR,France,P01,International Voice Termination,Actual,,,,,4334033.98,,,
Trend,2020-09-01,FR,France,P02,A2P Messaging,Actual,,,,,6087086.89,,,
Trend,2020-09-01,FR,France,P03,IPX Roaming & Signalling,Actual,,,,,2450895.18,,,
Trend,2020-09-01,FR,France,P04,IP Transit,Actual,,,,,927260.04,,,
Trend,2020-09-01,FR,France,P05,Ethernet & Capacity Services,Actual,,,,,3264646.81,,,
Trend,2020-09-01,FR,France,P06,Cloud Connect,Actual,,,,,995968.78,,,
Trend,2020-09-01,FR,France,P07,Voice Firewall & Anti-Fraud,Actual,,,,,1828388.72,,,
Trend,2020-09-01,GR,Greece,P01,International Voice Termination,Actual,,,,,2296628.25,,,
Trend,2020-09-01,GR,Greece,P02,A2P Messaging,Actual,,,,,1088800.9,,,
Trend,2020-09-01,GR,Greece,P03,IPX Roaming & Signalling,Actual,,,,,334763.83,,,
Trend,2020-09-01,GR,Greece,P04,IP Transit,Actual,,,,,324333.64,,,
Trend,2020-09-01,GR,Greece,P05,Ethernet & Capacity Services,Actual,,,,,1043045.23,,,
Trend,2020-09-01,GR,Greece,P07,Voice Firewall & Anti-Fraud,Actual,,,,,371149.32,,,
Trend,2020-09-01,HR,Croatia,P05,Ethernet & Capacity Services,Actual,,,,,151382.68,,,
Trend,2020-09-01,HR,Croatia,P06,Cloud Connect,Actual,,,,,51648.0,,,
Trend,2020-09-01,HU,Hungary,P01,International Voice Termination,Actual,,,,,3372487.85,,,
Trend,2020-09-01,HU,Hungary,P02,A2P Messaging,Actual,,,,,730927.83,,,
Trend,2020-09-01,HU,Hungary,P03,IPX Roaming & Signalling,Actual,,,,,402706.36,,,
Trend,2020-09-01,HU,Hungary,P04,IP Transit,Actual,,,,,48596.2,,,
Trend,2020-09-01,HU,Hungary,P05,Ethernet & Capacity Services,Actual,,,,,767735.42,,,
Trend,2020-09-01,HU,Hungary,P06,Cloud Connect,Actual,,,,,32152.82,,,
Trend,2020-09-01,HU,Hungary,P07,Voice Firewall & Anti-Fraud,Actual,,,,,359897.19,,,
Trend,2020-09-01,IT,Italy,P01,International Voice Termination,Actual,,,,,402763.39,,,
Trend,2020-09-01,IT,Italy,P02,A2P Messaging,Actual,,,,,273633.36,,,
Trend,2020-09-01,IT,Italy,P03,IPX Roaming & Signalling,Actual,,,,,67527.66,,,
Trend,2020-09-01,IT,Italy,P04,IP Transit,Actual,,,,,908232.74,,,
Trend,2020-09-01,IT,Italy,P05,Ethernet & Capacity Services,Actual,,,,,5047481.15,,,
Trend,2020-09-01,IT,Italy,P06,Cloud Connect,Actual,,,,,961560.87,,,
Trend,2020-09-01,IT,Italy,P07,Voice Firewall & Anti-Fraud,Actual,,,,,191001.81,,,
Trend,2020-09-01,NL,Netherlands,P01,International Voice Termination,Actual,,,,,5553085.15,,,
Trend,2020-09-01,NL,Netherlands,P02,A2P Messaging,Actual,,,,,3368395.43,,,
Trend,2020-09-01,NL,Netherlands,P03,IPX Roaming & Signalling,Actual,,,,,1192335.36,,,
Trend,2020-09-01,NL,Netherlands,P04,IP Transit,Actual,,,,,1035185.66,,,
Trend,2020-09-01,NL,Netherlands,P05,Ethernet & Capacity Services,Actual,,,,,2249193.47,,,
Trend,2020-09-01,NL,Netherlands,P06,Cloud Connect,Actual,,,,,54443.65,,,
Trend,2020-09-01,NL,Netherlands,P07,Voice Firewall & Anti-Fraud,Actual,,,,,864222.86,,,
Trend,2020-09-01,PL,Poland,P01,International Voice Termination,Actual,,,,,4575183.75,,,
Trend,2020-09-01,PL,Poland,P02,A2P Messaging,Actual,,,,,213183.0,,,
Trend,2020-09-01,PL,Poland,P03,IPX Roaming & Signalling,Actual,,,,,783394.4,,,
Trend,2020-09-01,PL,Poland,P04,IP Transit,Actual,,,,,750648.51,,,
Trend,2020-09-01,PL,Poland,P05,Ethernet & Capacity Services,Actual,,,,,2479456.63,,,
Trend,2020-09-01,PL,Poland,P06,Cloud Connect,Actual,,,,,30093.32,,,
Trend,2020-09-01,PL,Poland,P07,Voice Firewall & Anti-Fraud,Actual,,,,,273924.79,,,
Trend,2020-09-01,RO,Romania,P01,International Voice Termination,Actual,,,,,383342.24,,,
Trend,2020-09-01,RO,Romania,P03,IPX Roaming & Signalling,Actual,,,,,126694.61,,,
Trend,2020-09-01,RO,Romania,P05,Ethernet & Capacity Services,Actual,,,,,698045.65,,,
Trend,2020-09-01,RO,Romania,P07,Voice Firewall & Anti-Fraud,Actual,,,,,82227.38,,,
Trend,2020-09-01,SK,Slovakia,P01,International Voice Termination,Actual,,,,,562987.39,,,
Trend,2020-09-01,SK,Slovakia,P02,A2P Messaging,Actual,,,,,1129046.4,,,
Trend,2020-09-01,SK,Slovakia,P03,IPX Roaming & Signalling,Actual,,,,,248776.35,,,
Trend,2020-09-01,SK,Slovakia,P05,Ethernet & Capacity Services,Actual,,,,,761454.95,,,
Trend,2020-09-01,SK,Slovakia,P07,Voice Firewall & Anti-Fraud,Actual,,,,,70482.27,,,
Trend,2020-10-01,AT,Austria,P01,International Voice Termination,Actual,,,,,1692948.98,,,
Trend,2020-10-01,AT,Austria,P02,A2P Messaging,Actual,,,,,2656710.92,,,
Trend,2020-10-01,AT,Austria,P03,IPX Roaming & Signalling,Actual,,,,,207028.5,,,
Trend,2020-10-01,AT,Austria,P04,IP Transit,Actual,,,,,494612.58,,,
Trend,2020-10-01,AT,Austria,P05,Ethernet & Capacity Services,Actual,,,,,1441155.39,,,
Trend,2020-10-01,AT,Austria,P06,Cloud Connect,Actual,,,,,142509.74,,,
Trend,2020-10-01,AT,Austria,P07,Voice Firewall & Anti-Fraud,Actual,,,,,316025.9,,,
Trend,2020-10-01,CZ,Czechia,P03,IPX Roaming & Signalling,Actual,,,,,17349.22,,,
Trend,2020-10-01,CZ,Czechia,P04,IP Transit,Actual,,,,,109686.42,,,
Trend,2020-10-01,CZ,Czechia,P05,Ethernet & Capacity Services,Actual,,,,,1237518.68,,,
Trend,2020-10-01,CZ,Czechia,P06,Cloud Connect,Actual,,,,,76087.54,,,
Trend,2020-10-01,CZ,Czechia,P07,Voice Firewall & Anti-Fraud,Actual,,,,,18163.71,,,
Trend,2020-10-01,DE,Germany,P01,International Voice Termination,Actual,,,,,8512536.63,,,
Trend,2020-10-01,DE,Germany,P02,A2P Messaging,Actual,,,,,2630623.16,,,
Trend,2020-10-01,DE,Germany,P03,IPX Roaming & Signalling,Actual,,,,,927547.21,,,
Trend,2020-10-01,DE,Germany,P04,IP Transit,Actual,,,,,3671910.15,,,
Trend,2020-10-01,DE,Germany,P05,Ethernet & Capacity Services,Actual,,,,,6650642.32,,,
Trend,2020-10-01,DE,Germany,P06,Cloud Connect,Actual,,,,,2459379.5,,,
Trend,2020-10-01,DE,Germany,P07,Voice Firewall & Anti-Fraud,Actual,,,,,674213.76,,,
Trend,2020-10-01,ES,Spain,P01,International Voice Termination,Actual,,,,,3133711.56,,,
Trend,2020-10-01,ES,Spain,P02,A2P Messaging,Actual,,,,,5785644.66,,,
Trend,2020-10-01,ES,Spain,P03,IPX Roaming & Signalling,Actual,,,,,548499.15,,,
Trend,2020-10-01,ES,Spain,P04,IP Transit,Actual,,,,,1870781.2,,,
Trend,2020-10-01,ES,Spain,P05,Ethernet & Capacity Services,Actual,,,,,5072444.94,,,
Trend,2020-10-01,ES,Spain,P06,Cloud Connect,Actual,,,,,920762.51,,,
Trend,2020-10-01,ES,Spain,P07,Voice Firewall & Anti-Fraud,Actual,,,,,975865.9,,,
Trend,2020-10-01,FR,France,P01,International Voice Termination,Actual,,,,,4269567.7,,,
Trend,2020-10-01,FR,France,P02,A2P Messaging,Actual,,,,,6298988.77,,,
Trend,2020-10-01,FR,France,P03,IPX Roaming & Signalling,Actual,,,,,1524823.84,,,
Trend,2020-10-01,FR,France,P04,IP Transit,Actual,,,,,900933.54,,,
Trend,2020-10-01,FR,France,P05,Ethernet & Capacity Services,Actual,,,,,3017218.71,,,
Trend,2020-10-01,FR,France,P06,Cloud Connect,Actual,,,,,974845.67,,,
Trend,2020-10-01,FR,France,P07,Voice Firewall & Anti-Fraud,Actual,,,,,1836080.01,,,
Trend,2020-10-01,GR,Greece,P01,International Voice Termination,Actual,,,,,2230655.37,,,
Trend,2020-10-01,GR,Greece,P02,A2P Messaging,Actual,,,,,1181836.33,,,
Trend,2020-10-01,GR,Greece,P03,IPX Roaming & Signalling,Actual,,,,,222975.2,,,
Trend,2020-10-01,GR,Greece,P04,IP Transit,Actual,,,,,301719.18,,,
Trend,2020-10-01,GR,Greece,P05,Ethernet & Capacity Services,Actual,,,,,1066071.49,,,
Trend,2020-10-01,GR,Greece,P07,Voice Firewall & Anti-Fraud,Actual,,,,,383486.05,,,
Trend,2020-10-01,HR,Croatia,P05,Ethernet & Capacity Services,Actual,,,,,148780.74,,,
Trend,2020-10-01,HR,Croatia,P06,Cloud Connect,Actual,,,,,47379.91,,,
Trend,2020-10-01,HU,Hungary,P01,International Voice Termination,Actual,,,,,3449004.32,,,
Trend,2020-10-01,HU,Hungary,P02,A2P Messaging,Actual,,,,,707244.68,,,
Trend,2020-10-01,HU,Hungary,P03,IPX Roaming & Signalling,Actual,,,,,261496.88,,,
Trend,2020-10-01,HU,Hungary,P04,IP Transit,Actual,,,,,51697.93,,,
Trend,2020-10-01,HU,Hungary,P05,Ethernet & Capacity Services,Actual,,,,,852414.61,,,
Trend,2020-10-01,HU,Hungary,P06,Cloud Connect,Actual,,,,,34135.68,,,
Trend,2020-10-01,HU,Hungary,P07,Voice Firewall & Anti-Fraud,Actual,,,,,350400.48,,,
Trend,2020-10-01,IT,Italy,P01,International Voice Termination,Actual,,,,,385698.33,,,
Trend,2020-10-01,IT,Italy,P02,A2P Messaging,Actual,,,,,286878.6,,,
Trend,2020-10-01,IT,Italy,P03,IPX Roaming & Signalling,Actual,,,,,48640.28,,,
Trend,2020-10-01,IT,Italy,P04,IP Transit,Actual,,,,,873697.63,,,
Trend,2020-10-01,IT,Italy,P05,Ethernet & Capacity Services,Actual,,,,,5259015.16,,,
Trend,2020-10-01,IT,Italy,P06,Cloud Connect,Actual,,,,,1039143.69,,,
Trend,2020-10-01,IT,Italy,P07,Voice Firewall & Anti-Fraud,Actual,,,,,189471.94,,,
Trend,2020-10-01,NL,Netherlands,P01,International Voice Termination,Actual,,,,,5596628.19,,,
Trend,2020-10-01,NL,Netherlands,P02,A2P Messaging,Actual,,,,,3597459.45,,,
Trend,2020-10-01,NL,Netherlands,P03,IPX Roaming & Signalling,Actual,,,,,829945.14,,,
Trend,2020-10-01,NL,Netherlands,P04,IP Transit,Actual,,,,,1091459.28,,,
Trend,2020-10-01,NL,Netherlands,P05,Ethernet & Capacity Services,Actual,,,,,2157417.14,,,
Trend,2020-10-01,NL,Netherlands,P06,Cloud Connect,Actual,,,,,51284.12,,,
Trend,2020-10-01,NL,Netherlands,P07,Voice Firewall & Anti-Fraud,Actual,,,,,861114.31,,,
Trend,2020-10-01,PL,Poland,P01,International Voice Termination,Actual,,,,,4688258.16,,,
Trend,2020-10-01,PL,Poland,P02,A2P Messaging,Actual,,,,,213173.48,,,
Trend,2020-10-01,PL,Poland,P03,IPX Roaming & Signalling,Actual,,,,,515410.44,,,
Trend,2020-10-01,PL,Poland,P04,IP Transit,Actual,,,,,725649.78,,,
Trend,2020-10-01,PL,Poland,P05,Ethernet & Capacity Services,Actual,,,,,2563147.15,,,
Trend,2020-10-01,PL,Poland,P06,Cloud Connect,Actual,,,,,33397.1,,,
Trend,2020-10-01,PL,Poland,P07,Voice Firewall & Anti-Fraud,Actual,,,,,252152.87,,,
Trend,2020-10-01,RO,Romania,P01,International Voice Termination,Actual,,,,,349398.22,,,
Trend,2020-10-01,RO,Romania,P03,IPX Roaming & Signalling,Actual,,,,,86616.32,,,
Trend,2020-10-01,RO,Romania,P05,Ethernet & Capacity Services,Actual,,,,,667600.4,,,
Trend,2020-10-01,RO,Romania,P07,Voice Firewall & Anti-Fraud,Actual,,,,,90293.38,,,
Trend,2020-10-01,SK,Slovakia,P01,International Voice Termination,Actual,,,,,544635.02,,,
Trend,2020-10-01,SK,Slovakia,P02,A2P Messaging,Actual,,,,,1225690.95,,,
Trend,2020-10-01,SK,Slovakia,P03,IPX Roaming & Signalling,Actual,,,,,156347.05,,,
Trend,2020-10-01,SK,Slovakia,P05,Ethernet & Capacity Services,Actual,,,,,658374.45,,,
Trend,2020-10-01,SK,Slovakia,P07,Voice Firewall & Anti-Fraud,Actual,,,,,77228.27,,,
Trend,2020-11-01,AT,Austria,P01,International Voice Termination,Actual,,,,,1638730.06,,,
Trend,2020-11-01,AT,Austria,P02,A2P Messaging,Actual,,,,,3192207.19,,,
Trend,2020-11-01,AT,Austria,P03,IPX Roaming & Signalling,Actual,,,,,168255.68,,,
Trend,2020-11-01,AT,Austria,P04,IP Transit,Actual,,,,,468516.4,,,
Trend,2020-11-01,AT,Austria,P05,Ethernet & Capacity Services,Actual,,,,,1453122.93,,,
Trend,2020-11-01,AT,Austria,P06,Cloud Connect,Actual,,,,,145905.58,,,
Trend,2020-11-01,AT,Austria,P07,Voice Firewall & Anti-Fraud,Actual,,,,,311194.65,,,
Trend,2020-11-01,CZ,Czechia,P03,IPX Roaming & Signalling,Actual,,,,,13713.82,,,
Trend,2020-11-01,CZ,Czechia,P04,IP Transit,Actual,,,,,111656.84,,,
Trend,2020-11-01,CZ,Czechia,P05,Ethernet & Capacity Services,Actual,,,,,1326381.94,,,
Trend,2020-11-01,CZ,Czechia,P06,Cloud Connect,Actual,,,,,77295.96,,,
Trend,2020-11-01,CZ,Czechia,P07,Voice Firewall & Anti-Fraud,Actual,,,,,20957.1,,,
Trend,2020-11-01,DE,Germany,P01,International Voice Termination,Actual,,,,,8316361.31,,,
Trend,2020-11-01,DE,Germany,P02,A2P Messaging,Actual,,,,,2641726.78,,,
Trend,2020-11-01,DE,Germany,P03,IPX Roaming & Signalling,Actual,,,,,758173.25,,,
Trend,2020-11-01,DE,Germany,P04,IP Transit,Actual,,,,,3878835.28,,,
Trend,2020-11-01,DE,Germany,P05,Ethernet & Capacity Services,Actual,,,,,6781506.38,,,
Trend,2020-11-01,DE,Germany,P06,Cloud Connect,Actual,,,,,2531800.47,,,
Trend,2020-11-01,DE,Germany,P07,Voice Firewall & Anti-Fraud,Actual,,,,,692585.45,,,
Trend,2020-11-01,ES,Spain,P01,International Voice Termination,Actual,,,,,3057712.9,,,
Trend,2020-11-01,ES,Spain,P02,A2P Messaging,Actual,,,,,6881618.31,,,
Trend,2020-11-01,ES,Spain,P03,IPX Roaming & Signalling,Actual,,,,,452724.82,,,
Trend,2020-11-01,ES,Spain,P04,IP Transit,Actual,,,,,1944968.36,,,
Trend,2020-11-01,ES,Spain,P05,Ethernet & Capacity Services,Actual,,,,,5324266.19,,,
Trend,2020-11-01,ES,Spain,P06,Cloud Connect,Actual,,,,,930811.04,,,
Trend,2020-11-01,ES,Spain,P07,Voice Firewall & Anti-Fraud,Actual,,,,,1009009.87,,,
Trend,2020-11-01,FR,France,P01,International Voice Termination,Actual,,,,,4160009.89,,,
Trend,2020-11-01,FR,France,P02,A2P Messaging,Actual,,,,,7620804.88,,,
Trend,2020-11-01,FR,France,P03,IPX Roaming & Signalling,Actual,,,,,1390220.12,,,
Trend,2020-11-01,FR,France,P04,IP Transit,Actual,,,,,903183.77,,,
Trend,2020-11-01,FR,France,P05,Ethernet & Capacity Services,Actual,,,,,3095202.61,,,
Trend,2020-11-01,FR,France,P06,Cloud Connect,Actual,,,,,1066449.55,,,
Trend,2020-11-01,FR,France,P07,Voice Firewall & Anti-Fraud,Actual,,,,,1878272.04,,,
Trend,2020-11-01,GR,Greece,P01,International Voice Termination,Actual,,,,,2182567.31,,,
Trend,2020-11-01,GR,Greece,P02,A2P Messaging,Actual,,,,,1371992.59,,,
Trend,2020-11-01,GR,Greece,P03,IPX Roaming & Signalling,Actual,,,,,188787.34,,,
Trend,2020-11-01,GR,Greece,P04,IP Transit,Actual,,,,,295756.62,,,
Trend,2020-11-01,GR,Greece,P05,Ethernet & Capacity Services,Actual,,,,,1040983.16,,,
Trend,2020-11-01,GR,Greece,P07,Voice Firewall & Anti-Fraud,Actual,,,,,367131.97,,,
Trend,2020-11-01,HR,Croatia,P05,Ethernet & Capacity Services,Actual,,,,,155598.42,,,
Trend,2020-11-01,HR,Croatia,P06,Cloud Connect,Actual,,,,,48057.55,,,
Trend,2020-11-01,HU,Hungary,P01,International Voice Termination,Actual,,,,,3406162.84,,,
Trend,2020-11-01,HU,Hungary,P02,A2P Messaging,Actual,,,,,963780.45,,,
Trend,2020-11-01,HU,Hungary,P03,IPX Roaming & Signalling,Actual,,,,,224243.82,,,
Trend,2020-11-01,HU,Hungary,P04,IP Transit,Actual,,,,,49237.19,,,
Trend,2020-11-01,HU,Hungary,P05,Ethernet & Capacity Services,Actual,,,,,850191.73,,,
Trend,2020-11-01,HU,Hungary,P06,Cloud Connect,Actual,,,,,33981.75,,,
Trend,2020-11-01,HU,Hungary,P07,Voice Firewall & Anti-Fraud,Actual,,,,,354894.36,,,
Trend,2020-11-01,IT,Italy,P01,International Voice Termination,Actual,,,,,387068.5,,,
Trend,2020-11-01,IT,Italy,P02,A2P Messaging,Actual,,,,,361675.9,,,
Trend,2020-11-01,IT,Italy,P03,IPX Roaming & Signalling,Actual,,,,,33692.29,,,
Trend,2020-11-01,IT,Italy,P04,IP Transit,Actual,,,,,881905.28,,,
Trend,2020-11-01,IT,Italy,P05,Ethernet & Capacity Services,Actual,,,,,5256916.42,,,
Trend,2020-11-01,IT,Italy,P06,Cloud Connect,Actual,,,,,1043284.53,,,
Trend,2020-11-01,IT,Italy,P07,Voice Firewall & Anti-Fraud,Actual,,,,,190222.53,,,
Trend,2020-11-01,NL,Netherlands,P01,International Voice Termination,Actual,,,,,5507586.62,,,
Trend,2020-11-01,NL,Netherlands,P02,A2P Messaging,Actual,,,,,4233152.6,,,
Trend,2020-11-01,NL,Netherlands,P03,IPX Roaming & Signalling,Actual,,,,,663484.83,,,
Trend,2020-11-01,NL,Netherlands,P04,IP Transit,Actual,,,,,1075162.39,,,
Trend,2020-11-01,NL,Netherlands,P05,Ethernet & Capacity Services,Actual,,,,,2143843.41,,,
Trend,2020-11-01,NL,Netherlands,P06,Cloud Connect,Actual,,,,,59923.32,,,
Trend,2020-11-01,NL,Netherlands,P07,Voice Firewall & Anti-Fraud,Actual,,,,,882062.95,,,
Trend,2020-11-01,PL,Poland,P01,International Voice Termination,Actual,,,,,4658724.79,,,
Trend,2020-11-01,PL,Poland,P02,A2P Messaging,Actual,,,,,246081.24,,,
Trend,2020-11-01,PL,Poland,P03,IPX Roaming & Signalling,Actual,,,,,429084.47,,,
Trend,2020-11-01,PL,Poland,P04,IP Transit,Actual,,,,,829469.15,,,
Trend,2020-11-01,PL,Poland,P05,Ethernet & Capacity Services,Actual,,,,,2748093.93,,,
Trend,2020-11-01,PL,Poland,P06,Cloud Connect,Actual,,,,,36057.49,,,
Trend,2020-11-01,PL,Poland,P07,Voice Firewall & Anti-Fraud,Actual,,,,,248193.28,,,
Trend,2020-11-01,RO,Romania,P01,International Voice Termination,Actual,,,,,362872.51,,,
Trend,2020-11-01,RO,Romania,P03,IPX Roaming & Signalling,Actual,,,,,70133.44,,,
Trend,2020-11-01,RO,Romania,P05,Ethernet & Capacity Services,Actual,,,,,642561.53,,,
Trend,2020-11-01,RO,Romania,P07,Voice Firewall & Anti-Fraud,Actual,,,,,91473.35,,,
Trend,2020-11-01,SK,Slovakia,P01,International Voice Termination,Actual,,,,,503373.29,,,
Trend,2020-11-01,SK,Slovakia,P02,A2P Messaging,Actual,,,,,1406848.55,,,
Trend,2020-11-01,SK,Slovakia,P03,IPX Roaming & Signalling,Actual,,,,,129910.57,,,
Trend,2020-11-01,SK,Slovakia,P05,Ethernet & Capacity Services,Actual,,,,,704404.01,,,
Trend,2020-11-01,SK,Slovakia,P07,Voice Firewall & Anti-Fraud,Actual,,,,,69638.69,,,
Trend,2020-12-01,AT,Austria,P01,International Voice Termination,Actual,,,,,1719286.88,,,
Trend,2020-12-01,AT,Austria,P02,A2P Messaging,Actual,,,,,3074662.56,,,
Trend,2020-12-01,AT,Austria,P03,IPX Roaming & Signalling,Actual,,,,,189413.0,,,
Trend,2020-12-01,AT,Austria,P04,IP Transit,Actual,,,,,499823.94,,,
Trend,2020-12-01,AT,Austria,P05,Ethernet & Capacity Services,Actual,,,,,1524117.04,,,
Trend,2020-12-01,AT,Austria,P06,Cloud Connect,Actual,,,,,125712.92,,,
Trend,2020-12-01,AT,Austria,P07,Voice Firewall & Anti-Fraud,Actual,,,,,333934.4,,,
Trend,2020-12-01,CZ,Czechia,P03,IPX Roaming & Signalling,Actual,,,,,12825.61,,,
Trend,2020-12-01,CZ,Czechia,P04,IP Transit,Actual,,,,,109064.06,,,
Trend,2020-12-01,CZ,Czechia,P05,Ethernet & Capacity Services,Actual,,,,,1315602.33,,,
Trend,2020-12-01,CZ,Czechia,P06,Cloud Connect,Actual,,,,,77235.99,,,
Trend,2020-12-01,CZ,Czechia,P07,Voice Firewall & Anti-Fraud,Actual,,,,,20195.02,,,
Trend,2020-12-01,DE,Germany,P01,International Voice Termination,Actual,,,,,9036274.1,,,
Trend,2020-12-01,DE,Germany,P02,A2P Messaging,Actual,,,,,2584259.44,,,
Trend,2020-12-01,DE,Germany,P03,IPX Roaming & Signalling,Actual,,,,,779301.85,,,
Trend,2020-12-01,DE,Germany,P04,IP Transit,Actual,,,,,3474038.52,,,
Trend,2020-12-01,DE,Germany,P05,Ethernet & Capacity Services,Actual,,,,,6561942.48,,,
Trend,2020-12-01,DE,Germany,P06,Cloud Connect,Actual,,,,,2433671.47,,,
Trend,2020-12-01,DE,Germany,P07,Voice Firewall & Anti-Fraud,Actual,,,,,694050.95,,,
Trend,2020-12-01,ES,Spain,P01,International Voice Termination,Actual,,,,,3208129.28,,,
Trend,2020-12-01,ES,Spain,P02,A2P Messaging,Actual,,,,,6824144.2,,,
Trend,2020-12-01,ES,Spain,P03,IPX Roaming & Signalling,Actual,,,,,448950.52,,,
Trend,2020-12-01,ES,Spain,P04,IP Transit,Actual,,,,,1916120.83,,,
Trend,2020-12-01,ES,Spain,P05,Ethernet & Capacity Services,Actual,,,,,5180063.93,,,
Trend,2020-12-01,ES,Spain,P06,Cloud Connect,Actual,,,,,877810.17,,,
Trend,2020-12-01,ES,Spain,P07,Voice Firewall & Anti-Fraud,Actual,,,,,1024007.72,,,
Trend,2020-12-01,FR,France,P01,International Voice Termination,Actual,,,,,4369238.35,,,
Trend,2020-12-01,FR,France,P02,A2P Messaging,Actual,,,,,7262237.07,,,
Trend,2020-12-01,FR,France,P03,IPX Roaming & Signalling,Actual,,,,,1395532.21,,,
Trend,2020-12-01,FR,France,P04,IP Transit,Actual,,,,,933282.41,,,
Trend,2020-12-01,FR,France,P05,Ethernet & Capacity Services,Actual,,,,,3231847.1,,,
Trend,2020-12-01,FR,France,P06,Cloud Connect,Actual,,,,,997229.17,,,
Trend,2020-12-01,FR,France,P07,Voice Firewall & Anti-Fraud,Actual,,,,,1879013.29,,,
Trend,2020-12-01,GR,Greece,P01,International Voice Termination,Actual,,,,,2287089.9,,,
Trend,2020-12-01,GR,Greece,P02,A2P Messaging,Actual,,,,,1328147.65,,,
Trend,2020-12-01,GR,Greece,P03,IPX Roaming & Signalling,Actual,,,,,192751.08,,,
Trend,2020-12-01,GR,Greece,P04,IP Transit,Actual,,,,,304389.27,,,
Trend,2020-12-01,GR,Greece,P05,Ethernet & Capacity Services,Actual,,,,,1039140.74,,,
Trend,2020-12-01,GR,Greece,P07,Voice Firewall & Anti-Fraud,Actual,,,,,401660.95,,,
Trend,2020-12-01,HR,Croatia,P05,Ethernet & Capacity Services,Actual,,,,,147850.2,,,
Trend,2020-12-01,HR,Croatia,P06,Cloud Connect,Actual,,,,,48881.71,,,
Trend,2020-12-01,HU,Hungary,P01,International Voice Termination,Actual,,,,,3563400.08,,,
Trend,2020-12-01,HU,Hungary,P02,A2P Messaging,Actual,,,,,808361.24,,,
Trend,2020-12-01,HU,Hungary,P03,IPX Roaming & Signalling,Actual,,,,,222345.16,,,
Trend,2020-12-01,HU,Hungary,P04,IP Transit,Actual,,,,,48753.87,,,
Trend,2020-12-01,HU,Hungary,P05,Ethernet & Capacity Services,Actual,,,,,801886.08,,,
Trend,2020-12-01,HU,Hungary,P06,Cloud Connect,Actual,,,,,32659.76,,,
Trend,2020-12-01,HU,Hungary,P07,Voice Firewall & Anti-Fraud,Actual,,,,,370743.52,,,
Trend,2020-12-01,IT,Italy,P01,International Voice Termination,Actual,,,,,374049.91,,,
Trend,2020-12-01,IT,Italy,P02,A2P Messaging,Actual,,,,,353727.93,,,
Trend,2020-12-01,IT,Italy,P03,IPX Roaming & Signalling,Actual,,,,,33689.3,,,
Trend,2020-12-01,IT,Italy,P04,IP Transit,Actual,,,,,843061.94,,,
Trend,2020-12-01,IT,Italy,P05,Ethernet & Capacity Services,Actual,,,,,5198189.12,,,
Trend,2020-12-01,IT,Italy,P06,Cloud Connect,Actual,,,,,1033476.46,,,
Trend,2020-12-01,IT,Italy,P07,Voice Firewall & Anti-Fraud,Actual,,,,,205652.33,,,
Trend,2020-12-01,NL,Netherlands,P01,International Voice Termination,Actual,,,,,5810911.06,,,
Trend,2020-12-01,NL,Netherlands,P02,A2P Messaging,Actual,,,,,4250923.44,,,
Trend,2020-12-01,NL,Netherlands,P03,IPX Roaming & Signalling,Actual,,,,,663119.73,,,
Trend,2020-12-01,NL,Netherlands,P04,IP Transit,Actual,,,,,1000316.98,,,
Trend,2020-12-01,NL,Netherlands,P05,Ethernet & Capacity Services,Actual,,,,,1902092.17,,,
Trend,2020-12-01,NL,Netherlands,P06,Cloud Connect,Actual,,,,,51449.53,,,
Trend,2020-12-01,NL,Netherlands,P07,Voice Firewall & Anti-Fraud,Actual,,,,,918623.31,,,
Trend,2020-12-01,PL,Poland,P01,International Voice Termination,Actual,,,,,4745732.55,,,
Trend,2020-12-01,PL,Poland,P02,A2P Messaging,Actual,,,,,245240.32,,,
Trend,2020-12-01,PL,Poland,P03,IPX Roaming & Signalling,Actual,,,,,420652.09,,,
Trend,2020-12-01,PL,Poland,P04,IP Transit,Actual,,,,,785486.85,,,
Trend,2020-12-01,PL,Poland,P05,Ethernet & Capacity Services,Actual,,,,,2655408.27,,,
Trend,2020-12-01,PL,Poland,P06,Cloud Connect,Actual,,,,,32280.24,,,
Trend,2020-12-01,PL,Poland,P07,Voice Firewall & Anti-Fraud,Actual,,,,,274786.51,,,
Trend,2020-12-01,RO,Romania,P01,International Voice Termination,Actual,,,,,379552.5,,,
Trend,2020-12-01,RO,Romania,P03,IPX Roaming & Signalling,Actual,,,,,66592.98,,,
Trend,2020-12-01,RO,Romania,P05,Ethernet & Capacity Services,Actual,,,,,699690.42,,,
Trend,2020-12-01,RO,Romania,P07,Voice Firewall & Anti-Fraud,Actual,,,,,95384.44,,,
Trend,2020-12-01,SK,Slovakia,P01,International Voice Termination,Actual,,,,,602961.29,,,
Trend,2020-12-01,SK,Slovakia,P02,A2P Messaging,Actual,,,,,1464536.29,,,
Trend,2020-12-01,SK,Slovakia,P03,IPX Roaming & Signalling,Actual,,,,,129285.55,,,
Trend,2020-12-01,SK,Slovakia,P05,Ethernet & Capacity Services,Actual,,,,,701623.35,,,
Trend,2020-12-01,SK,Slovakia,P07,Voice Firewall & Anti-Fraud,Actual,,,,,64570.7,,,
Trend,2021-01-01,AT,Austria,P01,International Voice Termination,Actual,,,,,1513363.06,,,
Trend,2021-01-01,AT,Austria,P02,A2P Messaging,Actual,,,,,2178696.08,,,
Trend,2021-01-01,AT,Austria,P03,IPX Roaming & Signalling,Actual,,,,,137399.6,,,
Trend,2021-01-01,AT,Austria,P04,IP Transit,Actual,,,,,539208.12,,,
Trend,2021-01-01,AT,Austria,P05,Ethernet & Capacity Services,Actual,,,,,1535858.42,,,
Trend,2021-01-01,AT,Austria,P06,Cloud Connect,Actual,,,,,140630.75,,,
Trend,2021-01-01,AT,Austria,P07,Voice Firewall & Anti-Fraud,Actual,,,,,322160.8,,,
Trend,2021-01-01,CZ,Czechia,P03,IPX Roaming & Signalling,Actual,,,,,11376.16,,,
Trend,2021-01-01,CZ,Czechia,P04,IP Transit,Actual,,,,,123592.17,,,
Trend,2021-01-01,CZ,Czechia,P05,Ethernet & Capacity Services,Actual,,,,,1297295.11,,,
Trend,2021-01-01,CZ,Czechia,P06,Cloud Connect,Actual,,,,,70059.28,,,
Trend,2021-01-01,CZ,Czechia,P07,Voice Firewall & Anti-Fraud,Actual,,,,,19657.43,,,
Trend,2021-01-01,DE,Germany,P01,International Voice Termination,Actual,,,,,8023070.89,,,
Trend,2021-01-01,DE,Germany,P02,A2P Messaging,Actual,,,,,2152335.01,,,
Trend,2021-01-01,DE,Germany,P03,IPX Roaming & Signalling,Actual,,,,,623554.09,,,
Trend,2021-01-01,DE,Germany,P04,IP Transit,Actual,,,,,3888368.35,,,
Trend,2021-01-01,DE,Germany,P05,Ethernet & Capacity Services,Actual,,,,,6522134.77,,,
Trend,2021-01-01,DE,Germany,P06,Cloud Connect,Actual,,,,,2529177.91,,,
Trend,2021-01-01,DE,Germany,P07,Voice Firewall & Anti-Fraud,Actual,,,,,747274.71,,,
Trend,2021-01-01,ES,Spain,P01,International Voice Termination,Actual,,,,,2843822.4,,,
Trend,2021-01-01,ES,Spain,P02,A2P Messaging,Actual,,,,,4723969.59,,,
Trend,2021-01-01,ES,Spain,P03,IPX Roaming & Signalling,Actual,,,,,356006.57,,,
Trend,2021-01-01,ES,Spain,P04,IP Transit,Actual,,,,,1939601.58,,,
Trend,2021-01-01,ES,Spain,P05,Ethernet & Capacity Services,Actual,,,,,5282254.27,,,
Trend,2021-01-01,ES,Spain,P06,Cloud Connect,Actual,,,,,889732.11,,,
Trend,2021-01-01,ES,Spain,P07,Voice Firewall & Anti-Fraud,Actual,,,,,1058595.07,,,
Trend,2021-01-01,FR,France,P01,International Voice Termination,Actual,,,,,3716860.69,,,
Trend,2021-01-01,FR,France,P02,A2P Messaging,Actual,,,,,5001463.25,,,
Trend,2021-01-01,FR,France,P03,IPX Roaming & Signalling,Actual,,,,,1085402.14,,,
Trend,2021-01-01,FR,France,P04,IP Transit,Actual,,,,,951066.45,,,
Trend,2021-01-01,FR,France,P05,Ethernet & Capacity Services,Actual,,,,,3133291.55,,,
Trend,2021-01-01,FR,France,P06,Cloud Connect,Actual,,,,,1008126.34,,,
Trend,2021-01-01,FR,France,P07,Voice Firewall & Anti-Fraud,Actual,,,,,1889887.44,,,
Trend,2021-01-01,GR,Greece,P01,International Voice Termination,Actual,,,,,2061812.25,,,
Trend,2021-01-01,GR,Greece,P02,A2P Messaging,Actual,,,,,947813.25,,,
Trend,2021-01-01,GR,Greece,P03,IPX Roaming & Signalling,Actual,,,,,156545.92,,,
Trend,2021-01-01,GR,Greece,P04,IP Transit,Actual,,,,,312537.76,,,
Trend,2021-01-01,GR,Greece,P05,Ethernet & Capacity Services,Actual,,,,,1017801.49,,,
Trend,2021-01-01,GR,Greece,P07,Voice Firewall & Anti-Fraud,Actual,,,,,387644.58,,,
Trend,2021-01-01,HR,Croatia,P05,Ethernet & Capacity Services,Actual,,,,,152577.42,,,
Trend,2021-01-01,HR,Croatia,P06,Cloud Connect,Actual,,,,,52146.4,,,
Trend,2021-01-01,HU,Hungary,P01,International Voice Termination,Actual,,,,,3119966.87,,,
Trend,2021-01-01,HU,Hungary,P02,A2P Messaging,Actual,,,,,655112.06,,,
Trend,2021-01-01,HU,Hungary,P03,IPX Roaming & Signalling,Actual,,,,,178809.59,,,
Trend,2021-01-01,HU,Hungary,P04,IP Transit,Actual,,,,,49862.27,,,
Trend,2021-01-01,HU,Hungary,P05,Ethernet & Capacity Services,Actual,,,,,794768.91,,,
Trend,2021-01-01,HU,Hungary,P06,Cloud Connect,Actual,,,,,31643.05,,,
Trend,2021-01-01,HU,Hungary,P07,Voice Firewall & Anti-Fraud,Actual,,,,,366743.85,,,
Trend,2021-01-01,IT,Italy,P01,International Voice Termination,Actual,,,,,350715.77,,,
Trend,2021-01-01,IT,Italy,P02,A2P Messaging,Actual,,,,,250473.03,,,
Trend,2021-01-01,IT,Italy,P03,IPX Roaming & Signalling,Actual,,,,,28275.6,,,
Trend,2021-01-01,IT,Italy,P04,IP Transit,Actual,,,,,879231.8,,,
Trend,2021-01-01,IT,Italy,P05,Ethernet & Capacity Services,Actual,,,,,5272071.86,,,
Trend,2021-01-01,IT,Italy,P06,Cloud Connect,Actual,,,,,1066988.24,,,
Trend,2021-01-01,IT,Italy,P07,Voice Firewall & Anti-Fraud,Actual,,,,,194888.23,,,
Trend,2021-01-01,NL,Netherlands,P01,International Voice Termination,Actual,,,,,5031630.82,,,
Trend,2021-01-01,NL,Netherlands,P02,A2P Messaging,Actual,,,,,3271128.57,,,
Trend,2021-01-01,NL,Netherlands,P03,IPX Roaming & Signalling,Actual,,,,,527761.06,,,
Trend,2021-01-01,NL,Netherlands,P04,IP Transit,Actual,,,,,1002332.27,,,
Trend,2021-01-01,NL,Netherlands,P05,Ethernet & Capacity Services,Actual,,,,,2183514.59,,,
Trend,2021-01-01,NL,Netherlands,P06,Cloud Connect,Actual,,,,,54541.55,,,
Trend,2021-01-01,NL,Netherlands,P07,Voice Firewall & Anti-Fraud,Actual,,,,,959962.38,,,
Trend,2021-01-01,PL,Poland,P01,International Voice Termination,Actual,,,,,4222930.72,,,
Trend,2021-01-01,PL,Poland,P02,A2P Messaging,Actual,,,,,173296.94,,,
Trend,2021-01-01,PL,Poland,P03,IPX Roaming & Signalling,Actual,,,,,356180.84,,,
Trend,2021-01-01,PL,Poland,P04,IP Transit,Actual,,,,,825174.1,,,
Trend,2021-01-01,PL,Poland,P05,Ethernet & Capacity Services,Actual,,,,,2725741.34,,,
Trend,2021-01-01,PL,Poland,P06,Cloud Connect,Actual,,,,,34963.37,,,
Trend,2021-01-01,PL,Poland,P07,Voice Firewall & Anti-Fraud,Actual,,,,,273018.69,,,
Trend,2021-01-01,RO,Romania,P01,International Voice Termination,Actual,,,,,320478.7,,,
Trend,2021-01-01,RO,Romania,P03,IPX Roaming & Signalling,Actual,,,,,59398.31,,,
Trend,2021-01-01,RO,Romania,P05,Ethernet & Capacity Services,Actual,,,,,671191.74,,,
Trend,2021-01-01,RO,Romania,P07,Voice Firewall & Anti-Fraud,Actual,,,,,93132.04,,,
Trend,2021-01-01,SK,Slovakia,P01,International Voice Termination,Actual,,,,,488252.37,,,
Trend,2021-01-01,SK,Slovakia,P02,A2P Messaging,Actual,,,,,953357.65,,,
Trend,2021-01-01,SK,Slovakia,P03,IPX Roaming & Signalling,Actual,,,,,108212.19,,,
Trend,2021-01-01,SK,Slovakia,P05,Ethernet & Capacity Services,Actual,,,,,697220.27,,,
Trend,2021-01-01,SK,Slovakia,P07,Voice Firewall & Anti-Fraud,Actual,,,,,72252.56,,,
Trend,2021-02-01,AT,Austria,P01,International Voice Termination,Actual,,,,,1342107.98,,,
Trend,2021-02-01,AT,Austria,P02,A2P Messaging,Actual,,,,,2357479.53,,,
Trend,2021-02-01,AT,Austria,P03,IPX Roaming & Signalling,Actual,,,,,126907.25,,,
Trend,2021-02-01,AT,Austria,P04,IP Transit,Actual,,,,,501481.4,,,
Trend,2021-02-01,AT,Austria,P05,Ethernet & Capacity Services,Actual,,,,,1446798.14,,,
Trend,2021-02-01,AT,Austria,P06,Cloud Connect,Actual,,,,,147161.98,,,
Trend,2021-02-01,AT,Austria,P07,Voice Firewall & Anti-Fraud,Actual,,,,,339499.62,,,
Trend,2021-02-01,CZ,Czechia,P03,IPX Roaming & Signalling,Actual,,,,,11408.44,,,
Trend,2021-02-01,CZ,Czechia,P04,IP Transit,Actual,,,,,113470.25,,,
Trend,2021-02-01,CZ,Czechia,P05,Ethernet & Capacity Services,Actual,,,,,1304109.01,,,
Trend,2021-02-01,CZ,Czechia,P06,Cloud Connect,Actual,,,,,72920.02,,,
Trend,2021-02-01,CZ,Czechia,P07,Voice Firewall & Anti-Fraud,Actual,,,,,21429.4,,,
Trend,2021-02-01,DE,Germany,P01,International Voice Termination,Actual,,,,,7358767.18,,,
Trend,2021-02-01,DE,Germany,P02,A2P Messaging,Actual,,,,,2208125.27,,,
Trend,2021-02-01,DE,Germany,P03,IPX Roaming & Signalling,Actual,,,,,552235.77,,,
Trend,2021-02-01,DE,Germany,P04,IP Transit,Actual,,,,,3553624.49,,,
Trend,2021-02-01,DE,Germany,P05,Ethernet & Capacity Services,Actual,,,,,6498503.26,,,
Trend,2021-02-01,DE,Germany,P06,Cloud Connect,Actual,,,,,2465468.38,,,
Trend,2021-02-01,DE,Germany,P07,Voice Firewall & Anti-Fraud,Actual,,,,,758373.54,,,
Trend,2021-02-01,ES,Spain,P01,International Voice Termination,Actual,,,,,2556733.2,,,
Trend,2021-02-01,ES,Spain,P02,A2P Messaging,Actual,,,,,4986237.35,,,
Trend,2021-02-01,ES,Spain,P03,IPX Roaming & Signalling,Actual,,,,,331573.21,,,
Trend,2021-02-01,ES,Spain,P04,IP Transit,Actual,,,,,1889375.66,,,
Trend,2021-02-01,ES,Spain,P05,Ethernet & Capacity Services,Actual,,,,,5272211.37,,,
Trend,2021-02-01,ES,Spain,P06,Cloud Connect,Actual,,,,,936424.64,,,
Trend,2021-02-01,ES,Spain,P07,Voice Firewall & Anti-Fraud,Actual,,,,,1088435.08,,,
Trend,2021-02-01,FR,France,P01,International Voice Termination,Actual,,,,,3693925.58,,,
Trend,2021-02-01,FR,France,P02,A2P Messaging,Actual,,,,,5147756.93,,,
Trend,2021-02-01,FR,France,P03,IPX Roaming & Signalling,Actual,,,,,998269.28,,,
Trend,2021-02-01,FR,France,P04,IP Transit,Actual,,,,,957061.08,,,
Trend,2021-02-01,FR,France,P05,Ethernet & Capacity Services,Actual,,,,,3229645.62,,,
Trend,2021-02-01,FR,France,P06,Cloud Connect,Actual,,,,,1050369.43,,,
Trend,2021-02-01,FR,France,P07,Voice Firewall & Anti-Fraud,Actual,,,,,1995994.06,,,
Trend,2021-02-01,GR,Greece,P01,International Voice Termination,Actual,,,,,1854163.71,,,
Trend,2021-02-01,GR,Greece,P02,A2P Messaging,Actual,,,,,1044912.46,,,
Trend,2021-02-01,GR,Greece,P03,IPX Roaming & Signalling,Actual,,,,,144235.04,,,
Trend,2021-02-01,GR,Greece,P04,IP Transit,Actual,,,,,299213.31,,,
Trend,2021-02-01,GR,Greece,P05,Ethernet & Capacity Services,Actual,,,,,1010892.05,,,
Trend,2021-02-01,GR,Greece,P07,Voice Firewall & Anti-Fraud,Actual,,,,,413972.22,,,
Trend,2021-02-01,HR,Croatia,P05,Ethernet & Capacity Services,Actual,,,,,159353.06,,,
Trend,2021-02-01,HR,Croatia,P06,Cloud Connect,Actual,,,,,50948.06,,,
Trend,2021-02-01,HU,Hungary,P01,International Voice Termination,Actual,,,,,2895568.66,,,
Trend,2021-02-01,HU,Hungary,P02,A2P Messaging,Actual,,,,,640402.39,,,
Trend,2021-02-01,HU,Hungary,P03,IPX Roaming & Signalling,Actual,,,,,157168.53,,,
Trend,2021-02-01,HU,Hungary,P04,IP Transit,Actual,,,,,48766.66,,,
Trend,2021-02-01,HU,Hungary,P05,Ethernet & Capacity Services,Actual,,,,,831464.32,,,
Trend,2021-02-01,HU,Hungary,P06,Cloud Connect,Actual,,,,,34467.1,,,
Trend,2021-02-01,HU,Hungary,P07,Voice Firewall & Anti-Fraud,Actual,,,,,377932.29,,,
Trend,2021-02-01,IT,Italy,P01,International Voice Termination,Actual,,,,,299919.49,,,
Trend,2021-02-01,IT,Italy,P02,A2P Messaging,Actual,,,,,258492.02,,,
Trend,2021-02-01,IT,Italy,P03,IPX Roaming & Signalling,Actual,,,,,25599.42,,,
Trend,2021-02-01,IT,Italy,P04,IP Transit,Actual,,,,,863193.92,,,
Trend,2021-02-01,IT,Italy,P05,Ethernet & Capacity Services,Actual,,,,,5230633.16,,,
Trend,2021-02-01,IT,Italy,P06,Cloud Connect,Actual,,,,,1129488.43,,,
Trend,2021-02-01,IT,Italy,P07,Voice Firewall & Anti-Fraud,Actual,,,,,205089.42,,,
Trend,2021-02-01,NL,Netherlands,P01,International Voice Termination,Actual,,,,,4670339.89,,,
Trend,2021-02-01,NL,Netherlands,P02,A2P Messaging,Actual,,,,,3207924.78,,,
Trend,2021-02-01,NL,Netherlands,P03,IPX Roaming & Signalling,Actual,,,,,489121.69,,,
Trend,2021-02-01,NL,Netherlands,P04,IP Transit,Actual,,,,,993628.07,,,
Trend,2021-02-01,NL,Netherlands,P05,Ethernet & Capacity Services,Actual,,,,,1985449.62,,,
Trend,2021-02-01,NL,Netherlands,P06,Cloud Connect,Actual,,,,,54834.65,,,
Trend,2021-02-01,NL,Netherlands,P07,Voice Firewall & Anti-Fraud,Actual,,,,,962292.21,,,
Trend,2021-02-01,PL,Poland,P01,International Voice Termination,Actual,,,,,4114282.84,,,
Trend,2021-02-01,PL,Poland,P02,A2P Messaging,Actual,,,,,191873.99,,,
Trend,2021-02-01,PL,Poland,P03,IPX Roaming & Signalling,Actual,,,,,312923.14,,,
Trend,2021-02-01,PL,Poland,P04,IP Transit,Actual,,,,,835278.94,,,
Trend,2021-02-01,PL,Poland,P05,Ethernet & Capacity Services,Actual,,,,,2605478.41,,,
Trend,2021-02-01,PL,Poland,P06,Cloud Connect,Actual,,,,,38132.81,,,
Trend,2021-02-01,PL,Poland,P07,Voice Firewall & Anti-Fraud,Actual,,,,,282071.13,,,
Trend,2021-02-01,RO,Romania,P01,International Voice Termination,Actual,,,,,333885.99,,,
Trend,2021-02-01,RO,Romania,P03,IPX Roaming & Signalling,Actual,,,,,51978.33,,,
Trend,2021-02-01,RO,Romania,P05,Ethernet & Capacity Services,Actual,,,,,658902.62,,,
Trend,2021-02-01,RO,Romania,P07,Voice Firewall & Anti-Fraud,Actual,,,,,94267.58,,,
Trend,2021-02-01,SK,Slovakia,P01,International Voice Termination,Actual,,,,,482495.75,,,
Trend,2021-02-01,SK,Slovakia,P02,A2P Messaging,Actual,,,,,1111175.47,,,
Trend,2021-02-01,SK,Slovakia,P03,IPX Roaming & Signalling,Actual,,,,,107253.25,,,
Trend,2021-02-01,SK,Slovakia,P05,Ethernet & Capacity Services,Actual,,,,,682365.35,,,
Trend,2021-02-01,SK,Slovakia,P07,Voice Firewall & Anti-Fraud,Actual,,,,,74008.24,,,
Trend,2021-03-01,AT,Austria,P01,International Voice Termination,Actual,,,,,1540319.34,,,
Trend,2021-03-01,AT,Austria,P02,A2P Messaging,Actual,,,,,2420274.14,,,
Trend,2021-03-01,AT,Austria,P03,IPX Roaming & Signalling,Actual,,,,,187368.38,,,
Trend,2021-03-01,AT,Austria,P04,IP Transit,Actual,,,,,496299.07,,,
Trend,2021-03-01,AT,Austria,P05,Ethernet & Capacity Services,Actual,,,,,1486865.14,,,
Trend,2021-03-01,AT,Austria,P06,Cloud Connect,Actual,,,,,145353.04,,,
Trend,2021-03-01,AT,Austria,P07,Voice Firewall & Anti-Fraud,Actual,,,,,350791.56,,,
Trend,2021-03-01,CZ,Czechia,P03,IPX Roaming & Signalling,Actual,,,,,14314.53,,,
Trend,2021-03-01,CZ,Czechia,P04,IP Transit,Actual,,,,,115388.13,,,
Trend,2021-03-01,CZ,Czechia,P05,Ethernet & Capacity Services,Actual,,,,,1297928.02,,,
Trend,2021-03-01,CZ,Czechia,P06,Cloud Connect,Actual,,,,,78015.76,,,
Trend,2021-03-01,CZ,Czechia,P07,Voice Firewall & Anti-Fraud,Actual,,,,,21318.15,,,
Trend,2021-03-01,DE,Germany,P01,International Voice Termination,Actual,,,,,7728088.69,,,
Trend,2021-03-01,DE,Germany,P02,A2P Messaging,Actual,,,,,2556194.18,,,
Trend,2021-03-01,DE,Germany,P03,IPX Roaming & Signalling,Actual,,,,,771589.06,,,
Trend,2021-03-01,DE,Germany,P04,IP Transit,Actual,,,,,3637254.86,,,
Trend,2021-03-01,DE,Germany,P05,Ethernet & Capacity Services,Actual,,,,,6680776.98,,,
Trend,2021-03-01,DE,Germany,P06,Cloud Connect,Actual,,,,,2497013.98,,,
Trend,2021-03-01,DE,Germany,P07,Voice Firewall & Anti-Fraud,Actual,,,,,793701.97,,,
Trend,2021-03-01,ES,Spain,P01,International Voice Termination,Actual,,,,,2901413.76,,,
Trend,2021-03-01,ES,Spain,P02,A2P Messaging,Actual,,,,,5688746.59,,,
Trend,2021-03-01,ES,Spain,P03,IPX Roaming & Signalling,Actual,,,,,448653.06,,,
Trend,2021-03-01,ES,Spain,P04,IP Transit,Actual,,,,,1950546.18,,,
Trend,2021-03-01,ES,Spain,P05,Ethernet & Capacity Services,Actual,,,,,5476537.88,,,
Trend,2021-03-01,ES,Spain,P06,Cloud Connect,Actual,,,,,965735.21,,,
Trend,2021-03-01,ES,Spain,P07,Voice Firewall & Anti-Fraud,Actual,,,,,1075090.09,,,
Trend,2021-03-01,FR,France,P01,International Voice Termination,Actual,,,,,3990859.21,,,
Trend,2021-03-01,FR,France,P02,A2P Messaging,Actual,,,,,5764887.11,,,
Trend,2021-03-01,FR,France,P03,IPX Roaming & Signalling,Actual,,,,,1407091.76,,,
Trend,2021-03-01,FR,France,P04,IP Transit,Actual,,,,,925938.88,,,
Trend,2021-03-01,FR,France,P05,Ethernet & Capacity Services,Actual,,,,,3144919.32,,,
Trend,2021-03-01,FR,France,P06,Cloud Connect,Actual,,,,,1041680.73,,,
Trend,2021-03-01,FR,France,P07,Voice Firewall & Anti-Fraud,Actual,,,,,1976716.23,,,
Trend,2021-03-01,GR,Greece,P01,International Voice Termination,Actual,,,,,1950089.63,,,
Trend,2021-03-01,GR,Greece,P02,A2P Messaging,Actual,,,,,1065679.66,,,
Trend,2021-03-01,GR,Greece,P03,IPX Roaming & Signalling,Actual,,,,,191107.15,,,
Trend,2021-03-01,GR,Greece,P04,IP Transit,Actual,,,,,333197.11,,,
Trend,2021-03-01,GR,Greece,P05,Ethernet & Capacity Services,Actual,,,,,1078857.36,,,
Trend,2021-03-01,GR,Greece,P07,Voice Firewall & Anti-Fraud,Actual,,,,,419750.72,,,
Trend,2021-03-01,HR,Croatia,P05,Ethernet & Capacity Services,Actual,,,,,150380.14,,,
Trend,2021-03-01,HR,Croatia,P06,Cloud Connect,Actual,,,,,52640.3,,,
Trend,2021-03-01,HU,Hungary,P01,International Voice Termination,Actual,,,,,2993176.57,,,
Trend,2021-03-01,HU,Hungary,P02,A2P Messaging,Actual,,,,,690696.88,,,
Trend,2021-03-01,HU,Hungary,P03,IPX Roaming & Signalling,Actual,,,,,223629.53,,,
Trend,2021-03-01,HU,Hungary,P04,IP Transit,Actual,,,,,50962.46,,,
Trend,2021-03-01,HU,Hungary,P05,Ethernet & Capacity Services,Actual,,,,,854084.52,,,
Trend,2021-03-01,HU,Hungary,P06,Cloud Connect,Actual,,,,,35279.86,,,
Trend,2021-03-01,HU,Hungary,P07,Voice Firewall & Anti-Fraud,Actual,,,,,376331.38,,,
Trend,2021-03-01,IT,Italy,P01,International Voice Termination,Actual,,,,,332593.15,,,
Trend,2021-03-01,IT,Italy,P02,A2P Messaging,Actual,,,,,267251.05,,,
Trend,2021-03-01,IT,Italy,P03,IPX Roaming & Signalling,Actual,,,,,37114.62,,,
Trend,2021-03-01,IT,Italy,P04,IP Transit,Actual,,,,,887479.08,,,
Trend,2021-03-01,IT,Italy,P05,Ethernet & Capacity Services,Actual,,,,,5383696.75,,,
Trend,2021-03-01,IT,Italy,P06,Cloud Connect,Actual,,,,,1253761.55,,,
Trend,2021-03-01,IT,Italy,P07,Voice Firewall & Anti-Fraud,Actual,,,,,201703.74,,,
Trend,2021-03-01,NL,Netherlands,P01,International Voice Termination,Actual,,,,,4852206.4,,,
Trend,2021-03-01,NL,Netherlands,P02,A2P Messaging,Actual,,,,,3757520.45,,,
Trend,2021-03-01,NL,Netherlands,P03,IPX Roaming & Signalling,Actual,,,,,683977.84,,,
Trend,2021-03-01,NL,Netherlands,P04,IP Transit,Actual,,,,,949028.68,,,
Trend,2021-03-01,NL,Netherlands,P05,Ethernet & Capacity Services,Actual,,,,,2235075.8,,,
Trend,2021-03-01,NL,Netherlands,P06,Cloud Connect,Actual,,,,,55488.38,,,
Trend,2021-03-01,NL,Netherlands,P07,Voice Firewall & Anti-Fraud,Actual,,,,,917584.86,,,
Trend,2021-03-01,PL,Poland,P01,International Voice Termination,Actual,,,,,3985746.34,,,
Trend,2021-03-01,PL,Poland,P02,A2P Messaging,Actual,,,,,213295.49,,,
Trend,2021-03-01,PL,Poland,P03,IPX Roaming & Signalling,Actual,,,,,445845.84,,,
Trend,2021-03-01,PL,Poland,P04,IP Transit,Actual,,,,,820892.3,,,
Trend,2021-03-01,PL,Poland,P05,Ethernet & Capacity Services,Actual,,,,,2680578.61,,,
Trend,2021-03-01,PL,Poland,P06,Cloud Connect,Actual,,,,,40024.88,,,
Trend,2021-03-01,PL,Poland,P07,Voice Firewall & Anti-Fraud,Actual,,,,,292886.71,,,
Trend,2021-03-01,RO,Romania,P01,International Voice Termination,Actual,,,,,366109.24,,,
Trend,2021-03-01,RO,Romania,P03,IPX Roaming & Signalling,Actual,,,,,70157.2,,,
Trend,2021-03-01,RO,Romania,P05,Ethernet & Capacity Services,Actual,,,,,729755.62,,,
Trend,2021-03-01,RO,Romania,P07,Voice Firewall & Anti-Fraud,Actual,,,,,98859.49,,,
Trend,2021-03-01,SK,Slovakia,P01,International Voice Termination,Actual,,,,,477297.32,,,
Trend,2021-03-01,SK,Slovakia,P02,A2P Messaging,Actual,,,,,1183277.03,,,
Trend,2021-03-01,SK,Slovakia,P03,IPX Roaming & Signalling,Actual,,,,,139391.31,,,
Trend,2021-03-01,SK,Slovakia,P05,Ethernet & Capacity Services,Actual,,,,,742555.91,,,
Trend,2021-03-01,SK,Slovakia,P07,Voice Firewall & Anti-Fraud,Actual,,,,,78659.81,,,
Trend,2021-04-01,AT,Austria,P01,International Voice Termination,Actual,,,,,1471800.16,,,
Trend,2021-04-01,AT,Austria,P02,A2P Messaging,Actual,,,,,2620209.24,,,
Trend,2021-04-01,AT,Austria,P03,IPX Roaming & Signalling,Actual,,,,,231150.11,,,
Trend,2021-04-01,AT,Austria,P04,IP Transit,Actual,,,,,554458.59,,,
Trend,2021-04-01,AT,Austria,P05,Ethernet & Capacity Services,Actual,,,,,1461589.58,,,
Trend,2021-04-01,AT,Austria,P06,Cloud Connect,Actual,,,,,156827.14,,,
Trend,2021-04-01,AT,Austria,P07,Voice Firewall & Anti-Fraud,Actual,,,,,368839.05,,,
Trend,2021-04-01,CZ,Czechia,P03,IPX Roaming & Signalling,Actual,,,,,19571.78,,,
Trend,2021-04-01,CZ,Czechia,P04,IP Transit,Actual,,,,,108349.66,,,
Trend,2021-04-01,CZ,Czechia,P05,Ethernet & Capacity Services,Actual,,,,,1441945.53,,,
Trend,2021-04-01,CZ,Czechia,P06,Cloud Connect,Actual,,,,,86852.03,,,
Trend,2021-04-01,CZ,Czechia,P07,Voice Firewall & Anti-Fraud,Actual,,,,,22351.18,,,
Trend,2021-04-01,DE,Germany,P01,International Voice Termination,Actual,,,,,7322896.3,,,
Trend,2021-04-01,DE,Germany,P02,A2P Messaging,Actual,,,,,2559189.26,,,
Trend,2021-04-01,DE,Germany,P03,IPX Roaming & Signalling,Actual,,,,,1101966.3,,,
Trend,2021-04-01,DE,Germany,P04,IP Transit,Actual,,,,,3656297.97,,,
Trend,2021-04-01,DE,Germany,P05,Ethernet & Capacity Services,Actual,,,,,6648056.84,,,
Trend,2021-04-01,DE,Germany,P06,Cloud Connect,Actual,,,,,2477086.1,,,
Trend,2021-04-01,DE,Germany,P07,Voice Firewall & Anti-Fraud,Actual,,,,,797937.49,,,
Trend,2021-04-01,ES,Spain,P01,International Voice Termination,Actual,,,,,2785626.64,,,
Trend,2021-04-01,ES,Spain,P02,A2P Messaging,Actual,,,,,5266746.97,,,
Trend,2021-04-01,ES,Spain,P03,IPX Roaming & Signalling,Actual,,,,,626241.86,,,
Trend,2021-04-01,ES,Spain,P04,IP Transit,Actual,,,,,1980657.91,,,
Trend,2021-04-01,ES,Spain,P05,Ethernet & Capacity Services,Actual,,,,,5397927.44,,,
Trend,2021-04-01,ES,Spain,P06,Cloud Connect,Actual,,,,,935570.53,,,
Trend,2021-04-01,ES,Spain,P07,Voice Firewall & Anti-Fraud,Actual,,,,,1090699.65,,,
Trend,2021-04-01,FR,France,P01,International Voice Termination,Actual,,,,,3793548.06,,,
Trend,2021-04-01,FR,France,P02,A2P Messaging,Actual,,,,,6060339.56,,,
Trend,2021-04-01,FR,France,P03,IPX Roaming & Signalling,Actual,,,,,1925284.06,,,
Trend,2021-04-01,FR,France,P04,IP Transit,Actual,,,,,962156.22,,,
Trend,2021-04-01,FR,France,P05,Ethernet & Capacity Services,Actual,,,,,3153140.13,,,
Trend,2021-04-01,FR,France,P06,Cloud Connect,Actual,,,,,1093802.79,,,
Trend,2021-04-01,FR,France,P07,Voice Firewall & Anti-Fraud,Actual,,,,,2073337.65,,,
Trend,2021-04-01,GR,Greece,P01,International Voice Termination,Actual,,,,,1927612.31,,,
Trend,2021-04-01,GR,Greece,P02,A2P Messaging,Actual,,,,,1118499.5,,,
Trend,2021-04-01,GR,Greece,P03,IPX Roaming & Signalling,Actual,,,,,283558.36,,,
Trend,2021-04-01,GR,Greece,P04,IP Transit,Actual,,,,,324267.13,,,
Trend,2021-04-01,GR,Greece,P05,Ethernet & Capacity Services,Actual,,,,,1059372.38,,,
Trend,2021-04-01,GR,Greece,P07,Voice Firewall & Anti-Fraud,Actual,,,,,397117.34,,,
Trend,2021-04-01,HR,Croatia,P05,Ethernet & Capacity Services,Actual,,,,,150601.19,,,
Trend,2021-04-01,HR,Croatia,P06,Cloud Connect,Actual,,,,,52332.43,,,
Trend,2021-04-01,HU,Hungary,P01,International Voice Termination,Actual,,,,,2986403.26,,,
Trend,2021-04-01,HU,Hungary,P02,A2P Messaging,Actual,,,,,668902.14,,,
Trend,2021-04-01,HU,Hungary,P03,IPX Roaming & Signalling,Actual,,,,,331071.3,,,
Trend,2021-04-01,HU,Hungary,P04,IP Transit,Actual,,,,,53091.24,,,
Trend,2021-04-01,HU,Hungary,P05,Ethernet & Capacity Services,Actual,,,,,839949.25,,,
Trend,2021-04-01,HU,Hungary,P06,Cloud Connect,Actual,,,,,37520.2,,,
Trend,2021-04-01,HU,Hungary,P07,Voice Firewall & Anti-Fraud,Actual,,,,,398862.61,,,
Trend,2021-04-01,IT,Italy,P01,International Voice Termination,Actual,,,,,347074.29,,,
Trend,2021-04-01,IT,Italy,P02,A2P Messaging,Actual,,,,,253287.69,,,
Trend,2021-04-01,IT,Italy,P03,IPX Roaming & Signalling,Actual,,,,,55412.05,,,
Trend,2021-04-01,IT,Italy,P04,IP Transit,Actual,,,,,865623.33,,,
Trend,2021-04-01,IT,Italy,P05,Ethernet & Capacity Services,Actual,,,,,5219327.92,,,
Trend,2021-04-01,IT,Italy,P06,Cloud Connect,Actual,,,,,1054608.53,,,
Trend,2021-04-01,IT,Italy,P07,Voice Firewall & Anti-Fraud,Actual,,,,,206884.33,,,
Trend,2021-04-01,NL,Netherlands,P01,International Voice Termination,Actual,,,,,4834203.16,,,
Trend,2021-04-01,NL,Netherlands,P02,A2P Messaging,Actual,,,,,3578834.21,,,
Trend,2021-04-01,NL,Netherlands,P03,IPX Roaming & Signalling,Actual,,,,,920916.54,,,
Trend,2021-04-01,NL,Netherlands,P04,IP Transit,Actual,,,,,1086348.17,,,
Trend,2021-04-01,NL,Netherlands,P05,Ethernet & Capacity Services,Actual,,,,,2035625.8,,,
Trend,2021-04-01,NL,Netherlands,P06,Cloud Connect,Actual,,,,,58518.29,,,
Trend,2021-04-01,NL,Netherlands,P07,Voice Firewall & Anti-Fraud,Actual,,,,,913251.81,,,
Trend,2021-04-01,PL,Poland,P01,International Voice Termination,Actual,,,,,3864491.18,,,
Trend,2021-04-01,PL,Poland,P02,A2P Messaging,Actual,,,,,221712.83,,,
Trend,2021-04-01,PL,Poland,P03,IPX Roaming & Signalling,Actual,,,,,599434.15,,,
Trend,2021-04-01,PL,Poland,P04,IP Transit,Actual,,,,,911798.11,,,
Trend,2021-04-01,PL,Poland,P05,Ethernet & Capacity Services,Actual,,,,,2722715.33,,,
Trend,2021-04-01,PL,Poland,P06,Cloud Connect,Actual,,,,,36928.9,,,
Trend,2021-04-01,PL,Poland,P07,Voice Firewall & Anti-Fraud,Actual,,,,,289792.83,,,
Trend,2021-04-01,RO,Romania,P01,International Voice Termination,Actual,,,,,338207.5,,,
Trend,2021-04-01,RO,Romania,P03,IPX Roaming & Signalling,Actual,,,,,94505.14,,,
Trend,2021-04-01,RO,Romania,P05,Ethernet & Capacity Services,Actual,,,,,677008.15,,,
Trend,2021-04-01,RO,Romania,P07,Voice Firewall & Anti-Fraud,Actual,,,,,107076.49,,,
Trend,2021-04-01,SK,Slovakia,P01,International Voice Termination,Actual,,,,,497500.38,,,
Trend,2021-04-01,SK,Slovakia,P02,A2P Messaging,Actual,,,,,1166382.13,,,
Trend,2021-04-01,SK,Slovakia,P03,IPX Roaming & Signalling,Actual,,,,,195085.5,,,
Trend,2021-04-01,SK,Slovakia,P05,Ethernet & Capacity Services,Actual,,,,,694524.58,,,
Trend,2021-04-01,SK,Slovakia,P07,Voice Firewall & Anti-Fraud,Actual,,,,,77229.34,,,
Trend,2021-05-01,AT,Austria,P01,International Voice Termination,Actual,,,,,1594339.45,,,
Trend,2021-05-01,AT,Austria,P02,A2P Messaging,Actual,,,,,2645724.13,,,
Trend,2021-05-01,AT,Austria,P03,IPX Roaming & Signalling,Actual,,,,,314651.73,,,
Trend,2021-05-01,AT,Austria,P04,IP Transit,Actual,,,,,544474.64,,,
Trend,2021-05-01,AT,Austria,P05,Ethernet & Capacity Services,Actual,,,,,1485595.62,,,
Trend,2021-05-01,AT,Austria,P06,Cloud Connect,Actual,,,,,149476.98,,,
Trend,2021-05-01,AT,Austria,P07,Voice Firewall & Anti-Fraud,Actual,,,,,372755.32,,,
Trend,2021-05-01,CZ,Czechia,P03,IPX Roaming & Signalling,Actual,,,,,26021.22,,,
Trend,2021-05-01,CZ,Czechia,P04,IP Transit,Actual,,,,,109722.52,,,
Trend,2021-05-01,CZ,Czechia,P05,Ethernet & Capacity Services,Actual,,,,,1276131.06,,,
Trend,2021-05-01,CZ,Czechia,P06,Cloud Connect,Actual,,,,,75216.94,,,
Trend,2021-05-01,CZ,Czechia,P07,Voice Firewall & Anti-Fraud,Actual,,,,,23316.53,,,
Trend,2021-05-01,DE,Germany,P01,International Voice Termination,Actual,,,,,7748861.48,,,
Trend,2021-05-01,DE,Germany,P02,A2P Messaging,Actual,,,,,2551348.6,,,
Trend,2021-05-01,DE,Germany,P03,IPX Roaming & Signalling,Actual,,,,,1450966.35,,,
Trend,2021-05-01,DE,Germany,P04,IP Transit,Actual,,,,,3647436.8,,,
Trend,2021-05-01,DE,Germany,P05,Ethernet & Capacity Services,Actual,,,,,6478449.68,,,
Trend,2021-05-01,DE,Germany,P06,Cloud Connect,Actual,,,,,2639451.04,,,
Trend,2021-05-01,DE,Germany,P07,Voice Firewall & Anti-Fraud,Actual,,,,,794861.76,,,
Trend,2021-05-01,ES,Spain,P01,International Voice Termination,Actual,,,,,2715393.29,,,
Trend,2021-05-01,ES,Spain,P02,A2P Messaging,Actual,,,,,5843466.01,,,
Trend,2021-05-01,ES,Spain,P03,IPX Roaming & Signalling,Actual,,,,,809519.23,,,
Trend,2021-05-01,ES,Spain,P04,IP Transit,Actual,,,,,1948177.04,,,
Trend,2021-05-01,ES,Spain,P05,Ethernet & Capacity Services,Actual,,,,,5392054.07,,,
Trend,2021-05-01,ES,Spain,P06,Cloud Connect,Actual,,,,,979280.28,,,
Trend,2021-05-01,ES,Spain,P07,Voice Firewall & Anti-Fraud,Actual,,,,,1069857.69,,,
Trend,2021-05-01,FR,France,P01,International Voice Termination,Actual,,,,,3788573.73,,,
Trend,2021-05-01,FR,France,P02,A2P Messaging,Actual,,,,,6103620.47,,,
Trend,2021-05-01,FR,France,P03,IPX Roaming & Signalling,Actual,,,,,2408472.74,,,
Trend,2021-05-01,FR,France,P04,IP Transit,Actual,,,,,941265.53,,,
Trend,2021-05-01,FR,France,P05,Ethernet & Capacity Services,Actual,,,,,3198668.57,,,
Trend,2021-05-01,FR,France,P06,Cloud Connect,Actual,,,,,1066662.35,,,
Trend,2021-05-01,FR,France,P07,Voice Firewall & Anti-Fraud,Actual,,,,,2092885.93,,,
Trend,2021-05-01,GR,Greece,P01,International Voice Termination,Actual,,,,,1847095.3,,,
Trend,2021-05-01,GR,Greece,P02,A2P Messaging,Actual,,,,,1175686.66,,,
Trend,2021-05-01,GR,Greece,P03,IPX Roaming & Signalling,Actual,,,,,356606.33,,,
Trend,2021-05-01,GR,Greece,P04,IP Transit,Actual,,,,,339772.97,,,
Trend,2021-05-01,GR,Greece,P05,Ethernet & Capacity Services,Actual,,,,,1034582.69,,,
Trend,2021-05-01,GR,Greece,P07,Voice Firewall & Anti-Fraud,Actual,,,,,398417.94,,,
Trend,2021-05-01,HR,Croatia,P05,Ethernet & Capacity Services,Actual,,,,,157248.13,,,
Trend,2021-05-01,HR,Croatia,P06,Cloud Connect,Actual,,,,,50770.29,,,
Trend,2021-05-01,HU,Hungary,P01,International Voice Termination,Actual,,,,,2904223.69,,,
Trend,2021-05-01,HU,Hungary,P02,A2P Messaging,Actual,,,,,767114.6,,,
Trend,2021-05-01,HU,Hungary,P03,IPX Roaming & Signalling,Actual,,,,,414652.85,,,
Trend,2021-05-01,HU,Hungary,P04,IP Transit,Actual,,,,,50565.08,,,
Trend,2021-05-01,HU,Hungary,P05,Ethernet & Capacity Services,Actual,,,,,870451.88,,,
Trend,2021-05-01,HU,Hungary,P06,Cloud Connect,Actual,,,,,35183.43,,,
Trend,2021-05-01,HU,Hungary,P07,Voice Firewall & Anti-Fraud,Actual,,,,,401248.84,,,
Trend,2021-05-01,IT,Italy,P01,International Voice Termination,Actual,,,,,336423.32,,,
Trend,2021-05-01,IT,Italy,P02,A2P Messaging,Actual,,,,,300836.59,,,
Trend,2021-05-01,IT,Italy,P03,IPX Roaming & Signalling,Actual,,,,,65671.87,,,
Trend,2021-05-01,IT,Italy,P04,IP Transit,Actual,,,,,926867.19,,,
Trend,2021-05-01,IT,Italy,P05,Ethernet & Capacity Services,Actual,,,,,5396218.91,,,
Trend,2021-05-01,IT,Italy,P06,Cloud Connect,Actual,,,,,1228458.57,,,
Trend,2021-05-01,IT,Italy,P07,Voice Firewall & Anti-Fraud,Actual,,,,,218057.41,,,
Trend,2021-05-01,NL,Netherlands,P01,International Voice Termination,Actual,,,,,4941433.15,,,
Trend,2021-05-01,NL,Netherlands,P02,A2P Messaging,Actual,,,,,3690394.27,,,
Trend,2021-05-01,NL,Netherlands,P03,IPX Roaming & Signalling,Actual,,,,,1154996.92,,,
Trend,2021-05-01,NL,Netherlands,P04,IP Transit,Actual,,,,,905272.79,,,
Trend,2021-05-01,NL,Netherlands,P05,Ethernet & Capacity Services,Actual,,,,,2220056.01,,,
Trend,2021-05-01,NL,Netherlands,P06,Cloud Connect,Actual,,,,,57114.69,,,
Trend,2021-05-01,NL,Netherlands,P07,Voice Firewall & Anti-Fraud,Actual,,,,,1002170.82,,,
Trend,2021-05-01,PL,Poland,P01,International Voice Termination,Actual,,,,,3985051.17,,,
Trend,2021-05-01,PL,Poland,P02,A2P Messaging,Actual,,,,,233155.06,,,
Trend,2021-05-01,PL,Poland,P03,IPX Roaming & Signalling,Actual,,,,,781491.25,,,
Trend,2021-05-01,PL,Poland,P04,IP Transit,Actual,,,,,879126.58,,,
Trend,2021-05-01,PL,Poland,P05,Ethernet & Capacity Services,Actual,,,,,2870035.52,,,
Trend,2021-05-01,PL,Poland,P06,Cloud Connect,Actual,,,,,36337.1,,,
Trend,2021-05-01,PL,Poland,P07,Voice Firewall & Anti-Fraud,Actual,,,,,318158.22,,,
Trend,2021-05-01,RO,Romania,P01,International Voice Termination,Actual,,,,,331814.84,,,
Trend,2021-05-01,RO,Romania,P03,IPX Roaming & Signalling,Actual,,,,,112803.03,,,
Trend,2021-05-01,RO,Romania,P05,Ethernet & Capacity Services,Actual,,,,,683588.31,,,
Trend,2021-05-01,RO,Romania,P07,Voice Firewall & Anti-Fraud,Actual,,,,,98172.69,,,
Trend,2021-05-01,SK,Slovakia,P01,International Voice Termination,Actual,,,,,510331.9,,,
Trend,2021-05-01,SK,Slovakia,P02,A2P Messaging,Actual,,,,,1235978.73,,,
Trend,2021-05-01,SK,Slovakia,P03,IPX Roaming & Signalling,Actual,,,,,247653.41,,,
Trend,2021-05-01,SK,Slovakia,P05,Ethernet & Capacity Services,Actual,,,,,753869.1,,,
Trend,2021-05-01,SK,Slovakia,P07,Voice Firewall & Anti-Fraud,Actual,,,,,83373.28,,,
Trend,2021-06-01,AT,Austria,P01,International Voice Termination,Actual,,,,,1341581.33,,,
Trend,2021-06-01,AT,Austria,P02,A2P Messaging,Actual,,,,,2627534.76,,,
Trend,2021-06-01,AT,Austria,P03,IPX Roaming & Signalling,Actual,,,,,444668.05,,,
Trend,2021-06-01,AT,Austria,P04,IP Transit,Actual,,,,,527773.66,,,
Trend,2021-06-01,AT,Austria,P05,Ethernet & Capacity Services,Actual,,,,,1413066.8,,,
Trend,2021-06-01,AT,Austria,P06,Cloud Connect,Actual,,,,,152601.89,,,
Trend,2021-06-01,AT,Austria,P07,Voice Firewall & Anti-Fraud,Actual,,,,,375621.75,,,
Trend,2021-06-01,CZ,Czechia,P03,IPX Roaming & Signalling,Actual,,,,,38216.82,,,
Trend,2021-06-01,CZ,Czechia,P04,IP Transit,Actual,,,,,108290.25,,,
Trend,2021-06-01,CZ,Czechia,P05,Ethernet & Capacity Services,Actual,,,,,1178212.41,,,
Trend,2021-06-01,CZ,Czechia,P06,Cloud Connect,Actual,,,,,81022.65,,,
Trend,2021-06-01,CZ,Czechia,P07,Voice Firewall & Anti-Fraud,Actual,,,,,22807.42,,,
Trend,2021-06-01,DE,Germany,P01,International Voice Termination,Actual,,,,,7276990.1,,,
Trend,2021-06-01,DE,Germany,P02,A2P Messaging,Actual,,,,,2713202.17,,,
Trend,2021-06-01,DE,Germany,P03,IPX Roaming & Signalling,Actual,,,,,2082634.35,,,
Trend,2021-06-01,DE,Germany,P04,IP Transit,Actual,,,,,3648682.78,,,
Trend,2021-06-01,DE,Germany,P05,Ethernet & Capacity Services,Actual,,,,,6589846.45,,,
Trend,2021-06-01,DE,Germany,P06,Cloud Connect,Actual,,,,,2631453.29,,,
Trend,2021-06-01,DE,Germany,P07,Voice Firewall & Anti-Fraud,Actual,,,,,818470.17,,,
Trend,2021-06-01,ES,Spain,P01,International Voice Termination,Actual,,,,,2626906.73,,,
Trend,2021-06-01,ES,Spain,P02,A2P Messaging,Actual,,,,,5597221.35,,,
Trend,2021-06-01,ES,Spain,P03,IPX Roaming & Signalling,Actual,,,,,1255374.09,,,
Trend,2021-06-01,ES,Spain,P04,IP Transit,Actual,,,,,2047455.45,,,
Trend,2021-06-01,ES,Spain,P05,Ethernet & Capacity Services,Actual,,,,,5287036.03,,,
Trend,2021-06-01,ES,Spain,P06,Cloud Connect,Actual,,,,,1048352.92,,,
Trend,2021-06-01,ES,Spain,P07,Voice Firewall & Anti-Fraud,Actual,,,,,1152840.75,,,
Trend,2021-06-01,FR,France,P01,International Voice Termination,Actual,,,,,3603353.07,,,
Trend,2021-06-01,FR,France,P02,A2P Messaging,Actual,,,,,5762800.61,,,
Trend,2021-06-01,FR,France,P03,IPX Roaming & Signalling,Actual,,,,,3466147.09,,,
Trend,2021-06-01,FR,France,P04,IP Transit,Actual,,,,,1006083.07,,,
Trend,2021-06-01,FR,France,P05,Ethernet & Capacity Services,Actual,,,,,3435172.27,,,
Trend,2021-06-01,FR,France,P06,Cloud Connect,Actual,,,,,1136878.62,,,
Trend,2021-06-01,FR,France,P07,Voice Firewall & Anti-Fraud,Actual,,,,,2030996.91,,,
Trend,2021-06-01,GR,Greece,P01,International Voice Termination,Actual,,,,,1843683.31,,,
Trend,2021-06-01,GR,Greece,P02,A2P Messaging,Actual,,,,,1085001.16,,,
Trend,2021-06-01,GR,Greece,P03,IPX Roaming & Signalling,Actual,,,,,512220.73,,,
Trend,2021-06-01,GR,Greece,P04,IP Transit,Actual,,,,,356751.21,,,
Trend,2021-06-01,GR,Greece,P05,Ethernet & Capacity Services,Actual,,,,,979619.21,,,
Trend,2021-06-01,GR,Greece,P07,Voice Firewall & Anti-Fraud,Actual,,,,,428453.99,,,
Trend,2021-06-01,HR,Croatia,P05,Ethernet & Capacity Services,Actual,,,,,161243.93,,,
Trend,2021-06-01,HR,Croatia,P06,Cloud Connect,Actual,,,,,55291.98,,,
Trend,2021-06-01,HU,Hungary,P01,International Voice Termination,Actual,,,,,2866922.51,,,
Trend,2021-06-01,HU,Hungary,P02,A2P Messaging,Actual,,,,,714972.3,,,
Trend,2021-06-01,HU,Hungary,P03,IPX Roaming & Signalling,Actual,,,,,634947.36,,,
Trend,2021-06-01,HU,Hungary,P04,IP Transit,Actual,,,,,55573.4,,,
Trend,2021-06-01,HU,Hungary,P05,Ethernet & Capacity Services,Actual,,,,,865207.45,,,
Trend,2021-06-01,HU,Hungary,P06,Cloud Connect,Actual,,,,,34057.71,,,
Trend,2021-06-01,HU,Hungary,P07,Voice Firewall & Anti-Fraud,Actual,,,,,405962.91,,,
Trend,2021-06-01,IT,Italy,P01,International Voice Termination,Actual,,,,,323834.6,,,
Trend,2021-06-01,IT,Italy,P02,A2P Messaging,Actual,,,,,342770.16,,,
Trend,2021-06-01,IT,Italy,P03,IPX Roaming & Signalling,Actual,,,,,130292.9,,,
Trend,2021-06-01,IT,Italy,P04,IP Transit,Actual,,,,,906334.89,,,
Trend,2021-06-01,IT,Italy,P05,Ethernet & Capacity Services,Actual,,,,,5574098.71,,,
Trend,2021-06-01,IT,Italy,P06,Cloud Connect,Actual,,,,,1211558.5,,,
Trend,2021-06-01,IT,Italy,P07,Voice Firewall & Anti-Fraud,Actual,,,,,246967.46,,,
Trend,2021-06-01,NL,Netherlands,P01,International Voice Termination,Actual,,,,,4556012.94,,,
Trend,2021-06-01,NL,Netherlands,P02,A2P Messaging,Actual,,,,,3690436.37,,,
Trend,2021-06-01,NL,Netherlands,P03,IPX Roaming & Signalling,Actual,,,,,1822475.26,,,
Trend,2021-06-01,NL,Netherlands,P04,IP Transit,Actual,,,,,1146639.22,,,
Trend,2021-06-01,NL,Netherlands,P05,Ethernet & Capacity Services,Actual,,,,,2108058.92,,,
Trend,2021-06-01,NL,Netherlands,P06,Cloud Connect,Actual,,,,,61994.75,,,
Trend,2021-06-01,NL,Netherlands,P07,Voice Firewall & Anti-Fraud,Actual,,,,,975918.54,,,
Trend,2021-06-01,PL,Poland,P01,International Voice Termination,Actual,,,,,3659349.91,,,
Trend,2021-06-01,PL,Poland,P02,A2P Messaging,Actual,,,,,220685.03,,,
Trend,2021-06-01,PL,Poland,P03,IPX Roaming & Signalling,Actual,,,,,1192771.85,,,
Trend,2021-06-01,PL,Poland,P04,IP Transit,Actual,,,,,922312.65,,,
Trend,2021-06-01,PL,Poland,P05,Ethernet & Capacity Services,Actual,,,,,2759035.22,,,
Trend,2021-06-01,PL,Poland,P06,Cloud Connect,Actual,,,,,40214.1,,,
Trend,2021-06-01,PL,Poland,P07,Voice Firewall & Anti-Fraud,Actual,,,,,300271.25,,,
Trend,2021-06-01,RO,Romania,P01,International Voice Termination,Actual,,,,,295866.23,,,
Trend,2021-06-01,RO,Romania,P03,IPX Roaming & Signalling,Actual,,,,,175806.68,,,
Trend,2021-06-01,RO,Romania,P05,Ethernet & Capacity Services,Actual,,,,,709163.79,,,
Trend,2021-06-01,RO,Romania,P07,Voice Firewall & Anti-Fraud,Actual,,,,,103983.11,,,
Trend,2021-06-01,SK,Slovakia,P01,International Voice Termination,Actual,,,,,442754.71,,,
Trend,2021-06-01,SK,Slovakia,P02,A2P Messaging,Actual,,,,,1103418.18,,,
Trend,2021-06-01,SK,Slovakia,P03,IPX Roaming & Signalling,Actual,,,,,373389.36,,,
Trend,2021-06-01,SK,Slovakia,P05,Ethernet & Capacity Services,Actual,,,,,730061.08,,,
Trend,2021-06-01,SK,Slovakia,P07,Voice Firewall & Anti-Fraud,Actual,,,,,80868.79,,,
Trend,2021-07-01,AT,Austria,P01,International Voice Termination,Actual,,,,,1553141.32,,,
Trend,2021-07-01,AT,Austria,P02,A2P Messaging,Actual,,,,,2431847.86,,,
Trend,2021-07-01,AT,Austria,P03,IPX Roaming & Signalling,Actual,,,,,664997.42,,,
Trend,2021-07-01,AT,Austria,P04,IP Transit,Actual,,,,,494674.42,,,
Trend,2021-07-01,AT,Austria,P05,Ethernet & Capacity Services,Actual,,,,,1452495.73,,,
Trend,2021-07-01,AT,Austria,P06,Cloud Connect,Actual,,,,,143501.77,,,
Trend,2021-07-01,AT,Austria,P07,Voice Firewall & Anti-Fraud,Actual,,,,,367844.25,,,
Trend,2021-07-01,CZ,Czechia,P03,IPX Roaming & Signalling,Actual,,,,,55876.69,,,
Trend,2021-07-01,CZ,Czechia,P04,IP Transit,Actual,,,,,106057.83,,,
Trend,2021-07-01,CZ,Czechia,P05,Ethernet & Capacity Services,Actual,,,,,1492443.38,,,
Trend,2021-07-01,CZ,Czechia,P06,Cloud Connect,Actual,,,,,82536.51,,,
Trend,2021-07-01,CZ,Czechia,P07,Voice Firewall & Anti-Fraud,Actual,,,,,22857.4,,,
Trend,2021-07-01,DE,Germany,P01,International Voice Termination,Actual,,,,,7762726.0,,,
Trend,2021-07-01,DE,Germany,P02,A2P Messaging,Actual,,,,,2519674.88,,,
Trend,2021-07-01,DE,Germany,P03,IPX Roaming & Signalling,Actual,,,,,3090654.47,,,
Trend,2021-07-01,DE,Germany,P04,IP Transit,Actual,,,,,3773233.75,,,
Trend,2021-07-01,DE,Germany,P05,Ethernet & Capacity Services,Actual,,,,,6844827.97,,,
Trend,2021-07-01,DE,Germany,P06,Cloud Connect,Actual,,,,,2685556.28,,,
Trend,2021-07-01,DE,Germany,P07,Voice Firewall & Anti-Fraud,Actual,,,,,820969.92,,,
Trend,2021-07-01,ES,Spain,P01,International Voice Termination,Actual,,,,,2617194.18,,,
Trend,2021-07-01,ES,Spain,P02,A2P Messaging,Actual,,,,,5684659.7,,,
Trend,2021-07-01,ES,Spain,P03,IPX Roaming & Signalling,Actual,,,,,1949467.99,,,
Trend,2021-07-01,ES,Spain,P04,IP Transit,Actual,,,,,1964914.24,,,
Trend,2021-07-01,ES,Spain,P05,Ethernet & Capacity Services,Actual,,,,,5033459.52,,,
Trend,2021-07-01,ES,Spain,P06,Cloud Connect,Actual,,,,,1102832.34,,,
Trend,2021-07-01,ES,Spain,P07,Voice Firewall & Anti-Fraud,Actual,,,,,1136318.67,,,
Trend,2021-07-01,FR,France,P01,International Voice Termination,Actual,,,,,3788599.8,,,
Trend,2021-07-01,FR,France,P02,A2P Messaging,Actual,,,,,5931334.65,,,
Trend,2021-07-01,FR,France,P03,IPX Roaming & Signalling,Actual,,,,,5542769.36,,,
Trend,2021-07-01,FR,France,P04,IP Transit,Actual,,,,,957024.86,,,
Trend,2021-07-01,FR,France,P05,Ethernet & Capacity Services,Actual,,,,,3197263.06,,,
Trend,2021-07-01,FR,France,P06,Cloud Connect,Actual,,,,,1100119.86,,,
Trend,2021-07-01,FR,France,P07,Voice Firewall & Anti-Fraud,Actual,,,,,2179957.41,,,
Trend,2021-07-01,GR,Greece,P01,International Voice Termination,Actual,,,,,1768844.94,,,
Trend,2021-07-01,GR,Greece,P02,A2P Messaging,Actual,,,,,1146763.21,,,
Trend,2021-07-01,GR,Greece,P03,IPX Roaming & Signalling,Actual,,,,,827425.37,,,
Trend,2021-07-01,GR,Greece,P04,IP Transit,Actual,,,,,338197.67,,,
Trend,2021-07-01,GR,Greece,P05,Ethernet & Capacity Services,Actual,,,,,1066772.1,,,
Trend,2021-07-01,GR,Greece,P07,Voice Firewall & Anti-Fraud,Actual,,,,,432867.4,,,
Trend,2021-07-01,HR,Croatia,P05,Ethernet & Capacity Services,Actual,,,,,149095.36,,,
Trend,2021-07-01,HR,Croatia,P06,Cloud Connect,Actual,,,,,54921.43,,,
Trend,2021-07-01,HU,Hungary,P01,International Voice Termination,Actual,,,,,2941443.5,,,
Trend,2021-07-01,HU,Hungary,P02,A2P Messaging,Actual,,,,,672190.33,,,
Trend,2021-07-01,HU,Hungary,P03,IPX Roaming & Signalling,Actual,,,,,918754.43,,,
Trend,2021-07-01,HU,Hungary,P04,IP Transit,Actual,,,,,54633.22,,,
Trend,2021-07-01,HU,Hungary,P05,Ethernet & Capacity Services,Actual,,,,,854387.03,,,
Trend,2021-07-01,HU,Hungary,P06,Cloud Connect,Actual,,,,,38142.99,,,
Trend,2021-07-01,HU,Hungary,P07,Voice Firewall & Anti-Fraud,Actual,,,,,430251.47,,,
Trend,2021-07-01,IT,Italy,P01,International Voice Termination,Actual,,,,,351753.25,,,
Trend,2021-07-01,IT,Italy,P02,A2P Messaging,Actual,,,,,290375.82,,,
Trend,2021-07-01,IT,Italy,P03,IPX Roaming & Signalling,Actual,,,,,287193.03,,,
Trend,2021-07-01,IT,Italy,P04,IP Transit,Actual,,,,,886043.78,,,
Trend,2021-07-01,IT,Italy,P05,Ethernet & Capacity Services,Actual,,,,,5024293.49,,,
Trend,2021-07-01,IT,Italy,P06,Cloud Connect,Actual,,,,,1085778.82,,,
Trend,2021-07-01,IT,Italy,P07,Voice Firewall & Anti-Fraud,Actual,,,,,275871.07,,,
Trend,2021-07-01,NL,Netherlands,P01,International Voice Termination,Actual,,,,,4703709.03,,,
Trend,2021-07-01,NL,Netherlands,P02,A2P Messaging,Actual,,,,,3947609.68,,,
Trend,2021-07-01,NL,Netherlands,P03,IPX Roaming & Signalling,Actual,,,,,2726845.95,,,
Trend,2021-07-01,NL,Netherlands,P04,IP Transit,Actual,,,,,994861.37,,,
Trend,2021-07-01,NL,Netherlands,P05,Ethernet & Capacity Services,Actual,,,,,2114881.51,,,
Trend,2021-07-01,NL,Netherlands,P06,Cloud Connect,Actual,,,,,54822.92,,,
Trend,2021-07-01,NL,Netherlands,P07,Voice Firewall & Anti-Fraud,Actual,,,,,999900.06,,,
Trend,2021-07-01,PL,Poland,P01,International Voice Termination,Actual,,,,,4140102.37,,,
Trend,2021-07-01,PL,Poland,P02,A2P Messaging,Actual,,,,,210368.64,,,
Trend,2021-07-01,PL,Poland,P03,IPX Roaming & Signalling,Actual,,,,,1815063.86,,,
Trend,2021-07-01,PL,Poland,P04,IP Transit,Actual,,,,,910838.52,,,
Trend,2021-07-01,PL,Poland,P05,Ethernet & Capacity Services,Actual,,,,,2683583.37,,,
Trend,2021-07-01,PL,Poland,P06,Cloud Connect,Actual,,,,,37258.59,,,
Trend,2021-07-01,PL,Poland,P07,Voice Firewall & Anti-Fraud,Actual,,,,,307891.42,,,
Trend,2021-07-01,RO,Romania,P01,International Voice Termination,Actual,,,,,298284.74,,,
Trend,2021-07-01,RO,Romania,P03,IPX Roaming & Signalling,Actual,,,,,300994.56,,,
Trend,2021-07-01,RO,Romania,P05,Ethernet & Capacity Services,Actual,,,,,706889.36,,,
Trend,2021-07-01,RO,Romania,P07,Voice Firewall & Anti-Fraud,Actual,,,,,106457.14,,,
Trend,2021-07-01,SK,Slovakia,P01,International Voice Termination,Actual,,,,,530376.78,,,
Trend,2021-07-01,SK,Slovakia,P02,A2P Messaging,Actual,,,,,1107902.24,,,
Trend,2021-07-01,SK,Slovakia,P03,IPX Roaming & Signalling,Actual,,,,,615342.84,,,
Trend,2021-07-01,SK,Slovakia,P05,Ethernet & Capacity Services,Actual,,,,,720446.55,,,
Trend,2021-07-01,SK,Slovakia,P07,Voice Firewall & Anti-Fraud,Actual,,,,,84746.43,,,
Trend,2021-08-01,AT,Austria,P01,International Voice Termination,Actual,,,,,1349560.35,,,
Trend,2021-08-01,AT,Austria,P02,A2P Messaging,Actual,,,,,2243137.96,,,
Trend,2021-08-01,AT,Austria,P03,IPX Roaming & Signalling,Actual,,,,,846307.63,,,
Trend,2021-08-01,AT,Austria,P04,IP Transit,Actual,,,,,534023.44,,,
Trend,2021-08-01,AT,Austria,P05,Ethernet & Capacity Services,Actual,,,,,1325538.86,,,
Trend,2021-08-01,AT,Austria,P06,Cloud Connect,Actual,,,,,102148.72,,,
Trend,2021-08-01,AT,Austria,P07,Voice Firewall & Anti-Fraud,Actual,,,,,387599.75,,,
Trend,2021-08-01,CZ,Czechia,P03,IPX Roaming & Signalling,Actual,,,,,72225.66,,,
Trend,2021-08-01,CZ,Czechia,P04,IP Transit,Actual,,,,,118835.7,,,
Trend,2021-08-01,CZ,Czechia,P05,Ethernet & Capacity Services,Actual,,,,,1148295.91,,,
Trend,2021-08-01,CZ,Czechia,P06,Cloud Connect,Actual,,,,,86698.93,,,
Trend,2021-08-01,CZ,Czechia,P07,Voice Firewall & Anti-Fraud,Actual,,,,,21089.02,,,
Trend,2021-08-01,DE,Germany,P01,International Voice Termination,Actual,,,,,7891464.9,,,
Trend,2021-08-01,DE,Germany,P02,A2P Messaging,Actual,,,,,2454518.38,,,
Trend,2021-08-01,DE,Germany,P03,IPX Roaming & Signalling,Actual,,,,,3563121.62,,,
Trend,2021-08-01,DE,Germany,P04,IP Transit,Actual,,,,,3721904.28,,,
Trend,2021-08-01,DE,Germany,P05,Ethernet & Capacity Services,Actual,,,,,6576436.0,,,
Trend,2021-08-01,DE,Germany,P06,Cloud Connect,Actual,,,,,2645167.48,,,
Trend,2021-08-01,DE,Germany,P07,Voice Firewall & Anti-Fraud,Actual,,,,,832427.53,,,
Trend,2021-08-01,ES,Spain,P01,International Voice Termination,Actual,,,,,2634629.04,,,
Trend,2021-08-01,ES,Spain,P02,A2P Messaging,Actual,,,,,5528541.64,,,
Trend,2021-08-01,ES,Spain,P03,IPX Roaming & Signalling,Actual,,,,,2209020.14,,,
Trend,2021-08-01,ES,Spain,P04,IP Transit,Actual,,,,,1913828.03,,,
Trend,2021-08-01,ES,Spain,P05,Ethernet & Capacity Services,Actual,,,,,5185166.92,,,
Trend,2021-08-01,ES,Spain,P06,Cloud Connect,Actual,,,,,996328.35,,,
Trend,2021-08-01,ES,Spain,P07,Voice Firewall & Anti-Fraud,Actual,,,,,1179246.37,,,
Trend,2021-08-01,FR,France,P01,International Voice Termination,Actual,,,,,3563404.75,,,
Trend,2021-08-01,FR,France,P02,A2P Messaging,Actual,,,,,5657861.48,,,
Trend,2021-08-01,FR,France,P03,IPX Roaming & Signalling,Actual,,,,,6491406.21,,,
Trend,2021-08-01,FR,France,P04,IP Transit,Actual,,,,,993226.61,,,
Trend,2021-08-01,FR,France,P05,Ethernet & Capacity Services,Actual,,,,,3184492.14,,,
Trend,2021-08-01,FR,France,P06,Cloud Connect,Actual,,,,,1117218.66,,,
Trend,2021-08-01,FR,France,P07,Voice Firewall & Anti-Fraud,Actual,,,,,2144422.64,,,
Trend,2021-08-01,GR,Greece,P01,International Voice Termination,Actual,,,,,1825545.64,,,
Trend,2021-08-01,GR,Greece,P02,A2P Messaging,Actual,,,,,1183235.03,,,
Trend,2021-08-01,GR,Greece,P03,IPX Roaming & Signalling,Actual,,,,,956843.14,,,
Trend,2021-08-01,GR,Greece,P04,IP Transit,Actual,,,,,315183.13,,,
Trend,2021-08-01,GR,Greece,P05,Ethernet & Capacity Services,Actual,,,,,1054804.79,,,
Trend,2021-08-01,GR,Greece,P07,Voice Firewall & Anti-Fraud,Actual,,,,,424610.08,,,
Trend,2021-08-01,HR,Croatia,P05,Ethernet & Capacity Services,Actual,,,,,164502.51,,,
Trend,2021-08-01,HR,Croatia,P06,Cloud Connect,Actual,,,,,55830.23,,,
Trend,2021-08-01,HU,Hungary,P01,International Voice Termination,Actual,,,,,2866528.22,,,
Trend,2021-08-01,HU,Hungary,P02,A2P Messaging,Actual,,,,,660623.18,,,
Trend,2021-08-01,HU,Hungary,P03,IPX Roaming & Signalling,Actual,,,,,1046401.73,,,
Trend,2021-08-01,HU,Hungary,P04,IP Transit,Actual,,,,,50559.36,,,
Trend,2021-08-01,HU,Hungary,P05,Ethernet & Capacity Services,Actual,,,,,821298.37,,,
Trend,2021-08-01,HU,Hungary,P06,Cloud Connect,Actual,,,,,37972.39,,,
Trend,2021-08-01,HU,Hungary,P07,Voice Firewall & Anti-Fraud,Actual,,,,,424833.46,,,
Trend,2021-08-01,IT,Italy,P01,International Voice Termination,Actual,,,,,317045.63,,,
Trend,2021-08-01,IT,Italy,P02,A2P Messaging,Actual,,,,,289621.96,,,
Trend,2021-08-01,IT,Italy,P03,IPX Roaming & Signalling,Actual,,,,,403742.2,,,
Trend,2021-08-01,IT,Italy,P04,IP Transit,Actual,,,,,870222.1,,,
Trend,2021-08-01,IT,Italy,P05,Ethernet & Capacity Services,Actual,,,,,5353411.07,,,
Trend,2021-08-01,IT,Italy,P06,Cloud Connect,Actual,,,,,1161766.28,,,
Trend,2021-08-01,IT,Italy,P07,Voice Firewall & Anti-Fraud,Actual,,,,,296344.66,,,
Trend,2021-08-01,NL,Netherlands,P01,International Voice Termination,Actual,,,,,4501613.74,,,
Trend,2021-08-01,NL,Netherlands,P02,A2P Messaging,Actual,,,,,3669211.22,,,
Trend,2021-08-01,NL,Netherlands,P03,IPX Roaming & Signalling,Actual,,,,,3111756.19,,,
Trend,2021-08-01,NL,Netherlands,P04,IP Transit,Actual,,,,,1056923.05,,,
Trend,2021-08-01,NL,Netherlands,P05,Ethernet & Capacity Services,Actual,,,,,2342955.97,,,
Trend,2021-08-01,NL,Netherlands,P06,Cloud Connect,Actual,,,,,52301.69,,,
Trend,2021-08-01,NL,Netherlands,P07,Voice Firewall & Anti-Fraud,Actual,,,,,1006894.64,,,
Trend,2021-08-01,PL,Poland,P01,International Voice Termination,Actual,,,,,3858953.48,,,
Trend,2021-08-01,PL,Poland,P02,A2P Messaging,Actual,,,,,212444.66,,,
Trend,2021-08-01,PL,Poland,P03,IPX Roaming & Signalling,Actual,,,,,2055731.12,,,
Trend,2021-08-01,PL,Poland,P04,IP Transit,Actual,,,,,874080.28,,,
Trend,2021-08-01,PL,Poland,P05,Ethernet & Capacity Services,Actual,,,,,2721021.89,,,
Trend,2021-08-01,PL,Poland,P06,Cloud Connect,Actual,,,,,39426.25,,,
Trend,2021-08-01,PL,Poland,P07,Voice Firewall & Anti-Fraud,Actual,,,,,312300.28,,,
Trend,2021-08-01,RO,Romania,P01,International Voice Termination,Actual,,,,,291521.16,,,
Trend,2021-08-01,RO,Romania,P03,IPX Roaming & Signalling,Actual,,,,,322584.25,,,
Trend,2021-08-01,RO,Romania,P05,Ethernet & Capacity Services,Actual,,,,,671567.02,,,
Trend,2021-08-01,RO,Romania,P07,Voice Firewall & Anti-Fraud,Actual,,,,,106150.09,,,
Trend,2021-08-01,SK,Slovakia,P01,International Voice Termination,Actual,,,,,542809.99,,,
Trend,2021-08-01,SK,Slovakia,P02,A2P Messaging,Actual,,,,,1183906.81,,,
Trend,2021-08-01,SK,Slovakia,P03,IPX Roaming & Signalling,Actual,,,,,731531.76,,,
Trend,2021-08-01,SK,Slovakia,P05,Ethernet & Capacity Services,Actual,,,,,686994.77,,,
Trend,2021-08-01,SK,Slovakia,P07,Voice Firewall & Anti-Fraud,Actual,,,,,82108.7,,,
Trend,2021-09-01,AT,Austria,P01,International Voice Termination,Actual,,,,,1438549.75,,,
Trend,2021-09-01,AT,Austria,P02,A2P Messaging,Actual,,,,,2140167.42,,,
Trend,2021-09-01,AT,Austria,P03,IPX Roaming & Signalling,Actual,,,,,621227.14,,,
Trend,2021-09-01,AT,Austria,P04,IP Transit,Actual,,,,,527804.0,,,
Trend,2021-09-01,AT,Austria,P05,Ethernet & Capacity Services,Actual,,,,,1234999.01,,,
Trend,2021-09-01,AT,Austria,P06,Cloud Connect,Actual,,,,,53871.54,,,
Trend,2021-09-01,AT,Austria,P07,Voice Firewall & Anti-Fraud,Actual,,,,,368163.38,,,
Trend,2021-09-01,CZ,Czechia,P03,IPX Roaming & Signalling,Actual,,,,,55614.65,,,
Trend,2021-09-01,CZ,Czechia,P04,IP Transit,Actual,,,,,123080.23,,,
Trend,2021-09-01,CZ,Czechia,P05,Ethernet & Capacity Services,Actual,,,,,1298804.78,,,
Trend,2021-09-01,CZ,Czechia,P06,Cloud Connect,Actual,,,,,88848.41,,,
Trend,2021-09-01,CZ,Czechia,P07,Voice Firewall & Anti-Fraud,Actual,,,,,22054.61,,,
Trend,2021-09-01,DE,Germany,P01,International Voice Termination,Actual,,,,,7416724.5,,,
Trend,2021-09-01,DE,Germany,P02,A2P Messaging,Actual,,,,,2859634.29,,,
Trend,2021-09-01,DE,Germany,P03,IPX Roaming & Signalling,Actual,,,,,2643581.04,,,
Trend,2021-09-01,DE,Germany,P04,IP Transit,Actual,,,,,3941399.11,,,
Trend,2021-09-01,DE,Germany,P05,Ethernet & Capacity Services,Actual,,,,,6805213.89,,,
Trend,2021-09-01,DE,Germany,P06,Cloud Connect,Actual,,,,,2686730.41,,,
Trend,2021-09-01,DE,Germany,P07,Voice Firewall & Anti-Fraud,Actual,,,,,871035.78,,,
Trend,2021-09-01,ES,Spain,P01,International Voice Termination,Actual,,,,,2612791.91,,,
Trend,2021-09-01,ES,Spain,P02,A2P Messaging,Actual,,,,,6052664.96,,,
Trend,2021-09-01,ES,Spain,P03,IPX Roaming & Signalling,Actual,,,,,1666292.11,,,
Trend,2021-09-01,ES,Spain,P04,IP Transit,Actual,,,,,2067282.45,,,
Trend,2021-09-01,ES,Spain,P05,Ethernet & Capacity Services,Actual,,,,,5256001.79,,,
Trend,2021-09-01,ES,Spain,P06,Cloud Connect,Actual,,,,,1035630.51,,,
Trend,2021-09-01,ES,Spain,P07,Voice Firewall & Anti-Fraud,Actual,,,,,1154165.73,,,
Trend,2021-09-01,FR,France,P01,International Voice Termination,Actual,,,,,3489279.16,,,
Trend,2021-09-01,FR,France,P02,A2P Messaging,Actual,,,,,6666237.85,,,
Trend,2021-09-01,FR,France,P03,IPX Roaming & Signalling,Actual,,,,,4816696.36,,,
Trend,2021-09-01,FR,France,P04,IP Transit,Actual,,,,,974684.15,,,
Trend,2021-09-01,FR,France,P05,Ethernet & Capacity Services,Actual,,,,,3244329.53,,,
Trend,2021-09-01,FR,France,P06,Cloud Connect,Actual,,,,,1146664.3,,,
Trend,2021-09-01,FR,France,P07,Voice Firewall & Anti-Fraud,Actual,,,,,2198001.86,,,
Trend,2021-09-01,GR,Greece,P01,International Voice Termination,Actual,,,,,1762339.49,,,
Trend,2021-09-01,GR,Greece,P02,A2P Messaging,Actual,,,,,1220295.36,,,
Trend,2021-09-01,GR,Greece,P03,IPX Roaming & Signalling,Actual,,,,,728998.38,,,
Trend,2021-09-01,GR,Greece,P04,IP Transit,Actual,,,,,347328.33,,,
Trend,2021-09-01,GR,Greece,P05,Ethernet & Capacity Services,Actual,,,,,1058936.59,,,
Trend,2021-09-01,GR,Greece,P07,Voice Firewall & Anti-Fraud,Actual,,,,,435473.52,,,
Trend,2021-09-01,HR,Croatia,P05,Ethernet & Capacity Services,Actual,,,,,162954.3,,,
Trend,2021-09-01,HR,Croatia,P06,Cloud Connect,Actual,,,,,61733.48,,,
Trend,2021-09-01,HU,Hungary,P01,International Voice Termination,Actual,,,,,2755674.12,,,
Trend,2021-09-01,HU,Hungary,P02,A2P Messaging,Actual,,,,,790512.94,,,
Trend,2021-09-01,HU,Hungary,P03,IPX Roaming & Signalling,Actual,,,,,780501.18,,,
Trend,2021-09-01,HU,Hungary,P04,IP Transit,Actual,,,,,52358.42,,,
Trend,2021-09-01,HU,Hungary,P05,Ethernet & Capacity Services,Actual,,,,,908833.29,,,
Trend,2021-09-01,HU,Hungary,P06,Cloud Connect,Actual,,,,,36276.07,,,
Trend,2021-09-01,HU,Hungary,P07,Voice Firewall & Anti-Fraud,Actual,,,,,437264.97,,,
Trend,2021-09-01,IT,Italy,P01,International Voice Termination,Actual,,,,,328045.7,,,
Trend,2021-09-01,IT,Italy,P02,A2P Messaging,Actual,,,,,297995.04,,,
Trend,2021-09-01,IT,Italy,P03,IPX Roaming & Signalling,Actual,,,,,328736.03,,,
Trend,2021-09-01,IT,Italy,P04,IP Transit,Actual,,,,,986805.68,,,
Trend,2021-09-01,IT,Italy,P05,Ethernet & Capacity Services,Actual,,,,,5195141.16,,,
Trend,2021-09-01,IT,Italy,P06,Cloud Connect,Actual,,,,,1160088.36,,,
Trend,2021-09-01,IT,Italy,P07,Voice Firewall & Anti-Fraud,Actual,,,,,324769.61,,,
Trend,2021-09-01,NL,Netherlands,P01,International Voice Termination,Actual,,,,,4723326.97,,,
Trend,2021-09-01,NL,Netherlands,P02,A2P Messaging,Actual,,,,,3813913.13,,,
Trend,2021-09-01,NL,Netherlands,P03,IPX Roaming & Signalling,Actual,,,,,2325396.13,,,
Trend,2021-09-01,NL,Netherlands,P04,IP Transit,Actual,,,,,1135181.48,,,
Trend,2021-09-01,NL,Netherlands,P05,Ethernet & Capacity Services,Actual,,,,,2250025.75,,,
Trend,2021-09-01,NL,Netherlands,P06,Cloud Connect,Actual,,,,,60153.51,,,
Trend,2021-09-01,NL,Netherlands,P07,Voice Firewall & Anti-Fraud,Actual,,,,,1058780.96,,,
Trend,2021-09-01,PL,Poland,P01,International Voice Termination,Actual,,,,,3758143.86,,,
Trend,2021-09-01,PL,Poland,P02,A2P Messaging,Actual,,,,,235463.26,,,
Trend,2021-09-01,PL,Poland,P03,IPX Roaming & Signalling,Actual,,,,,1565786.84,,,
Trend,2021-09-01,PL,Poland,P04,IP Transit,Actual,,,,,902380.03,,,
Trend,2021-09-01,PL,Poland,P05,Ethernet & Capacity Services,Actual,,,,,2751022.97,,,
Trend,2021-09-01,PL,Poland,P06,Cloud Connect,Actual,,,,,39952.75,,,
Trend,2021-09-01,PL,Poland,P07,Voice Firewall & Anti-Fraud,Actual,,,,,312035.47,,,
Trend,2021-09-01,RO,Romania,P01,International Voice Termination,Actual,,,,,318427.17,,,
Trend,2021-09-01,RO,Romania,P03,IPX Roaming & Signalling,Actual,,,,,275530.43,,,
Trend,2021-09-01,RO,Romania,P05,Ethernet & Capacity Services,Actual,,,,,797158.25,,,
Trend,2021-09-01,RO,Romania,P07,Voice Firewall & Anti-Fraud,Actual,,,,,105447.29,,,
Trend,2021-09-01,SK,Slovakia,P01,International Voice Termination,Actual,,,,,592980.37,,,
Trend,2021-09-01,SK,Slovakia,P02,A2P Messaging,Actual,,,,,1218541.02,,,
Trend,2021-09-01,SK,Slovakia,P03,IPX Roaming & Signalling,Actual,,,,,533259.19,,,
Trend,2021-09-01,SK,Slovakia,P05,Ethernet & Capacity Services,Actual,,,,,743784.64,,,
Trend,2021-09-01,SK,Slovakia,P07,Voice Firewall & Anti-Fraud,Actual,,,,,88688.97,,,
Trend,2021-10-01,AT,Austria,P01,International Voice Termination,Actual,,,,,1509400.43,,,
Trend,2021-10-01,AT,Austria,P02,A2P Messaging,Actual,,,,,1758112.04,,,
Trend,2021-10-01,AT,Austria,P03,IPX Roaming & Signalling,Actual,,,,,518257.84,,,
Trend,2021-10-01,AT,Austria,P04,IP Transit,Actual,,,,,513760.43,,,
Trend,2021-10-01,AT,Austria,P05,Ethernet & Capacity Services,Actual,,,,,1087246.73,,,
Trend,2021-10-01,AT,Austria,P07,Voice Firewall & Anti-Fraud,Actual,,,,,394934.9,,,
Trend,2021-10-01,CZ,Czechia,P03,IPX Roaming & Signalling,Actual,,,,,42973.63,,,
Trend,2021-10-01,CZ,Czechia,P04,IP Transit,Actual,,,,,116346.18,,,
Trend,2021-10-01,CZ,Czechia,P05,Ethernet & Capacity Services,Actual,,,,,1352614.83,,,
Trend,2021-10-01,CZ,Czechia,P06,Cloud Connect,Actual,,,,,86467.58,,,
Trend,2021-10-01,CZ,Czechia,P07,Voice Firewall & Anti-Fraud,Actual,,,,,22771.61,,,
Trend,2021-10-01,DE,Germany,P01,International Voice Termination,Actual,,,,,7183931.8,,,
Trend,2021-10-01,DE,Germany,P02,A2P Messaging,Actual,,,,,3047280.28,,,
Trend,2021-10-01,DE,Germany,P03,IPX Roaming & Signalling,Actual,,,,,2266687.7,,,
Trend,2021-10-01,DE,Germany,P04,IP Transit,Actual,,,,,3820207.07,,,
Trend,2021-10-01,DE,Germany,P05,Ethernet & Capacity Services,Actual,,,,,6666411.76,,,
Trend,2021-10-01,DE,Germany,P06,Cloud Connect,Actual,,,,,2825178.81,,,
Trend,2021-10-01,DE,Germany,P07,Voice Firewall & Anti-Fraud,Actual,,,,,858107.66,,,
Trend,2021-10-01,ES,Spain,P01,International Voice Termination,Actual,,,,,2406951.56,,,
Trend,2021-10-01,ES,Spain,P02,A2P Messaging,Actual,,,,,6799367.81,,,
Trend,2021-10-01,ES,Spain,P03,IPX Roaming & Signalling,Actual,,,,,1245429.94,,,
Trend,2021-10-01,ES,Spain,P04,IP Transit,Actual,,,,,2018725.15,,,
Trend,2021-10-01,ES,Spain,P05,Ethernet & Capacity Services,Actual,,,,,5399906.72,,,
Trend,2021-10-01,ES,Spain,P06,Cloud Connect,Actual,,,,,1169119.81,,,
Trend,2021-10-01,ES,Spain,P07,Voice Firewall & Anti-Fraud,Actual,,,,,1189402.65,,,
Trend,2021-10-01,FR,France,P01,International Voice Termination,Actual,,,,,3564552.01,,,
Trend,2021-10-01,FR,France,P02,A2P Messaging,Actual,,,,,7060955.26,,,
Trend,2021-10-01,FR,France,P03,IPX Roaming & Signalling,Actual,,,,,4209508.65,,,
Trend,2021-10-01,FR,France,P04,IP Transit,Actual,,,,,980665.06,,,
Trend,2021-10-01,FR,France,P05,Ethernet & Capacity Services,Actual,,,,,3342646.94,,,
Trend,2021-10-01,FR,France,P06,Cloud Connect,Actual,,,,,1164552.5,,,
Trend,2021-10-01,FR,France,P07,Voice Firewall & Anti-Fraud,Actual,,,,,2176504.5,,,
Trend,2021-10-01,GR,Greece,P01,International Voice Termination,Actual,,,,,1748134.07,,,
Trend,2021-10-01,GR,Greece,P02,A2P Messaging,Actual,,,,,1270091.62,,,
Trend,2021-10-01,GR,Greece,P03,IPX Roaming & Signalling,Actual,,,,,602964.0,,,
Trend,2021-10-01,GR,Greece,P04,IP Transit,Actual,,,,,324507.7,,,
Trend,2021-10-01,GR,Greece,P05,Ethernet & Capacity Services,Actual,,,,,1047903.65,,,
Trend,2021-10-01,GR,Greece,P07,Voice Firewall & Anti-Fraud,Actual,,,,,481649.9,,,
Trend,2021-10-01,HR,Croatia,P05,Ethernet & Capacity Services,Actual,,,,,161522.33,,,
Trend,2021-10-01,HR,Croatia,P06,Cloud Connect,Actual,,,,,56373.59,,,
Trend,2021-10-01,HU,Hungary,P01,International Voice Termination,Actual,,,,,2770455.49,,,
Trend,2021-10-01,HU,Hungary,P02,A2P Messaging,Actual,,,,,896644.43,,,
Trend,2021-10-01,HU,Hungary,P03,IPX Roaming & Signalling,Actual,,,,,661546.38,,,
Trend,2021-10-01,HU,Hungary,P04,IP Transit,Actual,,,,,64292.43,,,
Trend,2021-10-01,HU,Hungary,P05,Ethernet & Capacity Services,Actual,,,,,891234.15,,,
Trend,2021-10-01,HU,Hungary,P06,Cloud Connect,Actual,,,,,49757.19,,,
Trend,2021-10-01,HU,Hungary,P07,Voice Firewall & Anti-Fraud,Actual,,,,,440198.1,,,
Trend,2021-10-01,IT,Italy,P01,International Voice Termination,Actual,,,,,306971.07,,,
Trend,2021-10-01,IT,Italy,P02,A2P Messaging,Actual,,,,,348266.49,,,
Trend,2021-10-01,IT,Italy,P03,IPX Roaming & Signalling,Actual,,,,,289589.68,,,
Trend,2021-10-01,IT,Italy,P04,IP Transit,Actual,,,,,924899.21,,,
Trend,2021-10-01,IT,Italy,P05,Ethernet & Capacity Services,Actual,,,,,5141521.99,,,
Trend,2021-10-01,IT,Italy,P06,Cloud Connect,Actual,,,,,1291885.81,,,
Trend,2021-10-01,IT,Italy,P07,Voice Firewall & Anti-Fraud,Actual,,,,,345636.82,,,
Trend,2021-10-01,NL,Netherlands,P01,International Voice Termination,Actual,,,,,4476524.97,,,
Trend,2021-10-01,NL,Netherlands,P02,A2P Messaging,Actual,,,,,3807670.69,,,
Trend,2021-10-01,NL,Netherlands,P03,IPX Roaming & Signalling,Actual,,,,,1860003.39,,,
Trend,2021-10-01,NL,Netherlands,P04,IP Transit,Actual,,,,,1196006.33,,,
Trend,2021-10-01,NL,Netherlands,P05,Ethernet & Capacity Services,Actual,,,,,2132894.21,,,
Trend,2021-10-01,NL,Netherlands,P06,Cloud Connect,Actual,,,,,63999.46,,,
Trend,2021-10-01,NL,Netherlands,P07,Voice Firewall & Anti-Fraud,Actual,,,,,1048086.68,,,
Trend,2021-10-01,PL,Poland,P01,International Voice Termination,Actual,,,,,3894877.61,,,
Trend,2021-10-01,PL,Poland,P02,A2P Messaging,Actual,,,,,251613.05,,,
Trend,2021-10-01,PL,Poland,P03,IPX Roaming & Signalling,Actual,,,,,1223208.86,,,
Trend,2021-10-01,PL,Poland,P04,IP Transit,Actual,,,,,881199.53,,,
Trend,2021-10-01,PL,Poland,P05,Ethernet & Capacity Services,Actual,,,,,2767391.87,,,
Trend,2021-10-01,PL,Poland,P06,Cloud Connect,Actual,,,,,38491.82,,,
Trend,2021-10-01,PL,Poland,P07,Voice Firewall & Anti-Fraud,Actual,,,,,322824.67,,,
Trend,2021-10-01,RO,Romania,P01,International Voice Termination,Actual,,,,,299225.34,,,
Trend,2021-10-01,RO,Romania,P03,IPX Roaming & Signalling,Actual,,,,,258825.16,,,
Trend,2021-10-01,RO,Romania,P05,Ethernet & Capacity Services,Actual,,,,,849144.37,,,
Trend,2021-10-01,RO,Romania,P07,Voice Firewall & Anti-Fraud,Actual,,,,,113272.31,,,
Trend,2021-10-01,SK,Slovakia,P01,International Voice Termination,Actual,,,,,606979.58,,,
Trend,2021-10-01,SK,Slovakia,P02,A2P Messaging,Actual,,,,,1287551.4,,,
Trend,2021-10-01,SK,Slovakia,P03,IPX Roaming & Signalling,Actual,,,,,461676.14,,,
Trend,2021-10-01,SK,Slovakia,P05,Ethernet & Capacity Services,Actual,,,,,780479.66,,,
Trend,2021-10-01,SK,Slovakia,P07,Voice Firewall & Anti-Fraud,Actual,,,,,87688.41,,,
Trend,2021-11-01,AT,Austria,P01,International Voice Termination,Actual,,,,,1463365.72,,,
Trend,2021-11-01,AT,Austria,P02,A2P Messaging,Actual,,,,,2378975.77,,,
Trend,2021-11-01,AT,Austria,P03,IPX Roaming & Signalling,Actual,,,,,441090.47,,,
Trend,2021-11-01,AT,Austria,P04,IP Transit,Actual,,,,,549775.08,,,
Trend,2021-11-01,AT,Austria,P05,Ethernet & Capacity Services,Actual,,,,,980391.12,,,
Trend,2021-11-01,AT,Austria,P07,Voice Firewall & Anti-Fraud,Actual,,,,,404156.7,,,
Trend,2021-11-01,CZ,Czechia,P03,IPX Roaming & Signalling,Actual,,,,,38074.32,,,
Trend,2021-11-01,CZ,Czechia,P04,IP Transit,Actual,,,,,115575.76,,,
Trend,2021-11-01,CZ,Czechia,P05,Ethernet & Capacity Services,Actual,,,,,1305167.97,,,
Trend,2021-11-01,CZ,Czechia,P06,Cloud Connect,Actual,,,,,84494.11,,,
Trend,2021-11-01,CZ,Czechia,P07,Voice Firewall & Anti-Fraud,Actual,,,,,24466.77,,,
Trend,2021-11-01,DE,Germany,P01,International Voice Termination,Actual,,,,,7304072.37,,,
Trend,2021-11-01,DE,Germany,P02,A2P Messaging,Actual,,,,,3657342.42,,,
Trend,2021-11-01,DE,Germany,P03,IPX Roaming & Signalling,Actual,,,,,1937372.65,,,
Trend,2021-11-01,DE,Germany,P04,IP Transit,Actual,,,,,3851688.6,,,
Trend,2021-11-01,DE,Germany,P05,Ethernet & Capacity Services,Actual,,,,,6743898.49,,,
Trend,2021-11-01,DE,Germany,P06,Cloud Connect,Actual,,,,,2783360.85,,,
Trend,2021-11-01,DE,Germany,P07,Voice Firewall & Anti-Fraud,Actual,,,,,872829.27,,,
Trend,2021-11-01,ES,Spain,P01,International Voice Termination,Actual,,,,,2434333.64,,,
Trend,2021-11-01,ES,Spain,P02,A2P Messaging,Actual,,,,,8080412.68,,,
Trend,2021-11-01,ES,Spain,P03,IPX Roaming & Signalling,Actual,,,,,1145865.86,,,
Trend,2021-11-01,ES,Spain,P04,IP Transit,Actual,,,,,2021613.24,,,
Trend,2021-11-01,ES,Spain,P05,Ethernet & Capacity Services,Actual,,,,,5673039.24,,,
Trend,2021-11-01,ES,Spain,P06,Cloud Connect,Actual,,,,,1216865.33,,,
Trend,2021-11-01,ES,Spain,P07,Voice Firewall & Anti-Fraud,Actual,,,,,1186710.18,,,
Trend,2021-11-01,FR,France,P01,International Voice Termination,Actual,,,,,3380749.39,,,
Trend,2021-11-01,FR,France,P02,A2P Messaging,Actual,,,,,8506295.65,,,
Trend,2021-11-01,FR,France,P03,IPX Roaming & Signalling,Actual,,,,,3355257.5,,,
Trend,2021-11-01,FR,France,P04,IP Transit,Actual,,,,,970010.83,,,
Trend,2021-11-01,FR,France,P05,Ethernet & Capacity Services,Actual,,,,,3185420.53,,,
Trend,2021-11-01,FR,France,P06,Cloud Connect,Actual,,,,,1222866.34,,,
Trend,2021-11-01,FR,France,P07,Voice Firewall & Anti-Fraud,Actual,,,,,2192037.11,,,
Trend,2021-11-01,GR,Greece,P01,International Voice Termination,Actual,,,,,1796805.38,,,
Trend,2021-11-01,GR,Greece,P02,A2P Messaging,Actual,,,,,1602021.38,,,
Trend,2021-11-01,GR,Greece,P03,IPX Roaming & Signalling,Actual,,,,,494051.1,,,
Trend,2021-11-01,GR,Greece,P04,IP Transit,Actual,,,,,328057.9,,,
Trend,2021-11-01,GR,Greece,P05,Ethernet & Capacity Services,Actual,,,,,1047738.1,,,
Trend,2021-11-01,GR,Greece,P07,Voice Firewall & Anti-Fraud,Actual,,,,,480885.73,,,
Trend,2021-11-01,HR,Croatia,P05,Ethernet & Capacity Services,Actual,,,,,154245.19,,,
Trend,2021-11-01,HR,Croatia,P06,Cloud Connect,Actual,,,,,59003.7,,,
Trend,2021-11-01,HU,Hungary,P01,International Voice Termination,Actual,,,,,2615225.83,,,
Trend,2021-11-01,HU,Hungary,P02,A2P Messaging,Actual,,,,,1096864.86,,,
Trend,2021-11-01,HU,Hungary,P03,IPX Roaming & Signalling,Actual,,,,,550577.73,,,
Trend,2021-11-01,HU,Hungary,P04,IP Transit,Actual,,,,,120256.9,,,
Trend,2021-11-01,HU,Hungary,P05,Ethernet & Capacity Services,Actual,,,,,854305.62,,,
Trend,2021-11-01,HU,Hungary,P06,Cloud Connect,Actual,,,,,96403.29,,,
Trend,2021-11-01,HU,Hungary,P07,Voice Firewall & Anti-Fraud,Actual,,,,,445054.91,,,
Trend,2021-11-01,IT,Italy,P01,International Voice Termination,Actual,,,,,308207.19,,,
Trend,2021-11-01,IT,Italy,P02,A2P Messaging,Actual,,,,,412356.3,,,
Trend,2021-11-01,IT,Italy,P03,IPX Roaming & Signalling,Actual,,,,,321882.29,,,
Trend,2021-11-01,IT,Italy,P04,IP Transit,Actual,,,,,883280.37,,,
Trend,2021-11-01,IT,Italy,P05,Ethernet & Capacity Services,Actual,,,,,5778677.85,,,
Trend,2021-11-01,IT,Italy,P06,Cloud Connect,Actual,,,,,1296946.56,,,
Trend,2021-11-01,IT,Italy,P07,Voice Firewall & Anti-Fraud,Actual,,,,,366492.57,,,
Trend,2021-11-01,NL,Netherlands,P01,International Voice Termination,Actual,,,,,4679018.13,,,
Trend,2021-11-01,NL,Netherlands,P02,A2P Messaging,Actual,,,,,5228169.68,,,
Trend,2021-11-01,NL,Netherlands,P03,IPX Roaming & Signalling,Actual,,,,,1601224.49,,,
Trend,2021-11-01,NL,Netherlands,P04,IP Transit,Actual,,,,,1128104.75,,,
Trend,2021-11-01,NL,Netherlands,P05,Ethernet & Capacity Services,Actual,,,,,2007501.33,,,
Trend,2021-11-01,NL,Netherlands,P06,Cloud Connect,Actual,,,,,61559.96,,,
Trend,2021-11-01,NL,Netherlands,P07,Voice Firewall & Anti-Fraud,Actual,,,,,1098868.31,,,
Trend,2021-11-01,PL,Poland,P01,International Voice Termination,Actual,,,,,3728091.82,,,
Trend,2021-11-01,PL,Poland,P02,A2P Messaging,Actual,,,,,307181.85,,,
Trend,2021-11-01,PL,Poland,P03,IPX Roaming & Signalling,Actual,,,,,1026845.25,,,
Trend,2021-11-01,PL,Poland,P04,IP Transit,Actual,,,,,919694.6,,,
Trend,2021-11-01,PL,Poland,P05,Ethernet & Capacity Services,Actual,,,,,2734641.89,,,
Trend,2021-11-01,PL,Poland,P06,Cloud Connect,Actual,,,,,39648.47,,,
Trend,2021-11-01,PL,Poland,P07,Voice Firewall & Anti-Fraud,Actual,,,,,322764.91,,,
Trend,2021-11-01,RO,Romania,P01,International Voice Termination,Actual,,,,,300637.84,,,
Trend,2021-11-01,RO,Romania,P03,IPX Roaming & Signalling,Actual,,,,,242577.69,,,
Trend,2021-11-01,RO,Romania,P05,Ethernet & Capacity Services,Actual,,,,,900747.5,,,
Trend,2021-11-01,RO,Romania,P07,Voice Firewall & Anti-Fraud,Actual,,,,,115140.58,,,
Trend,2021-11-01,SK,Slovakia,P01,International Voice Termination,Actual,,,,,624255.67,,,
Trend,2021-11-01,SK,Slovakia,P02,A2P Messaging,Actual,,,,,1766666.42,,,
Trend,2021-11-01,SK,Slovakia,P03,IPX Roaming & Signalling,Actual,,,,,381305.97,,,
Trend,2021-11-01,SK,Slovakia,P05,Ethernet & Capacity Services,Actual,,,,,776537.98,,,
Trend,2021-11-01,SK,Slovakia,P07,Voice Firewall & Anti-Fraud,Actual,,,,,87179.28,,,
Trend,2021-12-01,AT,Austria,P01,International Voice Termination,Actual,,,,,1482243.33,,,
Trend,2021-12-01,AT,Austria,P02,A2P Messaging,Actual,,,,,2075071.46,,,
Trend,2021-12-01,AT,Austria,P03,IPX Roaming & Signalling,Actual,,,,,478290.7,,,
Trend,2021-12-01,AT,Austria,P04,IP Transit,Actual,,,,,521315.77,,,
Trend,2021-12-01,AT,Austria,P05,Ethernet & Capacity Services,Actual,,,,,1015493.56,,,
Trend,2021-12-01,AT,Austria,P07,Voice Firewall & Anti-Fraud,Actual,,,,,406594.72,,,
Trend,2021-12-01,CZ,Czechia,P03,IPX Roaming & Signalling,Actual,,,,,43479.75,,,
Trend,2021-12-01,CZ,Czechia,P04,IP Transit,Actual,,,,,108952.01,,,
Trend,2021-12-01,CZ,Czechia,P05,Ethernet & Capacity Services,Actual,,,,,1414149.69,,,
Trend,2021-12-01,CZ,Czechia,P06,Cloud Connect,Actual,,,,,85707.73,,,
Trend,2021-12-01,CZ,Czechia,P07,Voice Firewall & Anti-Fraud,Actual,,,,,24117.61,,,
Trend,2021-12-01,DE,Germany,P01,International Voice Termination,Actual,,,,,7597304.23,,,
Trend,2021-12-01,DE,Germany,P02,A2P Messaging,Actual,,,,,3255429.62,,,
Trend,2021-12-01,DE,Germany,P03,IPX Roaming & Signalling,Actual,,,,,2293572.33,,,
Trend,2021-12-01,DE,Germany,P04,IP Transit,Actual,,,,,3956254.9,,,
Trend,2021-12-01,DE,Germany,P05,Ethernet & Capacity Services,Actual,,,,,6691595.04,,,
Trend,2021-12-01,DE,Germany,P06,Cloud Connect,Actual,,,,,2825833.41,,,
Trend,2021-12-01,DE,Germany,P07,Voice Firewall & Anti-Fraud,Actual,,,,,901329.9,,,
Trend,2021-12-01,ES,Spain,P01,International Voice Termination,Actual,,,,,2557539.49,,,
Trend,2021-12-01,ES,Spain,P02,A2P Messaging,Actual,,,,,7228733.16,,,
Trend,2021-12-01,ES,Spain,P03,IPX Roaming & Signalling,Actual,,,,,1243832.27,,,
Trend,2021-12-01,ES,Spain,P04,IP Transit,Actual,,,,,1945554.84,,,
Trend,2021-12-01,ES,Spain,P05,Ethernet & Capacity Services,Actual,,,,,5464368.16,,,
Trend,2021-12-01,ES,Spain,P06,Cloud Connect,Actual,,,,,1348620.62,,,
Trend,2021-12-01,ES,Spain,P07,Voice Firewall & Anti-Fraud,Actual,,,,,1225218.0,,,
Trend,2021-12-01,FR,France,P01,International Voice Termination,Actual,,,,,3596124.96,,,
Trend,2021-12-01,FR,France,P02,A2P Messaging,Actual,,,,,8006866.11,,,
Trend,2021-12-01,FR,France,P03,IPX Roaming & Signalling,Actual,,,,,3953158.52,,,
Trend,2021-12-01,FR,France,P04,IP Transit,Actual,,,,,926362.61,,,
Trend,2021-12-01,FR,France,P05,Ethernet & Capacity Services,Actual,,,,,3197999.25,,,
Trend,2021-12-01,FR,France,P06,Cloud Connect,Actual,,,,,1168372.87,,,
Trend,2021-12-01,FR,France,P07,Voice Firewall & Anti-Fraud,Actual,,,,,2223904.6,,,
Trend,2021-12-01,GR,Greece,P01,International Voice Termination,Actual,,,,,1819413.58,,,
Trend,2021-12-01,GR,Greece,P02,A2P Messaging,Actual,,,,,1426122.5,,,
Trend,2021-12-01,GR,Greece,P03,IPX Roaming & Signalling,Actual,,,,,572594.77,,,
Trend,2021-12-01,GR,Greece,P04,IP Transit,Actual,,,,,332225.51,,,
Trend,2021-12-01,GR,Greece,P05,Ethernet & Capacity Services,Actual,,,,,1048296.19,,,
Trend,2021-12-01,GR,Greece,P07,Voice Firewall & Anti-Fraud,Actual,,,,,468027.43,,,
Trend,2021-12-01,HR,Croatia,P05,Ethernet & Capacity Services,Actual,,,,,150432.88,,,
Trend,2021-12-01,HR,Croatia,P06,Cloud Connect,Actual,,,,,57150.13,,,
Trend,2021-12-01,HU,Hungary,P01,International Voice Termination,Actual,,,,,2850651.17,,,
Trend,2021-12-01,HU,Hungary,P02,A2P Messaging,Actual,,,,,1056160.09,,,
Trend,2021-12-01,HU,Hungary,P03,IPX Roaming & Signalling,Actual,,,,,636800.02,,,
Trend,2021-12-01,HU,Hungary,P04,IP Transit,Actual,,,,,191348.2,,,
Trend,2021-12-01,HU,Hungary,P05,Ethernet & Capacity Services,Actual,,,,,899872.74,,,
Trend,2021-12-01,HU,Hungary,P06,Cloud Connect,Actual,,,,,137915.15,,,
Trend,2021-12-01,HU,Hungary,P07,Voice Firewall & Anti-Fraud,Actual,,,,,460293.45,,,
Trend,2021-12-01,IT,Italy,P01,International Voice Termination,Actual,,,,,363975.85,,,
Trend,2021-12-01,IT,Italy,P02,A2P Messaging,Actual,,,,,385214.49,,,
Trend,2021-12-01,IT,Italy,P03,IPX Roaming & Signalling,Actual,,,,,376034.06,,,
Trend,2021-12-01,IT,Italy,P04,IP Transit,Actual,,,,,924587.63,,,
Trend,2021-12-01,IT,Italy,P05,Ethernet & Capacity Services,Actual,,,,,5292554.57,,,
Trend,2021-12-01,IT,Italy,P06,Cloud Connect,Actual,,,,,1185437.26,,,
Trend,2021-12-01,IT,Italy,P07,Voice Firewall & Anti-Fraud,Actual,,,,,367269.29,,,
Trend,2021-12-01,NL,Netherlands,P01,International Voice Termination,Actual,,,,,4968934.95,,,
Trend,2021-12-01,NL,Netherlands,P02,A2P Messaging,Actual,,,,,4947716.73,,,
Trend,2021-12-01,NL,Netherlands,P03,IPX Roaming & Signalling,Actual,,,,,1804908.48,,,
Trend,2021-12-01,NL,Netherlands,P04,IP Transit,Actual,,,,,1020587.28,,,
Trend,2021-12-01,NL,Netherlands,P05,Ethernet & Capacity Services,Actual,,,,,2265360.57,,,
Trend,2021-12-01,NL,Netherlands,P06,Cloud Connect,Actual,,,,,60150.55,,,
Trend,2021-12-01,NL,Netherlands,P07,Voice Firewall & Anti-Fraud,Actual,,,,,1125591.06,,,
Trend,2021-12-01,PL,Poland,P01,International Voice Termination,Actual,,,,,3888690.89,,,
Trend,2021-12-01,PL,Poland,P02,A2P Messaging,Actual,,,,,263918.28,,,
Trend,2021-12-01,PL,Poland,P03,IPX Roaming & Signalling,Actual,,,,,1293793.98,,,
Trend,2021-12-01,PL,Poland,P04,IP Transit,Actual,,,,,877576.65,,,
Trend,2021-12-01,PL,Poland,P05,Ethernet & Capacity Services,Actual,,,,,2707220.86,,,
Trend,2021-12-01,PL,Poland,P06,Cloud Connect,Actual,,,,,40211.55,,,
Trend,2021-12-01,PL,Poland,P07,Voice Firewall & Anti-Fraud,Actual,,,,,311646.8,,,
Trend,2021-12-01,RO,Romania,P01,International Voice Termination,Actual,,,,,306401.53,,,
Trend,2021-12-01,RO,Romania,P03,IPX Roaming & Signalling,Actual,,,,,339205.77,,,
Trend,2021-12-01,RO,Romania,P05,Ethernet & Capacity Services,Actual,,,,,940537.09,,,
Trend,2021-12-01,RO,Romania,P07,Voice Firewall & Anti-Fraud,Actual,,,,,108329.7,,,
Trend,2021-12-01,SK,Slovakia,P01,International Voice Termination,Actual,,,,,740858.67,,,
Trend,2021-12-01,SK,Slovakia,P02,A2P Messaging,Actual,,,,,1509173.91,,,
Trend,2021-12-01,SK,Slovakia,P03,IPX Roaming & Signalling,Actual,,,,,487929.87,,,
Trend,2021-12-01,SK,Slovakia,P05,Ethernet & Capacity Services,Actual,,,,,733268.8,,,
Trend,2021-12-01,SK,Slovakia,P07,Voice Firewall & Anti-Fraud,Actual,,,,,87629.45,,,
Trend,2022-01-01,AT,Austria,P01,International Voice Termination,Actual,,,,,1286208.87,,,
Trend,2022-01-01,AT,Austria,P02,A2P Messaging,Actual,,,,,1564956.25,,,
Trend,2022-01-01,AT,Austria,P03,IPX Roaming & Signalling,Actual,,,,,471206.38,,,
Trend,2022-01-01,AT,Austria,P04,IP Transit,Actual,,,,,473104.59,,,
Trend,2022-01-01,AT,Austria,P05,Ethernet & Capacity Services,Actual,,,,,1132262.39,,,
Trend,2022-01-01,AT,Austria,P07,Voice Firewall & Anti-Fraud,Actual,,,,,414057.63,,,
Trend,2022-01-01,CZ,Czechia,P03,IPX Roaming & Signalling,Actual,,,,,43739.99,,,
Trend,2022-01-01,CZ,Czechia,P04,IP Transit,Actual,,,,,116817.2,,,
Trend,2022-01-01,CZ,Czechia,P05,Ethernet & Capacity Services,Actual,,,,,1299310.76,,,
Trend,2022-01-01,CZ,Czechia,P06,Cloud Connect,Actual,,,,,94607.77,,,
Trend,2022-01-01,CZ,Czechia,P07,Voice Firewall & Anti-Fraud,Actual,,,,,26424.42,,,
Trend,2022-01-01,DE,Germany,P01,International Voice Termination,Actual,,,,,6858656.62,,,
Trend,2022-01-01,DE,Germany,P02,A2P Messaging,Actual,,,,,2488009.37,,,
Trend,2022-01-01,DE,Germany,P03,IPX Roaming & Signalling,Actual,,,,,2150342.93,,,
Trend,2022-01-01,DE,Germany,P04,IP Transit,Actual,,,,,3813334.38,,,
Trend,2022-01-01,DE,Germany,P05,Ethernet & Capacity Services,Actual,,,,,7089093.93,,,
Trend,2022-01-01,DE,Germany,P06,Cloud Connect,Actual,,,,,3075311.78,,,
Trend,2022-01-01,DE,Germany,P07,Voice Firewall & Anti-Fraud,Actual,,,,,904229.21,,,
Trend,2022-01-01,ES,Spain,P01,International Voice Termination,Actual,,,,,2264849.01,,,
Trend,2022-01-01,ES,Spain,P02,A2P Messaging,Actual,,,,,5343127.38,,,
Trend,2022-01-01,ES,Spain,P03,IPX Roaming & Signalling,Actual,,,,,1239640.5,,,
Trend,2022-01-01,ES,Spain,P04,IP Transit,Actual,,,,,2002268.62,,,
Trend,2022-01-01,ES,Spain,P05,Ethernet & Capacity Services,Actual,,,,,5860008.39,,,
Trend,2022-01-01,ES,Spain,P06,Cloud Connect,Actual,,,,,1386205.28,,,
Trend,2022-01-01,ES,Spain,P07,Voice Firewall & Anti-Fraud,Actual,,,,,1245800.13,,,
Trend,2022-01-01,FR,France,P01,International Voice Termination,Actual,,,,,3279938.27,,,
Trend,2022-01-01,FR,France,P02,A2P Messaging,Actual,,,,,5836224.73,,,
Trend,2022-01-01,FR,France,P03,IPX Roaming & Signalling,Actual,,,,,3713389.54,,,
Trend,2022-01-01,FR,France,P04,IP Transit,Actual,,,,,1008727.19,,,
Trend,2022-01-01,FR,France,P05,Ethernet & Capacity Services,Actual,,,,,3056680.43,,,
Trend,2022-01-01,FR,France,P06,Cloud Connect,Actual,,,,,1222084.92,,,
Trend,2022-01-01,FR,France,P07,Voice Firewall & Anti-Fraud,Actual,,,,,2254812.96,,,
Trend,2022-01-01,GR,Greece,P01,International Voice Termination,Actual,,,,,1609361.47,,,
Trend,2022-01-01,GR,Greece,P02,A2P Messaging,Actual,,,,,1100585.62,,,
Trend,2022-01-01,GR,Greece,P03,IPX Roaming & Signalling,Actual,,,,,558639.47,,,
Trend,2022-01-01,GR,Greece,P04,IP Transit,Actual,,,,,376914.62,,,
Trend,2022-01-01,GR,Greece,P05,Ethernet & Capacity Services,Actual,,,,,1059955.32,,,
Trend,2022-01-01,GR,Greece,P07,Voice Firewall & Anti-Fraud,Actual,,,,,481969.85,,,
Trend,2022-01-01,HR,Croatia,P05,Ethernet & Capacity Services,Actual,,,,,158621.75,,,
Trend,2022-01-01,HR,Croatia,P06,Cloud Connect,Actual,,,,,61948.76,,,
Trend,2022-01-01,HU,Hungary,P01,International Voice Termination,Actual,,,,,2554704.51,,,
Trend,2022-01-01,HU,Hungary,P02,A2P Messaging,Actual,,,,,871300.07,,,
Trend,2022-01-01,HU,Hungary,P03,IPX Roaming & Signalling,Actual,,,,,590331.51,,,
Trend,2022-01-01,HU,Hungary,P04,IP Transit,Actual,,,,,258286.73,,,
Trend,2022-01-01,HU,Hungary,P05,Ethernet & Capacity Services,Actual,,,,,959439.26,,,
Trend,2022-01-01,HU,Hungary,P06,Cloud Connect,Actual,,,,,185316.39,,,
Trend,2022-01-01,HU,Hungary,P07,Voice Firewall & Anti-Fraud,Actual,,,,,476986.74,,,
Trend,2022-01-01,IT,Italy,P01,International Voice Termination,Actual,,,,,280171.08,,,
Trend,2022-01-01,IT,Italy,P02,A2P Messaging,Actual,,,,,297954.34,,,
Trend,2022-01-01,IT,Italy,P03,IPX Roaming & Signalling,Actual,,,,,338407.06,,,
Trend,2022-01-01,IT,Italy,P04,IP Transit,Actual,,,,,917635.16,,,
Trend,2022-01-01,IT,Italy,P05,Ethernet & Capacity Services,Actual,,,,,5543667.5,,,
Trend,2022-01-01,IT,Italy,P06,Cloud Connect,Actual,,,,,1268106.16,,,
Trend,2022-01-01,IT,Italy,P07,Voice Firewall & Anti-Fraud,Actual,,,,,389657.49,,,
Trend,2022-01-01,NL,Netherlands,P01,International Voice Termination,Actual,,,,,4110025.45,,,
Trend,2022-01-01,NL,Netherlands,P02,A2P Messaging,Actual,,,,,3417921.16,,,
Trend,2022-01-01,NL,Netherlands,P03,IPX Roaming & Signalling,Actual,,,,,1860066.2,,,
Trend,2022-01-01,NL,Netherlands,P04,IP Transit,Actual,,,,,1060146.13,,,
Trend,2022-01-01,NL,Netherlands,P05,Ethernet & Capacity Services,Actual,,,,,2041884.91,,,
Trend,2022-01-01,NL,Netherlands,P06,Cloud Connect,Actual,,,,,61557.88,,,
Trend,2022-01-01,NL,Netherlands,P07,Voice Firewall & Anti-Fraud,Actual,,,,,1134006.66,,,
Trend,2022-01-01,PL,Poland,P01,International Voice Termination,Actual,,,,,3343958.18,,,
Trend,2022-01-01,PL,Poland,P02,A2P Messaging,Actual,,,,,208808.67,,,
Trend,2022-01-01,PL,Poland,P03,IPX Roaming & Signalling,Actual,,,,,1153344.64,,,
Trend,2022-01-01,PL,Poland,P04,IP Transit,Actual,,,,,849231.22,,,
Trend,2022-01-01,PL,Poland,P05,Ethernet & Capacity Services,Actual,,,,,2694796.02,,,
Trend,2022-01-01,PL,Poland,P06,Cloud Connect,Actual,,,,,40386.67,,,
Trend,2022-01-01,PL,Poland,P07,Voice Firewall & Anti-Fraud,Actual,,,,,349768.03,,,
Trend,2022-01-01,RO,Romania,P01,International Voice Termination,Actual,,,,,253567.02,,,
Trend,2022-01-01,RO,Romania,P03,IPX Roaming & Signalling,Actual,,,,,340882.73,,,
Trend,2022-01-01,RO,Romania,P05,Ethernet & Capacity Services,Actual,,,,,1085795.43,,,
Trend,2022-01-01,RO,Romania,P07,Voice Firewall & Anti-Fraud,Actual,,,,,111028.63,,,
Trend,2022-01-01,SK,Slovakia,P01,International Voice Termination,Actual,,,,,635493.47,,,
Trend,2022-01-01,SK,Slovakia,P02,A2P Messaging,Actual,,,,,1184733.15,,,
Trend,2022-01-01,SK,Slovakia,P03,IPX Roaming & Signalling,Actual,,,,,434987.84,,,
Trend,2022-01-01,SK,Slovakia,P05,Ethernet & Capacity Services,Actual,,,,,721282.27,,,
Trend,2022-01-01,SK,Slovakia,P07,Voice Firewall & Anti-Fraud,Actual,,,,,90488.58,,,
Trend,2022-02-01,AT,Austria,P01,International Voice Termination,Actual,,,,,1160085.06,,,
Trend,2022-02-01,AT,Austria,P02,A2P Messaging,Actual,,,,,1718079.0,,,
Trend,2022-02-01,AT,Austria,P03,IPX Roaming & Signalling,Actual,,,,,545497.77,,,
Trend,2022-02-01,AT,Austria,P04,IP Transit,Actual,,,,,547267.92,,,
Trend,2022-02-01,AT,Austria,P05,Ethernet & Capacity Services,Actual,,,,,1145699.68,,,
Trend,2022-02-01,AT,Austria,P07,Voice Firewall & Anti-Fraud,Actual,,,,,412728.86,,,
Trend,2022-02-01,CZ,Czechia,P03,IPX Roaming & Signalling,Actual,,,,,41571.12,,,
Trend,2022-02-01,CZ,Czechia,P04,IP Transit,Actual,,,,,104989.87,,,
Trend,2022-02-01,CZ,Czechia,P05,Ethernet & Capacity Services,Actual,,,,,1277937.78,,,
Trend,2022-02-01,CZ,Czechia,P06,Cloud Connect,Actual,,,,,94504.9,,,
Trend,2022-02-01,CZ,Czechia,P07,Voice Firewall & Anti-Fraud,Actual,,,,,24138.48,,,
Trend,2022-02-01,DE,Germany,P01,International Voice Termination,Actual,,,,,5852906.65,,,
Trend,2022-02-01,DE,Germany,P02,A2P Messaging,Actual,,,,,2656157.92,,,
Trend,2022-02-01,DE,Germany,P03,IPX Roaming & Signalling,Actual,,,,,2360655.1,,,
Trend,2022-02-01,DE,Germany,P04,IP Transit,Actual,,,,,4006835.37,,,
Trend,2022-02-01,DE,Germany,P05,Ethernet & Capacity Services,Actual,,,,,6914302.0,,,
Trend,2022-02-01,DE,Germany,P06,Cloud Connect,Actual,,,,,2979385.32,,,
Trend,2022-02-01,DE,Germany,P07,Voice Firewall & Anti-Fraud,Actual,,,,,924665.59,,,
Trend,2022-02-01,ES,Spain,P01,International Voice Termination,Actual,,,,,2059126.88,,,
Trend,2022-02-01,ES,Spain,P02,A2P Messaging,Actual,,,,,5819356.29,,,
Trend,2022-02-01,ES,Spain,P03,IPX Roaming & Signalling,Actual,,,,,1302251.61,,,
Trend,2022-02-01,ES,Spain,P04,IP Transit,Actual,,,,,2049357.29,,,
Trend,2022-02-01,ES,Spain,P05,Ethernet & Capacity Services,Actual,,,,,5964062.23,,,
Trend,2022-02-01,ES,Spain,P06,Cloud Connect,Actual,,,,,1498400.97,,,
Trend,2022-02-01,ES,Spain,P07,Voice Firewall & Anti-Fraud,Actual,,,,,1272135.7,,,
Trend,2022-02-01,FR,France,P01,International Voice Termination,Actual,,,,,3027074.95,,,
Trend,2022-02-01,FR,France,P02,A2P Messaging,Actual,,,,,6113346.44,,,
Trend,2022-02-01,FR,France,P03,IPX Roaming & Signalling,Actual,,,,,3939669.97,,,
Trend,2022-02-01,FR,France,P04,IP Transit,Actual,,,,,991271.09,,,
Trend,2022-02-01,FR,France,P05,Ethernet & Capacity Services,Actual,,,,,3116269.2,,,
Trend,2022-02-01,FR,France,P06,Cloud Connect,Actual,,,,,1222487.48,,,
Trend,2022-02-01,FR,France,P07,Voice Firewall & Anti-Fraud,Actual,,,,,2353174.76,,,
Trend,2022-02-01,GR,Greece,P01,International Voice Termination,Actual,,,,,1547381.07,,,
Trend,2022-02-01,GR,Greece,P02,A2P Messaging,Actual,,,,,1197067.14,,,
Trend,2022-02-01,GR,Greece,P03,IPX Roaming & Signalling,Actual,,,,,567906.47,,,
Trend,2022-02-01,GR,Greece,P04,IP Transit,Actual,,,,,350688.18,,,
Trend,2022-02-01,GR,Greece,P05,Ethernet & Capacity Services,Actual,,,,,1073815.88,,,
Trend,2022-02-01,GR,Greece,P07,Voice Firewall & Anti-Fraud,Actual,,,,,482681.98,,,
Trend,2022-02-01,HR,Croatia,P05,Ethernet & Capacity Services,Actual,,,,,151638.77,,,
Trend,2022-02-01,HR,Croatia,P06,Cloud Connect,Actual,,,,,60843.59,,,
Trend,2022-02-01,HU,Hungary,P01,International Voice Termination,Actual,,,,,2304191.42,,,
Trend,2022-02-01,HU,Hungary,P02,A2P Messaging,Actual,,,,,923514.19,,,
Trend,2022-02-01,HU,Hungary,P03,IPX Roaming & Signalling,Actual,,,,,655584.13,,,
Trend,2022-02-01,HU,Hungary,P04,IP Transit,Actual,,,,,331251.68,,,
Trend,2022-02-01,HU,Hungary,P05,Ethernet & Capacity Services,Actual,,,,,962937.72,,,
Trend,2022-02-01,HU,Hungary,P06,Cloud Connect,Actual,,,,,242566.73,,,
Trend,2022-02-01,HU,Hungary,P07,Voice Firewall & Anti-Fraud,Actual,,,,,470328.02,,,
Trend,2022-02-01,IT,Italy,P01,International Voice Termination,Actual,,,,,285421.65,,,
Trend,2022-02-01,IT,Italy,P02,A2P Messaging,Actual,,,,,264522.64,,,
Trend,2022-02-01,IT,Italy,P03,IPX Roaming & Signalling,Actual,,,,,358036.01,,,
Trend,2022-02-01,IT,Italy,P04,IP Transit,Actual,,,,,936397.88,,,
Trend,2022-02-01,IT,Italy,P05,Ethernet & Capacity Services,Actual,,,,,5248478.04,,,
Trend,2022-02-01,IT,Italy,P06,Cloud Connect,Actual,,,,,1316173.3,,,
Trend,2022-02-01,IT,Italy,P07,Voice Firewall & Anti-Fraud,Actual,,,,,395168.06,,,
Trend,2022-02-01,NL,Netherlands,P01,International Voice Termination,Actual,,,,,4002465.35,,,
Trend,2022-02-01,NL,Netherlands,P02,A2P Messaging,Actual,,,,,3740313.49,,,
Trend,2022-02-01,NL,Netherlands,P03,IPX Roaming & Signalling,Actual,,,,,1935796.28,,,
Trend,2022-02-01,NL,Netherlands,P04,IP Transit,Actual,,,,,1066837.95,,,
Trend,2022-02-01,NL,Netherlands,P05,Ethernet & Capacity Services,Actual,,,,,2232791.2,,,
Trend,2022-02-01,NL,Netherlands,P06,Cloud Connect,Actual,,,,,68854.84,,,
Trend,2022-02-01,NL,Netherlands,P07,Voice Firewall & Anti-Fraud,Actual,,,,,1156461.89,,,
Trend,2022-02-01,PL,Poland,P01,International Voice Termination,Actual,,,,,3224169.87,,,
Trend,2022-02-01,PL,Poland,P02,A2P Messaging,Actual,,,,,233589.6,,,
Trend,2022-02-01,PL,Poland,P03,IPX Roaming & Signalling,Actual,,,,,1320185.12,,,
Trend,2022-02-01,PL,Poland,P04,IP Transit,Actual,,,,,903865.17,,,
Trend,2022-02-01,PL,Poland,P05,Ethernet & Capacity Services,Actual,,,,,2693465.57,,,
Trend,2022-02-01,PL,Poland,P06,Cloud Connect,Actual,,,,,43994.29,,,
Trend,2022-02-01,PL,Poland,P07,Voice Firewall & Anti-Fraud,Actual,,,,,327265.99,,,
Trend,2022-02-01,RO,Romania,P01,International Voice Termination,Actual,,,,,249448.79,,,
Trend,2022-02-01,RO,Romania,P03,IPX Roaming & Signalling,Actual,,,,,379165.68,,,
Trend,2022-02-01,RO,Romania,P05,Ethernet & Capacity Services,Actual,,,,,1148438.19,,,
Trend,2022-02-01,RO,Romania,P07,Voice Firewall & Anti-Fraud,Actual,,,,,118311.72,,,
Trend,2022-02-01,SK,Slovakia,P01,International Voice Termination,Actual,,,,,604534.3,,,
Trend,2022-02-01,SK,Slovakia,P02,A2P Messaging,Actual,,,,,1160116.32,,,
Trend,2022-02-01,SK,Slovakia,P03,IPX Roaming & Signalling,Actual,,,,,502913.78,,,
Trend,2022-02-01,SK,Slovakia,P05,Ethernet & Capacity Services,Actual,,,,,785538.87,,,
Trend,2022-02-01,SK,Slovakia,P07,Voice Firewall & Anti-Fraud,Actual,,,,,95066.67,,,
Trend,2022-03-01,AT,Austria,P01,International Voice Termination,Actual,,,,,1217879.13,,,
Trend,2022-03-01,AT,Austria,P02,A2P Messaging,Actual,,,,,1735471.11,,,
Trend,2022-03-01,AT,Austria,P03,IPX Roaming & Signalling,Actual,,,,,632964.4,,,
Trend,2022-03-01,AT,Austria,P04,IP Transit,Actual,,,,,583513.82,,,
Trend,2022-03-01,AT,Austria,P05,Ethernet & Capacity Services,Actual,,,,,1077418.91,,,
Trend,2022-03-01,AT,Austria,P07,Voice Firewall & Anti-Fraud,Actual,,,,,410131.95,,,
Trend,2022-03-01,CZ,Czechia,P03,IPX Roaming & Signalling,Actual,,,,,52506.71,,,
Trend,2022-03-01,CZ,Czechia,P04,IP Transit,Actual,,,,,112739.72,,,
Trend,2022-03-01,CZ,Czechia,P05,Ethernet & Capacity Services,Actual,,,,,1288353.42,,,
Trend,2022-03-01,CZ,Czechia,P06,Cloud Connect,Actual,,,,,89279.56,,,
Trend,2022-03-01,CZ,Czechia,P07,Voice Firewall & Anti-Fraud,Actual,,,,,25991.62,,,
Trend,2022-03-01,DE,Germany,P01,International Voice Termination,Actual,,,,,6393944.02,,,
Trend,2022-03-01,DE,Germany,P02,A2P Messaging,Actual,,,,,2670963.86,,,
Trend,2022-03-01,DE,Germany,P03,IPX Roaming & Signalling,Actual,,,,,2844621.86,,,
Trend,2022-03-01,DE,Germany,P04,IP Transit,Actual,,,,,4057066.74,,,
Trend,2022-03-01,DE,Germany,P05,Ethernet & Capacity Services,Actual,,,,,6926537.29,,,
Trend,2022-03-01,DE,Germany,P06,Cloud Connect,Actual,,,,,3144292.27,,,
Trend,2022-03-01,DE,Germany,P07,Voice Firewall & Anti-Fraud,Actual,,,,,953231.58,,,
Trend,2022-03-01,ES,Spain,P01,International Voice Termination,Actual,,,,,2307980.77,,,
Trend,2022-03-01,ES,Spain,P02,A2P Messaging,Actual,,,,,6295201.68,,,
Trend,2022-03-01,ES,Spain,P03,IPX Roaming & Signalling,Actual,,,,,1572330.7,,,
Trend,2022-03-01,ES,Spain,P04,IP Transit,Actual,,,,,2120913.45,,,
Trend,2022-03-01,ES,Spain,P05,Ethernet & Capacity Services,Actual,,,,,6563498.73,,,
Trend,2022-03-01,ES,Spain,P06,Cloud Connect,Actual,,,,,1484162.87,,,
Trend,2022-03-01,ES,Spain,P07,Voice Firewall & Anti-Fraud,Actual,,,,,1250745.9,,,
Trend,2022-03-01,FR,France,P01,International Voice Termination,Actual,,,,,3352451.28,,,
Trend,2022-03-01,FR,France,P02,A2P Messaging,Actual,,,,,6725940.62,,,
Trend,2022-03-01,FR,France,P03,IPX Roaming & Signalling,Actual,,,,,4656564.87,,,
Trend,2022-03-01,FR,France,P04,IP Transit,Actual,,,,,1008001.12,,,
Trend,2022-03-01,FR,France,P05,Ethernet & Capacity Services,Actual,,,,,3179639.35,,,
Trend,2022-03-01,FR,France,P06,Cloud Connect,Actual,,,,,1235063.96,,,
Trend,2022-03-01,FR,France,P07,Voice Firewall & Anti-Fraud,Actual,,,,,2392849.12,,,
Trend,2022-03-01,GR,Greece,P01,International Voice Termination,Actual,,,,,1717465.72,,,
Trend,2022-03-01,GR,Greece,P02,A2P Messaging,Actual,,,,,1240229.95,,,
Trend,2022-03-01,GR,Greece,P03,IPX Roaming & Signalling,Actual,,,,,719515.62,,,
Trend,2022-03-01,GR,Greece,P04,IP Transit,Actual,,,,,319867.17,,,
Trend,2022-03-01,GR,Greece,P05,Ethernet & Capacity Services,Actual,,,,,1157871.73,,,
Trend,2022-03-01,GR,Greece,P07,Voice Firewall & Anti-Fraud,Actual,,,,,505568.83,,,
Trend,2022-03-01,HR,Croatia,P05,Ethernet & Capacity Services,Actual,,,,,156501.93,,,
Trend,2022-03-01,HR,Croatia,P06,Cloud Connect,Actual,,,,,60667.21,,,
Trend,2022-03-01,HU,Hungary,P01,International Voice Termination,Actual,,,,,2467488.83,,,
Trend,2022-03-01,HU,Hungary,P02,A2P Messaging,Actual,,,,,1070810.63,,,
Trend,2022-03-01,HU,Hungary,P03,IPX Roaming & Signalling,Actual,,,,,776286.27,,,
Trend,2022-03-01,HU,Hungary,P04,IP Transit,Actual,,,,,390862.35,,,
Trend,2022-03-01,HU,Hungary,P05,Ethernet & Capacity Services,Actual,,,,,985606.5,,,
Trend,2022-03-01,HU,Hungary,P06,Cloud Connect,Actual,,,,,298487.44,,,
Trend,2022-03-01,HU,Hungary,P07,Voice Firewall & Anti-Fraud,Actual,,,,,473500.68,,,
Trend,2022-03-01,IT,Italy,P01,International Voice Termination,Actual,,,,,288720.4,,,
Trend,2022-03-01,IT,Italy,P02,A2P Messaging,Actual,,,,,350499.51,,,
Trend,2022-03-01,IT,Italy,P03,IPX Roaming & Signalling,Actual,,,,,463724.68,,,
Trend,2022-03-01,IT,Italy,P04,IP Transit,Actual,,,,,974290.29,,,
Trend,2022-03-01,IT,Italy,P05,Ethernet & Capacity Services,Actual,,,,,5368973.57,,,
Trend,2022-03-01,IT,Italy,P06,Cloud Connect,Actual,,,,,1393095.32,,,
Trend,2022-03-01,IT,Italy,P07,Voice Firewall & Anti-Fraud,Actual,,,,,402316.47,,,
Trend,2022-03-01,NL,Netherlands,P01,International Voice Termination,Actual,,,,,4360517.5,,,
Trend,2022-03-01,NL,Netherlands,P02,A2P Messaging,Actual,,,,,4092597.42,,,
Trend,2022-03-01,NL,Netherlands,P03,IPX Roaming & Signalling,Actual,,,,,2355825.79,,,
Trend,2022-03-01,NL,Netherlands,P04,IP Transit,Actual,,,,,1079030.09,,,
Trend,2022-03-01,NL,Netherlands,P05,Ethernet & Capacity Services,Actual,,,,,2134486.88,,,
Trend,2022-03-01,NL,Netherlands,P06,Cloud Connect,Actual,,,,,67428.49,,,
Trend,2022-03-01,NL,Netherlands,P07,Voice Firewall & Anti-Fraud,Actual,,,,,1192989.23,,,
Trend,2022-03-01,PL,Poland,P01,International Voice Termination,Actual,,,,,3444835.66,,,
Trend,2022-03-01,PL,Poland,P02,A2P Messaging,Actual,,,,,239259.78,,,
Trend,2022-03-01,PL,Poland,P03,IPX Roaming & Signalling,Actual,,,,,1517030.32,,,
Trend,2022-03-01,PL,Poland,P04,IP Transit,Actual,,,,,885350.16,,,
Trend,2022-03-01,PL,Poland,P05,Ethernet & Capacity Services,Actual,,,,,2833598.33,,,
Trend,2022-03-01,PL,Poland,P06,Cloud Connect,Actual,,,,,45003.02,,,
Trend,2022-03-01,PL,Poland,P07,Voice Firewall & Anti-Fraud,Actual,,,,,333341.49,,,
Trend,2022-03-01,RO,Romania,P01,International Voice Termination,Actual,,,,,272354.22,,,
Trend,2022-03-01,RO,Romania,P03,IPX Roaming & Signalling,Actual,,,,,478543.31,,,
Trend,2022-03-01,RO,Romania,P05,Ethernet & Capacity Services,Actual,,,,,1165980.36,,,
Trend,2022-03-01,RO,Romania,P07,Voice Firewall & Anti-Fraud,Actual,,,,,117223.6,,,
Trend,2022-03-01,SK,Slovakia,P01,International Voice Termination,Actual,,,,,622493.44,,,
Trend,2022-03-01,SK,Slovakia,P02,A2P Messaging,Actual,,,,,1245369.51,,,
Trend,2022-03-01,SK,Slovakia,P03,IPX Roaming & Signalling,Actual,,,,,591315.37,,,
Trend,2022-03-01,SK,Slovakia,P05,Ethernet & Capacity Services,Actual,,,,,724765.39,,,
Trend,2022-03-01,SK,Slovakia,P07,Voice Firewall & Anti-Fraud,Actual,,,,,93993.6,,,
Trend,2022-04-01,AT,Austria,P01,International Voice Termination,Actual,,,,,1263496.85,,,
Trend,2022-04-01,AT,Austria,P02,A2P Messaging,Actual,,,,,1940772.43,,,
Trend,2022-04-01,AT,Austria,P03,IPX Roaming & Signalling,Actual,,,,,811801.58,,,
Trend,2022-04-01,AT,Austria,P04,IP Transit,Actual,,,,,586493.14,,,
Trend,2022-04-01,AT,Austria,P05,Ethernet & Capacity Services,Actual,,,,,1072643.36,,,
Trend,2022-04-01,AT,Austria,P07,Voice Firewall & Anti-Fraud,Actual,,,,,445496.69,,,
Trend,2022-04-01,CZ,Czechia,P03,IPX Roaming & Signalling,Actual,,,,,69904.82,,,
Trend,2022-04-01,CZ,Czechia,P04,IP Transit,Actual,,,,,128137.52,,,
Trend,2022-04-01,CZ,Czechia,P05,Ethernet & Capacity Services,Actual,,,,,1400258.12,,,
Trend,2022-04-01,CZ,Czechia,P06,Cloud Connect,Actual,,,,,88657.1,,,
Trend,2022-04-01,CZ,Czechia,P07,Voice Firewall & Anti-Fraud,Actual,,,,,25936.48,,,
Trend,2022-04-01,DE,Germany,P01,International Voice Termination,Actual,,,,,6392267.86,,,
Trend,2022-04-01,DE,Germany,P02,A2P Messaging,Actual,,,,,2836018.9,,,
Trend,2022-04-01,DE,Germany,P03,IPX Roaming & Signalling,Actual,,,,,3430641.88,,,
Trend,2022-04-01,DE,Germany,P04,IP Transit,Actual,,,,,3996491.29,,,
Trend,2022-04-01,DE,Germany,P05,Ethernet & Capacity Services,Actual,,,,,6857419.45,,,
Trend,2022-04-01,DE,Germany,P06,Cloud Connect,Actual,,,,,3129810.46,,,
Trend,2022-04-01,DE,Germany,P07,Voice Firewall & Anti-Fraud,Actual,,,,,922697.72,,,
Trend,2022-04-01,ES,Spain,P01,International Voice Termination,Actual,,,,,2234605.7,,,
Trend,2022-04-01,ES,Spain,P02,A2P Messaging,Actual,,,,,6296078.16,,,
Trend,2022-04-01,ES,Spain,P03,IPX Roaming & Signalling,Actual,,,,,1914059.96,,,
Trend,2022-04-01,ES,Spain,P04,IP Transit,Actual,,,,,1956289.27,,,
Trend,2022-04-01,ES,Spain,P05,Ethernet & Capacity Services,Actual,,,,,6330969.92,,,
Trend,2022-04-01,ES,Spain,P06,Cloud Connect,Actual,,,,,1531661.26,,,
Trend,2022-04-01,ES,Spain,P07,Voice Firewall & Anti-Fraud,Actual,,,,,1273312.57,,,
Trend,2022-04-01,FR,France,P01,International Voice Termination,Actual,,,,,3129467.0,,,
Trend,2022-04-01,FR,France,P02,A2P Messaging,Actual,,,,,6491027.72,,,
Trend,2022-04-01,FR,France,P03,IPX Roaming & Signalling,Actual,,,,,5726473.16,,,
Trend,2022-04-01,FR,France,P04,IP Transit,Actual,,,,,1013041.0,,,
Trend,2022-04-01,FR,France,P05,Ethernet & Capacity Services,Actual,,,,,3307968.19,,,
Trend,2022-04-01,FR,France,P06,Cloud Connect,Actual,,,,,1296346.32,,,
Trend,2022-04-01,FR,France,P07,Voice Firewall & Anti-Fraud,Actual,,,,,2382337.14,,,
Trend,2022-04-01,GR,Greece,P01,International Voice Termination,Actual,,,,,1560402.41,,,
Trend,2022-04-01,GR,Greece,P02,A2P Messaging,Actual,,,,,1340190.18,,,
Trend,2022-04-01,GR,Greece,P03,IPX Roaming & Signalling,Actual,,,,,908879.49,,,
Trend,2022-04-01,GR,Greece,P04,IP Transit,Actual,,,,,350812.34,,,
Trend,2022-04-01,GR,Greece,P05,Ethernet & Capacity Services,Actual,,,,,1075562.37,,,
Trend,2022-04-01,GR,Greece,P07,Voice Firewall & Anti-Fraud,Actual,,,,,487386.53,,,
Trend,2022-04-01,HR,Croatia,P05,Ethernet & Capacity Services,Actual,,,,,159827.33,,,
Trend,2022-04-01,HR,Croatia,P06,Cloud Connect,Actual,,,,,65031.69,,,
Trend,2022-04-01,HU,Hungary,P01,International Voice Termination,Actual,,,,,2555790.33,,,
Trend,2022-04-01,HU,Hungary,P02,A2P Messaging,Actual,,,,,1059464.27,,,
Trend,2022-04-01,HU,Hungary,P03,IPX Roaming & Signalling,Actual,,,,,994103.4,,,
Trend,2022-04-01,HU,Hungary,P04,IP Transit,Actual,,,,,452505.58,,,
Trend,2022-04-01,HU,Hungary,P05,Ethernet & Capacity Services,Actual,,,,,971443.08,,,
Trend,2022-04-01,HU,Hungary,P06,Cloud Connect,Actual,,,,,355546.64,,,
Trend,2022-04-01,HU,Hungary,P07,Voice Firewall & Anti-Fraud,Actual,,,,,473702.36,,,
Trend,2022-04-01,IT,Italy,P01,International Voice Termination,Actual,,,,,300045.47,,,
Trend,2022-04-01,IT,Italy,P02,A2P Messaging,Actual,,,,,338146.22,,,
Trend,2022-04-01,IT,Italy,P03,IPX Roaming & Signalling,Actual,,,,,553737.45,,,
Trend,2022-04-01,IT,Italy,P04,IP Transit,Actual,,,,,999721.1,,,
Trend,2022-04-01,IT,Italy,P05,Ethernet & Capacity Services,Actual,,,,,5546610.72,,,
Trend,2022-04-01,IT,Italy,P06,Cloud Connect,Actual,,,,,1380405.21,,,
Trend,2022-04-01,IT,Italy,P07,Voice Firewall & Anti-Fraud,Actual,,,,,393925.82,,,
Trend,2022-04-01,NL,Netherlands,P01,International Voice Termination,Actual,,,,,4127415.16,,,
Trend,2022-04-01,NL,Netherlands,P02,A2P Messaging,Actual,,,,,4277472.01,,,
Trend,2022-04-01,NL,Netherlands,P03,IPX Roaming & Signalling,Actual,,,,,2846121.58,,,
Trend,2022-04-01,NL,Netherlands,P04,IP Transit,Actual,,,,,1071696.15,,,
Trend,2022-04-01,NL,Netherlands,P05,Ethernet & Capacity Services,Actual,,,,,2049391.87,,,
Trend,2022-04-01,NL,Netherlands,P06,Cloud Connect,Actual,,,,,71734.02,,,
Trend,2022-04-01,NL,Netherlands,P07,Voice Firewall & Anti-Fraud,Actual,,,,,1141004.69,,,
Trend,2022-04-01,PL,Poland,P01,International Voice Termination,Actual,,,,,3295856.26,,,
Trend,2022-04-01,PL,Poland,P02,A2P Messaging,Actual,,,,,254916.63,,,
Trend,2022-04-01,PL,Poland,P03,IPX Roaming & Signalling,Actual,,,,,1978874.73,,,
Trend,2022-04-01,PL,Poland,P04,IP Transit,Actual,,,,,990253.66,,,
Trend,2022-04-01,PL,Poland,P05,Ethernet & Capacity Services,Actual,,,,,2800178.9,,,
Trend,2022-04-01,PL,Poland,P06,Cloud Connect,Actual,,,,,41466.38,,,
Trend,2022-04-01,PL,Poland,P07,Voice Firewall & Anti-Fraud,Actual,,,,,348089.13,,,
Trend,2022-04-01,RO,Romania,P01,International Voice Termination,Actual,,,,,255142.48,,,
Trend,2022-04-01,RO,Romania,P03,IPX Roaming & Signalling,Actual,,,,,597654.47,,,
Trend,2022-04-01,RO,Romania,P05,Ethernet & Capacity Services,Actual,,,,,1143856.55,,,
Trend,2022-04-01,RO,Romania,P07,Voice Firewall & Anti-Fraud,Actual,,,,,112514.3,,,
Trend,2022-04-01,SK,Slovakia,P01,International Voice Termination,Actual,,,,,613866.41,,,
Trend,2022-04-01,SK,Slovakia,P02,A2P Messaging,Actual,,,,,1233864.87,,,
Trend,2022-04-01,SK,Slovakia,P03,IPX Roaming & Signalling,Actual,,,,,651226.36,,,
Trend,2022-04-01,SK,Slovakia,P05,Ethernet & Capacity Services,Actual,,,,,565500.68,,,
Trend,2022-04-01,SK,Slovakia,P07,Voice Firewall & Anti-Fraud,Actual,,,,,66134.81,,,
Trend,2022-05-01,AT,Austria,P01,International Voice Termination,Actual,,,,,1275578.39,,,
Trend,2022-05-01,AT,Austria,P02,A2P Messaging,Actual,,,,,2054376.27,,,
Trend,2022-05-01,AT,Austria,P03,IPX Roaming & Signalling,Actual,,,,,932383.64,,,
Trend,2022-05-01,AT,Austria,P04,IP Transit,Actual,,,,,547121.95,,,
Trend,2022-05-01,AT,Austria,P05,Ethernet & Capacity Services,Actual,,,,,1084513.65,,,
Trend,2022-05-01,AT,Austria,P07,Voice Firewall & Anti-Fraud,Actual,,,,,443111.36,,,
Trend,2022-05-01,CZ,Czechia,P03,IPX Roaming & Signalling,Actual,,,,,82339.23,,,
Trend,2022-05-01,CZ,Czechia,P04,IP Transit,Actual,,,,,127359.73,,,
Trend,2022-05-01,CZ,Czechia,P05,Ethernet & Capacity Services,Actual,,,,,1392610.74,,,
Trend,2022-05-01,CZ,Czechia,P06,Cloud Connect,Actual,,,,,93905.23,,,
Trend,2022-05-01,CZ,Czechia,P07,Voice Firewall & Anti-Fraud,Actual,,,,,27320.54,,,
Trend,2022-05-01,DE,Germany,P01,International Voice Termination,Actual,,,,,6215938.74,,,
Trend,2022-05-01,DE,Germany,P02,A2P Messaging,Actual,,,,,2965585.52,,,
Trend,2022-05-01,DE,Germany,P03,IPX Roaming & Signalling,Actual,,,,,4174657.6,,,
Trend,2022-05-01,DE,Germany,P04,IP Transit,Actual,,,,,4086994.69,,,
Trend,2022-05-01,DE,Germany,P05,Ethernet & Capacity Services,Actual,,,,,6980412.1,,,
Trend,2022-05-01,DE,Germany,P06,Cloud Connect,Actual,,,,,3286433.89,,,
Trend,2022-05-01,DE,Germany,P07,Voice Firewall & Anti-Fraud,Actual,,,,,1001491.46,,,
Trend,2022-05-01,ES,Spain,P01,International Voice Termination,Actual,,,,,2133007.58,,,
Trend,2022-05-01,ES,Spain,P02,A2P Messaging,Actual,,,,,6653027.94,,,
Trend,2022-05-01,ES,Spain,P03,IPX Roaming & Signalling,Actual,,,,,2279338.09,,,
Trend,2022-05-01,ES,Spain,P04,IP Transit,Actual,,,,,2132827.07,,,
Trend,2022-05-01,ES,Spain,P05,Ethernet & Capacity Services,Actual,,,,,6527560.78,,,
Trend,2022-05-01,ES,Spain,P06,Cloud Connect,Actual,,,,,1586026.64,,,
Trend,2022-05-01,ES,Spain,P07,Voice Firewall & Anti-Fraud,Actual,,,,,1270440.32,,,
Trend,2022-05-01,FR,France,P01,International Voice Termination,Actual,,,,,3176709.48,,,
Trend,2022-05-01,FR,France,P02,A2P Messaging,Actual,,,,,7351431.36,,,
Trend,2022-05-01,FR,France,P03,IPX Roaming & Signalling,Actual,,,,,6784136.0,,,
Trend,2022-05-01,FR,France,P04,IP Transit,Actual,,,,,1057317.46,,,
Trend,2022-05-01,FR,France,P05,Ethernet & Capacity Services,Actual,,,,,3370648.78,,,
Trend,2022-05-01,FR,France,P06,Cloud Connect,Actual,,,,,1264102.45,,,
Trend,2022-05-01,FR,France,P07,Voice Firewall & Anti-Fraud,Actual,,,,,2453167.6,,,
Trend,2022-05-01,GR,Greece,P01,International Voice Termination,Actual,,,,,1554069.97,,,
Trend,2022-05-01,GR,Greece,P02,A2P Messaging,Actual,,,,,1309106.17,,,
Trend,2022-05-01,GR,Greece,P03,IPX Roaming & Signalling,Actual,,,,,1096483.15,,,
Trend,2022-05-01,GR,Greece,P04,IP Transit,Actual,,,,,356996.22,,,
Trend,2022-05-01,GR,Greece,P05,Ethernet & Capacity Services,Actual,,,,,1100720.6,,,
Trend,2022-05-01,GR,Greece,P07,Voice Firewall & Anti-Fraud,Actual,,,,,520603.41,,,
Trend,2022-05-01,HR,Croatia,P05,Ethernet & Capacity Services,Actual,,,,,161354.42,,,
Trend,2022-05-01,HR,Croatia,P06,Cloud Connect,Actual,,,,,65372.98,,,
Trend,2022-05-01,HU,Hungary,P01,International Voice Termination,Actual,,,,,2375287.62,,,
Trend,2022-05-01,HU,Hungary,P02,A2P Messaging,Actual,,,,,1172226.86,,,
Trend,2022-05-01,HU,Hungary,P03,IPX Roaming & Signalling,Actual,,,,,1176016.14,,,
Trend,2022-05-01,HU,Hungary,P04,IP Transit,Actual,,,,,441581.85,,,
Trend,2022-05-01,HU,Hungary,P05,Ethernet & Capacity Services,Actual,,,,,971783.82,,,
Trend,2022-05-01,HU,Hungary,P06,Cloud Connect,Actual,,,,,345682.62,,,
Trend,2022-05-01,HU,Hungary,P07,Voice Firewall & Anti-Fraud,Actual,,,,,501761.53,,,
Trend,2022-05-01,IT,Italy,P01,International Voice Termination,Actual,,,,,295842.43,,,
Trend,2022-05-01,IT,Italy,P02,A2P Messaging,Actual,,,,,352648.29,,,
Trend,2022-05-01,IT,Italy,P03,IPX Roaming & Signalling,Actual,,,,,635778.6,,,
Trend,2022-05-01,IT,Italy,P04,IP Transit,Actual,,,,,935293.09,,,
Trend,2022-05-01,IT,Italy,P05,Ethernet & Capacity Services,Actual,,,,,5330688.15,,,
Trend,2022-05-01,IT,Italy,P06,Cloud Connect,Actual,,,,,1407910.81,,,
Trend,2022-05-01,IT,Italy,P07,Voice Firewall & Anti-Fraud,Actual,,,,,410917.85,,,
Trend,2022-05-01,NL,Netherlands,P01,International Voice Termination,Actual,,,,,3978215.42,,,
Trend,2022-05-01,NL,Netherlands,P02,A2P Messaging,Actual,,,,,4396472.6,,,
Trend,2022-05-01,NL,Netherlands,P03,IPX Roaming & Signalling,Actual,,,,,3109541.15,,,
Trend,2022-05-01,NL,Netherlands,P04,IP Transit,Actual,,,,,1079472.93,,,
Trend,2022-05-01,NL,Netherlands,P05,Ethernet & Capacity Services,Actual,,,,,2328314.88,,,
Trend,2022-05-01,NL,Netherlands,P06,Cloud Connect,Actual,,,,,64727.23,,,
Trend,2022-05-01,NL,Netherlands,P07,Voice Firewall & Anti-Fraud,Actual,,,,,1142461.62,,,
Trend,2022-05-01,PL,Poland,P01,International Voice Termination,Actual,,,,,3169327.97,,,
Trend,2022-05-01,PL,Poland,P02,A2P Messaging,Actual,,,,,264900.23,,,
Trend,2022-05-01,PL,Poland,P03,IPX Roaming & Signalling,Actual,,,,,2157582.71,,,
Trend,2022-05-01,PL,Poland,P04,IP Transit,Actual,,,,,927463.21,,,
Trend,2022-05-01,PL,Poland,P05,Ethernet & Capacity Services,Actual,,,,,2704003.77,,,
Trend,2022-05-01,PL,Poland,P06,Cloud Connect,Actual,,,,,43675.6,,,
Trend,2022-05-01,PL,Poland,P07,Voice Firewall & Anti-Fraud,Actual,,,,,362832.39,,,
Trend,2022-05-01,RO,Romania,P01,International Voice Termination,Actual,,,,,264178.85,,,
Trend,2022-05-01,RO,Romania,P03,IPX Roaming & Signalling,Actual,,,,,697793.61,,,
Trend,2022-05-01,RO,Romania,P05,Ethernet & Capacity Services,Actual,,,,,1186377.07,,,
Trend,2022-05-01,RO,Romania,P07,Voice Firewall & Anti-Fraud,Actual,,,,,121073.91,,,
Trend,2022-05-01,SK,Slovakia,P01,International Voice Termination,Actual,,,,,565461.07,,,
Trend,2022-05-01,SK,Slovakia,P02,A2P Messaging,Actual,,,,,1362791.64,,,
Trend,2022-05-01,SK,Slovakia,P03,IPX Roaming & Signalling,Actual,,,,,651284.85,,,
Trend,2022-05-01,SK,Slovakia,P05,Ethernet & Capacity Services,Actual,,,,,468810.33,,,
Trend,2022-05-01,SK,Slovakia,P07,Voice Firewall & Anti-Fraud,Actual,,,,,31057.18,,,
Trend,2022-06-01,AT,Austria,P01,International Voice Termination,Actual,,,,,1209569.35,,,
Trend,2022-06-01,AT,Austria,P02,A2P Messaging,Actual,,,,,1982815.48,,,
Trend,2022-06-01,AT,Austria,P03,IPX Roaming & Signalling,Actual,,,,,1086233.91,,,
Trend,2022-06-01,AT,Austria,P04,IP Transit,Actual,,,,,562392.64,,,
Trend,2022-06-01,AT,Austria,P05,Ethernet & Capacity Services,Actual,,,,,1160969.54,,,
Trend,2022-06-01,AT,Austria,P07,Voice Firewall & Anti-Fraud,Actual,,,,,453810.15,,,
Trend,2022-06-01,CZ,Czechia,P03,IPX Roaming & Signalling,Actual,,,,,101409.68,,,
Trend,2022-06-01,CZ,Czechia,P04,IP Transit,Actual,,,,,120182.67,,,
Trend,2022-06-01,CZ,Czechia,P05,Ethernet & Capacity Services,Actual,,,,,1415353.91,,,
Trend,2022-06-01,CZ,Czechia,P06,Cloud Connect,Actual,,,,,99356.34,,,
Trend,2022-06-01,CZ,Czechia,P07,Voice Firewall & Anti-Fraud,Actual,,,,,28636.5,,,
Trend,2022-06-01,DE,Germany,P01,International Voice Termination,Actual,,,,,5901027.27,,,
Trend,2022-06-01,DE,Germany,P02,A2P Messaging,Actual,,,,,2945465.18,,,
Trend,2022-06-01,DE,Germany,P03,IPX Roaming & Signalling,Actual,,,,,5056980.2,,,
Trend,2022-06-01,DE,Germany,P04,IP Transit,Actual,,,,,4026806.68,,,
Trend,2022-06-01,DE,Germany,P05,Ethernet & Capacity Services,Actual,,,,,7115150.9,,,
Trend,2022-06-01,DE,Germany,P06,Cloud Connect,Actual,,,,,3176294.04,,,
Trend,2022-06-01,DE,Germany,P07,Voice Firewall & Anti-Fraud,Actual,,,,,954578.01,,,
Trend,2022-06-01,ES,Spain,P01,International Voice Termination,Actual,,,,,2030517.06,,,
Trend,2022-06-01,ES,Spain,P02,A2P Messaging,Actual,,,,,6625422.66,,,
Trend,2022-06-01,ES,Spain,P03,IPX Roaming & Signalling,Actual,,,,,2712441.72,,,
Trend,2022-06-01,ES,Spain,P04,IP Transit,Actual,,,,,2008218.51,,,
Trend,2022-06-01,ES,Spain,P05,Ethernet & Capacity Services,Actual,,,,,6438957.9,,,
Trend,2022-06-01,ES,Spain,P06,Cloud Connect,Actual,,,,,1572419.09,,,
Trend,2022-06-01,ES,Spain,P07,Voice Firewall & Anti-Fraud,Actual,,,,,1313841.37,,,
Trend,2022-06-01,FR,France,P01,International Voice Termination,Actual,,,,,3065949.15,,,
Trend,2022-06-01,FR,France,P02,A2P Messaging,Actual,,,,,7214902.49,,,
Trend,2022-06-01,FR,France,P03,IPX Roaming & Signalling,Actual,,,,,8435056.95,,,
Trend,2022-06-01,FR,France,P04,IP Transit,Actual,,,,,1051473.48,,,
Trend,2022-06-01,FR,France,P05,Ethernet & Capacity Services,Actual,,,,,3303249.02,,,
Trend,2022-06-01,FR,France,P06,Cloud Connect,Actual,,,,,1335221.3,,,
Trend,2022-06-01,FR,France,P07,Voice Firewall & Anti-Fraud,Actual,,,,,2562879.01,,,
Trend,2022-06-01,GR,Greece,P01,International Voice Termination,Actual,,,,,1612559.45,,,
Trend,2022-06-01,GR,Greece,P02,A2P Messaging,Actual,,,,,1288774.05,,,
Trend,2022-06-01,GR,Greece,P03,IPX Roaming & Signalling,Actual,,,,,1327536.77,,,
Trend,2022-06-01,GR,Greece,P04,IP Transit,Actual,,,,,350458.25,,,
Trend,2022-06-01,GR,Greece,P05,Ethernet & Capacity Services,Actual,,,,,1075217.0,,,
Trend,2022-06-01,GR,Greece,P07,Voice Firewall & Anti-Fraud,Actual,,,,,492601.98,,,
Trend,2022-06-01,HR,Croatia,P05,Ethernet & Capacity Services,Actual,,,,,170509.76,,,
Trend,2022-06-01,HR,Croatia,P06,Cloud Connect,Actual,,,,,71362.69,,,
Trend,2022-06-01,HU,Hungary,P01,International Voice Termination,Actual,,,,,2381809.56,,,
Trend,2022-06-01,HU,Hungary,P02,A2P Messaging,Actual,,,,,1117254.36,,,
Trend,2022-06-01,HU,Hungary,P03,IPX Roaming & Signalling,Actual,,,,,1408827.3,,,
Trend,2022-06-01,HU,Hungary,P04,IP Transit,Actual,,,,,406379.5,,,
Trend,2022-06-01,HU,Hungary,P05,Ethernet & Capacity Services,Actual,,,,,1040972.12,,,
Trend,2022-06-01,HU,Hungary,P06,Cloud Connect,Actual,,,,,350467.47,,,
Trend,2022-06-01,HU,Hungary,P07,Voice Firewall & Anti-Fraud,Actual,,,,,490715.31,,,
Trend,2022-06-01,IT,Italy,P01,International Voice Termination,Actual,,,,,306571.52,,,
Trend,2022-06-01,IT,Italy,P02,A2P Messaging,Actual,,,,,323282.83,,,
Trend,2022-06-01,IT,Italy,P03,IPX Roaming & Signalling,Actual,,,,,845351.49,,,
Trend,2022-06-01,IT,Italy,P04,IP Transit,Actual,,,,,911127.96,,,
Trend,2022-06-01,IT,Italy,P05,Ethernet & Capacity Services,Actual,,,,,5278600.86,,,
Trend,2022-06-01,IT,Italy,P06,Cloud Connect,Actual,,,,,1386382.83,,,
Trend,2022-06-01,IT,Italy,P07,Voice Firewall & Anti-Fraud,Actual,,,,,422831.27,,,
Trend,2022-06-01,NL,Netherlands,P01,International Voice Termination,Actual,,,,,3734022.2,,,
Trend,2022-06-01,NL,Netherlands,P02,A2P Messaging,Actual,,,,,4297106.58,,,
Trend,2022-06-01,NL,Netherlands,P03,IPX Roaming & Signalling,Actual,,,,,4127077.58,,,
Trend,2022-06-01,NL,Netherlands,P04,IP Transit,Actual,,,,,1105663.63,,,
Trend,2022-06-01,NL,Netherlands,P05,Ethernet & Capacity Services,Actual,,,,,2223018.81,,,
Trend,2022-06-01,NL,Netherlands,P06,Cloud Connect,Actual,,,,,63265.04,,,
Trend,2022-06-01,NL,Netherlands,P07,Voice Firewall & Anti-Fraud,Actual,,,,,1252177.65,,,
Trend,2022-06-01,PL,Poland,P01,International Voice Termination,Actual,,,,,3147611.61,,,
Trend,2022-06-01,PL,Poland,P02,A2P Messaging,Actual,,,,,271967.73,,,
Trend,2022-06-01,PL,Poland,P03,IPX Roaming & Signalling,Actual,,,,,2753973.15,,,
Trend,2022-06-01,PL,Poland,P04,IP Transit,Actual,,,,,928747.12,,,
Trend,2022-06-01,PL,Poland,P05,Ethernet & Capacity Services,Actual,,,,,2857874.04,,,
Trend,2022-06-01,PL,Poland,P06,Cloud Connect,Actual,,,,,44430.94,,,
Trend,2022-06-01,PL,Poland,P07,Voice Firewall & Anti-Fraud,Actual,,,,,378594.92,,,
Trend,2022-06-01,RO,Romania,P01,International Voice Termination,Actual,,,,,235342.28,,,
Trend,2022-06-01,RO,Romania,P03,IPX Roaming & Signalling,Actual,,,,,860428.97,,,
Trend,2022-06-01,RO,Romania,P05,Ethernet & Capacity Services,Actual,,,,,1178920.65,,,
Trend,2022-06-01,RO,Romania,P07,Voice Firewall & Anti-Fraud,Actual,,,,,125372.41,,,
Trend,2022-06-01,SK,Slovakia,P01,International Voice Termination,Actual,,,,,625766.39,,,
Trend,2022-06-01,SK,Slovakia,P02,A2P Messaging,Actual,,,,,1363766.41,,,
Trend,2022-06-01,SK,Slovakia,P03,IPX Roaming & Signalling,Actual,,,,,738226.73,,,
Trend,2022-06-01,SK,Slovakia,P05,Ethernet & Capacity Services,Actual,,,,,367585.91,,,
Trend,2022-07-01,AT,Austria,P01,International Voice Termination,Actual,,,,,1140872.79,,,
Trend,2022-07-01,AT,Austria,P02,A2P Messaging,Actual,,,,,1850441.25,,,
Trend,2022-07-01,AT,Austria,P03,IPX Roaming & Signalling,Actual,,,,,1376693.78,,,
Trend,2022-07-01,AT,Austria,P04,IP Transit,Actual,,,,,561227.67,,,
Trend,2022-07-01,AT,Austria,P05,Ethernet & Capacity Services,Actual,,,,,1057902.48,,,
Trend,2022-07-01,AT,Austria,P07,Voice Firewall & Anti-Fraud,Actual,,,,,484441.97,,,
Trend,2022-07-01,CZ,Czechia,P03,IPX Roaming & Signalling,Actual,,,,,125123.25,,,
Trend,2022-07-01,CZ,Czechia,P04,IP Transit,Actual,,,,,121299.29,,,
Trend,2022-07-01,CZ,Czechia,P05,Ethernet & Capacity Services,Actual,,,,,1366818.45,,,
Trend,2022-07-01,CZ,Czechia,P06,Cloud Connect,Actual,,,,,95237.0,,,
Trend,2022-07-01,CZ,Czechia,P07,Voice Firewall & Anti-Fraud,Actual,,,,,26980.52,,,
Trend,2022-07-01,DE,Germany,P01,International Voice Termination,Actual,,,,,6072146.29,,,
Trend,2022-07-01,DE,Germany,P02,A2P Messaging,Actual,,,,,2895898.08,,,
Trend,2022-07-01,DE,Germany,P03,IPX Roaming & Signalling,Actual,,,,,6852810.63,,,
Trend,2022-07-01,DE,Germany,P04,IP Transit,Actual,,,,,4099785.79,,,
Trend,2022-07-01,DE,Germany,P05,Ethernet & Capacity Services,Actual,,,,,7059419.67,,,
Trend,2022-07-01,DE,Germany,P06,Cloud Connect,Actual,,,,,3258740.42,,,
Trend,2022-07-01,DE,Germany,P07,Voice Firewall & Anti-Fraud,Actual,,,,,985469.95,,,
Trend,2022-07-01,ES,Spain,P01,International Voice Termination,Actual,,,,,2190401.96,,,
Trend,2022-07-01,ES,Spain,P02,A2P Messaging,Actual,,,,,6747074.74,,,
Trend,2022-07-01,ES,Spain,P03,IPX Roaming & Signalling,Actual,,,,,3610649.17,,,
Trend,2022-07-01,ES,Spain,P04,IP Transit,Actual,,,,,2046331.79,,,
Trend,2022-07-01,ES,Spain,P05,Ethernet & Capacity Services,Actual,,,,,6232907.59,,,
Trend,2022-07-01,ES,Spain,P06,Cloud Connect,Actual,,,,,1589186.63,,,
Trend,2022-07-01,ES,Spain,P07,Voice Firewall & Anti-Fraud,Actual,,,,,1353514.97,,,
Trend,2022-07-01,FR,France,P01,International Voice Termination,Actual,,,,,2986431.21,,,
Trend,2022-07-01,FR,France,P02,A2P Messaging,Actual,,,,,6691132.79,,,
Trend,2022-07-01,FR,France,P03,IPX Roaming & Signalling,Actual,,,,,10933870.47,,,
Trend,2022-07-01,FR,France,P04,IP Transit,Actual,,,,,976650.41,,,
Trend,2022-07-01,FR,France,P05,Ethernet & Capacity Services,Actual,,,,,3227990.79,,,
Trend,2022-07-01,FR,France,P06,Cloud Connect,Actual,,,,,1299560.64,,,
Trend,2022-07-01,FR,France,P07,Voice Firewall & Anti-Fraud,Actual,,,,,2607865.93,,,
Trend,2022-07-01,GR,Greece,P01,International Voice Termination,Actual,,,,,1547374.35,,,
Trend,2022-07-01,GR,Greece,P02,A2P Messaging,Actual,,,,,1337969.46,,,
Trend,2022-07-01,GR,Greece,P03,IPX Roaming & Signalling,Actual,,,,,1609953.35,,,
Trend,2022-07-01,GR,Greece,P04,IP Transit,Actual,,,,,347343.08,,,
Trend,2022-07-01,GR,Greece,P05,Ethernet & Capacity Services,Actual,,,,,1109050.27,,,
Trend,2022-07-01,GR,Greece,P07,Voice Firewall & Anti-Fraud,Actual,,,,,501750.34,,,
Trend,2022-07-01,HR,Croatia,P05,Ethernet & Capacity Services,Actual,,,,,167633.15,,,
Trend,2022-07-01,HR,Croatia,P06,Cloud Connect,Actual,,,,,75362.2,,,
Trend,2022-07-01,HU,Hungary,P01,International Voice Termination,Actual,,,,,2414202.99,,,
Trend,2022-07-01,HU,Hungary,P02,A2P Messaging,Actual,,,,,1147834.66,,,
Trend,2022-07-01,HU,Hungary,P03,IPX Roaming & Signalling,Actual,,,,,1918008.67,,,
Trend,2022-07-01,HU,Hungary,P04,IP Transit,Actual,,,,,429617.9,,,
Trend,2022-07-01,HU,Hungary,P05,Ethernet & Capacity Services,Actual,,,,,1007092.1,,,
Trend,2022-07-01,HU,Hungary,P06,Cloud Connect,Actual,,,,,373980.76,,,
Trend,2022-07-01,HU,Hungary,P07,Voice Firewall & Anti-Fraud,Actual,,,,,501739.36,,,
Trend,2022-07-01,IT,Italy,P01,International Voice Termination,Actual,,,,,296085.2,,,
Trend,2022-07-01,IT,Italy,P02,A2P Messaging,Actual,,,,,332669.54,,,
Trend,2022-07-01,IT,Italy,P03,IPX Roaming & Signalling,Actual,,,,,942655.06,,,
Trend,2022-07-01,IT,Italy,P04,IP Transit,Actual,,,,,932056.68,,,
Trend,2022-07-01,IT,Italy,P05,Ethernet & Capacity Services,Actual,,,,,5295077.73,,,
Trend,2022-07-01,IT,Italy,P06,Cloud Connect,Actual,,,,,1387401.32,,,
Trend,2022-07-01,IT,Italy,P07,Voice Firewall & Anti-Fraud,Actual,,,,,426327.75,,,
Trend,2022-07-01,NL,Netherlands,P01,International Voice Termination,Actual,,,,,4269594.6,,,
Trend,2022-07-01,NL,Netherlands,P02,A2P Messaging,Actual,,,,,4246524.54,,,
Trend,2022-07-01,NL,Netherlands,P03,IPX Roaming & Signalling,Actual,,,,,5242098.94,,,
Trend,2022-07-01,NL,Netherlands,P04,IP Transit,Actual,,,,,1109522.0,,,
Trend,2022-07-01,NL,Netherlands,P05,Ethernet & Capacity Services,Actual,,,,,2135272.24,,,
Trend,2022-07-01,NL,Netherlands,P06,Cloud Connect,Actual,,,,,70493.2,,,
Trend,2022-07-01,NL,Netherlands,P07,Voice Firewall & Anti-Fraud,Actual,,,,,1230399.76,,,
Trend,2022-07-01,PL,Poland,P01,International Voice Termination,Actual,,,,,3328651.64,,,
Trend,2022-07-01,PL,Poland,P02,A2P Messaging,Actual,,,,,265231.14,,,
Trend,2022-07-01,PL,Poland,P03,IPX Roaming & Signalling,Actual,,,,,3615710.56,,,
Trend,2022-07-01,PL,Poland,P04,IP Transit,Actual,,,,,912032.06,,,
Trend,2022-07-01,PL,Poland,P05,Ethernet & Capacity Services,Actual,,,,,2797639.72,,,
Trend,2022-07-01,PL,Poland,P06,Cloud Connect,Actual,,,,,44406.01,,,
Trend,2022-07-01,PL,Poland,P07,Voice Firewall & Anti-Fraud,Actual,,,,,347840.76,,,
Trend,2022-07-01,RO,Romania,P01,International Voice Termination,Actual,,,,,244116.53,,,
Trend,2022-07-01,RO,Romania,P03,IPX Roaming & Signalling,Actual,,,,,1123032.86,,,
Trend,2022-07-01,RO,Romania,P05,Ethernet & Capacity Services,Actual,,,,,1182328.4,,,
Trend,2022-07-01,RO,Romania,P07,Voice Firewall & Anti-Fraud,Actual,,,,,118794.86,,,
Trend,2022-07-01,SK,Slovakia,P01,International Voice Termination,Actual,,,,,575376.15,,,
Trend,2022-07-01,SK,Slovakia,P02,A2P Messaging,Actual,,,,,1377220.3,,,
Trend,2022-07-01,SK,Slovakia,P03,IPX Roaming & Signalling,Actual,,,,,932253.59,,,
Trend,2022-07-01,SK,Slovakia,P05,Ethernet & Capacity Services,Actual,,,,,337113.29,,,
Trend,2022-08-01,AT,Austria,P01,International Voice Termination,Actual,,,,,1234697.09,,,
Trend,2022-08-01,AT,Austria,P02,A2P Messaging,Actual,,,,,1837421.32,,,
Trend,2022-08-01,AT,Austria,P03,IPX Roaming & Signalling,Actual,,,,,1247800.63,,,
Trend,2022-08-01,AT,Austria,P04,IP Transit,Actual,,,,,564826.96,,,
Trend,2022-08-01,AT,Austria,P05,Ethernet & Capacity Services,Actual,,,,,1061659.6,,,
Trend,2022-08-01,AT,Austria,P07,Voice Firewall & Anti-Fraud,Actual,,,,,472276.28,,,
Trend,2022-08-01,CZ,Czechia,P03,IPX Roaming & Signalling,Actual,,,,,134783.96,,,
Trend,2022-08-01,CZ,Czechia,P04,IP Transit,Actual,,,,,127580.84,,,
Trend,2022-08-01,CZ,Czechia,P05,Ethernet & Capacity Services,Actual,,,,,1359700.27,,,
Trend,2022-08-01,CZ,Czechia,P06,Cloud Connect,Actual,,,,,92715.67,,,
Trend,2022-08-01,CZ,Czechia,P07,Voice Firewall & Anti-Fraud,Actual,,,,,28830.91,,,
Trend,2022-08-01,DE,Germany,P01,International Voice Termination,Actual,,,,,6462442.48,,,
Trend,2022-08-01,DE,Germany,P02,A2P Messaging,Actual,,,,,2842112.74,,,
Trend,2022-08-01,DE,Germany,P03,IPX Roaming & Signalling,Actual,,,,,6596519.1,,,
Trend,2022-08-01,DE,Germany,P04,IP Transit,Actual,,,,,4065724.58,,,
Trend,2022-08-01,DE,Germany,P05,Ethernet & Capacity Services,Actual,,,,,6859105.48,,,
Trend,2022-08-01,DE,Germany,P06,Cloud Connect,Actual,,,,,3269253.69,,,
Trend,2022-08-01,DE,Germany,P07,Voice Firewall & Anti-Fraud,Actual,,,,,1013577.03,,,
Trend,2022-08-01,ES,Spain,P01,International Voice Termination,Actual,,,,,2048402.24,,,
Trend,2022-08-01,ES,Spain,P02,A2P Messaging,Actual,,,,,6533537.7,,,
Trend,2022-08-01,ES,Spain,P03,IPX Roaming & Signalling,Actual,,,,,3535654.12,,,
Trend,2022-08-01,ES,Spain,P04,IP Transit,Actual,,,,,1944731.16,,,
Trend,2022-08-01,ES,Spain,P05,Ethernet & Capacity Services,Actual,,,,,6158712.72,,,
Trend,2022-08-01,ES,Spain,P06,Cloud Connect,Actual,,,,,1674711.36,,,
Trend,2022-08-01,ES,Spain,P07,Voice Firewall & Anti-Fraud,Actual,,,,,1352002.5,,,
Trend,2022-08-01,FR,France,P01,International Voice Termination,Actual,,,,,2936559.69,,,
Trend,2022-08-01,FR,France,P02,A2P Messaging,Actual,,,,,6712886.7,,,
Trend,2022-08-01,FR,France,P03,IPX Roaming & Signalling,Actual,,,,,10949343.37,,,
Trend,2022-08-01,FR,France,P04,IP Transit,Actual,,,,,968147.18,,,
Trend,2022-08-01,FR,France,P05,Ethernet & Capacity Services,Actual,,,,,3391385.67,,,
Trend,2022-08-01,FR,France,P06,Cloud Connect,Actual,,,,,1347939.25,,,
Trend,2022-08-01,FR,France,P07,Voice Firewall & Anti-Fraud,Actual,,,,,2605485.47,,,
Trend,2022-08-01,GR,Greece,P01,International Voice Termination,Actual,,,,,1485227.71,,,
Trend,2022-08-01,GR,Greece,P02,A2P Messaging,Actual,,,,,1413928.67,,,
Trend,2022-08-01,GR,Greece,P03,IPX Roaming & Signalling,Actual,,,,,1636960.13,,,
Trend,2022-08-01,GR,Greece,P04,IP Transit,Actual,,,,,322433.38,,,
Trend,2022-08-01,GR,Greece,P05,Ethernet & Capacity Services,Actual,,,,,1117345.66,,,
Trend,2022-08-01,GR,Greece,P07,Voice Firewall & Anti-Fraud,Actual,,,,,538214.61,,,
Trend,2022-08-01,HR,Croatia,P05,Ethernet & Capacity Services,Actual,,,,,168483.93,,,
Trend,2022-08-01,HR,Croatia,P06,Cloud Connect,Actual,,,,,66149.12,,,
Trend,2022-08-01,HU,Hungary,P01,International Voice Termination,Actual,,,,,2276231.38,,,
Trend,2022-08-01,HU,Hungary,P02,A2P Messaging,Actual,,,,,1109391.39,,,
Trend,2022-08-01,HU,Hungary,P03,IPX Roaming & Signalling,Actual,,,,,1835636.93,,,
Trend,2022-08-01,HU,Hungary,P04,IP Transit,Actual,,,,,449025.62,,,
Trend,2022-08-01,HU,Hungary,P05,Ethernet & Capacity Services,Actual,,,,,967350.41,,,
Trend,2022-08-01,HU,Hungary,P06,Cloud Connect,Actual,,,,,352713.79,,,
Trend,2022-08-01,HU,Hungary,P07,Voice Firewall & Anti-Fraud,Actual,,,,,528909.77,,,
Trend,2022-08-01,IT,Italy,P01,International Voice Termination,Actual,,,,,283930.41,,,
Trend,2022-08-01,IT,Italy,P02,A2P Messaging,Actual,,,,,541498.74,,,
Trend,2022-08-01,IT,Italy,P03,IPX Roaming & Signalling,Actual,,,,,1017274.17,,,
Trend,2022-08-01,IT,Italy,P04,IP Transit,Actual,,,,,929929.15,,,
Trend,2022-08-01,IT,Italy,P05,Ethernet & Capacity Services,Actual,,,,,5226962.04,,,
Trend,2022-08-01,IT,Italy,P06,Cloud Connect,Actual,,,,,1425923.12,,,
Trend,2022-08-01,IT,Italy,P07,Voice Firewall & Anti-Fraud,Actual,,,,,418088.8,,,
Trend,2022-08-01,NL,Netherlands,P01,International Voice Termination,Actual,,,,,3646983.05,,,
Trend,2022-08-01,NL,Netherlands,P02,A2P Messaging,Actual,,,,,4479388.79,,,
Trend,2022-08-01,NL,Netherlands,P03,IPX Roaming & Signalling,Actual,,,,,5947747.18,,,
Trend,2022-08-01,NL,Netherlands,P04,IP Transit,Actual,,,,,1117527.01,,,
Trend,2022-08-01,NL,Netherlands,P05,Ethernet & Capacity Services,Actual,,,,,2151734.25,,,
Trend,2022-08-01,NL,Netherlands,P06,Cloud Connect,Actual,,,,,71657.67,,,
Trend,2022-08-01,NL,Netherlands,P07,Voice Firewall & Anti-Fraud,Actual,,,,,1311574.55,,,
Trend,2022-08-01,PL,Poland,P01,International Voice Termination,Actual,,,,,3196391.85,,,
Trend,2022-08-01,PL,Poland,P02,A2P Messaging,Actual,,,,,252471.27,,,
Trend,2022-08-01,PL,Poland,P03,IPX Roaming & Signalling,Actual,,,,,3637600.63,,,
Trend,2022-08-01,PL,Poland,P04,IP Transit,Actual,,,,,996230.56,,,
Trend,2022-08-01,PL,Poland,P05,Ethernet & Capacity Services,Actual,,,,,2634288.46,,,
Trend,2022-08-01,PL,Poland,P06,Cloud Connect,Actual,,,,,48811.87,,,
Trend,2022-08-01,PL,Poland,P07,Voice Firewall & Anti-Fraud,Actual,,,,,386641.44,,,
Trend,2022-08-01,RO,Romania,P01,International Voice Termination,Actual,,,,,255528.97,,,
Trend,2022-08-01,RO,Romania,P03,IPX Roaming & Signalling,Actual,,,,,1242890.96,,,
Trend,2022-08-01,RO,Romania,P05,Ethernet & Capacity Services,Actual,,,,,1141041.55,,,
Trend,2022-08-01,RO,Romania,P07,Voice Firewall & Anti-Fraud,Actual,,,,,122089.39,,,
Trend,2022-08-01,SK,Slovakia,P01,International Voice Termination,Actual,,,,,569401.13,,,
Trend,2022-08-01,SK,Slovakia,P02,A2P Messaging,Actual,,,,,1219426.11,,,
Trend,2022-08-01,SK,Slovakia,P03,IPX Roaming & Signalling,Actual,,,,,878443.74,,,
Trend,2022-08-01,SK,Slovakia,P05,Ethernet & Capacity Services,Actual,,,,,319189.82,,,
Trend,2022-09-01,AT,Austria,P01,International Voice Termination,Actual,,,,,1177447.3,,,
Trend,2022-09-01,AT,Austria,P02,A2P Messaging,Actual,,,,,2211476.42,,,
Trend,2022-09-01,AT,Austria,P03,IPX Roaming & Signalling,Actual,,,,,1043901.85,,,
Trend,2022-09-01,AT,Austria,P04,IP Transit,Actual,,,,,610857.08,,,
Trend,2022-09-01,AT,Austria,P05,Ethernet & Capacity Services,Actual,,,,,1136056.39,,,
Trend,2022-09-01,AT,Austria,P07,Voice Firewall & Anti-Fraud,Actual,,,,,492847.02,,,
Trend,2022-09-01,CZ,Czechia,P03,IPX Roaming & Signalling,Actual,,,,,95809.47,,,
Trend,2022-09-01,CZ,Czechia,P04,IP Transit,Actual,,,,,129693.19,,,
Trend,2022-09-01,CZ,Czechia,P05,Ethernet & Capacity Services,Actual,,,,,1280227.97,,,
Trend,2022-09-01,CZ,Czechia,P06,Cloud Connect,Actual,,,,,98981.83,,,
Trend,2022-09-01,CZ,Czechia,P07,Voice Firewall & Anti-Fraud,Actual,,,,,27739.31,,,
Trend,2022-09-01,DE,Germany,P01,International Voice Termination,Actual,,,,,5783725.37,,,
Trend,2022-09-01,DE,Germany,P02,A2P Messaging,Actual,,,,,3301748.41,,,
Trend,2022-09-01,DE,Germany,P03,IPX Roaming & Signalling,Actual,,,,,5143441.03,,,
Trend,2022-09-01,DE,Germany,P04,IP Transit,Actual,,,,,4161326.85,,,
Trend,2022-09-01,DE,Germany,P05,Ethernet & Capacity Services,Actual,,,,,6919244.17,,,
Trend,2022-09-01,DE,Germany,P06,Cloud Connect,Actual,,,,,3485713.01,,,
Trend,2022-09-01,DE,Germany,P07,Voice Firewall & Anti-Fraud,Actual,,,,,1014096.16,,,
Trend,2022-09-01,ES,Spain,P01,International Voice Termination,Actual,,,,,1815881.12,,,
Trend,2022-09-01,ES,Spain,P02,A2P Messaging,Actual,,,,,7494252.38,,,
Trend,2022-09-01,ES,Spain,P03,IPX Roaming & Signalling,Actual,,,,,2706862.28,,,
Trend,2022-09-01,ES,Spain,P04,IP Transit,Actual,,,,,2088897.28,,,
Trend,2022-09-01,ES,Spain,P05,Ethernet & Capacity Services,Actual,,,,,6535520.39,,,
Trend,2022-09-01,ES,Spain,P06,Cloud Connect,Actual,,,,,1644959.9,,,
Trend,2022-09-01,ES,Spain,P07,Voice Firewall & Anti-Fraud,Actual,,,,,1334082.12,,,
Trend,2022-09-01,FR,France,P01,International Voice Termination,Actual,,,,,2871623.52,,,
Trend,2022-09-01,FR,France,P02,A2P Messaging,Actual,,,,,7886648.57,,,
Trend,2022-09-01,FR,France,P03,IPX Roaming & Signalling,Actual,,,,,8578026.49,,,
Trend,2022-09-01,FR,France,P04,IP Transit,Actual,,,,,1025523.98,,,
Trend,2022-09-01,FR,France,P05,Ethernet & Capacity Services,Actual,,,,,3416712.86,,,
Trend,2022-09-01,FR,France,P06,Cloud Connect,Actual,,,,,1423992.58,,,
Trend,2022-09-01,FR,France,P07,Voice Firewall & Anti-Fraud,Actual,,,,,2734044.68,,,
Trend,2022-09-01,GR,Greece,P01,International Voice Termination,Actual,,,,,1485550.5,,,
Trend,2022-09-01,GR,Greece,P02,A2P Messaging,Actual,,,,,1567487.67,,,
Trend,2022-09-01,GR,Greece,P03,IPX Roaming & Signalling,Actual,,,,,1305606.12,,,
Trend,2022-09-01,GR,Greece,P04,IP Transit,Actual,,,,,389952.6,,,
Trend,2022-09-01,GR,Greece,P05,Ethernet & Capacity Services,Actual,,,,,1182909.77,,,
Trend,2022-09-01,GR,Greece,P07,Voice Firewall & Anti-Fraud,Actual,,,,,539726.09,,,
Trend,2022-09-01,HR,Croatia,P05,Ethernet & Capacity Services,Actual,,,,,149709.85,,,
Trend,2022-09-01,HR,Croatia,P06,Cloud Connect,Actual,,,,,71711.7,,,
Trend,2022-09-01,HU,Hungary,P01,International Voice Termination,Actual,,,,,2346387.21,,,
Trend,2022-09-01,HU,Hungary,P02,A2P Messaging,Actual,,,,,1196465.75,,,
Trend,2022-09-01,HU,Hungary,P03,IPX Roaming & Signalling,Actual,,,,,1485617.66,,,
Trend,2022-09-01,HU,Hungary,P04,IP Transit,Actual,,,,,435078.95,,,
Trend,2022-09-01,HU,Hungary,P05,Ethernet & Capacity Services,Actual,,,,,1066621.23,,,
Trend,2022-09-01,HU,Hungary,P06,Cloud Connect,Actual,,,,,362653.85,,,
Trend,2022-09-01,HU,Hungary,P07,Voice Firewall & Anti-Fraud,Actual,,,,,521000.35,,,
Trend,2022-09-01,IT,Italy,P01,International Voice Termination,Actual,,,,,251335.26,,,
Trend,2022-09-01,IT,Italy,P02,A2P Messaging,Actual,,,,,804908.33,,,
Trend,2022-09-01,IT,Italy,P03,IPX Roaming & Signalling,Actual,,,,,773918.39,,,
Trend,2022-09-01,IT,Italy,P04,IP Transit,Actual,,,,,988829.37,,,
Trend,2022-09-01,IT,Italy,P05,Ethernet & Capacity Services,Actual,,,,,5544109.53,,,
Trend,2022-09-01,IT,Italy,P06,Cloud Connect,Actual,,,,,1421815.86,,,
Trend,2022-09-01,IT,Italy,P07,Voice Firewall & Anti-Fraud,Actual,,,,,438692.63,,,
Trend,2022-09-01,NL,Netherlands,P01,International Voice Termination,Actual,,,,,3853377.19,,,
Trend,2022-09-01,NL,Netherlands,P02,A2P Messaging,Actual,,,,,4972872.91,,,
Trend,2022-09-01,NL,Netherlands,P03,IPX Roaming & Signalling,Actual,,,,,4275985.99,,,
Trend,2022-09-01,NL,Netherlands,P04,IP Transit,Actual,,,,,1178509.21,,,
Trend,2022-09-01,NL,Netherlands,P05,Ethernet & Capacity Services,Actual,,,,,2188915.6,,,
Trend,2022-09-01,NL,Netherlands,P06,Cloud Connect,Actual,,,,,72006.18,,,
Trend,2022-09-01,NL,Netherlands,P07,Voice Firewall & Anti-Fraud,Actual,,,,,1258291.52,,,
Trend,2022-09-01,PL,Poland,P01,International Voice Termination,Actual,,,,,3071476.47,,,
Trend,2022-09-01,PL,Poland,P02,A2P Messaging,Actual,,,,,285849.05,,,
Trend,2022-09-01,PL,Poland,P03,IPX Roaming & Signalling,Actual,,,,,2658091.1,,,
Trend,2022-09-01,PL,Poland,P04,IP Transit,Actual,,,,,966577.53,,,
Trend,2022-09-01,PL,Poland,P05,Ethernet & Capacity Services,Actual,,,,,2823231.75,,,
Trend,2022-09-01,PL,Poland,P06,Cloud Connect,Actual,,,,,48023.2,,,
Trend,2022-09-01,PL,Poland,P07,Voice Firewall & Anti-Fraud,Actual,,,,,388149.47,,,
Trend,2022-09-01,RO,Romania,P01,International Voice Termination,Actual,,,,,257811.33,,,
Trend,2022-09-01,RO,Romania,P03,IPX Roaming & Signalling,Actual,,,,,858957.62,,,
Trend,2022-09-01,RO,Romania,P05,Ethernet & Capacity Services,Actual,,,,,1131697.27,,,
Trend,2022-09-01,RO,Romania,P07,Voice Firewall & Anti-Fraud,Actual,,,,,123104.46,,,
Trend,2022-09-01,SK,Slovakia,P01,International Voice Termination,Actual,,,,,577326.97,,,
Trend,2022-09-01,SK,Slovakia,P02,A2P Messaging,Actual,,,,,1521656.78,,,
Trend,2022-09-01,SK,Slovakia,P03,IPX Roaming & Signalling,Actual,,,,,689994.78,,,
Trend,2022-09-01,SK,Slovakia,P05,Ethernet & Capacity Services,Actual,,,,,341794.32,,,
Trend,2022-10-01,AT,Austria,P01,International Voice Termination,Actual,,,,,1090042.64,,,
Trend,2022-10-01,AT,Austria,P02,A2P Messaging,Actual,,,,,2387162.08,,,
Trend,2022-10-01,AT,Austria,P03,IPX Roaming & Signalling,Actual,,,,,911786.68,,,
Trend,2022-10-01,AT,Austria,P04,IP Transit,Actual,,,,,586756.77,,,
Trend,2022-10-01,AT,Austria,P05,Ethernet & Capacity Services,Actual,,,,,1128649.7,,,
Trend,2022-10-01,AT,Austria,P07,Voice Firewall & Anti-Fraud,Actual,,,,,475836.23,,,
Trend,2022-10-01,CZ,Czechia,P03,IPX Roaming & Signalling,Actual,,,,,85339.65,,,
Trend,2022-10-01,CZ,Czechia,P04,IP Transit,Actual,,,,,120384.65,,,
Trend,2022-10-01,CZ,Czechia,P05,Ethernet & Capacity Services,Actual,,,,,1273985.86,,,
Trend,2022-10-01,CZ,Czechia,P06,Cloud Connect,Actual,,,,,108919.08,,,
Trend,2022-10-01,CZ,Czechia,P07,Voice Firewall & Anti-Fraud,Actual,,,,,29790.15,,,
Trend,2022-10-01,DE,Germany,P01,International Voice Termination,Actual,,,,,6360938.81,,,
Trend,2022-10-01,DE,Germany,P02,A2P Messaging,Actual,,,,,3504343.96,,,
Trend,2022-10-01,DE,Germany,P03,IPX Roaming & Signalling,Actual,,,,,4676652.74,,,
Trend,2022-10-01,DE,Germany,P04,IP Transit,Actual,,,,,4112665.42,,,
Trend,2022-10-01,DE,Germany,P05,Ethernet & Capacity Services,Actual,,,,,7384320.35,,,
Trend,2022-10-01,DE,Germany,P06,Cloud Connect,Actual,,,,,3470749.25,,,
Trend,2022-10-01,DE,Germany,P07,Voice Firewall & Anti-Fraud,Actual,,,,,1055870.29,,,
Trend,2022-10-01,ES,Spain,P01,International Voice Termination,Actual,,,,,1706141.28,,,
Trend,2022-10-01,ES,Spain,P02,A2P Messaging,Actual,,,,,7747610.99,,,
Trend,2022-10-01,ES,Spain,P03,IPX Roaming & Signalling,Actual,,,,,2316807.17,,,
Trend,2022-10-01,ES,Spain,P04,IP Transit,Actual,,,,,2129074.69,,,
Trend,2022-10-01,ES,Spain,P05,Ethernet & Capacity Services,Actual,,,,,6166197.27,,,
Trend,2022-10-01,ES,Spain,P06,Cloud Connect,Actual,,,,,1703365.05,,,
Trend,2022-10-01,ES,Spain,P07,Voice Firewall & Anti-Fraud,Actual,,,,,1359711.09,,,
Trend,2022-10-01,FR,France,P01,International Voice Termination,Actual,,,,,2927651.5,,,
Trend,2022-10-01,FR,France,P02,A2P Messaging,Actual,,,,,8934562.17,,,
Trend,2022-10-01,FR,France,P03,IPX Roaming & Signalling,Actual,,,,,7423990.25,,,
Trend,2022-10-01,FR,France,P04,IP Transit,Actual,,,,,1095861.1,,,
Trend,2022-10-01,FR,France,P05,Ethernet & Capacity Services,Actual,,,,,3282421.35,,,
Trend,2022-10-01,FR,France,P06,Cloud Connect,Actual,,,,,1454822.54,,,
Trend,2022-10-01,FR,France,P07,Voice Firewall & Anti-Fraud,Actual,,,,,2622604.99,,,
Trend,2022-10-01,GR,Greece,P01,International Voice Termination,Actual,,,,,1476793.02,,,
Trend,2022-10-01,GR,Greece,P02,A2P Messaging,Actual,,,,,1531509.25,,,
Trend,2022-10-01,GR,Greece,P03,IPX Roaming & Signalling,Actual,,,,,1130399.58,,,
Trend,2022-10-01,GR,Greece,P04,IP Transit,Actual,,,,,352532.27,,,
Trend,2022-10-01,GR,Greece,P05,Ethernet & Capacity Services,Actual,,,,,1153581.35,,,
Trend,2022-10-01,GR,Greece,P07,Voice Firewall & Anti-Fraud,Actual,,,,,554673.74,,,
Trend,2022-10-01,HR,Croatia,P05,Ethernet & Capacity Services,Actual,,,,,163791.49,,,
Trend,2022-10-01,HR,Croatia,P06,Cloud Connect,Actual,,,,,66791.37,,,
Trend,2022-10-01,HU,Hungary,P01,International Voice Termination,Actual,,,,,2375210.4,,,
Trend,2022-10-01,HU,Hungary,P02,A2P Messaging,Actual,,,,,1356986.84,,,
Trend,2022-10-01,HU,Hungary,P03,IPX Roaming & Signalling,Actual,,,,,1261895.45,,,
Trend,2022-10-01,HU,Hungary,P04,IP Transit,Actual,,,,,452497.9,,,
Trend,2022-10-01,HU,Hungary,P05,Ethernet & Capacity Services,Actual,,,,,1025003.7,,,
Trend,2022-10-01,HU,Hungary,P06,Cloud Connect,Actual,,,,,375960.53,,,
Trend,2022-10-01,HU,Hungary,P07,Voice Firewall & Anti-Fraud,Actual,,,,,554293.61,,,
Trend,2022-10-01,IT,Italy,P01,International Voice Termination,Actual,,,,,312147.43,,,
Trend,2022-10-01,IT,Italy,P02,A2P Messaging,Actual,,,,,1116857.56,,,
Trend,2022-10-01,IT,Italy,P03,IPX Roaming & Signalling,Actual,,,,,672582.39,,,
Trend,2022-10-01,IT,Italy,P04,IP Transit,Actual,,,,,1020639.14,,,
Trend,2022-10-01,IT,Italy,P05,Ethernet & Capacity Services,Actual,,,,,5715683.04,,,
Trend,2022-10-01,IT,Italy,P06,Cloud Connect,Actual,,,,,1442509.34,,,
Trend,2022-10-01,IT,Italy,P07,Voice Firewall & Anti-Fraud,Actual,,,,,465878.2,,,
Trend,2022-10-01,NL,Netherlands,P01,International Voice Termination,Actual,,,,,3880242.8,,,
Trend,2022-10-01,NL,Netherlands,P02,A2P Messaging,Actual,,,,,5093869.07,,,
Trend,2022-10-01,NL,Netherlands,P03,IPX Roaming & Signalling,Actual,,,,,3817885.03,,,
Trend,2022-10-01,NL,Netherlands,P04,IP Transit,Actual,,,,,1268645.73,,,
Trend,2022-10-01,NL,Netherlands,P05,Ethernet & Capacity Services,Actual,,,,,2298084.12,,,
Trend,2022-10-01,NL,Netherlands,P06,Cloud Connect,Actual,,,,,76893.92,,,
Trend,2022-10-01,NL,Netherlands,P07,Voice Firewall & Anti-Fraud,Actual,,,,,1274399.61,,,
Trend,2022-10-01,PL,Poland,P01,International Voice Termination,Actual,,,,,3139137.91,,,
Trend,2022-10-01,PL,Poland,P02,A2P Messaging,Actual,,,,,313630.71,,,
Trend,2022-10-01,PL,Poland,P03,IPX Roaming & Signalling,Actual,,,,,2430956.08,,,
Trend,2022-10-01,PL,Poland,P04,IP Transit,Actual,,,,,937966.48,,,
Trend,2022-10-01,PL,Poland,P05,Ethernet & Capacity Services,Actual,,,,,2854863.87,,,
Trend,2022-10-01,PL,Poland,P06,Cloud Connect,Actual,,,,,48867.14,,,
Trend,2022-10-01,PL,Poland,P07,Voice Firewall & Anti-Fraud,Actual,,,,,385636.28,,,
Trend,2022-10-01,RO,Romania,P01,International Voice Termination,Actual,,,,,247277.46,,,
Trend,2022-10-01,RO,Romania,P03,IPX Roaming & Signalling,Actual,,,,,815497.06,,,
Trend,2022-10-01,RO,Romania,P05,Ethernet & Capacity Services,Actual,,,,,1099406.59,,,
Trend,2022-10-01,RO,Romania,P07,Voice Firewall & Anti-Fraud,Actual,,,,,130564.84,,,
Trend,2022-10-01,SK,Slovakia,P01,International Voice Termination,Actual,,,,,597235.0,,,
Trend,2022-10-01,SK,Slovakia,P02,A2P Messaging,Actual,,,,,1559836.38,,,
Trend,2022-10-01,SK,Slovakia,P03,IPX Roaming & Signalling,Actual,,,,,593143.21,,,
Trend,2022-10-01,SK,Slovakia,P05,Ethernet & Capacity Services,Actual,,,,,374606.29,,,
Trend,2022-11-01,AT,Austria,P01,International Voice Termination,Actual,,,,,1048674.24,,,
Trend,2022-11-01,AT,Austria,P02,A2P Messaging,Actual,,,,,2811026.54,,,
Trend,2022-11-01,AT,Austria,P03,IPX Roaming & Signalling,Actual,,,,,790955.73,,,
Trend,2022-11-01,AT,Austria,P04,IP Transit,Actual,,,,,585223.22,,,
Trend,2022-11-01,AT,Austria,P05,Ethernet & Capacity Services,Actual,,,,,1208967.73,,,
Trend,2022-11-01,AT,Austria,P07,Voice Firewall & Anti-Fraud,Actual,,,,,447581.76,,,
Trend,2022-11-01,CZ,Czechia,P03,IPX Roaming & Signalling,Actual,,,,,70230.25,,,
Trend,2022-11-01,CZ,Czechia,P04,IP Transit,Actual,,,,,124708.32,,,
Trend,2022-11-01,CZ,Czechia,P05,Ethernet & Capacity Services,Actual,,,,,1403953.77,,,
Trend,2022-11-01,CZ,Czechia,P06,Cloud Connect,Actual,,,,,105645.8,,,
Trend,2022-11-01,CZ,Czechia,P07,Voice Firewall & Anti-Fraud,Actual,,,,,30223.2,,,
Trend,2022-11-01,DE,Germany,P01,International Voice Termination,Actual,,,,,6002840.34,,,
Trend,2022-11-01,DE,Germany,P02,A2P Messaging,Actual,,,,,4432736.43,,,
Trend,2022-11-01,DE,Germany,P03,IPX Roaming & Signalling,Actual,,,,,3908756.46,,,
Trend,2022-11-01,DE,Germany,P04,IP Transit,Actual,,,,,4336812.07,,,
Trend,2022-11-01,DE,Germany,P05,Ethernet & Capacity Services,Actual,,,,,7136402.18,,,
Trend,2022-11-01,DE,Germany,P06,Cloud Connect,Actual,,,,,3456300.96,,,
Trend,2022-11-01,DE,Germany,P07,Voice Firewall & Anti-Fraud,Actual,,,,,1071745.97,,,
Trend,2022-11-01,ES,Spain,P01,International Voice Termination,Actual,,,,,1500936.27,,,
Trend,2022-11-01,ES,Spain,P02,A2P Messaging,Actual,,,,,9378592.75,,,
Trend,2022-11-01,ES,Spain,P03,IPX Roaming & Signalling,Actual,,,,,1812657.86,,,
Trend,2022-11-01,ES,Spain,P04,IP Transit,Actual,,,,,2090296.11,,,
Trend,2022-11-01,ES,Spain,P05,Ethernet & Capacity Services,Actual,,,,,6374732.92,,,
Trend,2022-11-01,ES,Spain,P06,Cloud Connect,Actual,,,,,1725286.87,,,
Trend,2022-11-01,ES,Spain,P07,Voice Firewall & Anti-Fraud,Actual,,,,,1315845.41,,,
Trend,2022-11-01,FR,France,P01,International Voice Termination,Actual,,,,,2804343.1,,,
Trend,2022-11-01,FR,France,P02,A2P Messaging,Actual,,,,,10099027.59,,,
Trend,2022-11-01,FR,France,P03,IPX Roaming & Signalling,Actual,,,,,6395737.65,,,
Trend,2022-11-01,FR,France,P04,IP Transit,Actual,,,,,1093923.94,,,
Trend,2022-11-01,FR,France,P05,Ethernet & Capacity Services,Actual,,,,,3393315.63,,,
Trend,2022-11-01,FR,France,P06,Cloud Connect,Actual,,,,,1391977.63,,,
Trend,2022-11-01,FR,France,P07,Voice Firewall & Anti-Fraud,Actual,,,,,2672894.44,,,
Trend,2022-11-01,GR,Greece,P01,International Voice Termination,Actual,,,,,1511740.31,,,
Trend,2022-11-01,GR,Greece,P02,A2P Messaging,Actual,,,,,1921853.91,,,
Trend,2022-11-01,GR,Greece,P03,IPX Roaming & Signalling,Actual,,,,,943193.4,,,
Trend,2022-11-01,GR,Greece,P04,IP Transit,Actual,,,,,354704.66,,,
Trend,2022-11-01,GR,Greece,P05,Ethernet & Capacity Services,Actual,,,,,1094369.32,,,
Trend,2022-11-01,GR,Greece,P07,Voice Firewall & Anti-Fraud,Actual,,,,,557042.12,,,
Trend,2022-11-01,HR,Croatia,P05,Ethernet & Capacity Services,Actual,,,,,168350.58,,,
Trend,2022-11-01,HR,Croatia,P06,Cloud Connect,Actual,,,,,67842.85,,,
Trend,2022-11-01,HU,Hungary,P01,International Voice Termination,Actual,,,,,2295105.76,,,
Trend,2022-11-01,HU,Hungary,P02,A2P Messaging,Actual,,,,,1689163.59,,,
Trend,2022-11-01,HU,Hungary,P03,IPX Roaming & Signalling,Actual,,,,,1086186.16,,,
Trend,2022-11-01,HU,Hungary,P04,IP Transit,Actual,,,,,470766.33,,,
Trend,2022-11-01,HU,Hungary,P05,Ethernet & Capacity Services,Actual,,,,,991993.94,,,
Trend,2022-11-01,HU,Hungary,P06,Cloud Connect,Actual,,,,,408500.31,,,
Trend,2022-11-01,HU,Hungary,P07,Voice Firewall & Anti-Fraud,Actual,,,,,552267.63,,,
Trend,2022-11-01,IT,Italy,P01,International Voice Termination,Actual,,,,,251174.98,,,
Trend,2022-11-01,IT,Italy,P02,A2P Messaging,Actual,,,,,1651776.14,,,
Trend,2022-11-01,IT,Italy,P03,IPX Roaming & Signalling,Actual,,,,,541073.88,,,
Trend,2022-11-01,IT,Italy,P04,IP Transit,Actual,,,,,911851.79,,,
Trend,2022-11-01,IT,Italy,P05,Ethernet & Capacity Services,Actual,,,,,5450560.35,,,
Trend,2022-11-01,IT,Italy,P06,Cloud Connect,Actual,,,,,1424626.84,,,
Trend,2022-11-01,IT,Italy,P07,Voice Firewall & Anti-Fraud,Actual,,,,,455803.12,,,
Trend,2022-11-01,NL,Netherlands,P01,International Voice Termination,Actual,,,,,3669080.21,,,
Trend,2022-11-01,NL,Netherlands,P02,A2P Messaging,Actual,,,,,6407285.72,,,
Trend,2022-11-01,NL,Netherlands,P03,IPX Roaming & Signalling,Actual,,,,,3308342.21,,,
Trend,2022-11-01,NL,Netherlands,P04,IP Transit,Actual,,,,,1152883.44,,,
Trend,2022-11-01,NL,Netherlands,P05,Ethernet & Capacity Services,Actual,,,,,2088965.78,,,
Trend,2022-11-01,NL,Netherlands,P06,Cloud Connect,Actual,,,,,82083.81,,,
Trend,2022-11-01,NL,Netherlands,P07,Voice Firewall & Anti-Fraud,Actual,,,,,1322539.64,,,
Trend,2022-11-01,PL,Poland,P01,International Voice Termination,Actual,,,,,3166880.99,,,
Trend,2022-11-01,PL,Poland,P02,A2P Messaging,Actual,,,,,778102.34,,,
Trend,2022-11-01,PL,Poland,P03,IPX Roaming & Signalling,Actual,,,,,2118990.1,,,
Trend,2022-11-01,PL,Poland,P04,IP Transit,Actual,,,,,949482.86,,,
Trend,2022-11-01,PL,Poland,P05,Ethernet & Capacity Services,Actual,,,,,2842961.16,,,
Trend,2022-11-01,PL,Poland,P06,Cloud Connect,Actual,,,,,48685.55,,,
Trend,2022-11-01,PL,Poland,P07,Voice Firewall & Anti-Fraud,Actual,,,,,416599.69,,,
Trend,2022-11-01,RO,Romania,P01,International Voice Termination,Actual,,,,,241101.55,,,
Trend,2022-11-01,RO,Romania,P03,IPX Roaming & Signalling,Actual,,,,,684442.26,,,
Trend,2022-11-01,RO,Romania,P05,Ethernet & Capacity Services,Actual,,,,,1171031.92,,,
Trend,2022-11-01,RO,Romania,P07,Voice Firewall & Anti-Fraud,Actual,,,,,128311.97,,,
Trend,2022-11-01,SK,Slovakia,P01,International Voice Termination,Actual,,,,,568393.56,,,
Trend,2022-11-01,SK,Slovakia,P02,A2P Messaging,Actual,,,,,1920446.54,,,
Trend,2022-11-01,SK,Slovakia,P03,IPX Roaming & Signalling,Actual,,,,,526635.89,,,
Trend,2022-11-01,SK,Slovakia,P05,Ethernet & Capacity Services,Actual,,,,,352246.29,,,
Trend,2022-12-01,AT,Austria,P01,International Voice Termination,Actual,,,,,1146754.94,,,
Trend,2022-12-01,AT,Austria,P02,A2P Messaging,Actual,,,,,2645281.35,,,
Trend,2022-12-01,AT,Austria,P03,IPX Roaming & Signalling,Actual,,,,,908532.08,,,
Trend,2022-12-01,AT,Austria,P04,IP Transit,Actual,,,,,549258.37,,,
Trend,2022-12-01,AT,Austria,P05,Ethernet & Capacity Services,Actual,,,,,1101166.76,,,
Trend,2022-12-01,AT,Austria,P07,Voice Firewall & Anti-Fraud,Actual,,,,,469187.04,,,
Trend,2022-12-01,CZ,Czechia,P03,IPX Roaming & Signalling,Actual,,,,,77609.47,,,
Trend,2022-12-01,CZ,Czechia,P04,IP Transit,Actual,,,,,118458.23,,,
Trend,2022-12-01,CZ,Czechia,P05,Ethernet & Capacity Services,Actual,,,,,1343407.26,,,
Trend,2022-12-01,CZ,Czechia,P06,Cloud Connect,Actual,,,,,100716.02,,,
Trend,2022-12-01,CZ,Czechia,P07,Voice Firewall & Anti-Fraud,Actual,,,,,29809.15,,,
Trend,2022-12-01,DE,Germany,P01,International Voice Termination,Actual,,,,,6365967.15,,,
Trend,2022-12-01,DE,Germany,P02,A2P Messaging,Actual,,,,,3958083.07,,,
Trend,2022-12-01,DE,Germany,P03,IPX Roaming & Signalling,Actual,,,,,4291513.63,,,
Trend,2022-12-01,DE,Germany,P04,IP Transit,Actual,,,,,4037665.09,,,
Trend,2022-12-01,DE,Germany,P05,Ethernet & Capacity Services,Actual,,,,,7032200.78,,,
Trend,2022-12-01,DE,Germany,P06,Cloud Connect,Actual,,,,,3443624.95,,,
Trend,2022-12-01,DE,Germany,P07,Voice Firewall & Anti-Fraud,Actual,,,,,1112111.35,,,
Trend,2022-12-01,ES,Spain,P01,International Voice Termination,Actual,,,,,1529115.15,,,
Trend,2022-12-01,ES,Spain,P02,A2P Messaging,Actual,,,,,9178446.9,,,
Trend,2022-12-01,ES,Spain,P03,IPX Roaming & Signalling,Actual,,,,,2097873.7,,,
Trend,2022-12-01,ES,Spain,P04,IP Transit,Actual,,,,,2183242.71,,,
Trend,2022-12-01,ES,Spain,P05,Ethernet & Capacity Services,Actual,,,,,6328909.23,,,
Trend,2022-12-01,ES,Spain,P06,Cloud Connect,Actual,,,,,1646723.94,,,
Trend,2022-12-01,ES,Spain,P07,Voice Firewall & Anti-Fraud,Actual,,,,,1330048.68,,,
Trend,2022-12-01,FR,France,P01,International Voice Termination,Actual,,,,,3056518.58,,,
Trend,2022-12-01,FR,France,P02,A2P Messaging,Actual,,,,,9387588.67,,,
Trend,2022-12-01,FR,France,P03,IPX Roaming & Signalling,Actual,,,,,6589983.06,,,
Trend,2022-12-01,FR,France,P04,IP Transit,Actual,,,,,997336.68,,,
Trend,2022-12-01,FR,France,P05,Ethernet & Capacity Services,Actual,,,,,3153393.93,,,
Trend,2022-12-01,FR,France,P06,Cloud Connect,Actual,,,,,1422280.11,,,
Trend,2022-12-01,FR,France,P07,Voice Firewall & Anti-Fraud,Actual,,,,,2808103.43,,,
Trend,2022-12-01,GR,Greece,P01,International Voice Termination,Actual,,,,,1514937.31,,,
Trend,2022-12-01,GR,Greece,P02,A2P Messaging,Actual,,,,,1795691.86,,,
Trend,2022-12-01,GR,Greece,P03,IPX Roaming & Signalling,Actual,,,,,1092538.38,,,
Trend,2022-12-01,GR,Greece,P04,IP Transit,Actual,,,,,382498.43,,,
Trend,2022-12-01,GR,Greece,P05,Ethernet & Capacity Services,Actual,,,,,1102764.46,,,
Trend,2022-12-01,GR,Greece,P07,Voice Firewall & Anti-Fraud,Actual,,,,,556273.39,,,
Trend,2022-12-01,HR,Croatia,P05,Ethernet & Capacity Services,Actual,,,,,182308.05,,,
Trend,2022-12-01,HR,Croatia,P06,Cloud Connect,Actual,,,,,61455.91,,,
Trend,2022-12-01,HU,Hungary,P01,International Voice Termination,Actual,,,,,2405717.48,,,
Trend,2022-12-01,HU,Hungary,P02,A2P Messaging,Actual,,,,,1561275.85,,,
Trend,2022-12-01,HU,Hungary,P03,IPX Roaming & Signalling,Actual,,,,,1208726.96,,,
Trend,2022-12-01,HU,Hungary,P04,IP Transit,Actual,,,,,463391.54,,,
Trend,2022-12-01,HU,Hungary,P05,Ethernet & Capacity Services,Actual,,,,,1021757.79,,,
Trend,2022-12-01,HU,Hungary,P06,Cloud Connect,Actual,,,,,390029.15,,,
Trend,2022-12-01,HU,Hungary,P07,Voice Firewall & Anti-Fraud,Actual,,,,,538121.35,,,
Trend,2022-12-01,IT,Italy,P01,International Voice Termination,Actual,,,,,291059.71,,,
Trend,2022-12-01,IT,Italy,P02,A2P Messaging,Actual,,,,,1735371.19,,,
Trend,2022-12-01,IT,Italy,P03,IPX Roaming & Signalling,Actual,,,,,657383.24,,,
Trend,2022-12-01,IT,Italy,P04,IP Transit,Actual,,,,,942102.26,,,
Trend,2022-12-01,IT,Italy,P05,Ethernet & Capacity Services,Actual,,,,,5079198.16,,,
Trend,2022-12-01,IT,Italy,P06,Cloud Connect,Actual,,,,,1411709.79,,,
Trend,2022-12-01,IT,Italy,P07,Voice Firewall & Anti-Fraud,Actual,,,,,475496.0,,,
Trend,2022-12-01,NL,Netherlands,P01,International Voice Termination,Actual,,,,,3943677.68,,,
Trend,2022-12-01,NL,Netherlands,P02,A2P Messaging,Actual,,,,,5566728.92,,,
Trend,2022-12-01,NL,Netherlands,P03,IPX Roaming & Signalling,Actual,,,,,3667511.91,,,
Trend,2022-12-01,NL,Netherlands,P04,IP Transit,Actual,,,,,1110413.21,,,
Trend,2022-12-01,NL,Netherlands,P05,Ethernet & Capacity Services,Actual,,,,,2127195.17,,,
Trend,2022-12-01,NL,Netherlands,P06,Cloud Connect,Actual,,,,,73022.92,,,
Trend,2022-12-01,NL,Netherlands,P07,Voice Firewall & Anti-Fraud,Actual,,,,,1366286.45,,,
Trend,2022-12-01,PL,Poland,P01,International Voice Termination,Actual,,,,,3200961.88,,,
Trend,2022-12-01,PL,Poland,P02,A2P Messaging,Actual,,,,,978245.49,,,
Trend,2022-12-01,PL,Poland,P03,IPX Roaming & Signalling,Actual,,,,,2251014.24,,,
Trend,2022-12-01,PL,Poland,P04,IP Transit,Actual,,,,,937375.25,,,
Trend,2022-12-01,PL,Poland,P05,Ethernet & Capacity Services,Actual,,,,,2774151.12,,,
Trend,2022-12-01,PL,Poland,P06,Cloud Connect,Actual,,,,,47703.7,,,
Trend,2022-12-01,PL,Poland,P07,Voice Firewall & Anti-Fraud,Actual,,,,,435951.55,,,
Trend,2022-12-01,RO,Romania,P01,International Voice Termination,Actual,,,,,262322.33,,,
Trend,2022-12-01,RO,Romania,P03,IPX Roaming & Signalling,Actual,,,,,763583.21,,,
Trend,2022-12-01,RO,Romania,P05,Ethernet & Capacity Services,Actual,,,,,1157317.3,,,
Trend,2022-12-01,RO,Romania,P07,Voice Firewall & Anti-Fraud,Actual,,,,,140817.64,,,
Trend,2022-12-01,SK,Slovakia,P01,International Voice Termination,Actual,,,,,582216.13,,,
Trend,2022-12-01,SK,Slovakia,P02,A2P Messaging,Actual,,,,,1748285.79,,,
Trend,2022-12-01,SK,Slovakia,P03,IPX Roaming & Signalling,Actual,,,,,590199.58,,,
Trend,2022-12-01,SK,Slovakia,P05,Ethernet & Capacity Services,Actual,,,,,331441.95,,,
Trend,2023-01-01,AT,Austria,P01,International Voice Termination,Actual,,,,,853205.0,,,
Trend,2023-01-01,AT,Austria,P02,A2P Messaging,Actual,,,,,1986128.72,,,
Trend,2023-01-01,AT,Austria,P03,IPX Roaming & Signalling,Actual,,,,,781800.77,,,
Trend,2023-01-01,AT,Austria,P04,IP Transit,Actual,,,,,607027.83,,,
Trend,2023-01-01,AT,Austria,P05,Ethernet & Capacity Services,Actual,,,,,1138311.98,,,
Trend,2023-01-01,AT,Austria,P07,Voice Firewall & Anti-Fraud,Actual,,,,,478192.66,,,
Trend,2023-01-01,CZ,Czechia,P03,IPX Roaming & Signalling,Actual,,,,,71153.39,,,
Trend,2023-01-01,CZ,Czechia,P04,IP Transit,Actual,,,,,131709.87,,,
Trend,2023-01-01,CZ,Czechia,P05,Ethernet & Capacity Services,Actual,,,,,1356081.33,,,
Trend,2023-01-01,CZ,Czechia,P06,Cloud Connect,Actual,,,,,111797.93,,,
Trend,2023-01-01,CZ,Czechia,P07,Voice Firewall & Anti-Fraud,Actual,,,,,26932.57,,,
Trend,2023-01-01,DE,Germany,P01,International Voice Termination,Actual,,,,,5104809.2,,,
Trend,2023-01-01,DE,Germany,P02,A2P Messaging,Actual,,,,,3165538.37,,,
Trend,2023-01-01,DE,Germany,P03,IPX Roaming & Signalling,Actual,,,,,3532226.74,,,
Trend,2023-01-01,DE,Germany,P04,IP Transit,Actual,,,,,4312232.16,,,
Trend,2023-01-01,DE,Germany,P05,Ethernet & Capacity Services,Actual,,,,,7083182.28,,,
Trend,2023-01-01,DE,Germany,P06,Cloud Connect,Actual,,,,,3459202.7,,,
Trend,2023-01-01,DE,Germany,P07,Voice Firewall & Anti-Fraud,Actual,,,,,1075813.37,,,
Trend,2023-01-01,ES,Spain,P01,International Voice Termination,Actual,,,,,1227324.43,,,
Trend,2023-01-01,ES,Spain,P02,A2P Messaging,Actual,,,,,6818701.65,,,
Trend,2023-01-01,ES,Spain,P03,IPX Roaming & Signalling,Actual,,,,,1840143.98,,,
Trend,2023-01-01,ES,Spain,P04,IP Transit,Actual,,,,,2143436.73,,,
Trend,2023-01-01,ES,Spain,P05,Ethernet & Capacity Services,Actual,,,,,6471827.53,,,
Trend,2023-01-01,ES,Spain,P06,Cloud Connect,Actual,,,,,1813922.75,,,
Trend,2023-01-01,ES,Spain,P07,Voice Firewall & Anti-Fraud,Actual,,,,,1443456.73,,,
Trend,2023-01-01,FR,France,P01,International Voice Termination,Actual,,,,,2464319.89,,,
Trend,2023-01-01,FR,France,P02,A2P Messaging,Actual,,,,,7143466.03,,,
Trend,2023-01-01,FR,France,P03,IPX Roaming & Signalling,Actual,,,,,6296701.16,,,
Trend,2023-01-01,FR,France,P04,IP Transit,Actual,,,,,1058652.83,,,
Trend,2023-01-01,FR,France,P05,Ethernet & Capacity Services,Actual,,,,,3380405.41,,,
Trend,2023-01-01,FR,France,P06,Cloud Connect,Actual,,,,,1426142.18,,,
Trend,2023-01-01,FR,France,P07,Voice Firewall & Anti-Fraud,Actual,,,,,2717000.36,,,
Trend,2023-01-01,GR,Greece,P01,International Voice Termination,Actual,,,,,1234769.15,,,
Trend,2023-01-01,GR,Greece,P02,A2P Messaging,Actual,,,,,1317039.56,,,
Trend,2023-01-01,GR,Greece,P03,IPX Roaming & Signalling,Actual,,,,,958003.62,,,
Trend,2023-01-01,GR,Greece,P04,IP Transit,Actual,,,,,379045.46,,,
Trend,2023-01-01,GR,Greece,P05,Ethernet & Capacity Services,Actual,,,,,1113245.54,,,
Trend,2023-01-01,GR,Greece,P07,Voice Firewall & Anti-Fraud,Actual,,,,,573262.8,,,
Trend,2023-01-01,HR,Croatia,P05,Ethernet & Capacity Services,Actual,,,,,165841.02,,,
Trend,2023-01-01,HR,Croatia,P06,Cloud Connect,Actual,,,,,71276.24,,,
Trend,2023-01-01,HU,Hungary,P01,International Voice Termination,Actual,,,,,1894617.95,,,
Trend,2023-01-01,HU,Hungary,P02,A2P Messaging,Actual,,,,,1142997.16,,,
Trend,2023-01-01,HU,Hungary,P03,IPX Roaming & Signalling,Actual,,,,,1057362.66,,,
Trend,2023-01-01,HU,Hungary,P04,IP Transit,Actual,,,,,439497.94,,,
Trend,2023-01-01,HU,Hungary,P05,Ethernet & Capacity Services,Actual,,,,,1038096.28,,,
Trend,2023-01-01,HU,Hungary,P06,Cloud Connect,Actual,,,,,386347.18,,,
Trend,2023-01-01,HU,Hungary,P07,Voice Firewall & Anti-Fraud,Actual,,,,,538301.91,,,
Trend,2023-01-01,IT,Italy,P01,International Voice Termination,Actual,,,,,208758.82,,,
Trend,2023-01-01,IT,Italy,P02,A2P Messaging,Actual,,,,,1612986.36,,,
Trend,2023-01-01,IT,Italy,P03,IPX Roaming & Signalling,Actual,,,,,545330.42,,,
Trend,2023-01-01,IT,Italy,P04,IP Transit,Actual,,,,,984281.9,,,
Trend,2023-01-01,IT,Italy,P05,Ethernet & Capacity Services,Actual,,,,,5309831.53,,,
Trend,2023-01-01,IT,Italy,P06,Cloud Connect,Actual,,,,,1469794.71,,,
Trend,2023-01-01,IT,Italy,P07,Voice Firewall & Anti-Fraud,Actual,,,,,460930.01,,,
Trend,2023-01-01,NL,Netherlands,P01,International Voice Termination,Actual,,,,,2978534.95,,,
Trend,2023-01-01,NL,Netherlands,P02,A2P Messaging,Actual,,,,,4310804.45,,,
Trend,2023-01-01,NL,Netherlands,P03,IPX Roaming & Signalling,Actual,,,,,3092237.78,,,
Trend,2023-01-01,NL,Netherlands,P04,IP Transit,Actual,,,,,1040834.23,,,
Trend,2023-01-01,NL,Netherlands,P05,Ethernet & Capacity Services,Actual,,,,,2143736.41,,,
Trend,2023-01-01,NL,Netherlands,P06,Cloud Connect,Actual,,,,,73472.34,,,
Trend,2023-01-01,NL,Netherlands,P07,Voice Firewall & Anti-Fraud,Actual,,,,,1333239.02,,,
Trend,2023-01-01,PL,Poland,P01,International Voice Termination,Actual,,,,,2560327.72,,,
Trend,2023-01-01,PL,Poland,P02,A2P Messaging,Actual,,,,,1020978.47,,,
Trend,2023-01-01,PL,Poland,P03,IPX Roaming & Signalling,Actual,,,,,2156704.8,,,
Trend,2023-01-01,PL,Poland,P04,IP Transit,Actual,,,,,881697.61,,,
Trend,2023-01-01,PL,Poland,P05,Ethernet & Capacity Services,Actual,,,,,2782999.45,,,
Trend,2023-01-01,PL,Poland,P06,Cloud Connect,Actual,,,,,51808.16,,,
Trend,2023-01-01,PL,Poland,P07,Voice Firewall & Anti-Fraud,Actual,,,,,476912.68,,,
Trend,2023-01-01,RO,Romania,P01,International Voice Termination,Actual,,,,,201890.85,,,
Trend,2023-01-01,RO,Romania,P03,IPX Roaming & Signalling,Actual,,,,,640766.11,,,
Trend,2023-01-01,RO,Romania,P05,Ethernet & Capacity Services,Actual,,,,,1214936.61,,,
Trend,2023-01-01,RO,Romania,P07,Voice Firewall & Anti-Fraud,Actual,,,,,140624.31,,,
Trend,2023-01-01,SK,Slovakia,P01,International Voice Termination,Actual,,,,,466083.27,,,
Trend,2023-01-01,SK,Slovakia,P02,A2P Messaging,Actual,,,,,1285111.15,,,
Trend,2023-01-01,SK,Slovakia,P03,IPX Roaming & Signalling,Actual,,,,,528922.57,,,
Trend,2023-01-01,SK,Slovakia,P05,Ethernet & Capacity Services,Actual,,,,,366546.68,,,
Trend,2023-02-01,AT,Austria,P01,International Voice Termination,Actual,,,,,812595.36,,,
Trend,2023-02-01,AT,Austria,P02,A2P Messaging,Actual,,,,,2053544.94,,,
Trend,2023-02-01,AT,Austria,P03,IPX Roaming & Signalling,Actual,,,,,821228.6,,,
Trend,2023-02-01,AT,Austria,P04,IP Transit,Actual,,,,,572510.18,,,
Trend,2023-02-01,AT,Austria,P05,Ethernet & Capacity Services,Actual,,,,,992660.3,,,
Trend,2023-02-01,AT,Austria,P07,Voice Firewall & Anti-Fraud,Actual,,,,,534754.79,,,
Trend,2023-02-01,CZ,Czechia,P03,IPX Roaming & Signalling,Actual,,,,,71827.71,,,
Trend,2023-02-01,CZ,Czechia,P04,IP Transit,Actual,,,,,132714.08,,,
Trend,2023-02-01,CZ,Czechia,P05,Ethernet & Capacity Services,Actual,,,,,1330690.62,,,
Trend,2023-02-01,CZ,Czechia,P06,Cloud Connect,Actual,,,,,110345.52,,,
Trend,2023-02-01,CZ,Czechia,P07,Voice Firewall & Anti-Fraud,Actual,,,,,29825.04,,,
Trend,2023-02-01,DE,Germany,P01,International Voice Termination,Actual,,,,,4611598.02,,,
Trend,2023-02-01,DE,Germany,P02,A2P Messaging,Actual,,,,,3257078.34,,,
Trend,2023-02-01,DE,Germany,P03,IPX Roaming & Signalling,Actual,,,,,3615152.05,,,
Trend,2023-02-01,DE,Germany,P04,IP Transit,Actual,,,,,4099182.96,,,
Trend,2023-02-01,DE,Germany,P05,Ethernet & Capacity Services,Actual,,,,,7076324.83,,,
Trend,2023-02-01,DE,Germany,P06,Cloud Connect,Actual,,,,,3383927.8,,,
Trend,2023-02-01,DE,Germany,P07,Voice Firewall & Anti-Fraud,Actual,,,,,1112993.44,,,
Trend,2023-02-01,ES,Spain,P01,International Voice Termination,Actual,,,,,1113033.11,,,
Trend,2023-02-01,ES,Spain,P02,A2P Messaging,Actual,,,,,6644074.33,,,
Trend,2023-02-01,ES,Spain,P03,IPX Roaming & Signalling,Actual,,,,,1771410.25,,,
Trend,2023-02-01,ES,Spain,P04,IP Transit,Actual,,,,,2130372.9,,,
Trend,2023-02-01,ES,Spain,P05,Ethernet & Capacity Services,Actual,,,,,6370707.2,,,
Trend,2023-02-01,ES,Spain,P06,Cloud Connect,Actual,,,,,1732920.32,,,
Trend,2023-02-01,ES,Spain,P07,Voice Firewall & Anti-Fraud,Actual,,,,,1330610.27,,,
Trend,2023-02-01,FR,France,P01,International Voice Termination,Actual,,,,,2205123.35,,,
Trend,2023-02-01,FR,France,P02,A2P Messaging,Actual,,,,,7096819.8,,,
Trend,2023-02-01,FR,France,P03,IPX Roaming & Signalling,Actual,,,,,6487921.31,,,
Trend,2023-02-01,FR,France,P04,IP Transit,Actual,,,,,995677.84,,,
Trend,2023-02-01,FR,France,P05,Ethernet & Capacity Services,Actual,,,,,3223387.33,,,
Trend,2023-02-01,FR,France,P06,Cloud Connect,Actual,,,,,1475454.71,,,
Trend,2023-02-01,FR,France,P07,Voice Firewall & Anti-Fraud,Actual,,,,,2879212.01,,,
Trend,2023-02-01,GR,Greece,P01,International Voice Termination,Actual,,,,,1172357.9,,,
Trend,2023-02-01,GR,Greece,P02,A2P Messaging,Actual,,,,,1502402.16,,,
Trend,2023-02-01,GR,Greece,P03,IPX Roaming & Signalling,Actual,,,,,940304.97,,,
Trend,2023-02-01,GR,Greece,P04,IP Transit,Actual,,,,,321287.47,,,
Trend,2023-02-01,GR,Greece,P05,Ethernet & Capacity Services,Actual,,,,,1119767.98,,,
Trend,2023-02-01,GR,Greece,P07,Voice Firewall & Anti-Fraud,Actual,,,,,580065.03,,,
Trend,2023-02-01,HR,Croatia,P05,Ethernet & Capacity Services,Actual,,,,,158205.78,,,
Trend,2023-02-01,HR,Croatia,P06,Cloud Connect,Actual,,,,,73569.46,,,
Trend,2023-02-01,HU,Hungary,P01,International Voice Termination,Actual,,,,,1760136.47,,,
Trend,2023-02-01,HU,Hungary,P02,A2P Messaging,Actual,,,,,1230825.56,,,
Trend,2023-02-01,HU,Hungary,P03,IPX Roaming & Signalling,Actual,,,,,1065389.7,,,
Trend,2023-02-01,HU,Hungary,P04,IP Transit,Actual,,,,,455026.65,,,
Trend,2023-02-01,HU,Hungary,P05,Ethernet & Capacity Services,Actual,,,,,999231.19,,,
Trend,2023-02-01,HU,Hungary,P06,Cloud Connect,Actual,,,,,391363.4,,,
Trend,2023-02-01,HU,Hungary,P07,Voice Firewall & Anti-Fraud,Actual,,,,,577423.72,,,
Trend,2023-02-01,IT,Italy,P01,International Voice Termination,Actual,,,,,212164.11,,,
Trend,2023-02-01,IT,Italy,P02,A2P Messaging,Actual,,,,,1657112.89,,,
Trend,2023-02-01,IT,Italy,P03,IPX Roaming & Signalling,Actual,,,,,646053.21,,,
Trend,2023-02-01,IT,Italy,P04,IP Transit,Actual,,,,,1046085.49,,,
Trend,2023-02-01,IT,Italy,P05,Ethernet & Capacity Services,Actual,,,,,5286470.7,,,
Trend,2023-02-01,IT,Italy,P06,Cloud Connect,Actual,,,,,1552103.64,,,
Trend,2023-02-01,IT,Italy,P07,Voice Firewall & Anti-Fraud,Actual,,,,,463398.69,,,
Trend,2023-02-01,NL,Netherlands,P01,International Voice Termination,Actual,,,,,2753911.98,,,
Trend,2023-02-01,NL,Netherlands,P02,A2P Messaging,Actual,,,,,4591143.85,,,
Trend,2023-02-01,NL,Netherlands,P03,IPX Roaming & Signalling,Actual,,,,,3244706.77,,,
Trend,2023-02-01,NL,Netherlands,P04,IP Transit,Actual,,,,,1223525.36,,,
Trend,2023-02-01,NL,Netherlands,P05,Ethernet & Capacity Services,Actual,,,,,2165362.7,,,
Trend,2023-02-01,NL,Netherlands,P06,Cloud Connect,Actual,,,,,79851.28,,,
Trend,2023-02-01,NL,Netherlands,P07,Voice Firewall & Anti-Fraud,Actual,,,,,1393163.72,,,
Trend,2023-02-01,PL,Poland,P01,International Voice Termination,Actual,,,,,2335315.0,,,
Trend,2023-02-01,PL,Poland,P02,A2P Messaging,Actual,,,,,1344264.75,,,
Trend,2023-02-01,PL,Poland,P03,IPX Roaming & Signalling,Actual,,,,,2109167.85,,,
Trend,2023-02-01,PL,Poland,P04,IP Transit,Actual,,,,,933845.26,,,
Trend,2023-02-01,PL,Poland,P05,Ethernet & Capacity Services,Actual,,,,,2799061.13,,,
Trend,2023-02-01,PL,Poland,P06,Cloud Connect,Actual,,,,,50402.8,,,
Trend,2023-02-01,PL,Poland,P07,Voice Firewall & Anti-Fraud,Actual,,,,,525424.28,,,
Trend,2023-02-01,RO,Romania,P01,International Voice Termination,Actual,,,,,179340.42,,,
Trend,2023-02-01,RO,Romania,P03,IPX Roaming & Signalling,Actual,,,,,627116.68,,,
Trend,2023-02-01,RO,Romania,P05,Ethernet & Capacity Services,Actual,,,,,1131266.82,,,
Trend,2023-02-01,RO,Romania,P07,Voice Firewall & Anti-Fraud,Actual,,,,,142082.04,,,
Trend,2023-02-01,SK,Slovakia,P01,International Voice Termination,Actual,,,,,450616.07,,,
Trend,2023-02-01,SK,Slovakia,P02,A2P Messaging,Actual,,,,,1436101.77,,,
Trend,2023-02-01,SK,Slovakia,P03,IPX Roaming & Signalling,Actual,,,,,556093.35,,,
Trend,2023-02-01,SK,Slovakia,P05,Ethernet & Capacity Services,Actual,,,,,346750.84,,,
Trend,2023-03-01,AT,Austria,P01,International Voice Termination,Actual,,,,,938653.0,,,
Trend,2023-03-01,AT,Austria,P02,A2P Messaging,Actual,,,,,2279437.25,,,
Trend,2023-03-01,AT,Austria,P03,IPX Roaming & Signalling,Actual,,,,,884091.69,,,
Trend,2023-03-01,AT,Austria,P04,IP Transit,Actual,,,,,610380.64,,,
Trend,2023-03-01,AT,Austria,P05,Ethernet & Capacity Services,Actual,,,,,1147725.31,,,
Trend,2023-03-01,AT,Austria,P07,Voice Firewall & Anti-Fraud,Actual,,,,,517286.86,,,
Trend,2023-03-01,CZ,Czechia,P03,IPX Roaming & Signalling,Actual,,,,,77979.21,,,
Trend,2023-03-01,CZ,Czechia,P04,IP Transit,Actual,,,,,133238.35,,,
Trend,2023-03-01,CZ,Czechia,P05,Ethernet & Capacity Services,Actual,,,,,1428277.51,,,
Trend,2023-03-01,CZ,Czechia,P06,Cloud Connect,Actual,,,,,100789.38,,,
Trend,2023-03-01,CZ,Czechia,P07,Voice Firewall & Anti-Fraud,Actual,,,,,29317.84,,,
Trend,2023-03-01,DE,Germany,P01,International Voice Termination,Actual,,,,,4662421.68,,,
Trend,2023-03-01,DE,Germany,P02,A2P Messaging,Actual,,,,,3529291.92,,,
Trend,2023-03-01,DE,Germany,P03,IPX Roaming & Signalling,Actual,,,,,3878824.44,,,
Trend,2023-03-01,DE,Germany,P04,IP Transit,Actual,,,,,4318267.41,,,
Trend,2023-03-01,DE,Germany,P05,Ethernet & Capacity Services,Actual,,,,,7233195.5,,,
Trend,2023-03-01,DE,Germany,P06,Cloud Connect,Actual,,,,,3703297.84,,,
Trend,2023-03-01,DE,Germany,P07,Voice Firewall & Anti-Fraud,Actual,,,,,1131044.66,,,
Trend,2023-03-01,ES,Spain,P01,International Voice Termination,Actual,,,,,1213714.83,,,
Trend,2023-03-01,ES,Spain,P02,A2P Messaging,Actual,,,,,7864259.52,,,
Trend,2023-03-01,ES,Spain,P03,IPX Roaming & Signalling,Actual,,,,,2162411.47,,,
Trend,2023-03-01,ES,Spain,P04,IP Transit,Actual,,,,,1991359.84,,,
Trend,2023-03-01,ES,Spain,P05,Ethernet & Capacity Services,Actual,,,,,6395763.0,,,
Trend,2023-03-01,ES,Spain,P06,Cloud Connect,Actual,,,,,1801891.98,,,
Trend,2023-03-01,ES,Spain,P07,Voice Firewall & Anti-Fraud,Actual,,,,,1427901.4,,,
Trend,2023-03-01,FR,France,P01,International Voice Termination,Actual,,,,,2360912.61,,,
Trend,2023-03-01,FR,France,P02,A2P Messaging,Actual,,,,,7620577.27,,,
Trend,2023-03-01,FR,France,P03,IPX Roaming & Signalling,Actual,,,,,7045871.89,,,
Trend,2023-03-01,FR,France,P04,IP Transit,Actual,,,,,1063179.43,,,
Trend,2023-03-01,FR,France,P05,Ethernet & Capacity Services,Actual,,,,,3279249.62,,,
Trend,2023-03-01,FR,France,P06,Cloud Connect,Actual,,,,,1482944.02,,,
Trend,2023-03-01,FR,France,P07,Voice Firewall & Anti-Fraud,Actual,,,,,3044000.95,,,
Trend,2023-03-01,GR,Greece,P01,International Voice Termination,Actual,,,,,1241147.02,,,
Trend,2023-03-01,GR,Greece,P02,A2P Messaging,Actual,,,,,1628554.47,,,
Trend,2023-03-01,GR,Greece,P03,IPX Roaming & Signalling,Actual,,,,,1118600.12,,,
Trend,2023-03-01,GR,Greece,P04,IP Transit,Actual,,,,,376337.9,,,
Trend,2023-03-01,GR,Greece,P05,Ethernet & Capacity Services,Actual,,,,,1130710.89,,,
Trend,2023-03-01,GR,Greece,P07,Voice Firewall & Anti-Fraud,Actual,,,,,606565.47,,,
Trend,2023-03-01,HR,Croatia,P05,Ethernet & Capacity Services,Actual,,,,,175609.58,,,
Trend,2023-03-01,HR,Croatia,P06,Cloud Connect,Actual,,,,,74913.82,,,
Trend,2023-03-01,HU,Hungary,P01,International Voice Termination,Actual,,,,,1903362.82,,,
Trend,2023-03-01,HU,Hungary,P02,A2P Messaging,Actual,,,,,1279556.26,,,
Trend,2023-03-01,HU,Hungary,P03,IPX Roaming & Signalling,Actual,,,,,1234242.03,,,
Trend,2023-03-01,HU,Hungary,P04,IP Transit,Actual,,,,,464334.72,,,
Trend,2023-03-01,HU,Hungary,P05,Ethernet & Capacity Services,Actual,,,,,1048947.81,,,
Trend,2023-03-01,HU,Hungary,P06,Cloud Connect,Actual,,,,,415034.43,,,
Trend,2023-03-01,HU,Hungary,P07,Voice Firewall & Anti-Fraud,Actual,,,,,570608.68,,,
Trend,2023-03-01,IT,Italy,P01,International Voice Termination,Actual,,,,,209863.92,,,
Trend,2023-03-01,IT,Italy,P02,A2P Messaging,Actual,,,,,1794564.2,,,
Trend,2023-03-01,IT,Italy,P03,IPX Roaming & Signalling,Actual,,,,,637997.14,,,
Trend,2023-03-01,IT,Italy,P04,IP Transit,Actual,,,,,1041517.62,,,
Trend,2023-03-01,IT,Italy,P05,Ethernet & Capacity Services,Actual,,,,,5655442.1,,,
Trend,2023-03-01,IT,Italy,P06,Cloud Connect,Actual,,,,,1477124.96,,,
Trend,2023-03-01,IT,Italy,P07,Voice Firewall & Anti-Fraud,Actual,,,,,416879.37,,,
Trend,2023-03-01,NL,Netherlands,P01,International Voice Termination,Actual,,,,,2950228.24,,,
Trend,2023-03-01,NL,Netherlands,P02,A2P Messaging,Actual,,,,,5061388.91,,,
Trend,2023-03-01,NL,Netherlands,P03,IPX Roaming & Signalling,Actual,,,,,3415634.42,,,
Trend,2023-03-01,NL,Netherlands,P04,IP Transit,Actual,,,,,1196039.66,,,
Trend,2023-03-01,NL,Netherlands,P05,Ethernet & Capacity Services,Actual,,,,,2157473.75,,,
Trend,2023-03-01,NL,Netherlands,P06,Cloud Connect,Actual,,,,,78303.79,,,
Trend,2023-03-01,NL,Netherlands,P07,Voice Firewall & Anti-Fraud,Actual,,,,,1354308.74,,,
Trend,2023-03-01,PL,Poland,P01,International Voice Termination,Actual,,,,,2521264.28,,,
Trend,2023-03-01,PL,Poland,P02,A2P Messaging,Actual,,,,,1883598.54,,,
Trend,2023-03-01,PL,Poland,P03,IPX Roaming & Signalling,Actual,,,,,2228247.79,,,
Trend,2023-03-01,PL,Poland,P04,IP Transit,Actual,,,,,943430.78,,,
Trend,2023-03-01,PL,Poland,P05,Ethernet & Capacity Services,Actual,,,,,2817612.82,,,
Trend,2023-03-01,PL,Poland,P06,Cloud Connect,Actual,,,,,53732.19,,,
Trend,2023-03-01,PL,Poland,P07,Voice Firewall & Anti-Fraud,Actual,,,,,580003.21,,,
Trend,2023-03-01,RO,Romania,P01,International Voice Termination,Actual,,,,,207260.96,,,
Trend,2023-03-01,RO,Romania,P03,IPX Roaming & Signalling,Actual,,,,,786796.64,,,
Trend,2023-03-01,RO,Romania,P05,Ethernet & Capacity Services,Actual,,,,,1248526.93,,,
Trend,2023-03-01,RO,Romania,P07,Voice Firewall & Anti-Fraud,Actual,,,,,141203.98,,,
Trend,2023-03-01,SK,Slovakia,P01,International Voice Termination,Actual,,,,,451918.99,,,
Trend,2023-03-01,SK,Slovakia,P02,A2P Messaging,Actual,,,,,1715734.87,,,
Trend,2023-03-01,SK,Slovakia,P03,IPX Roaming & Signalling,Actual,,,,,595742.09,,,
Trend,2023-03-01,SK,Slovakia,P05,Ethernet & Capacity Services,Actual,,,,,340075.28,,,
Trend,2023-04-01,AT,Austria,P01,International Voice Termination,Actual,,,,,894355.05,,,
Trend,2023-04-01,AT,Austria,P02,A2P Messaging,Actual,,,,,2297887.3,,,
Trend,2023-04-01,AT,Austria,P03,IPX Roaming & Signalling,Actual,,,,,1067757.15,,,
Trend,2023-04-01,AT,Austria,P04,IP Transit,Actual,,,,,604933.52,,,
Trend,2023-04-01,AT,Austria,P05,Ethernet & Capacity Services,Actual,,,,,1117613.97,,,
Trend,2023-04-01,AT,Austria,P07,Voice Firewall & Anti-Fraud,Actual,,,,,490984.1,,,
Trend,2023-04-01,CZ,Czechia,P03,IPX Roaming & Signalling,Actual,,,,,94540.44,,,
Trend,2023-04-01,CZ,Czechia,P04,IP Transit,Actual,,,,,121886.01,,,
Trend,2023-04-01,CZ,Czechia,P05,Ethernet & Capacity Services,Actual,,,,,1436662.82,,,
Trend,2023-04-01,CZ,Czechia,P06,Cloud Connect,Actual,,,,,103921.35,,,
Trend,2023-04-01,CZ,Czechia,P07,Voice Firewall & Anti-Fraud,Actual,,,,,29475.74,,,
Trend,2023-04-01,DE,Germany,P01,International Voice Termination,Actual,,,,,4414873.48,,,
Trend,2023-04-01,DE,Germany,P02,A2P Messaging,Actual,,,,,3715057.06,,,
Trend,2023-04-01,DE,Germany,P03,IPX Roaming & Signalling,Actual,,,,,4661445.22,,,
Trend,2023-04-01,DE,Germany,P04,IP Transit,Actual,,,,,4384899.05,,,
Trend,2023-04-01,DE,Germany,P05,Ethernet & Capacity Services,Actual,,,,,6889822.53,,,
Trend,2023-04-01,DE,Germany,P06,Cloud Connect,Actual,,,,,3666237.62,,,
Trend,2023-04-01,DE,Germany,P07,Voice Firewall & Anti-Fraud,Actual,,,,,1149632.52,,,
Trend,2023-04-01,ES,Spain,P01,International Voice Termination,Actual,,,,,1175435.4,,,
Trend,2023-04-01,ES,Spain,P02,A2P Messaging,Actual,,,,,7818730.36,,,
Trend,2023-04-01,ES,Spain,P03,IPX Roaming & Signalling,Actual,,,,,2335694.72,,,
Trend,2023-04-01,ES,Spain,P04,IP Transit,Actual,,,,,2124740.3,,,
Trend,2023-04-01,ES,Spain,P05,Ethernet & Capacity Services,Actual,,,,,6183291.49,,,
Trend,2023-04-01,ES,Spain,P06,Cloud Connect,Actual,,,,,1803649.55,,,
Trend,2023-04-01,ES,Spain,P07,Voice Firewall & Anti-Fraud,Actual,,,,,1391477.54,,,
Trend,2023-04-01,FR,France,P01,International Voice Termination,Actual,,,,,2366495.23,,,
Trend,2023-04-01,FR,France,P02,A2P Messaging,Actual,,,,,8514179.1,,,
Trend,2023-04-01,FR,France,P03,IPX Roaming & Signalling,Actual,,,,,8349522.35,,,
Trend,2023-04-01,FR,France,P04,IP Transit,Actual,,,,,1107436.63,,,
Trend,2023-04-01,FR,France,P05,Ethernet & Capacity Services,Actual,,,,,3425166.83,,,
Trend,2023-04-01,FR,France,P06,Cloud Connect,Actual,,,,,1471951.98,,,
Trend,2023-04-01,FR,France,P07,Voice Firewall & Anti-Fraud,Actual,,,,,2856888.18,,,
Trend,2023-04-01,GR,Greece,P01,International Voice Termination,Actual,,,,,1182161.69,,,
Trend,2023-04-01,GR,Greece,P02,A2P Messaging,Actual,,,,,1449377.74,,,
Trend,2023-04-01,GR,Greece,P03,IPX Roaming & Signalling,Actual,,,,,1265842.71,,,
Trend,2023-04-01,GR,Greece,P04,IP Transit,Actual,,,,,346009.82,,,
Trend,2023-04-01,GR,Greece,P05,Ethernet & Capacity Services,Actual,,,,,1109410.31,,,
Trend,2023-04-01,GR,Greece,P07,Voice Firewall & Anti-Fraud,Actual,,,,,622455.69,,,
Trend,2023-04-01,HR,Croatia,P05,Ethernet & Capacity Services,Actual,,,,,171810.03,,,
Trend,2023-04-01,HR,Croatia,P06,Cloud Connect,Actual,,,,,75890.83,,,
Trend,2023-04-01,HU,Hungary,P01,International Voice Termination,Actual,,,,,1763173.29,,,
Trend,2023-04-01,HU,Hungary,P02,A2P Messaging,Actual,,,,,1352679.8,,,
Trend,2023-04-01,HU,Hungary,P03,IPX Roaming & Signalling,Actual,,,,,1443273.25,,,
Trend,2023-04-01,HU,Hungary,P04,IP Transit,Actual,,,,,461715.55,,,
Trend,2023-04-01,HU,Hungary,P05,Ethernet & Capacity Services,Actual,,,,,1007148.27,,,
Trend,2023-04-01,HU,Hungary,P06,Cloud Connect,Actual,,,,,417571.89,,,
Trend,2023-04-01,HU,Hungary,P07,Voice Firewall & Anti-Fraud,Actual,,,,,589761.59,,,
Trend,2023-04-01,IT,Italy,P01,International Voice Termination,Actual,,,,,221074.86,,,
Trend,2023-04-01,IT,Italy,P02,A2P Messaging,Actual,,,,,1779005.78,,,
Trend,2023-04-01,IT,Italy,P03,IPX Roaming & Signalling,Actual,,,,,770985.81,,,
Trend,2023-04-01,IT,Italy,P04,IP Transit,Actual,,,,,1005990.08,,,
Trend,2023-04-01,IT,Italy,P05,Ethernet & Capacity Services,Actual,,,,,5602735.99,,,
Trend,2023-04-01,IT,Italy,P06,Cloud Connect,Actual,,,,,1472405.56,,,
Trend,2023-04-01,IT,Italy,P07,Voice Firewall & Anti-Fraud,Actual,,,,,363513.58,,,
Trend,2023-04-01,NL,Netherlands,P01,International Voice Termination,Actual,,,,,3015369.77,,,
Trend,2023-04-01,NL,Netherlands,P02,A2P Messaging,Actual,,,,,5254197.67,,,
Trend,2023-04-01,NL,Netherlands,P03,IPX Roaming & Signalling,Actual,,,,,4065586.19,,,
Trend,2023-04-01,NL,Netherlands,P04,IP Transit,Actual,,,,,1097173.28,,,
Trend,2023-04-01,NL,Netherlands,P05,Ethernet & Capacity Services,Actual,,,,,2269922.71,,,
Trend,2023-04-01,NL,Netherlands,P06,Cloud Connect,Actual,,,,,75384.84,,,
Trend,2023-04-01,NL,Netherlands,P07,Voice Firewall & Anti-Fraud,Actual,,,,,1446766.21,,,
Trend,2023-04-01,PL,Poland,P01,International Voice Termination,Actual,,,,,2394281.6,,,
Trend,2023-04-01,PL,Poland,P02,A2P Messaging,Actual,,,,,2152275.91,,,
Trend,2023-04-01,PL,Poland,P03,IPX Roaming & Signalling,Actual,,,,,2487881.91,,,
Trend,2023-04-01,PL,Poland,P04,IP Transit,Actual,,,,,927782.71,,,
Trend,2023-04-01,PL,Poland,P05,Ethernet & Capacity Services,Actual,,,,,2759965.8,,,
Trend,2023-04-01,PL,Poland,P06,Cloud Connect,Actual,,,,,53926.04,,,
Trend,2023-04-01,PL,Poland,P07,Voice Firewall & Anti-Fraud,Actual,,,,,599397.83,,,
Trend,2023-04-01,RO,Romania,P01,International Voice Termination,Actual,,,,,196131.05,,,
Trend,2023-04-01,RO,Romania,P03,IPX Roaming & Signalling,Actual,,,,,906564.64,,,
Trend,2023-04-01,RO,Romania,P05,Ethernet & Capacity Services,Actual,,,,,1216841.79,,,
Trend,2023-04-01,RO,Romania,P07,Voice Firewall & Anti-Fraud,Actual,,,,,137677.89,,,
Trend,2023-04-01,SK,Slovakia,P01,International Voice Termination,Actual,,,,,453126.74,,,
Trend,2023-04-01,SK,Slovakia,P02,A2P Messaging,Actual,,,,,1733726.37,,,
Trend,2023-04-01,SK,Slovakia,P03,IPX Roaming & Signalling,Actual,,,,,691485.85,,,
Trend,2023-04-01,SK,Slovakia,P05,Ethernet & Capacity Services,Actual,,,,,335546.3,,,
Trend,2023-05-01,AT,Austria,P01,International Voice Termination,Actual,,,,,912972.46,,,
Trend,2023-05-01,AT,Austria,P02,A2P Messaging,Actual,,,,,2264004.19,,,
Trend,2023-05-01,AT,Austria,P03,IPX Roaming & Signalling,Actual,,,,,1200257.59,,,
Trend,2023-05-01,AT,Austria,P04,IP Transit,Actual,,,,,545980.91,,,
Trend,2023-05-01,AT,Austria,P05,Ethernet & Capacity Services,Actual,,,,,1102996.93,,,
Trend,2023-05-01,AT,Austria,P07,Voice Firewall & Anti-Fraud,Actual,,,,,507600.2,,,
Trend,2023-05-01,CZ,Czechia,P03,IPX Roaming & Signalling,Actual,,,,,101939.2,,,
Trend,2023-05-01,CZ,Czechia,P04,IP Transit,Actual,,,,,144897.17,,,
Trend,2023-05-01,CZ,Czechia,P05,Ethernet & Capacity Services,Actual,,,,,1343346.11,,,
Trend,2023-05-01,CZ,Czechia,P06,Cloud Connect,Actual,,,,,103378.59,,,
Trend,2023-05-01,CZ,Czechia,P07,Voice Firewall & Anti-Fraud,Actual,,,,,32423.3,,,
Trend,2023-05-01,DE,Germany,P01,International Voice Termination,Actual,,,,,4608680.88,,,
Trend,2023-05-01,DE,Germany,P02,A2P Messaging,Actual,,,,,3790154.88,,,
Trend,2023-05-01,DE,Germany,P03,IPX Roaming & Signalling,Actual,,,,,5631525.78,,,
Trend,2023-05-01,DE,Germany,P04,IP Transit,Actual,,,,,4287974.02,,,
Trend,2023-05-01,DE,Germany,P05,Ethernet & Capacity Services,Actual,,,,,7052575.31,,,
Trend,2023-05-01,DE,Germany,P06,Cloud Connect,Actual,,,,,3721515.38,,,
Trend,2023-05-01,DE,Germany,P07,Voice Firewall & Anti-Fraud,Actual,,,,,1129270.11,,,
Trend,2023-05-01,ES,Spain,P01,International Voice Termination,Actual,,,,,1162473.03,,,
Trend,2023-05-01,ES,Spain,P02,A2P Messaging,Actual,,,,,8404441.06,,,
Trend,2023-05-01,ES,Spain,P03,IPX Roaming & Signalling,Actual,,,,,2474881.07,,,
Trend,2023-05-01,ES,Spain,P04,IP Transit,Actual,,,,,2130720.04,,,
Trend,2023-05-01,ES,Spain,P05,Ethernet & Capacity Services,Actual,,,,,6502786.21,,,
Trend,2023-05-01,ES,Spain,P06,Cloud Connect,Actual,,,,,1890290.14,,,
Trend,2023-05-01,ES,Spain,P07,Voice Firewall & Anti-Fraud,Actual,,,,,1443537.52,,,
Trend,2023-05-01,FR,France,P01,International Voice Termination,Actual,,,,,2196128.62,,,
Trend,2023-05-01,FR,France,P02,A2P Messaging,Actual,,,,,8932797.8,,,
Trend,2023-05-01,FR,France,P03,IPX Roaming & Signalling,Actual,,,,,9304728.77,,,
Trend,2023-05-01,FR,France,P04,IP Transit,Actual,,,,,1065387.45,,,
Trend,2023-05-01,FR,France,P05,Ethernet & Capacity Services,Actual,,,,,3477791.64,,,
Trend,2023-05-01,FR,France,P06,Cloud Connect,Actual,,,,,1515502.09,,,
Trend,2023-05-01,FR,France,P07,Voice Firewall & Anti-Fraud,Actual,,,,,2985718.24,,,
Trend,2023-05-01,GR,Greece,P01,International Voice Termination,Actual,,,,,1187494.62,,,
Trend,2023-05-01,GR,Greece,P02,A2P Messaging,Actual,,,,,1791509.82,,,
Trend,2023-05-01,GR,Greece,P03,IPX Roaming & Signalling,Actual,,,,,1418501.81,,,
Trend,2023-05-01,GR,Greece,P04,IP Transit,Actual,,,,,387543.94,,,
Trend,2023-05-01,GR,Greece,P05,Ethernet & Capacity Services,Actual,,,,,1141076.03,,,
Trend,2023-05-01,GR,Greece,P07,Voice Firewall & Anti-Fraud,Actual,,,,,626063.45,,,
Trend,2023-05-01,HR,Croatia,P05,Ethernet & Capacity Services,Actual,,,,,156485.96,,,
Trend,2023-05-01,HR,Croatia,P06,Cloud Connect,Actual,,,,,76790.76,,,
Trend,2023-05-01,HU,Hungary,P01,International Voice Termination,Actual,,,,,1874855.32,,,
Trend,2023-05-01,HU,Hungary,P02,A2P Messaging,Actual,,,,,1387047.3,,,
Trend,2023-05-01,HU,Hungary,P03,IPX Roaming & Signalling,Actual,,,,,1532190.38,,,
Trend,2023-05-01,HU,Hungary,P04,IP Transit,Actual,,,,,478240.96,,,
Trend,2023-05-01,HU,Hungary,P05,Ethernet & Capacity Services,Actual,,,,,964349.8,,,
Trend,2023-05-01,HU,Hungary,P06,Cloud Connect,Actual,,,,,423533.14,,,
Trend,2023-05-01,HU,Hungary,P07,Voice Firewall & Anti-Fraud,Actual,,,,,574809.57,,,
Trend,2023-05-01,IT,Italy,P01,International Voice Termination,Actual,,,,,217604.61,,,
Trend,2023-05-01,IT,Italy,P02,A2P Messaging,Actual,,,,,1854588.49,,,
Trend,2023-05-01,IT,Italy,P03,IPX Roaming & Signalling,Actual,,,,,870173.04,,,
Trend,2023-05-01,IT,Italy,P04,IP Transit,Actual,,,,,1034493.49,,,
Trend,2023-05-01,IT,Italy,P05,Ethernet & Capacity Services,Actual,,,,,5555762.91,,,
Trend,2023-05-01,IT,Italy,P06,Cloud Connect,Actual,,,,,1600392.31,,,
Trend,2023-05-01,IT,Italy,P07,Voice Firewall & Anti-Fraud,Actual,,,,,300540.44,,,
Trend,2023-05-01,NL,Netherlands,P01,International Voice Termination,Actual,,,,,2999653.75,,,
Trend,2023-05-01,NL,Netherlands,P02,A2P Messaging,Actual,,,,,5307220.25,,,
Trend,2023-05-01,NL,Netherlands,P03,IPX Roaming & Signalling,Actual,,,,,4583806.45,,,
Trend,2023-05-01,NL,Netherlands,P04,IP Transit,Actual,,,,,1185368.44,,,
Trend,2023-05-01,NL,Netherlands,P05,Ethernet & Capacity Services,Actual,,,,,2390917.86,,,
Trend,2023-05-01,NL,Netherlands,P06,Cloud Connect,Actual,,,,,80397.75,,,
Trend,2023-05-01,NL,Netherlands,P07,Voice Firewall & Anti-Fraud,Actual,,,,,1366411.05,,,
Trend,2023-05-01,PL,Poland,P01,International Voice Termination,Actual,,,,,2430269.23,,,
Trend,2023-05-01,PL,Poland,P02,A2P Messaging,Actual,,,,,2060709.13,,,
Trend,2023-05-01,PL,Poland,P03,IPX Roaming & Signalling,Actual,,,,,3012610.08,,,
Trend,2023-05-01,PL,Poland,P04,IP Transit,Actual,,,,,998669.93,,,
Trend,2023-05-01,PL,Poland,P05,Ethernet & Capacity Services,Actual,,,,,2929687.93,,,
Trend,2023-05-01,PL,Poland,P06,Cloud Connect,Actual,,,,,49944.52,,,
Trend,2023-05-01,PL,Poland,P07,Voice Firewall & Anti-Fraud,Actual,,,,,652154.91,,,
Trend,2023-05-01,RO,Romania,P01,International Voice Termination,Actual,,,,,200490.5,,,
Trend,2023-05-01,RO,Romania,P03,IPX Roaming & Signalling,Actual,,,,,946211.32,,,
Trend,2023-05-01,RO,Romania,P05,Ethernet & Capacity Services,Actual,,,,,1178157.83,,,
Trend,2023-05-01,RO,Romania,P07,Voice Firewall & Anti-Fraud,Actual,,,,,152973.54,,,
Trend,2023-05-01,SK,Slovakia,P01,International Voice Termination,Actual,,,,,451193.65,,,
Trend,2023-05-01,SK,Slovakia,P02,A2P Messaging,Actual,,,,,1652210.46,,,
Trend,2023-05-01,SK,Slovakia,P03,IPX Roaming & Signalling,Actual,,,,,764332.17,,,
Trend,2023-05-01,SK,Slovakia,P05,Ethernet & Capacity Services,Actual,,,,,344835.17,,,
Trend,2023-06-01,AT,Austria,P01,International Voice Termination,Actual,,,,,784607.56,,,
Trend,2023-06-01,AT,Austria,P02,A2P Messaging,Actual,,,,,2458126.92,,,
Trend,2023-06-01,AT,Austria,P03,IPX Roaming & Signalling,Actual,,,,,1433671.24,,,
Trend,2023-06-01,AT,Austria,P04,IP Transit,Actual,,,,,597342.93,,,
Trend,2023-06-01,AT,Austria,P05,Ethernet & Capacity Services,Actual,,,,,1176579.43,,,
Trend,2023-06-01,AT,Austria,P07,Voice Firewall & Anti-Fraud,Actual,,,,,519066.73,,,
Trend,2023-06-01,CZ,Czechia,P03,IPX Roaming & Signalling,Actual,,,,,120448.17,,,
Trend,2023-06-01,CZ,Czechia,P04,IP Transit,Actual,,,,,128420.13,,,
Trend,2023-06-01,CZ,Czechia,P05,Ethernet & Capacity Services,Actual,,,,,1366986.23,,,
Trend,2023-06-01,CZ,Czechia,P06,Cloud Connect,Actual,,,,,115829.56,,,
Trend,2023-06-01,CZ,Czechia,P07,Voice Firewall & Anti-Fraud,Actual,,,,,30162.61,,,
Trend,2023-06-01,DE,Germany,P01,International Voice Termination,Actual,,,,,4270743.28,,,
Trend,2023-06-01,DE,Germany,P02,A2P Messaging,Actual,,,,,3533838.59,,,
Trend,2023-06-01,DE,Germany,P03,IPX Roaming & Signalling,Actual,,,,,7433425.1,,,
Trend,2023-06-01,DE,Germany,P04,IP Transit,Actual,,,,,4329827.85,,,
Trend,2023-06-01,DE,Germany,P05,Ethernet & Capacity Services,Actual,,,,,7066802.01,,,
Trend,2023-06-01,DE,Germany,P06,Cloud Connect,Actual,,,,,3745734.84,,,
Trend,2023-06-01,DE,Germany,P07,Voice Firewall & Anti-Fraud,Actual,,,,,1185952.24,,,
Trend,2023-06-01,ES,Spain,P01,International Voice Termination,Actual,,,,,1135686.6,,,
Trend,2023-06-01,ES,Spain,P02,A2P Messaging,Actual,,,,,8392330.99,,,
Trend,2023-06-01,ES,Spain,P03,IPX Roaming & Signalling,Actual,,,,,3072969.76,,,
Trend,2023-06-01,ES,Spain,P04,IP Transit,Actual,,,,,1885326.33,,,
Trend,2023-06-01,ES,Spain,P05,Ethernet & Capacity Services,Actual,,,,,5922847.26,,,
Trend,2023-06-01,ES,Spain,P06,Cloud Connect,Actual,,,,,1584558.64,,,
Trend,2023-06-01,ES,Spain,P07,Voice Firewall & Anti-Fraud,Actual,,,,,1457477.96,,,
Trend,2023-06-01,FR,France,P01,International Voice Termination,Actual,,,,,2216089.27,,,
Trend,2023-06-01,FR,France,P02,A2P Messaging,Actual,,,,,8847104.24,,,
Trend,2023-06-01,FR,France,P03,IPX Roaming & Signalling,Actual,,,,,10737113.18,,,
Trend,2023-06-01,FR,France,P04,IP Transit,Actual,,,,,1096769.09,,,
Trend,2023-06-01,FR,France,P05,Ethernet & Capacity Services,Actual,,,,,3369915.47,,,
Trend,2023-06-01,FR,France,P06,Cloud Connect,Actual,,,,,1553963.82,,,
Trend,2023-06-01,FR,France,P07,Voice Firewall & Anti-Fraud,Actual,,,,,2968151.45,,,
Trend,2023-06-01,GR,Greece,P01,International Voice Termination,Actual,,,,,1100174.24,,,
Trend,2023-06-01,GR,Greece,P02,A2P Messaging,Actual,,,,,1631776.32,,,
Trend,2023-06-01,GR,Greece,P03,IPX Roaming & Signalling,Actual,,,,,1624188.66,,,
Trend,2023-06-01,GR,Greece,P04,IP Transit,Actual,,,,,355218.33,,,
Trend,2023-06-01,GR,Greece,P05,Ethernet & Capacity Services,Actual,,,,,1134791.19,,,
Trend,2023-06-01,GR,Greece,P07,Voice Firewall & Anti-Fraud,Actual,,,,,628687.73,,,
Trend,2023-06-01,HR,Croatia,P05,Ethernet & Capacity Services,Actual,,,,,163393.54,,,
Trend,2023-06-01,HR,Croatia,P06,Cloud Connect,Actual,,,,,72993.35,,,
Trend,2023-06-01,HU,Hungary,P01,International Voice Termination,Actual,,,,,1741022.37,,,
Trend,2023-06-01,HU,Hungary,P02,A2P Messaging,Actual,,,,,1389193.5,,,
Trend,2023-06-01,HU,Hungary,P03,IPX Roaming & Signalling,Actual,,,,,1821950.45,,,
Trend,2023-06-01,HU,Hungary,P04,IP Transit,Actual,,,,,482433.8,,,
Trend,2023-06-01,HU,Hungary,P05,Ethernet & Capacity Services,Actual,,,,,1084339.05,,,
Trend,2023-06-01,HU,Hungary,P06,Cloud Connect,Actual,,,,,442043.76,,,
Trend,2023-06-01,HU,Hungary,P07,Voice Firewall & Anti-Fraud,Actual,,,,,581798.42,,,
Trend,2023-06-01,IT,Italy,P01,International Voice Termination,Actual,,,,,200644.15,,,
Trend,2023-06-01,IT,Italy,P02,A2P Messaging,Actual,,,,,1797420.79,,,
Trend,2023-06-01,IT,Italy,P03,IPX Roaming & Signalling,Actual,,,,,962745.13,,,
Trend,2023-06-01,IT,Italy,P04,IP Transit,Actual,,,,,970849.26,,,
Trend,2023-06-01,IT,Italy,P05,Ethernet & Capacity Services,Actual,,,,,5614257.91,,,
Trend,2023-06-01,IT,Italy,P06,Cloud Connect,Actual,,,,,1771769.39,,,
Trend,2023-06-01,IT,Italy,P07,Voice Firewall & Anti-Fraud,Actual,,,,,323485.03,,,
Trend,2023-06-01,NL,Netherlands,P01,International Voice Termination,Actual,,,,,2888425.04,,,
Trend,2023-06-01,NL,Netherlands,P02,A2P Messaging,Actual,,,,,5184362.5,,,
Trend,2023-06-01,NL,Netherlands,P03,IPX Roaming & Signalling,Actual,,,,,5434786.51,,,
Trend,2023-06-01,NL,Netherlands,P04,IP Transit,Actual,,,,,1186914.11,,,
Trend,2023-06-01,NL,Netherlands,P05,Ethernet & Capacity Services,Actual,,,,,2329347.21,,,
Trend,2023-06-01,NL,Netherlands,P06,Cloud Connect,Actual,,,,,84554.01,,,
Trend,2023-06-01,NL,Netherlands,P07,Voice Firewall & Anti-Fraud,Actual,,,,,1372908.08,,,
Trend,2023-06-01,PL,Poland,P01,International Voice Termination,Actual,,,,,2237033.88,,,
Trend,2023-06-01,PL,Poland,P02,A2P Messaging,Actual,,,,,2039230.55,,,
Trend,2023-06-01,PL,Poland,P03,IPX Roaming & Signalling,Actual,,,,,3413717.41,,,
Trend,2023-06-01,PL,Poland,P04,IP Transit,Actual,,,,,1055694.29,,,
Trend,2023-06-01,PL,Poland,P05,Ethernet & Capacity Services,Actual,,,,,2898866.52,,,
Trend,2023-06-01,PL,Poland,P06,Cloud Connect,Actual,,,,,56713.87,,,
Trend,2023-06-01,PL,Poland,P07,Voice Firewall & Anti-Fraud,Actual,,,,,633275.0,,,
Trend,2023-06-01,RO,Romania,P01,International Voice Termination,Actual,,,,,122586.2,,,
Trend,2023-06-01,RO,Romania,P03,IPX Roaming & Signalling,Actual,,,,,976214.64,,,
Trend,2023-06-01,RO,Romania,P05,Ethernet & Capacity Services,Actual,,,,,1143122.24,,,
Trend,2023-06-01,RO,Romania,P07,Voice Firewall & Anti-Fraud,Actual,,,,,119777.17,,,
Trend,2023-06-01,SK,Slovakia,P01,International Voice Termination,Actual,,,,,439230.98,,,
Trend,2023-06-01,SK,Slovakia,P02,A2P Messaging,Actual,,,,,1593856.89,,,
Trend,2023-06-01,SK,Slovakia,P03,IPX Roaming & Signalling,Actual,,,,,917486.37,,,
Trend,2023-06-01,SK,Slovakia,P05,Ethernet & Capacity Services,Actual,,,,,354350.17,,,
Trend,2023-07-01,AT,Austria,P01,International Voice Termination,Actual,,,,,829791.22,,,
Trend,2023-07-01,AT,Austria,P02,A2P Messaging,Actual,,,,,2430318.34,,,
Trend,2023-07-01,AT,Austria,P03,IPX Roaming & Signalling,Actual,,,,,1771574.43,,,
Trend,2023-07-01,AT,Austria,P04,IP Transit,Actual,,,,,606290.43,,,
Trend,2023-07-01,AT,Austria,P05,Ethernet & Capacity Services,Actual,,,,,1131449.26,,,
Trend,2023-07-01,AT,Austria,P07,Voice Firewall & Anti-Fraud,Actual,,,,,556349.03,,,
Trend,2023-07-01,CZ,Czechia,P03,IPX Roaming & Signalling,Actual,,,,,144902.26,,,
Trend,2023-07-01,CZ,Czechia,P04,IP Transit,Actual,,,,,132718.49,,,
Trend,2023-07-01,CZ,Czechia,P05,Ethernet & Capacity Services,Actual,,,,,1320597.02,,,
Trend,2023-07-01,CZ,Czechia,P06,Cloud Connect,Actual,,,,,114650.12,,,
Trend,2023-07-01,CZ,Czechia,P07,Voice Firewall & Anti-Fraud,Actual,,,,,31169.51,,,
Trend,2023-07-01,DE,Germany,P01,International Voice Termination,Actual,,,,,4600845.72,,,
Trend,2023-07-01,DE,Germany,P02,A2P Messaging,Actual,,,,,3828687.4,,,
Trend,2023-07-01,DE,Germany,P03,IPX Roaming & Signalling,Actual,,,,,9848825.28,,,
Trend,2023-07-01,DE,Germany,P04,IP Transit,Actual,,,,,4304354.8,,,
Trend,2023-07-01,DE,Germany,P05,Ethernet & Capacity Services,Actual,,,,,6756713.79,,,
Trend,2023-07-01,DE,Germany,P06,Cloud Connect,Actual,,,,,3974673.88,,,
Trend,2023-07-01,DE,Germany,P07,Voice Firewall & Anti-Fraud,Actual,,,,,1229927.28,,,
Trend,2023-07-01,ES,Spain,P01,International Voice Termination,Actual,,,,,1128220.25,,,
Trend,2023-07-01,ES,Spain,P02,A2P Messaging,Actual,,,,,8176384.13,,,
Trend,2023-07-01,ES,Spain,P03,IPX Roaming & Signalling,Actual,,,,,3646630.0,,,
Trend,2023-07-01,ES,Spain,P04,IP Transit,Actual,,,,,1865414.25,,,
Trend,2023-07-01,ES,Spain,P05,Ethernet & Capacity Services,Actual,,,,,5802479.87,,,
Trend,2023-07-01,ES,Spain,P06,Cloud Connect,Actual,,,,,1714941.19,,,
Trend,2023-07-01,ES,Spain,P07,Voice Firewall & Anti-Fraud,Actual,,,,,1465421.02,,,
Trend,2023-07-01,FR,France,P01,International Voice Termination,Actual,,,,,2260338.52,,,
Trend,2023-07-01,FR,France,P02,A2P Messaging,Actual,,,,,9142348.92,,,
Trend,2023-07-01,FR,France,P03,IPX Roaming & Signalling,Actual,,,,,13658077.27,,,
Trend,2023-07-01,FR,France,P04,IP Transit,Actual,,,,,1104740.86,,,
Trend,2023-07-01,FR,France,P05,Ethernet & Capacity Services,Actual,,,,,3378992.12,,,
Trend,2023-07-01,FR,France,P06,Cloud Connect,Actual,,,,,1565825.18,,,
Trend,2023-07-01,FR,France,P07,Voice Firewall & Anti-Fraud,Actual,,,,,3119521.2,,,
Trend,2023-07-01,GR,Greece,P01,International Voice Termination,Actual,,,,,1081230.4,,,
Trend,2023-07-01,GR,Greece,P02,A2P Messaging,Actual,,,,,1764876.94,,,
Trend,2023-07-01,GR,Greece,P03,IPX Roaming & Signalling,Actual,,,,,2077615.76,,,
Trend,2023-07-01,GR,Greece,P04,IP Transit,Actual,,,,,350206.64,,,
Trend,2023-07-01,GR,Greece,P05,Ethernet & Capacity Services,Actual,,,,,1193356.09,,,
Trend,2023-07-01,GR,Greece,P07,Voice Firewall & Anti-Fraud,Actual,,,,,647816.28,,,
Trend,2023-07-01,HR,Croatia,P05,Ethernet & Capacity Services,Actual,,,,,171815.61,,,
Trend,2023-07-01,HR,Croatia,P06,Cloud Connect,Actual,,,,,83026.89,,,
Trend,2023-07-01,HU,Hungary,P01,International Voice Termination,Actual,,,,,1820249.5,,,
Trend,2023-07-01,HU,Hungary,P02,A2P Messaging,Actual,,,,,1375521.73,,,
Trend,2023-07-01,HU,Hungary,P03,IPX Roaming & Signalling,Actual,,,,,2192680.55,,,
Trend,2023-07-01,HU,Hungary,P04,IP Transit,Actual,,,,,469472.86,,,
Trend,2023-07-01,HU,Hungary,P05,Ethernet & Capacity Services,Actual,,,,,1054260.12,,,
Trend,2023-07-01,HU,Hungary,P06,Cloud Connect,Actual,,,,,448415.57,,,
Trend,2023-07-01,HU,Hungary,P07,Voice Firewall & Anti-Fraud,Actual,,,,,626709.44,,,
Trend,2023-07-01,IT,Italy,P01,International Voice Termination,Actual,,,,,201320.19,,,
Trend,2023-07-01,IT,Italy,P02,A2P Messaging,Actual,,,,,1803480.03,,,
Trend,2023-07-01,IT,Italy,P03,IPX Roaming & Signalling,Actual,,,,,1311538.73,,,
Trend,2023-07-01,IT,Italy,P04,IP Transit,Actual,,,,,948549.34,,,
Trend,2023-07-01,IT,Italy,P05,Ethernet & Capacity Services,Actual,,,,,5524165.41,,,
Trend,2023-07-01,IT,Italy,P06,Cloud Connect,Actual,,,,,1745577.89,,,
Trend,2023-07-01,IT,Italy,P07,Voice Firewall & Anti-Fraud,Actual,,,,,310254.14,,,
Trend,2023-07-01,NL,Netherlands,P01,International Voice Termination,Actual,,,,,2865499.94,,,
Trend,2023-07-01,NL,Netherlands,P02,A2P Messaging,Actual,,,,,5216574.32,,,
Trend,2023-07-01,NL,Netherlands,P03,IPX Roaming & Signalling,Actual,,,,,6734721.08,,,
Trend,2023-07-01,NL,Netherlands,P04,IP Transit,Actual,,,,,1160444.56,,,
Trend,2023-07-01,NL,Netherlands,P05,Ethernet & Capacity Services,Actual,,,,,2306431.38,,,
Trend,2023-07-01,NL,Netherlands,P06,Cloud Connect,Actual,,,,,83844.7,,,
Trend,2023-07-01,NL,Netherlands,P07,Voice Firewall & Anti-Fraud,Actual,,,,,1503945.66,,,
Trend,2023-07-01,PL,Poland,P01,International Voice Termination,Actual,,,,,2359831.65,,,
Trend,2023-07-01,PL,Poland,P02,A2P Messaging,Actual,,,,,2052183.44,,,
Trend,2023-07-01,PL,Poland,P03,IPX Roaming & Signalling,Actual,,,,,4159473.54,,,
Trend,2023-07-01,PL,Poland,P04,IP Transit,Actual,,,,,979613.29,,,
Trend,2023-07-01,PL,Poland,P05,Ethernet & Capacity Services,Actual,,,,,2827121.14,,,
Trend,2023-07-01,PL,Poland,P06,Cloud Connect,Actual,,,,,58535.22,,,
Trend,2023-07-01,PL,Poland,P07,Voice Firewall & Anti-Fraud,Actual,,,,,632137.09,,,
Trend,2023-07-01,RO,Romania,P01,International Voice Termination,Actual,,,,,63388.59,,,
Trend,2023-07-01,RO,Romania,P03,IPX Roaming & Signalling,Actual,,,,,1099248.85,,,
Trend,2023-07-01,RO,Romania,P05,Ethernet & Capacity Services,Actual,,,,,1181618.07,,,
Trend,2023-07-01,RO,Romania,P07,Voice Firewall & Anti-Fraud,Actual,,,,,100062.54,,,
Trend,2023-07-01,SK,Slovakia,P01,International Voice Termination,Actual,,,,,441643.09,,,
Trend,2023-07-01,SK,Slovakia,P02,A2P Messaging,Actual,,,,,1623169.08,,,
Trend,2023-07-01,SK,Slovakia,P03,IPX Roaming & Signalling,Actual,,,,,1067426.89,,,
Trend,2023-07-01,SK,Slovakia,P05,Ethernet & Capacity Services,Actual,,,,,317689.14,,,
Trend,2023-08-01,AT,Austria,P01,International Voice Termination,Actual,,,,,827199.7,,,
Trend,2023-08-01,AT,Austria,P02,A2P Messaging,Actual,,,,,2346478.95,,,
Trend,2023-08-01,AT,Austria,P03,IPX Roaming & Signalling,Actual,,,,,1535364.68,,,
Trend,2023-08-01,AT,Austria,P04,IP Transit,Actual,,,,,595312.78,,,
Trend,2023-08-01,AT,Austria,P05,Ethernet & Capacity Services,Actual,,,,,1042906.71,,,
Trend,2023-08-01,AT,Austria,P07,Voice Firewall & Anti-Fraud,Actual,,,,,543787.14,,,
Trend,2023-08-01,CZ,Czechia,P03,IPX Roaming & Signalling,Actual,,,,,150023.34,,,
Trend,2023-08-01,CZ,Czechia,P04,IP Transit,Actual,,,,,130194.12,,,
Trend,2023-08-01,CZ,Czechia,P05,Ethernet & Capacity Services,Actual,,,,,1265322.09,,,
Trend,2023-08-01,CZ,Czechia,P06,Cloud Connect,Actual,,,,,124383.35,,,
Trend,2023-08-01,CZ,Czechia,P07,Voice Firewall & Anti-Fraud,Actual,,,,,34247.57,,,
Trend,2023-08-01,DE,Germany,P01,International Voice Termination,Actual,,,,,4329531.46,,,
Trend,2023-08-01,DE,Germany,P02,A2P Messaging,Actual,,,,,3684760.35,,,
Trend,2023-08-01,DE,Germany,P03,IPX Roaming & Signalling,Actual,,,,,10279702.76,,,
Trend,2023-08-01,DE,Germany,P04,IP Transit,Actual,,,,,4152346.04,,,
Trend,2023-08-01,DE,Germany,P05,Ethernet & Capacity Services,Actual,,,,,7268300.24,,,
Trend,2023-08-01,DE,Germany,P06,Cloud Connect,Actual,,,,,3727498.54,,,
Trend,2023-08-01,DE,Germany,P07,Voice Firewall & Anti-Fraud,Actual,,,,,1212769.54,,,
Trend,2023-08-01,ES,Spain,P01,International Voice Termination,Actual,,,,,1071576.94,,,
Trend,2023-08-01,ES,Spain,P02,A2P Messaging,Actual,,,,,7749097.36,,,
Trend,2023-08-01,ES,Spain,P03,IPX Roaming & Signalling,Actual,,,,,3807281.73,,,
Trend,2023-08-01,ES,Spain,P04,IP Transit,Actual,,,,,1768723.08,,,
Trend,2023-08-01,ES,Spain,P05,Ethernet & Capacity Services,Actual,,,,,5630910.42,,,
Trend,2023-08-01,ES,Spain,P06,Cloud Connect,Actual,,,,,1676380.85,,,
Trend,2023-08-01,ES,Spain,P07,Voice Firewall & Anti-Fraud,Actual,,,,,1515607.72,,,
Trend,2023-08-01,FR,France,P01,International Voice Termination,Actual,,,,,2203310.31,,,
Trend,2023-08-01,FR,France,P02,A2P Messaging,Actual,,,,,8546140.33,,,
Trend,2023-08-01,FR,France,P03,IPX Roaming & Signalling,Actual,,,,,13848673.17,,,
Trend,2023-08-01,FR,France,P04,IP Transit,Actual,,,,,987085.09,,,
Trend,2023-08-01,FR,France,P05,Ethernet & Capacity Services,Actual,,,,,3235321.66,,,
Trend,2023-08-01,FR,France,P06,Cloud Connect,Actual,,,,,1570315.37,,,
Trend,2023-08-01,FR,France,P07,Voice Firewall & Anti-Fraud,Actual,,,,,3116271.85,,,
Trend,2023-08-01,GR,Greece,P01,International Voice Termination,Actual,,,,,1163003.54,,,
Trend,2023-08-01,GR,Greece,P02,A2P Messaging,Actual,,,,,1648339.25,,,
Trend,2023-08-01,GR,Greece,P03,IPX Roaming & Signalling,Actual,,,,,1953288.74,,,
Trend,2023-08-01,GR,Greece,P04,IP Transit,Actual,,,,,383915.92,,,
Trend,2023-08-01,GR,Greece,P05,Ethernet & Capacity Services,Actual,,,,,1128872.39,,,
Trend,2023-08-01,GR,Greece,P07,Voice Firewall & Anti-Fraud,Actual,,,,,670246.41,,,
Trend,2023-08-01,HR,Croatia,P05,Ethernet & Capacity Services,Actual,,,,,175959.96,,,
Trend,2023-08-01,HR,Croatia,P06,Cloud Connect,Actual,,,,,82479.57,,,
Trend,2023-08-01,HU,Hungary,P01,International Voice Termination,Actual,,,,,1732274.58,,,
Trend,2023-08-01,HU,Hungary,P02,A2P Messaging,Actual,,,,,1389499.67,,,
Trend,2023-08-01,HU,Hungary,P03,IPX Roaming & Signalling,Actual,,,,,2369929.08,,,
Trend,2023-08-01,HU,Hungary,P04,IP Transit,Actual,,,,,494443.57,,,
Trend,2023-08-01,HU,Hungary,P05,Ethernet & Capacity Services,Actual,,,,,1046576.46,,,
Trend,2023-08-01,HU,Hungary,P06,Cloud Connect,Actual,,,,,427283.79,,,
Trend,2023-08-01,HU,Hungary,P07,Voice Firewall & Anti-Fraud,Actual,,,,,632678.43,,,
Trend,2023-08-01,IT,Italy,P01,International Voice Termination,Actual,,,,,188265.87,,,
Trend,2023-08-01,IT,Italy,P02,A2P Messaging,Actual,,,,,1868115.91,,,
Trend,2023-08-01,IT,Italy,P03,IPX Roaming & Signalling,Actual,,,,,1205113.05,,,
Trend,2023-08-01,IT,Italy,P04,IP Transit,Actual,,,,,980625.13,,,
Trend,2023-08-01,IT,Italy,P05,Ethernet & Capacity Services,Actual,,,,,5673785.28,,,
Trend,2023-08-01,IT,Italy,P06,Cloud Connect,Actual,,,,,1569233.91,,,
Trend,2023-08-01,IT,Italy,P07,Voice Firewall & Anti-Fraud,Actual,,,,,312595.57,,,
Trend,2023-08-01,NL,Netherlands,P01,International Voice Termination,Actual,,,,,2834928.61,,,
Trend,2023-08-01,NL,Netherlands,P02,A2P Messaging,Actual,,,,,5481813.58,,,
Trend,2023-08-01,NL,Netherlands,P03,IPX Roaming & Signalling,Actual,,,,,6609625.22,,,
Trend,2023-08-01,NL,Netherlands,P04,IP Transit,Actual,,,,,1169025.02,,,
Trend,2023-08-01,NL,Netherlands,P05,Ethernet & Capacity Services,Actual,,,,,2117720.39,,,
Trend,2023-08-01,NL,Netherlands,P06,Cloud Connect,Actual,,,,,81026.85,,,
Trend,2023-08-01,NL,Netherlands,P07,Voice Firewall & Anti-Fraud,Actual,,,,,1436109.64,,,
Trend,2023-08-01,PL,Poland,P01,International Voice Termination,Actual,,,,,2334166.68,,,
Trend,2023-08-01,PL,Poland,P02,A2P Messaging,Actual,,,,,2215380.97,,,
Trend,2023-08-01,PL,Poland,P03,IPX Roaming & Signalling,Actual,,,,,4149974.46,,,
Trend,2023-08-01,PL,Poland,P04,IP Transit,Actual,,,,,985262.63,,,
Trend,2023-08-01,PL,Poland,P05,Ethernet & Capacity Services,Actual,,,,,2772447.85,,,
Trend,2023-08-01,PL,Poland,P06,Cloud Connect,Actual,,,,,52118.53,,,
Trend,2023-08-01,PL,Poland,P07,Voice Firewall & Anti-Fraud,Actual,,,,,669675.73,,,
Trend,2023-08-01,RO,Romania,P03,IPX Roaming & Signalling,Actual,,,,,1001634.6,,,
Trend,2023-08-01,RO,Romania,P05,Ethernet & Capacity Services,Actual,,,,,1169265.18,,,
Trend,2023-08-01,RO,Romania,P07,Voice Firewall & Anti-Fraud,Actual,,,,,83480.17,,,
Trend,2023-08-01,SK,Slovakia,P01,International Voice Termination,Actual,,,,,421150.17,,,
Trend,2023-08-01,SK,Slovakia,P02,A2P Messaging,Actual,,,,,1884540.35,,,
Trend,2023-08-01,SK,Slovakia,P03,IPX Roaming & Signalling,Actual,,,,,1054949.57,,,
Trend,2023-08-01,SK,Slovakia,P05,Ethernet & Capacity Services,Actual,,,,,329097.92,,,
Trend,2023-09-01,AT,Austria,P01,International Voice Termination,Actual,,,,,788781.94,,,
Trend,2023-09-01,AT,Austria,P02,A2P Messaging,Actual,,,,,2631051.2,,,
Trend,2023-09-01,AT,Austria,P03,IPX Roaming & Signalling,Actual,,,,,1222763.67,,,
Trend,2023-09-01,AT,Austria,P04,IP Transit,Actual,,,,,623205.28,,,
Trend,2023-09-01,AT,Austria,P05,Ethernet & Capacity Services,Actual,,,,,1104394.66,,,
Trend,2023-09-01,AT,Austria,P07,Voice Firewall & Anti-Fraud,Actual,,,,,577186.96,,,
Trend,2023-09-01,CZ,Czechia,P03,IPX Roaming & Signalling,Actual,,,,,113370.93,,,
Trend,2023-09-01,CZ,Czechia,P04,IP Transit,Actual,,,,,133687.43,,,
Trend,2023-09-01,CZ,Czechia,P05,Ethernet & Capacity Services,Actual,,,,,1390045.61,,,
Trend,2023-09-01,CZ,Czechia,P06,Cloud Connect,Actual,,,,,118389.83,,,
Trend,2023-09-01,CZ,Czechia,P07,Voice Firewall & Anti-Fraud,Actual,,,,,35976.7,,,
Trend,2023-09-01,DE,Germany,P01,International Voice Termination,Actual,,,,,4132064.71,,,
Trend,2023-09-01,DE,Germany,P02,A2P Messaging,Actual,,,,,4175887.16,,,
Trend,2023-09-01,DE,Germany,P03,IPX Roaming & Signalling,Actual,,,,,8861443.29,,,
Trend,2023-09-01,DE,Germany,P04,IP Transit,Actual,,,,,4457984.74,,,
Trend,2023-09-01,DE,Germany,P05,Ethernet & Capacity Services,Actual,,,,,7337878.75,,,
Trend,2023-09-01,DE,Germany,P06,Cloud Connect,Actual,,,,,4105665.16,,,
Trend,2023-09-01,DE,Germany,P07,Voice Firewall & Anti-Fraud,Actual,,,,,1221111.28,,,
Trend,2023-09-01,ES,Spain,P01,International Voice Termination,Actual,,,,,1113437.61,,,
Trend,2023-09-01,ES,Spain,P02,A2P Messaging,Actual,,,,,8869786.46,,,
Trend,2023-09-01,ES,Spain,P03,IPX Roaming & Signalling,Actual,,,,,2773591.77,,,
Trend,2023-09-01,ES,Spain,P04,IP Transit,Actual,,,,,1912974.68,,,
Trend,2023-09-01,ES,Spain,P05,Ethernet & Capacity Services,Actual,,,,,5777288.0,,,
Trend,2023-09-01,ES,Spain,P06,Cloud Connect,Actual,,,,,1619708.94,,,
Trend,2023-09-01,ES,Spain,P07,Voice Firewall & Anti-Fraud,Actual,,,,,1584141.42,,,
Trend,2023-09-01,FR,France,P01,International Voice Termination,Actual,,,,,2193775.15,,,
Trend,2023-09-01,FR,France,P02,A2P Messaging,Actual,,,,,9848352.35,,,
Trend,2023-09-01,FR,France,P03,IPX Roaming & Signalling,Actual,,,,,10073578.71,,,
Trend,2023-09-01,FR,France,P04,IP Transit,Actual,,,,,1115567.46,,,
Trend,2023-09-01,FR,France,P05,Ethernet & Capacity Services,Actual,,,,,3297280.43,,,
Trend,2023-09-01,FR,France,P06,Cloud Connect,Actual,,,,,1595680.79,,,
Trend,2023-09-01,FR,France,P07,Voice Firewall & Anti-Fraud,Actual,,,,,3065869.55,,,
Trend,2023-09-01,GR,Greece,P01,International Voice Termination,Actual,,,,,1033970.38,,,
Trend,2023-09-01,GR,Greece,P02,A2P Messaging,Actual,,,,,1909384.93,,,
Trend,2023-09-01,GR,Greece,P03,IPX Roaming & Signalling,Actual,,,,,1483392.47,,,
Trend,2023-09-01,GR,Greece,P04,IP Transit,Actual,,,,,380606.83,,,
Trend,2023-09-01,GR,Greece,P05,Ethernet & Capacity Services,Actual,,,,,1089341.12,,,
Trend,2023-09-01,GR,Greece,P07,Voice Firewall & Anti-Fraud,Actual,,,,,653192.19,,,
Trend,2023-09-01,HR,Croatia,P05,Ethernet & Capacity Services,Actual,,,,,165091.26,,,
Trend,2023-09-01,HR,Croatia,P06,Cloud Connect,Actual,,,,,83396.34,,,
Trend,2023-09-01,HU,Hungary,P01,International Voice Termination,Actual,,,,,1694662.2,,,
Trend,2023-09-01,HU,Hungary,P02,A2P Messaging,Actual,,,,,1508469.22,,,
Trend,2023-09-01,HU,Hungary,P03,IPX Roaming & Signalling,Actual,,,,,1623864.93,,,
Trend,2023-09-01,HU,Hungary,P04,IP Transit,Actual,,,,,472977.66,,,
Trend,2023-09-01,HU,Hungary,P05,Ethernet & Capacity Services,Actual,,,,,1065360.5,,,
Trend,2023-09-01,HU,Hungary,P06,Cloud Connect,Actual,,,,,438401.86,,,
Trend,2023-09-01,HU,Hungary,P07,Voice Firewall & Anti-Fraud,Actual,,,,,608135.23,,,
Trend,2023-09-01,IT,Italy,P01,International Voice Termination,Actual,,,,,184889.83,,,
Trend,2023-09-01,IT,Italy,P02,A2P Messaging,Actual,,,,,2154946.19,,,
Trend,2023-09-01,IT,Italy,P03,IPX Roaming & Signalling,Actual,,,,,939449.44,,,
Trend,2023-09-01,IT,Italy,P04,IP Transit,Actual,,,,,976183.31,,,
Trend,2023-09-01,IT,Italy,P05,Ethernet & Capacity Services,Actual,,,,,5450418.21,,,
Trend,2023-09-01,IT,Italy,P06,Cloud Connect,Actual,,,,,1786006.1,,,
Trend,2023-09-01,IT,Italy,P07,Voice Firewall & Anti-Fraud,Actual,,,,,321949.03,,,
Trend,2023-09-01,NL,Netherlands,P01,International Voice Termination,Actual,,,,,2816359.86,,,
Trend,2023-09-01,NL,Netherlands,P02,A2P Messaging,Actual,,,,,5702464.99,,,
Trend,2023-09-01,NL,Netherlands,P03,IPX Roaming & Signalling,Actual,,,,,5018496.16,,,
Trend,2023-09-01,NL,Netherlands,P04,IP Transit,Actual,,,,,1221548.77,,,
Trend,2023-09-01,NL,Netherlands,P05,Ethernet & Capacity Services,Actual,,,,,2173341.37,,,
Trend,2023-09-01,NL,Netherlands,P06,Cloud Connect,Actual,,,,,79890.86,,,
Trend,2023-09-01,NL,Netherlands,P07,Voice Firewall & Anti-Fraud,Actual,,,,,1528105.78,,,
Trend,2023-09-01,PL,Poland,P01,International Voice Termination,Actual,,,,,2218137.55,,,
Trend,2023-09-01,PL,Poland,P02,A2P Messaging,Actual,,,,,2413301.53,,,
Trend,2023-09-01,PL,Poland,P03,IPX Roaming & Signalling,Actual,,,,,2938646.9,,,
Trend,2023-09-01,PL,Poland,P04,IP Transit,Actual,,,,,1116756.15,,,
Trend,2023-09-01,PL,Poland,P05,Ethernet & Capacity Services,Actual,,,,,2835599.45,,,
Trend,2023-09-01,PL,Poland,P06,Cloud Connect,Actual,,,,,60259.47,,,
Trend,2023-09-01,PL,Poland,P07,Voice Firewall & Anti-Fraud,Actual,,,,,682596.26,,,
Trend,2023-09-01,RO,Romania,P03,IPX Roaming & Signalling,Actual,,,,,766044.16,,,
Trend,2023-09-01,RO,Romania,P05,Ethernet & Capacity Services,Actual,,,,,1165082.33,,,
Trend,2023-09-01,RO,Romania,P07,Voice Firewall & Anti-Fraud,Actual,,,,,81401.12,,,
Trend,2023-09-01,SK,Slovakia,P01,International Voice Termination,Actual,,,,,426230.13,,,
Trend,2023-09-01,SK,Slovakia,P02,A2P Messaging,Actual,,,,,2026730.74,,,
Trend,2023-09-01,SK,Slovakia,P03,IPX Roaming & Signalling,Actual,,,,,882777.66,,,
Trend,2023-09-01,SK,Slovakia,P05,Ethernet & Capacity Services,Actual,,,,,368270.99,,,
Trend,2023-10-01,AT,Austria,P01,International Voice Termination,Actual,,,,,863896.24,,,
Trend,2023-10-01,AT,Austria,P02,A2P Messaging,Actual,,,,,3075199.36,,,
Trend,2023-10-01,AT,Austria,P03,IPX Roaming & Signalling,Actual,,,,,996735.74,,,
Trend,2023-10-01,AT,Austria,P04,IP Transit,Actual,,,,,606859.94,,,
Trend,2023-10-01,AT,Austria,P05,Ethernet & Capacity Services,Actual,,,,,1115925.98,,,
Trend,2023-10-01,AT,Austria,P07,Voice Firewall & Anti-Fraud,Actual,,,,,575966.63,,,
Trend,2023-10-01,CZ,Czechia,P03,IPX Roaming & Signalling,Actual,,,,,94152.55,,,
Trend,2023-10-01,CZ,Czechia,P04,IP Transit,Actual,,,,,132772.37,,,
Trend,2023-10-01,CZ,Czechia,P05,Ethernet & Capacity Services,Actual,,,,,1415126.06,,,
Trend,2023-10-01,CZ,Czechia,P06,Cloud Connect,Actual,,,,,124793.06,,,
Trend,2023-10-01,CZ,Czechia,P07,Voice Firewall & Anti-Fraud,Actual,,,,,34350.81,,,
Trend,2023-10-01,DE,Germany,P01,International Voice Termination,Actual,,,,,4370919.28,,,
Trend,2023-10-01,DE,Germany,P02,A2P Messaging,Actual,,,,,4364790.55,,,
Trend,2023-10-01,DE,Germany,P03,IPX Roaming & Signalling,Actual,,,,,7560066.47,,,
Trend,2023-10-01,DE,Germany,P04,IP Transit,Actual,,,,,4380968.32,,,
Trend,2023-10-01,DE,Germany,P05,Ethernet & Capacity Services,Actual,,,,,7313938.96,,,
Trend,2023-10-01,DE,Germany,P06,Cloud Connect,Actual,,,,,4105195.59,,,
Trend,2023-10-01,DE,Germany,P07,Voice Firewall & Anti-Fraud,Actual,,,,,1336426.79,,,
Trend,2023-10-01,ES,Spain,P01,International Voice Termination,Actual,,,,,1125371.24,,,
Trend,2023-10-01,ES,Spain,P02,A2P Messaging,Actual,,,,,9604661.2,,,
Trend,2023-10-01,ES,Spain,P03,IPX Roaming & Signalling,Actual,,,,,2335731.88,,,
Trend,2023-10-01,ES,Spain,P04,IP Transit,Actual,,,,,1878462.48,,,
Trend,2023-10-01,ES,Spain,P05,Ethernet & Capacity Services,Actual,,,,,5785024.5,,,
Trend,2023-10-01,ES,Spain,P06,Cloud Connect,Actual,,,,,1828278.79,,,
Trend,2023-10-01,ES,Spain,P07,Voice Firewall & Anti-Fraud,Actual,,,,,1593161.11,,,
Trend,2023-10-01,FR,France,P01,International Voice Termination,Actual,,,,,2200951.72,,,
Trend,2023-10-01,FR,France,P02,A2P Messaging,Actual,,,,,10858982.29,,,
Trend,2023-10-01,FR,France,P03,IPX Roaming & Signalling,Actual,,,,,8464314.71,,,
Trend,2023-10-01,FR,France,P04,IP Transit,Actual,,,,,1144395.27,,,
Trend,2023-10-01,FR,France,P05,Ethernet & Capacity Services,Actual,,,,,3180014.3,,,
Trend,2023-10-01,FR,France,P06,Cloud Connect,Actual,,,,,1676536.2,,,
Trend,2023-10-01,FR,France,P07,Voice Firewall & Anti-Fraud,Actual,,,,,3198717.67,,,
Trend,2023-10-01,GR,Greece,P01,International Voice Termination,Actual,,,,,1068960.04,,,
Trend,2023-10-01,GR,Greece,P02,A2P Messaging,Actual,,,,,2069022.68,,,
Trend,2023-10-01,GR,Greece,P03,IPX Roaming & Signalling,Actual,,,,,1283865.56,,,
Trend,2023-10-01,GR,Greece,P04,IP Transit,Actual,,,,,401922.28,,,
Trend,2023-10-01,GR,Greece,P05,Ethernet & Capacity Services,Actual,,,,,1223544.1,,,
Trend,2023-10-01,GR,Greece,P07,Voice Firewall & Anti-Fraud,Actual,,,,,677834.95,,,
Trend,2023-10-01,HR,Croatia,P05,Ethernet & Capacity Services,Actual,,,,,167777.08,,,
Trend,2023-10-01,HR,Croatia,P06,Cloud Connect,Actual,,,,,89053.29,,,
Trend,2023-10-01,HU,Hungary,P01,International Voice Termination,Actual,,,,,1655552.46,,,
Trend,2023-10-01,HU,Hungary,P02,A2P Messaging,Actual,,,,,1660078.96,,,
Trend,2023-10-01,HU,Hungary,P03,IPX Roaming & Signalling,Actual,,,,,1481038.05,,,
Trend,2023-10-01,HU,Hungary,P04,IP Transit,Actual,,,,,513148.29,,,
Trend,2023-10-01,HU,Hungary,P05,Ethernet & Capacity Services,Actual,,,,,1025788.21,,,
Trend,2023-10-01,HU,Hungary,P06,Cloud Connect,Actual,,,,,447455.09,,,
Trend,2023-10-01,HU,Hungary,P07,Voice Firewall & Anti-Fraud,Actual,,,,,646574.83,,,
Trend,2023-10-01,IT,Italy,P01,International Voice Termination,Actual,,,,,198822.51,,,
Trend,2023-10-01,IT,Italy,P02,A2P Messaging,Actual,,,,,2333286.73,,,
Trend,2023-10-01,IT,Italy,P03,IPX Roaming & Signalling,Actual,,,,,790057.98,,,
Trend,2023-10-01,IT,Italy,P04,IP Transit,Actual,,,,,1052656.96,,,
Trend,2023-10-01,IT,Italy,P05,Ethernet & Capacity Services,Actual,,,,,5393758.24,,,
Trend,2023-10-01,IT,Italy,P06,Cloud Connect,Actual,,,,,1710902.17,,,
Trend,2023-10-01,IT,Italy,P07,Voice Firewall & Anti-Fraud,Actual,,,,,306690.58,,,
Trend,2023-10-01,NL,Netherlands,P01,International Voice Termination,Actual,,,,,2689875.31,,,
Trend,2023-10-01,NL,Netherlands,P02,A2P Messaging,Actual,,,,,6620712.69,,,
Trend,2023-10-01,NL,Netherlands,P03,IPX Roaming & Signalling,Actual,,,,,4262188.86,,,
Trend,2023-10-01,NL,Netherlands,P04,IP Transit,Actual,,,,,1120153.05,,,
Trend,2023-10-01,NL,Netherlands,P05,Ethernet & Capacity Services,Actual,,,,,2281147.65,,,
Trend,2023-10-01,NL,Netherlands,P06,Cloud Connect,Actual,,,,,82588.19,,,
Trend,2023-10-01,NL,Netherlands,P07,Voice Firewall & Anti-Fraud,Actual,,,,,1467862.44,,,
Trend,2023-10-01,PL,Poland,P01,International Voice Termination,Actual,,,,,2257329.48,,,
Trend,2023-10-01,PL,Poland,P02,A2P Messaging,Actual,,,,,2476512.44,,,
Trend,2023-10-01,PL,Poland,P03,IPX Roaming & Signalling,Actual,,,,,2754763.59,,,
Trend,2023-10-01,PL,Poland,P04,IP Transit,Actual,,,,,1088828.27,,,
Trend,2023-10-01,PL,Poland,P05,Ethernet & Capacity Services,Actual,,,,,2723295.83,,,
Trend,2023-10-01,PL,Poland,P06,Cloud Connect,Actual,,,,,54856.49,,,
Trend,2023-10-01,PL,Poland,P07,Voice Firewall & Anti-Fraud,Actual,,,,,687203.09,,,
Trend,2023-10-01,RO,Romania,P03,IPX Roaming & Signalling,Actual,,,,,643244.89,,,
Trend,2023-10-01,RO,Romania,P05,Ethernet & Capacity Services,Actual,,,,,1199511.21,,,
Trend,2023-10-01,RO,Romania,P07,Voice Firewall & Anti-Fraud,Actual,,,,,83167.24,,,
Trend,2023-10-01,SK,Slovakia,P01,International Voice Termination,Actual,,,,,421503.47,,,
Trend,2023-10-01,SK,Slovakia,P02,A2P Messaging,Actual,,,,,1940104.06,,,
Trend,2023-10-01,SK,Slovakia,P03,IPX Roaming & Signalling,Actual,,,,,733700.34,,,
Trend,2023-10-01,SK,Slovakia,P05,Ethernet & Capacity Services,Actual,,,,,380154.49,,,
Trend,2023-11-01,AT,Austria,P01,International Voice Termination,Actual,,,,,793908.43,,,
Trend,2023-11-01,AT,Austria,P02,A2P Messaging,Actual,,,,,3431018.1,,,
Trend,2023-11-01,AT,Austria,P03,IPX Roaming & Signalling,Actual,,,,,968917.9,,,
Trend,2023-11-01,AT,Austria,P04,IP Transit,Actual,,,,,632527.26,,,
Trend,2023-11-01,AT,Austria,P05,Ethernet & Capacity Services,Actual,,,,,1158419.15,,,
Trend,2023-11-01,AT,Austria,P07,Voice Firewall & Anti-Fraud,Actual,,,,,562642.6,,,
Trend,2023-11-01,CZ,Czechia,P03,IPX Roaming & Signalling,Actual,,,,,85155.94,,,
Trend,2023-11-01,CZ,Czechia,P04,IP Transit,Actual,,,,,132430.52,,,
Trend,2023-11-01,CZ,Czechia,P05,Ethernet & Capacity Services,Actual,,,,,1355524.08,,,
Trend,2023-11-01,CZ,Czechia,P06,Cloud Connect,Actual,,,,,129384.96,,,
Trend,2023-11-01,CZ,Czechia,P07,Voice Firewall & Anti-Fraud,Actual,,,,,35766.4,,,
Trend,2023-11-01,DE,Germany,P01,International Voice Termination,Actual,,,,,4283065.92,,,
Trend,2023-11-01,DE,Germany,P02,A2P Messaging,Actual,,,,,5624624.11,,,
Trend,2023-11-01,DE,Germany,P03,IPX Roaming & Signalling,Actual,,,,,6958736.48,,,
Trend,2023-11-01,DE,Germany,P04,IP Transit,Actual,,,,,4490562.74,,,
Trend,2023-11-01,DE,Germany,P05,Ethernet & Capacity Services,Actual,,,,,7174206.54,,,
Trend,2023-11-01,DE,Germany,P06,Cloud Connect,Actual,,,,,3969393.26,,,
Trend,2023-11-01,DE,Germany,P07,Voice Firewall & Anti-Fraud,Actual,,,,,1269245.15,,,
Trend,2023-11-01,ES,Spain,P01,International Voice Termination,Actual,,,,,1056993.75,,,
Trend,2023-11-01,ES,Spain,P02,A2P Messaging,Actual,,,,,11540908.04,,,
Trend,2023-11-01,ES,Spain,P03,IPX Roaming & Signalling,Actual,,,,,2095566.17,,,
Trend,2023-11-01,ES,Spain,P04,IP Transit,Actual,,,,,1898325.4,,,
Trend,2023-11-01,ES,Spain,P05,Ethernet & Capacity Services,Actual,,,,,5739707.3,,,
Trend,2023-11-01,ES,Spain,P06,Cloud Connect,Actual,,,,,1752396.16,,,
Trend,2023-11-01,ES,Spain,P07,Voice Firewall & Anti-Fraud,Actual,,,,,1588796.77,,,
Trend,2023-11-01,FR,France,P01,International Voice Termination,Actual,,,,,2233334.08,,,
Trend,2023-11-01,FR,France,P02,A2P Messaging,Actual,,,,,12229754.23,,,
Trend,2023-11-01,FR,France,P03,IPX Roaming & Signalling,Actual,,,,,7725588.47,,,
Trend,2023-11-01,FR,France,P04,IP Transit,Actual,,,,,1103275.52,,,
Trend,2023-11-01,FR,France,P05,Ethernet & Capacity Services,Actual,,,,,3451265.14,,,
Trend,2023-11-01,FR,France,P06,Cloud Connect,Actual,,,,,1894744.62,,,
Trend,2023-11-01,FR,France,P07,Voice Firewall & Anti-Fraud,Actual,,,,,3300346.77,,,
Trend,2023-11-01,GR,Greece,P01,International Voice Termination,Actual,,,,,1072876.27,,,
Trend,2023-11-01,GR,Greece,P02,A2P Messaging,Actual,,,,,2762024.82,,,
Trend,2023-11-01,GR,Greece,P03,IPX Roaming & Signalling,Actual,,,,,1195467.7,,,
Trend,2023-11-01,GR,Greece,P04,IP Transit,Actual,,,,,381797.11,,,
Trend,2023-11-01,GR,Greece,P05,Ethernet & Capacity Services,Actual,,,,,1172407.02,,,
Trend,2023-11-01,GR,Greece,P07,Voice Firewall & Anti-Fraud,Actual,,,,,678929.35,,,
Trend,2023-11-01,HR,Croatia,P05,Ethernet & Capacity Services,Actual,,,,,176766.62,,,
Trend,2023-11-01,HR,Croatia,P06,Cloud Connect,Actual,,,,,87905.06,,,
Trend,2023-11-01,HU,Hungary,P01,International Voice Termination,Actual,,,,,1717376.42,,,
Trend,2023-11-01,HU,Hungary,P02,A2P Messaging,Actual,,,,,2072637.04,,,
Trend,2023-11-01,HU,Hungary,P03,IPX Roaming & Signalling,Actual,,,,,1283006.17,,,
Trend,2023-11-01,HU,Hungary,P04,IP Transit,Actual,,,,,471606.72,,,
Trend,2023-11-01,HU,Hungary,P05,Ethernet & Capacity Services,Actual,,,,,1024879.1,,,
Trend,2023-11-01,HU,Hungary,P06,Cloud Connect,Actual,,,,,475487.67,,,
Trend,2023-11-01,HU,Hungary,P07,Voice Firewall & Anti-Fraud,Actual,,,,,665462.75,,,
Trend,2023-11-01,IT,Italy,P01,International Voice Termination,Actual,,,,,206469.4,,,
Trend,2023-11-01,IT,Italy,P02,A2P Messaging,Actual,,,,,3085396.87,,,
Trend,2023-11-01,IT,Italy,P03,IPX Roaming & Signalling,Actual,,,,,705502.39,,,
Trend,2023-11-01,IT,Italy,P04,IP Transit,Actual,,,,,1051375.55,,,
Trend,2023-11-01,IT,Italy,P05,Ethernet & Capacity Services,Actual,,,,,5833293.41,,,
Trend,2023-11-01,IT,Italy,P06,Cloud Connect,Actual,,,,,1732600.75,,,
Trend,2023-11-01,IT,Italy,P07,Voice Firewall & Anti-Fraud,Actual,,,,,325509.44,,,
Trend,2023-11-01,NL,Netherlands,P01,International Voice Termination,Actual,,,,,2888108.37,,,
Trend,2023-11-01,NL,Netherlands,P02,A2P Messaging,Actual,,,,,8061897.19,,,
Trend,2023-11-01,NL,Netherlands,P03,IPX Roaming & Signalling,Actual,,,,,3731911.1,,,
Trend,2023-11-01,NL,Netherlands,P04,IP Transit,Actual,,,,,1131096.32,,,
Trend,2023-11-01,NL,Netherlands,P05,Ethernet & Capacity Services,Actual,,,,,2151064.66,,,
Trend,2023-11-01,NL,Netherlands,P06,Cloud Connect,Actual,,,,,94547.5,,,
Trend,2023-11-01,NL,Netherlands,P07,Voice Firewall & Anti-Fraud,Actual,,,,,1500431.39,,,
Trend,2023-11-01,PL,Poland,P01,International Voice Termination,Actual,,,,,2221613.66,,,
Trend,2023-11-01,PL,Poland,P02,A2P Messaging,Actual,,,,,3487349.5,,,
Trend,2023-11-01,PL,Poland,P03,IPX Roaming & Signalling,Actual,,,,,2395985.11,,,
Trend,2023-11-01,PL,Poland,P04,IP Transit,Actual,,,,,992413.14,,,
Trend,2023-11-01,PL,Poland,P05,Ethernet & Capacity Services,Actual,,,,,2955534.96,,,
Trend,2023-11-01,PL,Poland,P06,Cloud Connect,Actual,,,,,55177.82,,,
Trend,2023-11-01,PL,Poland,P07,Voice Firewall & Anti-Fraud,Actual,,,,,679931.81,,,
Trend,2023-11-01,RO,Romania,P03,IPX Roaming & Signalling,Actual,,,,,532956.01,,,
Trend,2023-11-01,RO,Romania,P05,Ethernet & Capacity Services,Actual,,,,,1263444.34,,,
Trend,2023-11-01,RO,Romania,P07,Voice Firewall & Anti-Fraud,Actual,,,,,78158.49,,,
Trend,2023-11-01,SK,Slovakia,P01,International Voice Termination,Actual,,,,,419361.62,,,
Trend,2023-11-01,SK,Slovakia,P02,A2P Messaging,Actual,,,,,2394910.24,,,
Trend,2023-11-01,SK,Slovakia,P03,IPX Roaming & Signalling,Actual,,,,,595645.62,,,
Trend,2023-11-01,SK,Slovakia,P05,Ethernet & Capacity Services,Actual,,,,,341064.43,,,
Trend,2023-12-01,AT,Austria,P01,International Voice Termination,Actual,,,,,880552.65,,,
Trend,2023-12-01,AT,Austria,P02,A2P Messaging,Actual,,,,,3318382.37,,,
Trend,2023-12-01,AT,Austria,P03,IPX Roaming & Signalling,Actual,,,,,1093691.73,,,
Trend,2023-12-01,AT,Austria,P04,IP Transit,Actual,,,,,615949.05,,,
Trend,2023-12-01,AT,Austria,P05,Ethernet & Capacity Services,Actual,,,,,1018896.16,,,
Trend,2023-12-01,AT,Austria,P07,Voice Firewall & Anti-Fraud,Actual,,,,,603121.24,,,
Trend,2023-12-01,CZ,Czechia,P03,IPX Roaming & Signalling,Actual,,,,,87093.72,,,
Trend,2023-12-01,CZ,Czechia,P04,IP Transit,Actual,,,,,125474.1,,,
Trend,2023-12-01,CZ,Czechia,P05,Ethernet & Capacity Services,Actual,,,,,1265162.81,,,
Trend,2023-12-01,CZ,Czechia,P06,Cloud Connect,Actual,,,,,122303.29,,,
Trend,2023-12-01,CZ,Czechia,P07,Voice Firewall & Anti-Fraud,Actual,,,,,34934.16,,,
Trend,2023-12-01,DE,Germany,P01,International Voice Termination,Actual,,,,,4445218.41,,,
Trend,2023-12-01,DE,Germany,P02,A2P Messaging,Actual,,,,,4895865.04,,,
Trend,2023-12-01,DE,Germany,P03,IPX Roaming & Signalling,Actual,,,,,7237495.83,,,
Trend,2023-12-01,DE,Germany,P04,IP Transit,Actual,,,,,4245366.39,,,
Trend,2023-12-01,DE,Germany,P05,Ethernet & Capacity Services,Actual,,,,,7087755.98,,,
Trend,2023-12-01,DE,Germany,P06,Cloud Connect,Actual,,,,,3919255.6,,,
Trend,2023-12-01,DE,Germany,P07,Voice Firewall & Anti-Fraud,Actual,,,,,1318575.59,,,
Trend,2023-12-01,ES,Spain,P01,International Voice Termination,Actual,,,,,1107232.96,,,
Trend,2023-12-01,ES,Spain,P02,A2P Messaging,Actual,,,,,11422957.14,,,
Trend,2023-12-01,ES,Spain,P03,IPX Roaming & Signalling,Actual,,,,,2162537.78,,,
Trend,2023-12-01,ES,Spain,P04,IP Transit,Actual,,,,,1802654.84,,,
Trend,2023-12-01,ES,Spain,P05,Ethernet & Capacity Services,Actual,,,,,5584985.87,,,
Trend,2023-12-01,ES,Spain,P06,Cloud Connect,Actual,,,,,1728059.9,,,
Trend,2023-12-01,ES,Spain,P07,Voice Firewall & Anti-Fraud,Actual,,,,,1514667.87,,,
Trend,2023-12-01,FR,France,P01,International Voice Termination,Actual,,,,,2287435.41,,,
Trend,2023-12-01,FR,France,P02,A2P Messaging,Actual,,,,,12106978.17,,,
Trend,2023-12-01,FR,France,P03,IPX Roaming & Signalling,Actual,,,,,8410918.35,,,
Trend,2023-12-01,FR,France,P04,IP Transit,Actual,,,,,1080823.6,,,
Trend,2023-12-01,FR,France,P05,Ethernet & Capacity Services,Actual,,,,,3408114.82,,,
Trend,2023-12-01,FR,France,P06,Cloud Connect,Actual,,,,,1815996.29,,,
Trend,2023-12-01,FR,France,P07,Voice Firewall & Anti-Fraud,Actual,,,,,3290240.93,,,
Trend,2023-12-01,GR,Greece,P01,International Voice Termination,Actual,,,,,1139817.98,,,
Trend,2023-12-01,GR,Greece,P02,A2P Messaging,Actual,,,,,2165799.59,,,
Trend,2023-12-01,GR,Greece,P03,IPX Roaming & Signalling,Actual,,,,,1167170.39,,,
Trend,2023-12-01,GR,Greece,P04,IP Transit,Actual,,,,,367714.47,,,
Trend,2023-12-01,GR,Greece,P05,Ethernet & Capacity Services,Actual,,,,,1160098.08,,,
Trend,2023-12-01,GR,Greece,P07,Voice Firewall & Anti-Fraud,Actual,,,,,717765.02,,,
Trend,2023-12-01,HR,Croatia,P05,Ethernet & Capacity Services,Actual,,,,,168849.26,,,
Trend,2023-12-01,HR,Croatia,P06,Cloud Connect,Actual,,,,,80505.12,,,
Trend,2023-12-01,HU,Hungary,P01,International Voice Termination,Actual,,,,,1776105.65,,,
Trend,2023-12-01,HU,Hungary,P02,A2P Messaging,Actual,,,,,1962146.8,,,
Trend,2023-12-01,HU,Hungary,P03,IPX Roaming & Signalling,Actual,,,,,1372456.13,,,
Trend,2023-12-01,HU,Hungary,P04,IP Transit,Actual,,,,,481915.41,,,
Trend,2023-12-01,HU,Hungary,P05,Ethernet & Capacity Services,Actual,,,,,975604.48,,,
Trend,2023-12-01,HU,Hungary,P06,Cloud Connect,Actual,,,,,412344.24,,,
Trend,2023-12-01,HU,Hungary,P07,Voice Firewall & Anti-Fraud,Actual,,,,,663676.22,,,
Trend,2023-12-01,IT,Italy,P01,International Voice Termination,Actual,,,,,218845.48,,,
Trend,2023-12-01,IT,Italy,P02,A2P Messaging,Actual,,,,,3030809.97,,,
Trend,2023-12-01,IT,Italy,P03,IPX Roaming & Signalling,Actual,,,,,707258.24,,,
Trend,2023-12-01,IT,Italy,P04,IP Transit,Actual,,,,,1023509.53,,,
Trend,2023-12-01,IT,Italy,P05,Ethernet & Capacity Services,Actual,,,,,5657101.0,,,
Trend,2023-12-01,IT,Italy,P06,Cloud Connect,Actual,,,,,1748341.93,,,
Trend,2023-12-01,IT,Italy,P07,Voice Firewall & Anti-Fraud,Actual,,,,,348388.78,,,
Trend,2023-12-01,NL,Netherlands,P01,International Voice Termination,Actual,,,,,2762506.84,,,
Trend,2023-12-01,NL,Netherlands,P02,A2P Messaging,Actual,,,,,6931649.75,,,
Trend,2023-12-01,NL,Netherlands,P03,IPX Roaming & Signalling,Actual,,,,,4133401.87,,,
Trend,2023-12-01,NL,Netherlands,P04,IP Transit,Actual,,,,,1097278.91,,,
Trend,2023-12-01,NL,Netherlands,P05,Ethernet & Capacity Services,Actual,,,,,2167458.06,,,
Trend,2023-12-01,NL,Netherlands,P06,Cloud Connect,Actual,,,,,85765.25,,,
Trend,2023-12-01,NL,Netherlands,P07,Voice Firewall & Anti-Fraud,Actual,,,,,1668522.07,,,
Trend,2023-12-01,PL,Poland,P01,International Voice Termination,Actual,,,,,2531689.21,,,
Trend,2023-12-01,PL,Poland,P02,A2P Messaging,Actual,,,,,2976137.83,,,
Trend,2023-12-01,PL,Poland,P03,IPX Roaming & Signalling,Actual,,,,,2843079.34,,,
Trend,2023-12-01,PL,Poland,P04,IP Transit,Actual,,,,,961204.87,,,
Trend,2023-12-01,PL,Poland,P05,Ethernet & Capacity Services,Actual,,,,,3272994.37,,,
Trend,2023-12-01,PL,Poland,P06,Cloud Connect,Actual,,,,,62350.81,,,
Trend,2023-12-01,PL,Poland,P07,Voice Firewall & Anti-Fraud,Actual,,,,,699081.49,,,
Trend,2023-12-01,RO,Romania,P03,IPX Roaming & Signalling,Actual,,,,,567659.46,,,
Trend,2023-12-01,RO,Romania,P05,Ethernet & Capacity Services,Actual,,,,,1192301.08,,,
Trend,2023-12-01,RO,Romania,P07,Voice Firewall & Anti-Fraud,Actual,,,,,82254.82,,,
Trend,2023-12-01,SK,Slovakia,P01,International Voice Termination,Actual,,,,,417393.64,,,
Trend,2023-12-01,SK,Slovakia,P02,A2P Messaging,Actual,,,,,2211412.19,,,
Trend,2023-12-01,SK,Slovakia,P03,IPX Roaming & Signalling,Actual,,,,,638025.97,,,
Trend,2023-12-01,SK,Slovakia,P05,Ethernet & Capacity Services,Actual,,,,,350890.41,,,
Trend,2024-01-01,AT,Austria,P01,International Voice Termination,Actual,,,,,701522.48,,,
Trend,2024-01-01,AT,Austria,P02,A2P Messaging,Actual,,,,,2569569.01,,,
Trend,2024-01-01,AT,Austria,P03,IPX Roaming & Signalling,Actual,,,,,898362.1,,,
Trend,2024-01-01,AT,Austria,P04,IP Transit,Actual,,,,,584684.37,,,
Trend,2024-01-01,AT,Austria,P05,Ethernet & Capacity Services,Actual,,,,,1141878.09,,,
Trend,2024-01-01,AT,Austria,P07,Voice Firewall & Anti-Fraud,Actual,,,,,563899.08,,,
Trend,2024-01-01,CZ,Czechia,P03,IPX Roaming & Signalling,Actual,,,,,85331.1,,,
Trend,2024-01-01,CZ,Czechia,P04,IP Transit,Actual,,,,,131462.42,,,
Trend,2024-01-01,CZ,Czechia,P05,Ethernet & Capacity Services,Actual,,,,,1289495.85,,,
Trend,2024-01-01,CZ,Czechia,P06,Cloud Connect,Actual,,,,,127350.97,,,
Trend,2024-01-01,CZ,Czechia,P07,Voice Firewall & Anti-Fraud,Actual,,,,,35121.19,,,
Trend,2024-01-01,DE,Germany,P01,International Voice Termination,Actual,,,,,3978082.16,,,
Trend,2024-01-01,DE,Germany,P02,A2P Messaging,Actual,,,,,3680827.87,,,
Trend,2024-01-01,DE,Germany,P03,IPX Roaming & Signalling,Actual,,,,,6150549.27,,,
Trend,2024-01-01,DE,Germany,P04,IP Transit,Actual,,,,,4487824.99,,,
Trend,2024-01-01,DE,Germany,P05,Ethernet & Capacity Services,Actual,,,,,7259017.69,,,
Trend,2024-01-01,DE,Germany,P06,Cloud Connect,Actual,,,,,4436896.75,,,
Trend,2024-01-01,DE,Germany,P07,Voice Firewall & Anti-Fraud,Actual,,,,,1304353.44,,,
Trend,2024-01-01,ES,Spain,P01,International Voice Termination,Actual,,,,,1029358.43,,,
Trend,2024-01-01,ES,Spain,P02,A2P Messaging,Actual,,,,,8045126.06,,,
Trend,2024-01-01,ES,Spain,P03,IPX Roaming & Signalling,Actual,,,,,1915923.94,,,
Trend,2024-01-01,ES,Spain,P04,IP Transit,Actual,,,,,1922505.96,,,
Trend,2024-01-01,ES,Spain,P05,Ethernet & Capacity Services,Actual,,,,,5741041.13,,,
Trend,2024-01-01,ES,Spain,P06,Cloud Connect,Actual,,,,,1811154.64,,,
Trend,2024-01-01,ES,Spain,P07,Voice Firewall & Anti-Fraud,Actual,,,,,1620602.07,,,
Trend,2024-01-01,FR,France,P01,International Voice Termination,Actual,,,,,2001003.6,,,
Trend,2024-01-01,FR,France,P02,A2P Messaging,Actual,,,,,9118746.17,,,
Trend,2024-01-01,FR,France,P03,IPX Roaming & Signalling,Actual,,,,,7283098.65,,,
Trend,2024-01-01,FR,France,P04,IP Transit,Actual,,,,,1150925.61,,,
Trend,2024-01-01,FR,France,P05,Ethernet & Capacity Services,Actual,,,,,3342880.21,,,
Trend,2024-01-01,FR,France,P06,Cloud Connect,Actual,,,,,1827847.87,,,
Trend,2024-01-01,FR,France,P07,Voice Firewall & Anti-Fraud,Actual,,,,,3468853.6,,,
Trend,2024-01-01,GR,Greece,P01,International Voice Termination,Actual,,,,,1032010.51,,,
Trend,2024-01-01,GR,Greece,P02,A2P Messaging,Actual,,,,,1692592.25,,,
Trend,2024-01-01,GR,Greece,P03,IPX Roaming & Signalling,Actual,,,,,1007539.04,,,
Trend,2024-01-01,GR,Greece,P04,IP Transit,Actual,,,,,374355.61,,,
Trend,2024-01-01,GR,Greece,P05,Ethernet & Capacity Services,Actual,,,,,1178819.1,,,
Trend,2024-01-01,GR,Greece,P07,Voice Firewall & Anti-Fraud,Actual,,,,,683859.51,,,
Trend,2024-01-01,HR,Croatia,P05,Ethernet & Capacity Services,Actual,,,,,171078.85,,,
Trend,2024-01-01,HR,Croatia,P06,Cloud Connect,Actual,,,,,89729.3,,,
Trend,2024-01-01,HU,Hungary,P01,International Voice Termination,Actual,,,,,1520418.95,,,
Trend,2024-01-01,HU,Hungary,P02,A2P Messaging,Actual,,,,,1439769.23,,,
Trend,2024-01-01,HU,Hungary,P03,IPX Roaming & Signalling,Actual,,,,,1181781.82,,,
Trend,2024-01-01,HU,Hungary,P04,IP Transit,Actual,,,,,524183.01,,,
Trend,2024-01-01,HU,Hungary,P05,Ethernet & Capacity Services,Actual,,,,,993128.44,,,
Trend,2024-01-01,HU,Hungary,P06,Cloud Connect,Actual,,,,,494350.48,,,
Trend,2024-01-01,HU,Hungary,P07,Voice Firewall & Anti-Fraud,Actual,,,,,674728.01,,,
Trend,2024-01-01,IT,Italy,P01,International Voice Termination,Actual,,,,,173719.61,,,
Trend,2024-01-01,IT,Italy,P02,A2P Messaging,Actual,,,,,2318923.27,,,
Trend,2024-01-01,IT,Italy,P03,IPX Roaming & Signalling,Actual,,,,,669365.02,,,
Trend,2024-01-01,IT,Italy,P04,IP Transit,Actual,,,,,1096669.47,,,
Trend,2024-01-01,IT,Italy,P05,Ethernet & Capacity Services,Actual,,,,,5662523.33,,,
Trend,2024-01-01,IT,Italy,P06,Cloud Connect,Actual,,,,,1932219.73,,,
Trend,2024-01-01,IT,Italy,P07,Voice Firewall & Anti-Fraud,Actual,,,,,338327.34,,,
Trend,2024-01-01,NL,Netherlands,P01,International Voice Termination,Actual,,,,,2748200.63,,,
Trend,2024-01-01,NL,Netherlands,P02,A2P Messaging,Actual,,,,,5648302.21,,,
Trend,2024-01-01,NL,Netherlands,P03,IPX Roaming & Signalling,Actual,,,,,3424937.64,,,
Trend,2024-01-01,NL,Netherlands,P04,IP Transit,Actual,,,,,1226604.26,,,
Trend,2024-01-01,NL,Netherlands,P05,Ethernet & Capacity Services,Actual,,,,,2148208.14,,,
Trend,2024-01-01,NL,Netherlands,P06,Cloud Connect,Actual,,,,,94707.43,,,
Trend,2024-01-01,NL,Netherlands,P07,Voice Firewall & Anti-Fraud,Actual,,,,,1562042.68,,,
Trend,2024-01-01,PL,Poland,P01,International Voice Termination,Actual,,,,,2199183.81,,,
Trend,2024-01-01,PL,Poland,P02,A2P Messaging,Actual,,,,,2262854.18,,,
Trend,2024-01-01,PL,Poland,P03,IPX Roaming & Signalling,Actual,,,,,2527046.5,,,
Trend,2024-01-01,PL,Poland,P04,IP Transit,Actual,,,,,1038583.14,,,
Trend,2024-01-01,PL,Poland,P05,Ethernet & Capacity Services,Actual,,,,,3142404.08,,,
Trend,2024-01-01,PL,Poland,P06,Cloud Connect,Actual,,,,,62585.32,,,
Trend,2024-01-01,PL,Poland,P07,Voice Firewall & Anti-Fraud,Actual,,,,,737069.72,,,
Trend,2024-01-01,RO,Romania,P03,IPX Roaming & Signalling,Actual,,,,,566345.17,,,
Trend,2024-01-01,RO,Romania,P05,Ethernet & Capacity Services,Actual,,,,,1247188.23,,,
Trend,2024-01-01,RO,Romania,P07,Voice Firewall & Anti-Fraud,Actual,,,,,86303.48,,,
Trend,2024-01-01,SK,Slovakia,P01,International Voice Termination,Actual,,,,,365166.66,,,
Trend,2024-01-01,SK,Slovakia,P02,A2P Messaging,Actual,,,,,1609290.16,,,
Trend,2024-01-01,SK,Slovakia,P03,IPX Roaming & Signalling,Actual,,,,,585173.21,,,
Trend,2024-01-01,SK,Slovakia,P05,Ethernet & Capacity Services,Actual,,,,,375721.7,,,
Trend,2024-02-01,AT,Austria,P01,International Voice Termination,Actual,,,,,699706.58,,,
Trend,2024-02-01,AT,Austria,P02,A2P Messaging,Actual,,,,,2633429.34,,,
Trend,2024-02-01,AT,Austria,P03,IPX Roaming & Signalling,Actual,,,,,964697.67,,,
Trend,2024-02-01,AT,Austria,P04,IP Transit,Actual,,,,,610853.15,,,
Trend,2024-02-01,AT,Austria,P05,Ethernet & Capacity Services,Actual,,,,,1141025.69,,,
Trend,2024-02-01,AT,Austria,P07,Voice Firewall & Anti-Fraud,Actual,,,,,616064.53,,,
Trend,2024-02-01,CZ,Czechia,P03,IPX Roaming & Signalling,Actual,,,,,79360.03,,,
Trend,2024-02-01,CZ,Czechia,P04,IP Transit,Actual,,,,,135416.95,,,
Trend,2024-02-01,CZ,Czechia,P05,Ethernet & Capacity Services,Actual,,,,,1316004.5,,,
Trend,2024-02-01,CZ,Czechia,P06,Cloud Connect,Actual,,,,,124490.86,,,
Trend,2024-02-01,CZ,Czechia,P07,Voice Firewall & Anti-Fraud,Actual,,,,,36597.63,,,
Trend,2024-02-01,DE,Germany,P01,International Voice Termination,Actual,,,,,3781846.01,,,
Trend,2024-02-01,DE,Germany,P02,A2P Messaging,Actual,,,,,4182037.81,,,
Trend,2024-02-01,DE,Germany,P03,IPX Roaming & Signalling,Actual,,,,,5563392.22,,,
Trend,2024-02-01,DE,Germany,P04,IP Transit,Actual,,,,,4264294.1,,,
Trend,2024-02-01,DE,Germany,P05,Ethernet & Capacity Services,Actual,,,,,7109192.56,,,
Trend,2024-02-01,DE,Germany,P06,Cloud Connect,Actual,,,,,4214048.14,,,
Trend,2024-02-01,DE,Germany,P07,Voice Firewall & Anti-Fraud,Actual,,,,,1336171.42,,,
Trend,2024-02-01,ES,Spain,P01,International Voice Termination,Actual,,,,,951292.88,,,
Trend,2024-02-01,ES,Spain,P02,A2P Messaging,Actual,,,,,8750421.98,,,
Trend,2024-02-01,ES,Spain,P03,IPX Roaming & Signalling,Actual,,,,,1976997.51,,,
Trend,2024-02-01,ES,Spain,P04,IP Transit,Actual,,,,,1898532.23,,,
Trend,2024-02-01,ES,Spain,P05,Ethernet & Capacity Services,Actual,,,,,5801367.75,,,
Trend,2024-02-01,ES,Spain,P06,Cloud Connect,Actual,,,,,1773233.87,,,
Trend,2024-02-01,ES,Spain,P07,Voice Firewall & Anti-Fraud,Actual,,,,,1532315.04,,,
Trend,2024-02-01,FR,France,P01,International Voice Termination,Actual,,,,,1825817.01,,,
Trend,2024-02-01,FR,France,P02,A2P Messaging,Actual,,,,,9415119.15,,,
Trend,2024-02-01,FR,France,P03,IPX Roaming & Signalling,Actual,,,,,7195220.26,,,
Trend,2024-02-01,FR,France,P04,IP Transit,Actual,,,,,1051614.08,,,
Trend,2024-02-01,FR,France,P05,Ethernet & Capacity Services,Actual,,,,,3434729.91,,,
Trend,2024-02-01,FR,France,P06,Cloud Connect,Actual,,,,,1881788.24,,,
Trend,2024-02-01,FR,France,P07,Voice Firewall & Anti-Fraud,Actual,,,,,3489211.8,,,
Trend,2024-02-01,GR,Greece,P01,International Voice Termination,Actual,,,,,945719.57,,,
Trend,2024-02-01,GR,Greece,P02,A2P Messaging,Actual,,,,,1656913.63,,,
Trend,2024-02-01,GR,Greece,P03,IPX Roaming & Signalling,Actual,,,,,1128763.31,,,
Trend,2024-02-01,GR,Greece,P04,IP Transit,Actual,,,,,381521.09,,,
Trend,2024-02-01,GR,Greece,P05,Ethernet & Capacity Services,Actual,,,,,1188544.67,,,
Trend,2024-02-01,GR,Greece,P07,Voice Firewall & Anti-Fraud,Actual,,,,,709886.58,,,
Trend,2024-02-01,HR,Croatia,P05,Ethernet & Capacity Services,Actual,,,,,165346.5,,,
Trend,2024-02-01,HR,Croatia,P06,Cloud Connect,Actual,,,,,86125.02,,,
Trend,2024-02-01,HU,Hungary,P01,International Voice Termination,Actual,,,,,1450768.78,,,
Trend,2024-02-01,HU,Hungary,P02,A2P Messaging,Actual,,,,,1532675.9,,,
Trend,2024-02-01,HU,Hungary,P03,IPX Roaming & Signalling,Actual,,,,,1210382.82,,,
Trend,2024-02-01,HU,Hungary,P04,IP Transit,Actual,,,,,484986.57,,,
Trend,2024-02-01,HU,Hungary,P05,Ethernet & Capacity Services,Actual,,,,,1040489.07,,,
Trend,2024-02-01,HU,Hungary,P06,Cloud Connect,Actual,,,,,477952.8,,,
Trend,2024-02-01,HU,Hungary,P07,Voice Firewall & Anti-Fraud,Actual,,,,,679089.87,,,
Trend,2024-02-01,IT,Italy,P01,International Voice Termination,Actual,,,,,164271.84,,,
Trend,2024-02-01,IT,Italy,P02,A2P Messaging,Actual,,,,,2525421.77,,,
Trend,2024-02-01,IT,Italy,P03,IPX Roaming & Signalling,Actual,,,,,723193.59,,,
Trend,2024-02-01,IT,Italy,P04,IP Transit,Actual,,,,,1085530.22,,,
Trend,2024-02-01,IT,Italy,P05,Ethernet & Capacity Services,Actual,,,,,5669990.52,,,
Trend,2024-02-01,IT,Italy,P06,Cloud Connect,Actual,,,,,1851671.73,,,
Trend,2024-02-01,IT,Italy,P07,Voice Firewall & Anti-Fraud,Actual,,,,,349763.51,,,
Trend,2024-02-01,NL,Netherlands,P01,International Voice Termination,Actual,,,,,2515420.62,,,
Trend,2024-02-01,NL,Netherlands,P02,A2P Messaging,Actual,,,,,5776967.84,,,
Trend,2024-02-01,NL,Netherlands,P03,IPX Roaming & Signalling,Actual,,,,,3572344.89,,,
Trend,2024-02-01,NL,Netherlands,P04,IP Transit,Actual,,,,,1193518.3,,,
Trend,2024-02-01,NL,Netherlands,P05,Ethernet & Capacity Services,Actual,,,,,2115839.2,,,
Trend,2024-02-01,NL,Netherlands,P06,Cloud Connect,Actual,,,,,97143.95,,,
Trend,2024-02-01,NL,Netherlands,P07,Voice Firewall & Anti-Fraud,Actual,,,,,1610752.49,,,
Trend,2024-02-01,PL,Poland,P01,International Voice Termination,Actual,,,,,2080465.34,,,
Trend,2024-02-01,PL,Poland,P02,A2P Messaging,Actual,,,,,2343080.74,,,
Trend,2024-02-01,PL,Poland,P03,IPX Roaming & Signalling,Actual,,,,,2598457.42,,,
Trend,2024-02-01,PL,Poland,P04,IP Transit,Actual,,,,,1110862.61,,,
Trend,2024-02-01,PL,Poland,P05,Ethernet & Capacity Services,Actual,,,,,3129325.77,,,
Trend,2024-02-01,PL,Poland,P06,Cloud Connect,Actual,,,,,56441.7,,,
Trend,2024-02-01,PL,Poland,P07,Voice Firewall & Anti-Fraud,Actual,,,,,724856.32,,,
Trend,2024-02-01,RO,Romania,P03,IPX Roaming & Signalling,Actual,,,,,532452.61,,,
Trend,2024-02-01,RO,Romania,P05,Ethernet & Capacity Services,Actual,,,,,1232737.52,,,
Trend,2024-02-01,RO,Romania,P07,Voice Firewall & Anti-Fraud,Actual,,,,,83603.38,,,
Trend,2024-02-01,SK,Slovakia,P01,International Voice Termination,Actual,,,,,366183.19,,,
Trend,2024-02-01,SK,Slovakia,P02,A2P Messaging,Actual,,,,,1780173.69,,,
Trend,2024-02-01,SK,Slovakia,P03,IPX Roaming & Signalling,Actual,,,,,547162.1,,,
Trend,2024-02-01,SK,Slovakia,P05,Ethernet & Capacity Services,Actual,,,,,343133.6,,,
Trend,2024-03-01,AT,Austria,P01,International Voice Termination,Actual,,,,,746057.77,,,
Trend,2024-03-01,AT,Austria,P02,A2P Messaging,Actual,,,,,2734138.14,,,
Trend,2024-03-01,AT,Austria,P03,IPX Roaming & Signalling,Actual,,,,,1041323.42,,,
Trend,2024-03-01,AT,Austria,P04,IP Transit,Actual,,,,,613299.04,,,
Trend,2024-03-01,AT,Austria,P05,Ethernet & Capacity Services,Actual,,,,,1092541.83,,,
Trend,2024-03-01,AT,Austria,P07,Voice Firewall & Anti-Fraud,Actual,,,,,580433.15,,,
Trend,2024-03-01,CZ,Czechia,P03,IPX Roaming & Signalling,Actual,,,,,87765.3,,,
Trend,2024-03-01,CZ,Czechia,P04,IP Transit,Actual,,,,,144812.78,,,
Trend,2024-03-01,CZ,Czechia,P05,Ethernet & Capacity Services,Actual,,,,,1432950.3,,,
Trend,2024-03-01,CZ,Czechia,P06,Cloud Connect,Actual,,,,,134034.66,,,
Trend,2024-03-01,CZ,Czechia,P07,Voice Firewall & Anti-Fraud,Actual,,,,,40337.33,,,
Trend,2024-03-01,DE,Germany,P01,International Voice Termination,Actual,,,,,3656925.11,,,
Trend,2024-03-01,DE,Germany,P02,A2P Messaging,Actual,,,,,4338155.72,,,
Trend,2024-03-01,DE,Germany,P03,IPX Roaming & Signalling,Actual,,,,,5877073.0,,,
Trend,2024-03-01,DE,Germany,P04,IP Transit,Actual,,,,,4619103.73,,,
Trend,2024-03-01,DE,Germany,P05,Ethernet & Capacity Services,Actual,,,,,7413865.62,,,
Trend,2024-03-01,DE,Germany,P06,Cloud Connect,Actual,,,,,4356646.55,,,
Trend,2024-03-01,DE,Germany,P07,Voice Firewall & Anti-Fraud,Actual,,,,,1334831.36,,,
Trend,2024-03-01,ES,Spain,P01,International Voice Termination,Actual,,,,,1013445.79,,,
Trend,2024-03-01,ES,Spain,P02,A2P Messaging,Actual,,,,,9253494.64,,,
Trend,2024-03-01,ES,Spain,P03,IPX Roaming & Signalling,Actual,,,,,2198825.76,,,
Trend,2024-03-01,ES,Spain,P04,IP Transit,Actual,,,,,1981214.12,,,
Trend,2024-03-01,ES,Spain,P05,Ethernet & Capacity Services,Actual,,,,,5696755.39,,,
Trend,2024-03-01,ES,Spain,P06,Cloud Connect,Actual,,,,,1824420.95,,,
Trend,2024-03-01,ES,Spain,P07,Voice Firewall & Anti-Fraud,Actual,,,,,1669121.38,,,
Trend,2024-03-01,FR,France,P01,International Voice Termination,Actual,,,,,1921728.07,,,
Trend,2024-03-01,FR,France,P02,A2P Messaging,Actual,,,,,10447678.25,,,
Trend,2024-03-01,FR,France,P03,IPX Roaming & Signalling,Actual,,,,,8313707.92,,,
Trend,2024-03-01,FR,France,P04,IP Transit,Actual,,,,,1137613.41,,,
Trend,2024-03-01,FR,France,P05,Ethernet & Capacity Services,Actual,,,,,3357681.44,,,
Trend,2024-03-01,FR,France,P06,Cloud Connect,Actual,,,,,1847079.21,,,
Trend,2024-03-01,FR,France,P07,Voice Firewall & Anti-Fraud,Actual,,,,,3546850.2,,,
Trend,2024-03-01,GR,Greece,P01,International Voice Termination,Actual,,,,,999942.22,,,
Trend,2024-03-01,GR,Greece,P02,A2P Messaging,Actual,,,,,1823679.41,,,
Trend,2024-03-01,GR,Greece,P03,IPX Roaming & Signalling,Actual,,,,,1265673.54,,,
Trend,2024-03-01,GR,Greece,P04,IP Transit,Actual,,,,,393412.58,,,
Trend,2024-03-01,GR,Greece,P05,Ethernet & Capacity Services,Actual,,,,,1168129.13,,,
Trend,2024-03-01,GR,Greece,P07,Voice Firewall & Anti-Fraud,Actual,,,,,734262.45,,,
Trend,2024-03-01,HR,Croatia,P05,Ethernet & Capacity Services,Actual,,,,,174746.79,,,
Trend,2024-03-01,HR,Croatia,P06,Cloud Connect,Actual,,,,,90724.31,,,
Trend,2024-03-01,HU,Hungary,P01,International Voice Termination,Actual,,,,,1575097.45,,,
Trend,2024-03-01,HU,Hungary,P02,A2P Messaging,Actual,,,,,1619671.09,,,
Trend,2024-03-01,HU,Hungary,P03,IPX Roaming & Signalling,Actual,,,,,1399162.16,,,
Trend,2024-03-01,HU,Hungary,P04,IP Transit,Actual,,,,,495057.18,,,
Trend,2024-03-01,HU,Hungary,P05,Ethernet & Capacity Services,Actual,,,,,1068889.12,,,
Trend,2024-03-01,HU,Hungary,P06,Cloud Connect,Actual,,,,,491562.92,,,
Trend,2024-03-01,HU,Hungary,P07,Voice Firewall & Anti-Fraud,Actual,,,,,710332.52,,,
Trend,2024-03-01,IT,Italy,P01,International Voice Termination,Actual,,,,,175800.77,,,
Trend,2024-03-01,IT,Italy,P02,A2P Messaging,Actual,,,,,2895947.3,,,
Trend,2024-03-01,IT,Italy,P03,IPX Roaming & Signalling,Actual,,,,,746923.73,,,
Trend,2024-03-01,IT,Italy,P04,IP Transit,Actual,,,,,1120027.66,,,
Trend,2024-03-01,IT,Italy,P05,Ethernet & Capacity Services,Actual,,,,,5929854.93,,,
Trend,2024-03-01,IT,Italy,P06,Cloud Connect,Actual,,,,,1868405.71,,,
Trend,2024-03-01,IT,Italy,P07,Voice Firewall & Anti-Fraud,Actual,,,,,359657.58,,,
Trend,2024-03-01,NL,Netherlands,P01,International Voice Termination,Actual,,,,,2538602.11,,,
Trend,2024-03-01,NL,Netherlands,P02,A2P Messaging,Actual,,,,,6456402.93,,,
Trend,2024-03-01,NL,Netherlands,P03,IPX Roaming & Signalling,Actual,,,,,4055895.78,,,
Trend,2024-03-01,NL,Netherlands,P04,IP Transit,Actual,,,,,1185573.23,,,
Trend,2024-03-01,NL,Netherlands,P05,Ethernet & Capacity Services,Actual,,,,,2388454.84,,,
Trend,2024-03-01,NL,Netherlands,P06,Cloud Connect,Actual,,,,,97932.84,,,
Trend,2024-03-01,NL,Netherlands,P07,Voice Firewall & Anti-Fraud,Actual,,,,,1589594.96,,,
Trend,2024-03-01,PL,Poland,P01,International Voice Termination,Actual,,,,,2310990.24,,,
Trend,2024-03-01,PL,Poland,P02,A2P Messaging,Actual,,,,,2600122.25,,,
Trend,2024-03-01,PL,Poland,P03,IPX Roaming & Signalling,Actual,,,,,2946212.42,,,
Trend,2024-03-01,PL,Poland,P04,IP Transit,Actual,,,,,1190953.4,,,
Trend,2024-03-01,PL,Poland,P05,Ethernet & Capacity Services,Actual,,,,,3089788.18,,,
Trend,2024-03-01,PL,Poland,P06,Cloud Connect,Actual,,,,,67821.76,,,
Trend,2024-03-01,PL,Poland,P07,Voice Firewall & Anti-Fraud,Actual,,,,,726672.59,,,
Trend,2024-03-01,RO,Romania,P03,IPX Roaming & Signalling,Actual,,,,,564293.87,,,
Trend,2024-03-01,RO,Romania,P05,Ethernet & Capacity Services,Actual,,,,,1233656.08,,,
Trend,2024-03-01,RO,Romania,P07,Voice Firewall & Anti-Fraud,Actual,,,,,84581.42,,,
Trend,2024-03-01,SK,Slovakia,P01,International Voice Termination,Actual,,,,,385581.16,,,
Trend,2024-03-01,SK,Slovakia,P02,A2P Messaging,Actual,,,,,1929891.66,,,
Trend,2024-03-01,SK,Slovakia,P03,IPX Roaming & Signalling,Actual,,,,,657651.74,,,
Trend,2024-03-01,SK,Slovakia,P05,Ethernet & Capacity Services,Actual,,,,,356481.86,,,
Trend,2024-04-01,AT,Austria,P01,International Voice Termination,Actual,,,,,745229.39,,,
Trend,2024-04-01,AT,Austria,P02,A2P Messaging,Actual,,,,,2906865.81,,,
Trend,2024-04-01,AT,Austria,P03,IPX Roaming & Signalling,Actual,,,,,1270049.85,,,
Trend,2024-04-01,AT,Austria,P04,IP Transit,Actual,,,,,665213.78,,,
Trend,2024-04-01,AT,Austria,P05,Ethernet & Capacity Services,Actual,,,,,1114273.3,,,
Trend,2024-04-01,AT,Austria,P07,Voice Firewall & Anti-Fraud,Actual,,,,,587333.0,,,
Trend,2024-04-01,CZ,Czechia,P03,IPX Roaming & Signalling,Actual,,,,,101781.49,,,
Trend,2024-04-01,CZ,Czechia,P04,IP Transit,Actual,,,,,127330.13,,,
Trend,2024-04-01,CZ,Czechia,P05,Ethernet & Capacity Services,Actual,,,,,1384259.73,,,
Trend,2024-04-01,CZ,Czechia,P06,Cloud Connect,Actual,,,,,133196.3,,,
Trend,2024-04-01,CZ,Czechia,P07,Voice Firewall & Anti-Fraud,Actual,,,,,38058.75,,,
Trend,2024-04-01,DE,Germany,P01,International Voice Termination,Actual,,,,,3830674.72,,,
Trend,2024-04-01,DE,Germany,P02,A2P Messaging,Actual,,,,,4564268.06,,,
Trend,2024-04-01,DE,Germany,P03,IPX Roaming & Signalling,Actual,,,,,5775759.63,,,
Trend,2024-04-01,DE,Germany,P04,IP Transit,Actual,,,,,4653996.01,,,
Trend,2024-04-01,DE,Germany,P05,Ethernet & Capacity Services,Actual,,,,,7249809.43,,,
Trend,2024-04-01,DE,Germany,P06,Cloud Connect,Actual,,,,,4346681.0,,,
Trend,2024-04-01,DE,Germany,P07,Voice Firewall & Anti-Fraud,Actual,,,,,1418665.2,,,
Trend,2024-04-01,ES,Spain,P01,International Voice Termination,Actual,,,,,934250.15,,,
Trend,2024-04-01,ES,Spain,P02,A2P Messaging,Actual,,,,,9702987.82,,,
Trend,2024-04-01,ES,Spain,P03,IPX Roaming & Signalling,Actual,,,,,2664767.14,,,
Trend,2024-04-01,ES,Spain,P04,IP Transit,Actual,,,,,2049483.72,,,
Trend,2024-04-01,ES,Spain,P05,Ethernet & Capacity Services,Actual,,,,,5830967.07,,,
Trend,2024-04-01,ES,Spain,P06,Cloud Connect,Actual,,,,,1873168.92,,,
Trend,2024-04-01,ES,Spain,P07,Voice Firewall & Anti-Fraud,Actual,,,,,1675667.48,,,
Trend,2024-04-01,FR,France,P01,International Voice Termination,Actual,,,,,1928684.06,,,
Trend,2024-04-01,FR,France,P02,A2P Messaging,Actual,,,,,10361643.83,,,
Trend,2024-04-01,FR,France,P03,IPX Roaming & Signalling,Actual,,,,,9753777.97,,,
Trend,2024-04-01,FR,France,P04,IP Transit,Actual,,,,,1085593.6,,,
Trend,2024-04-01,FR,France,P05,Ethernet & Capacity Services,Actual,,,,,3509278.47,,,
Trend,2024-04-01,FR,France,P06,Cloud Connect,Actual,,,,,1875475.21,,,
Trend,2024-04-01,FR,France,P07,Voice Firewall & Anti-Fraud,Actual,,,,,3503317.22,,,
Trend,2024-04-01,GR,Greece,P01,International Voice Termination,Actual,,,,,968374.38,,,
Trend,2024-04-01,GR,Greece,P02,A2P Messaging,Actual,,,,,2080181.02,,,
Trend,2024-04-01,GR,Greece,P03,IPX Roaming & Signalling,Actual,,,,,1478622.22,,,
Trend,2024-04-01,GR,Greece,P04,IP Transit,Actual,,,,,409823.27,,,
Trend,2024-04-01,GR,Greece,P05,Ethernet & Capacity Services,Actual,,,,,1139530.85,,,
Trend,2024-04-01,GR,Greece,P07,Voice Firewall & Anti-Fraud,Actual,,,,,755945.09,,,
Trend,2024-04-01,HR,Croatia,P05,Ethernet & Capacity Services,Actual,,,,,182379.22,,,
Trend,2024-04-01,HR,Croatia,P06,Cloud Connect,Actual,,,,,89562.6,,,
Trend,2024-04-01,HU,Hungary,P01,International Voice Termination,Actual,,,,,1527204.16,,,
Trend,2024-04-01,HU,Hungary,P02,A2P Messaging,Actual,,,,,1727771.76,,,
Trend,2024-04-01,HU,Hungary,P03,IPX Roaming & Signalling,Actual,,,,,1500147.08,,,
Trend,2024-04-01,HU,Hungary,P04,IP Transit,Actual,,,,,496199.84,,,
Trend,2024-04-01,HU,Hungary,P05,Ethernet & Capacity Services,Actual,,,,,1072718.27,,,
Trend,2024-04-01,HU,Hungary,P06,Cloud Connect,Actual,,,,,488841.17,,,
Trend,2024-04-01,HU,Hungary,P07,Voice Firewall & Anti-Fraud,Actual,,,,,710047.13,,,
Trend,2024-04-01,IT,Italy,P01,International Voice Termination,Actual,,,,,163758.25,,,
Trend,2024-04-01,IT,Italy,P02,A2P Messaging,Actual,,,,,2965519.4,,,
Trend,2024-04-01,IT,Italy,P03,IPX Roaming & Signalling,Actual,,,,,877217.97,,,
Trend,2024-04-01,IT,Italy,P04,IP Transit,Actual,,,,,1100898.18,,,
Trend,2024-04-01,IT,Italy,P05,Ethernet & Capacity Services,Actual,,,,,5516352.26,,,
Trend,2024-04-01,IT,Italy,P06,Cloud Connect,Actual,,,,,2093957.61,,,
Trend,2024-04-01,IT,Italy,P07,Voice Firewall & Anti-Fraud,Actual,,,,,339071.57,,,
Trend,2024-04-01,NL,Netherlands,P01,International Voice Termination,Actual,,,,,2426651.99,,,
Trend,2024-04-01,NL,Netherlands,P02,A2P Messaging,Actual,,,,,7054190.03,,,
Trend,2024-04-01,NL,Netherlands,P03,IPX Roaming & Signalling,Actual,,,,,4743482.33,,,
Trend,2024-04-01,NL,Netherlands,P04,IP Transit,Actual,,,,,1273780.67,,,
Trend,2024-04-01,NL,Netherlands,P05,Ethernet & Capacity Services,Actual,,,,,2167436.92,,,
Trend,2024-04-01,NL,Netherlands,P06,Cloud Connect,Actual,,,,,93677.54,,,
Trend,2024-04-01,NL,Netherlands,P07,Voice Firewall & Anti-Fraud,Actual,,,,,1724446.6,,,
Trend,2024-04-01,PL,Poland,P01,International Voice Termination,Actual,,,,,2137584.89,,,
Trend,2024-04-01,PL,Poland,P02,A2P Messaging,Actual,,,,,2630698.05,,,
Trend,2024-04-01,PL,Poland,P03,IPX Roaming & Signalling,Actual,,,,,3333831.02,,,
Trend,2024-04-01,PL,Poland,P04,IP Transit,Actual,,,,,1122893.99,,,
Trend,2024-04-01,PL,Poland,P05,Ethernet & Capacity Services,Actual,,,,,3182951.0,,,
Trend,2024-04-01,PL,Poland,P06,Cloud Connect,Actual,,,,,62940.87,,,
Trend,2024-04-01,PL,Poland,P07,Voice Firewall & Anti-Fraud,Actual,,,,,740960.77,,,
Trend,2024-04-01,RO,Romania,P03,IPX Roaming & Signalling,Actual,,,,,743025.87,,,
Trend,2024-04-01,RO,Romania,P05,Ethernet & Capacity Services,Actual,,,,,1143673.07,,,
Trend,2024-04-01,RO,Romania,P07,Voice Firewall & Anti-Fraud,Actual,,,,,99235.9,,,
Trend,2024-04-01,SK,Slovakia,P01,International Voice Termination,Actual,,,,,360520.85,,,
Trend,2024-04-01,SK,Slovakia,P02,A2P Messaging,Actual,,,,,2118181.77,,,
Trend,2024-04-01,SK,Slovakia,P03,IPX Roaming & Signalling,Actual,,,,,773886.12,,,
Trend,2024-04-01,SK,Slovakia,P05,Ethernet & Capacity Services,Actual,,,,,380533.91,,,
Trend,2024-05-01,AT,Austria,P01,International Voice Termination,Actual,,,,,747546.45,,,
Trend,2024-05-01,AT,Austria,P02,A2P Messaging,Actual,,,,,3097930.32,,,
Trend,2024-05-01,AT,Austria,P03,IPX Roaming & Signalling,Actual,,,,,1269658.9,,,
Trend,2024-05-01,AT,Austria,P04,IP Transit,Actual,,,,,586275.56,,,
Trend,2024-05-01,AT,Austria,P05,Ethernet & Capacity Services,Actual,,,,,1084206.91,,,
Trend,2024-05-01,AT,Austria,P07,Voice Firewall & Anti-Fraud,Actual,,,,,637918.12,,,
Trend,2024-05-01,CZ,Czechia,P03,IPX Roaming & Signalling,Actual,,,,,120526.11,,,
Trend,2024-05-01,CZ,Czechia,P04,IP Transit,Actual,,,,,134091.27,,,
Trend,2024-05-01,CZ,Czechia,P05,Ethernet & Capacity Services,Actual,,,,,1263755.63,,,
Trend,2024-05-01,CZ,Czechia,P06,Cloud Connect,Actual,,,,,123309.19,,,
Trend,2024-05-01,CZ,Czechia,P07,Voice Firewall & Anti-Fraud,Actual,,,,,37587.14,,,
Trend,2024-05-01,DE,Germany,P01,International Voice Termination,Actual,,,,,3612215.84,,,
Trend,2024-05-01,DE,Germany,P02,A2P Messaging,Actual,,,,,4581552.63,,,
Trend,2024-05-01,DE,Germany,P03,IPX Roaming & Signalling,Actual,,,,,6328468.64,,,
Trend,2024-05-01,DE,Germany,P04,IP Transit,Actual,,,,,4453085.36,,,
Trend,2024-05-01,DE,Germany,P05,Ethernet & Capacity Services,Actual,,,,,7308320.05,,,
Trend,2024-05-01,DE,Germany,P06,Cloud Connect,Actual,,,,,4522840.74,,,
Trend,2024-05-01,DE,Germany,P07,Voice Firewall & Anti-Fraud,Actual,,,,,1475071.98,,,
Trend,2024-05-01,ES,Spain,P01,International Voice Termination,Actual,,,,,893683.99,,,
Trend,2024-05-01,ES,Spain,P02,A2P Messaging,Actual,,,,,9708644.17,,,
Trend,2024-05-01,ES,Spain,P03,IPX Roaming & Signalling,Actual,,,,,3089624.5,,,
Trend,2024-05-01,ES,Spain,P04,IP Transit,Actual,,,,,1849591.84,,,
Trend,2024-05-01,ES,Spain,P05,Ethernet & Capacity Services,Actual,,,,,5864083.42,,,
Trend,2024-05-01,ES,Spain,P06,Cloud Connect,Actual,,,,,1934263.49,,,
Trend,2024-05-01,ES,Spain,P07,Voice Firewall & Anti-Fraud,Actual,,,,,1693446.43,,,
Trend,2024-05-01,FR,France,P01,International Voice Termination,Actual,,,,,1910425.51,,,
Trend,2024-05-01,FR,France,P02,A2P Messaging,Actual,,,,,11418923.25,,,
Trend,2024-05-01,FR,France,P03,IPX Roaming & Signalling,Actual,,,,,10291200.46,,,
Trend,2024-05-01,FR,France,P04,IP Transit,Actual,,,,,1115954.54,,,
Trend,2024-05-01,FR,France,P05,Ethernet & Capacity Services,Actual,,,,,3352243.71,,,
Trend,2024-05-01,FR,France,P06,Cloud Connect,Actual,,,,,2021200.71,,,
Trend,2024-05-01,FR,France,P07,Voice Firewall & Anti-Fraud,Actual,,,,,3457107.31,,,
Trend,2024-05-01,GR,Greece,P01,International Voice Termination,Actual,,,,,969926.49,,,
Trend,2024-05-01,GR,Greece,P02,A2P Messaging,Actual,,,,,2252679.81,,,
Trend,2024-05-01,GR,Greece,P03,IPX Roaming & Signalling,Actual,,,,,1651712.22,,,
Trend,2024-05-01,GR,Greece,P04,IP Transit,Actual,,,,,375160.7,,,
Trend,2024-05-01,GR,Greece,P05,Ethernet & Capacity Services,Actual,,,,,1176793.08,,,
Trend,2024-05-01,GR,Greece,P07,Voice Firewall & Anti-Fraud,Actual,,,,,771990.52,,,
Trend,2024-05-01,HR,Croatia,P05,Ethernet & Capacity Services,Actual,,,,,160851.85,,,
Trend,2024-05-01,HR,Croatia,P06,Cloud Connect,Actual,,,,,84740.86,,,
Trend,2024-05-01,HU,Hungary,P01,International Voice Termination,Actual,,,,,1451667.42,,,
Trend,2024-05-01,HU,Hungary,P02,A2P Messaging,Actual,,,,,1675423.68,,,
Trend,2024-05-01,HU,Hungary,P03,IPX Roaming & Signalling,Actual,,,,,1757680.03,,,
Trend,2024-05-01,HU,Hungary,P04,IP Transit,Actual,,,,,477560.07,,,
Trend,2024-05-01,HU,Hungary,P05,Ethernet & Capacity Services,Actual,,,,,1060772.5,,,
Trend,2024-05-01,HU,Hungary,P06,Cloud Connect,Actual,,,,,512346.76,,,
Trend,2024-05-01,HU,Hungary,P07,Voice Firewall & Anti-Fraud,Actual,,,,,700975.64,,,
Trend,2024-05-01,IT,Italy,P01,International Voice Termination,Actual,,,,,163870.35,,,
Trend,2024-05-01,IT,Italy,P02,A2P Messaging,Actual,,,,,2989665.9,,,
Trend,2024-05-01,IT,Italy,P03,IPX Roaming & Signalling,Actual,,,,,959732.62,,,
Trend,2024-05-01,IT,Italy,P04,IP Transit,Actual,,,,,1134876.09,,,
Trend,2024-05-01,IT,Italy,P05,Ethernet & Capacity Services,Actual,,,,,5847156.53,,,
Trend,2024-05-01,IT,Italy,P06,Cloud Connect,Actual,,,,,2085302.61,,,
Trend,2024-05-01,IT,Italy,P07,Voice Firewall & Anti-Fraud,Actual,,,,,369220.66,,,
Trend,2024-05-01,NL,Netherlands,P01,International Voice Termination,Actual,,,,,2409932.6,,,
Trend,2024-05-01,NL,Netherlands,P02,A2P Messaging,Actual,,,,,6984688.56,,,
Trend,2024-05-01,NL,Netherlands,P03,IPX Roaming & Signalling,Actual,,,,,5131066.66,,,
Trend,2024-05-01,NL,Netherlands,P04,IP Transit,Actual,,,,,1265278.3,,,
Trend,2024-05-01,NL,Netherlands,P05,Ethernet & Capacity Services,Actual,,,,,2336459.08,,,
Trend,2024-05-01,NL,Netherlands,P06,Cloud Connect,Actual,,,,,102085.43,,,
Trend,2024-05-01,NL,Netherlands,P07,Voice Firewall & Anti-Fraud,Actual,,,,,1711270.39,,,
Trend,2024-05-01,PL,Poland,P01,International Voice Termination,Actual,,,,,2092338.44,,,
Trend,2024-05-01,PL,Poland,P02,A2P Messaging,Actual,,,,,2838642.05,,,
Trend,2024-05-01,PL,Poland,P03,IPX Roaming & Signalling,Actual,,,,,3555771.88,,,
Trend,2024-05-01,PL,Poland,P04,IP Transit,Actual,,,,,1152378.96,,,
Trend,2024-05-01,PL,Poland,P05,Ethernet & Capacity Services,Actual,,,,,3271706.9,,,
Trend,2024-05-01,PL,Poland,P06,Cloud Connect,Actual,,,,,60922.83,,,
Trend,2024-05-01,PL,Poland,P07,Voice Firewall & Anti-Fraud,Actual,,,,,746454.43,,,
Trend,2024-05-01,RO,Romania,P03,IPX Roaming & Signalling,Actual,,,,,761276.23,,,
Trend,2024-05-01,RO,Romania,P05,Ethernet & Capacity Services,Actual,,,,,1251730.51,,,
Trend,2024-05-01,RO,Romania,P07,Voice Firewall & Anti-Fraud,Actual,,,,,94051.18,,,
Trend,2024-05-01,SK,Slovakia,P01,International Voice Termination,Actual,,,,,375077.58,,,
Trend,2024-05-01,SK,Slovakia,P02,A2P Messaging,Actual,,,,,2298141.76,,,
Trend,2024-05-01,SK,Slovakia,P03,IPX Roaming & Signalling,Actual,,,,,864065.12,,,
Trend,2024-05-01,SK,Slovakia,P05,Ethernet & Capacity Services,Actual,,,,,373212.49,,,
Trend,2024-06-01,AT,Austria,P01,International Voice Termination,Actual,,,,,729830.16,,,
Trend,2024-06-01,AT,Austria,P02,A2P Messaging,Actual,,,,,3211443.46,,,
Trend,2024-06-01,AT,Austria,P03,IPX Roaming & Signalling,Actual,,,,,1527216.22,,,
Trend,2024-06-01,AT,Austria,P04,IP Transit,Actual,,,,,574963.57,,,
Trend,2024-06-01,AT,Austria,P05,Ethernet & Capacity Services,Actual,,,,,1234867.73,,,
Trend,2024-06-01,AT,Austria,P07,Voice Firewall & Anti-Fraud,Actual,,,,,651410.18,,,
Trend,2024-06-01,CZ,Czechia,P03,IPX Roaming & Signalling,Actual,,,,,128166.34,,,
Trend,2024-06-01,CZ,Czechia,P04,IP Transit,Actual,,,,,134296.34,,,
Trend,2024-06-01,CZ,Czechia,P05,Ethernet & Capacity Services,Actual,,,,,1352037.99,,,
Trend,2024-06-01,CZ,Czechia,P06,Cloud Connect,Actual,,,,,136020.44,,,
Trend,2024-06-01,CZ,Czechia,P07,Voice Firewall & Anti-Fraud,Actual,,,,,39397.81,,,
Trend,2024-06-01,DE,Germany,P01,International Voice Termination,Actual,,,,,3564168.47,,,
Trend,2024-06-01,DE,Germany,P02,A2P Messaging,Actual,,,,,4526521.59,,,
Trend,2024-06-01,DE,Germany,P03,IPX Roaming & Signalling,Actual,,,,,7126220.41,,,
Trend,2024-06-01,DE,Germany,P04,IP Transit,Actual,,,,,4781863.28,,,
Trend,2024-06-01,DE,Germany,P05,Ethernet & Capacity Services,Actual,,,,,7226510.01,,,
Trend,2024-06-01,DE,Germany,P06,Cloud Connect,Actual,,,,,4694479.97,,,
Trend,2024-06-01,DE,Germany,P07,Voice Firewall & Anti-Fraud,Actual,,,,,1434712.32,,,
Trend,2024-06-01,ES,Spain,P01,International Voice Termination,Actual,,,,,948020.95,,,
Trend,2024-06-01,ES,Spain,P02,A2P Messaging,Actual,,,,,9878304.94,,,
Trend,2024-06-01,ES,Spain,P03,IPX Roaming & Signalling,Actual,,,,,3249437.35,,,
Trend,2024-06-01,ES,Spain,P04,IP Transit,Actual,,,,,1884366.45,,,
Trend,2024-06-01,ES,Spain,P05,Ethernet & Capacity Services,Actual,,,,,5997110.65,,,
Trend,2024-06-01,ES,Spain,P06,Cloud Connect,Actual,,,,,2001792.41,,,
Trend,2024-06-01,ES,Spain,P07,Voice Firewall & Anti-Fraud,Actual,,,,,1715883.3,,,
Trend,2024-06-01,FR,France,P01,International Voice Termination,Actual,,,,,1894849.24,,,
Trend,2024-06-01,FR,France,P02,A2P Messaging,Actual,,,,,10959132.78,,,
Trend,2024-06-01,FR,France,P03,IPX Roaming & Signalling,Actual,,,,,12087906.0,,,
Trend,2024-06-01,FR,France,P04,IP Transit,Actual,,,,,1113518.99,,,
Trend,2024-06-01,FR,France,P05,Ethernet & Capacity Services,Actual,,,,,3307011.6,,,
Trend,2024-06-01,FR,France,P06,Cloud Connect,Actual,,,,,1978429.25,,,
Trend,2024-06-01,FR,France,P07,Voice Firewall & Anti-Fraud,Actual,,,,,3640575.35,,,
Trend,2024-06-01,GR,Greece,P01,International Voice Termination,Actual,,,,,982547.07,,,
Trend,2024-06-01,GR,Greece,P02,A2P Messaging,Actual,,,,,2126267.45,,,
Trend,2024-06-01,GR,Greece,P03,IPX Roaming & Signalling,Actual,,,,,1857426.45,,,
Trend,2024-06-01,GR,Greece,P04,IP Transit,Actual,,,,,410164.39,,,
Trend,2024-06-01,GR,Greece,P05,Ethernet & Capacity Services,Actual,,,,,1136018.98,,,
Trend,2024-06-01,GR,Greece,P07,Voice Firewall & Anti-Fraud,Actual,,,,,749604.4,,,
Trend,2024-06-01,HR,Croatia,P05,Ethernet & Capacity Services,Actual,,,,,171414.71,,,
Trend,2024-06-01,HR,Croatia,P06,Cloud Connect,Actual,,,,,85963.93,,,
Trend,2024-06-01,HU,Hungary,P01,International Voice Termination,Actual,,,,,1446000.77,,,
Trend,2024-06-01,HU,Hungary,P02,A2P Messaging,Actual,,,,,1699629.7,,,
Trend,2024-06-01,HU,Hungary,P03,IPX Roaming & Signalling,Actual,,,,,1998561.67,,,
Trend,2024-06-01,HU,Hungary,P04,IP Transit,Actual,,,,,505874.73,,,
Trend,2024-06-01,HU,Hungary,P05,Ethernet & Capacity Services,Actual,,,,,1061876.55,,,
Trend,2024-06-01,HU,Hungary,P06,Cloud Connect,Actual,,,,,485300.52,,,
Trend,2024-06-01,HU,Hungary,P07,Voice Firewall & Anti-Fraud,Actual,,,,,727612.37,,,
Trend,2024-06-01,IT,Italy,P01,International Voice Termination,Actual,,,,,160993.35,,,
Trend,2024-06-01,IT,Italy,P02,A2P Messaging,Actual,,,,,2791083.42,,,
Trend,2024-06-01,IT,Italy,P03,IPX Roaming & Signalling,Actual,,,,,1091922.93,,,
Trend,2024-06-01,IT,Italy,P04,IP Transit,Actual,,,,,1168305.8,,,
Trend,2024-06-01,IT,Italy,P05,Ethernet & Capacity Services,Actual,,,,,5652502.02,,,
Trend,2024-06-01,IT,Italy,P06,Cloud Connect,Actual,,,,,1895394.0,,,
Trend,2024-06-01,IT,Italy,P07,Voice Firewall & Anti-Fraud,Actual,,,,,379483.27,,,
Trend,2024-06-01,NL,Netherlands,P01,International Voice Termination,Actual,,,,,2432609.38,,,
Trend,2024-06-01,NL,Netherlands,P02,A2P Messaging,Actual,,,,,6907836.46,,,
Trend,2024-06-01,NL,Netherlands,P03,IPX Roaming & Signalling,Actual,,,,,6133664.19,,,
Trend,2024-06-01,NL,Netherlands,P04,IP Transit,Actual,,,,,1279624.71,,,
Trend,2024-06-01,NL,Netherlands,P05,Ethernet & Capacity Services,Actual,,,,,2270609.59,,,
Trend,2024-06-01,NL,Netherlands,P06,Cloud Connect,Actual,,,,,90137.43,,,
Trend,2024-06-01,NL,Netherlands,P07,Voice Firewall & Anti-Fraud,Actual,,,,,1844427.51,,,
Trend,2024-06-01,PL,Poland,P01,International Voice Termination,Actual,,,,,2067768.18,,,
Trend,2024-06-01,PL,Poland,P02,A2P Messaging,Actual,,,,,2626594.77,,,
Trend,2024-06-01,PL,Poland,P03,IPX Roaming & Signalling,Actual,,,,,4133831.04,,,
Trend,2024-06-01,PL,Poland,P04,IP Transit,Actual,,,,,1188312.04,,,
Trend,2024-06-01,PL,Poland,P05,Ethernet & Capacity Services,Actual,,,,,3222341.57,,,
Trend,2024-06-01,PL,Poland,P06,Cloud Connect,Actual,,,,,62034.07,,,
Trend,2024-06-01,PL,Poland,P07,Voice Firewall & Anti-Fraud,Actual,,,,,733972.72,,,
Trend,2024-06-01,RO,Romania,P03,IPX Roaming & Signalling,Actual,,,,,973908.44,,,
Trend,2024-06-01,RO,Romania,P05,Ethernet & Capacity Services,Actual,,,,,1254924.3,,,
Trend,2024-06-01,RO,Romania,P07,Voice Firewall & Anti-Fraud,Actual,,,,,91551.41,,,
Trend,2024-06-01,SK,Slovakia,P01,International Voice Termination,Actual,,,,,354095.85,,,
Trend,2024-06-01,SK,Slovakia,P02,A2P Messaging,Actual,,,,,2188983.82,,,
Trend,2024-06-01,SK,Slovakia,P03,IPX Roaming & Signalling,Actual,,,,,1014457.21,,,
Trend,2024-06-01,SK,Slovakia,P05,Ethernet & Capacity Services,Actual,,,,,367826.96,,,
Trend,2024-07-01,AT,Austria,P01,International Voice Termination,Actual,,,,,742698.24,,,
Trend,2024-07-01,AT,Austria,P02,A2P Messaging,Actual,,,,,2884408.15,,,
Trend,2024-07-01,AT,Austria,P03,IPX Roaming & Signalling,Actual,,,,,2077771.93,,,
Trend,2024-07-01,AT,Austria,P04,IP Transit,Actual,,,,,602210.58,,,
Trend,2024-07-01,AT,Austria,P05,Ethernet & Capacity Services,Actual,,,,,1023030.27,,,
Trend,2024-07-01,AT,Austria,P07,Voice Firewall & Anti-Fraud,Actual,,,,,684034.88,,,
Trend,2024-07-01,CZ,Czechia,P03,IPX Roaming & Signalling,Actual,,,,,162853.83,,,
Trend,2024-07-01,CZ,Czechia,P04,IP Transit,Actual,,,,,140721.83,,,
Trend,2024-07-01,CZ,Czechia,P05,Ethernet & Capacity Services,Actual,,,,,1506281.35,,,
Trend,2024-07-01,CZ,Czechia,P06,Cloud Connect,Actual,,,,,148492.75,,,
Trend,2024-07-01,CZ,Czechia,P07,Voice Firewall & Anti-Fraud,Actual,,,,,40608.71,,,
Trend,2024-07-01,DE,Germany,P01,International Voice Termination,Actual,,,,,3697866.98,,,
Trend,2024-07-01,DE,Germany,P02,A2P Messaging,Actual,,,,,4990893.87,,,
Trend,2024-07-01,DE,Germany,P03,IPX Roaming & Signalling,Actual,,,,,8764870.18,,,
Trend,2024-07-01,DE,Germany,P04,IP Transit,Actual,,,,,4434444.69,,,
Trend,2024-07-01,DE,Germany,P05,Ethernet & Capacity Services,Actual,,,,,7351817.45,,,
Trend,2024-07-01,DE,Germany,P06,Cloud Connect,Actual,,,,,4485429.6,,,
Trend,2024-07-01,DE,Germany,P07,Voice Firewall & Anti-Fraud,Actual,,,,,1468360.91,,,
Trend,2024-07-01,ES,Spain,P01,International Voice Termination,Actual,,,,,1010928.9,,,
Trend,2024-07-01,ES,Spain,P02,A2P Messaging,Actual,,,,,9061168.35,,,
Trend,2024-07-01,ES,Spain,P03,IPX Roaming & Signalling,Actual,,,,,4240127.74,,,
Trend,2024-07-01,ES,Spain,P04,IP Transit,Actual,,,,,1944808.17,,,
Trend,2024-07-01,ES,Spain,P05,Ethernet & Capacity Services,Actual,,,,,5906469.18,,,
Trend,2024-07-01,ES,Spain,P06,Cloud Connect,Actual,,,,,1998145.63,,,
Trend,2024-07-01,ES,Spain,P07,Voice Firewall & Anti-Fraud,Actual,,,,,1804451.32,,,
Trend,2024-07-01,FR,France,P01,International Voice Termination,Actual,,,,,1926694.19,,,
Trend,2024-07-01,FR,France,P02,A2P Messaging,Actual,,,,,10719288.23,,,
Trend,2024-07-01,FR,France,P03,IPX Roaming & Signalling,Actual,,,,,15093040.28,,,
Trend,2024-07-01,FR,France,P04,IP Transit,Actual,,,,,1135434.76,,,
Trend,2024-07-01,FR,France,P05,Ethernet & Capacity Services,Actual,,,,,3333113.84,,,
Trend,2024-07-01,FR,France,P06,Cloud Connect,Actual,,,,,2000417.3,,,
Trend,2024-07-01,FR,France,P07,Voice Firewall & Anti-Fraud,Actual,,,,,3639651.2,,,
Trend,2024-07-01,GR,Greece,P01,International Voice Termination,Actual,,,,,931866.1,,,
Trend,2024-07-01,GR,Greece,P02,A2P Messaging,Actual,,,,,2287944.62,,,
Trend,2024-07-01,GR,Greece,P03,IPX Roaming & Signalling,Actual,,,,,2360969.39,,,
Trend,2024-07-01,GR,Greece,P04,IP Transit,Actual,,,,,355873.71,,,
Trend,2024-07-01,GR,Greece,P05,Ethernet & Capacity Services,Actual,,,,,1130617.35,,,
Trend,2024-07-01,GR,Greece,P07,Voice Firewall & Anti-Fraud,Actual,,,,,755734.17,,,
Trend,2024-07-01,HR,Croatia,P05,Ethernet & Capacity Services,Actual,,,,,179939.55,,,
Trend,2024-07-01,HR,Croatia,P06,Cloud Connect,Actual,,,,,98662.27,,,
Trend,2024-07-01,HU,Hungary,P01,International Voice Termination,Actual,,,,,1460113.17,,,
Trend,2024-07-01,HU,Hungary,P02,A2P Messaging,Actual,,,,,1747926.36,,,
Trend,2024-07-01,HU,Hungary,P03,IPX Roaming & Signalling,Actual,,,,,2602373.59,,,
Trend,2024-07-01,HU,Hungary,P04,IP Transit,Actual,,,,,521583.88,,,
Trend,2024-07-01,HU,Hungary,P05,Ethernet & Capacity Services,Actual,,,,,1041445.48,,,
Trend,2024-07-01,HU,Hungary,P06,Cloud Connect,Actual,,,,,527783.67,,,
Trend,2024-07-01,HU,Hungary,P07,Voice Firewall & Anti-Fraud,Actual,,,,,721126.09,,,
Trend,2024-07-01,IT,Italy,P01,International Voice Termination,Actual,,,,,184065.73,,,
Trend,2024-07-01,IT,Italy,P02,A2P Messaging,Actual,,,,,3110266.82,,,
Trend,2024-07-01,IT,Italy,P03,IPX Roaming & Signalling,Actual,,,,,1447981.07,,,
Trend,2024-07-01,IT,Italy,P04,IP Transit,Actual,,,,,1125373.89,,,
Trend,2024-07-01,IT,Italy,P05,Ethernet & Capacity Services,Actual,,,,,5569233.42,,,
Trend,2024-07-01,IT,Italy,P06,Cloud Connect,Actual,,,,,2109261.04,,,
Trend,2024-07-01,IT,Italy,P07,Voice Firewall & Anti-Fraud,Actual,,,,,368084.68,,,
Trend,2024-07-01,NL,Netherlands,P01,International Voice Termination,Actual,,,,,2378685.97,,,
Trend,2024-07-01,NL,Netherlands,P02,A2P Messaging,Actual,,,,,6678087.29,,,
Trend,2024-07-01,NL,Netherlands,P03,IPX Roaming & Signalling,Actual,,,,,7580443.04,,,
Trend,2024-07-01,NL,Netherlands,P04,IP Transit,Actual,,,,,1233428.22,,,
Trend,2024-07-01,NL,Netherlands,P05,Ethernet & Capacity Services,Actual,,,,,2231259.46,,,
Trend,2024-07-01,NL,Netherlands,P06,Cloud Connect,Actual,,,,,93244.77,,,
Trend,2024-07-01,NL,Netherlands,P07,Voice Firewall & Anti-Fraud,Actual,,,,,1910368.74,,,
Trend,2024-07-01,PL,Poland,P01,International Voice Termination,Actual,,,,,2101990.45,,,
Trend,2024-07-01,PL,Poland,P02,A2P Messaging,Actual,,,,,2687982.36,,,
Trend,2024-07-01,PL,Poland,P03,IPX Roaming & Signalling,Actual,,,,,5112145.65,,,
Trend,2024-07-01,PL,Poland,P04,IP Transit,Actual,,,,,1254997.75,,,
Trend,2024-07-01,PL,Poland,P05,Ethernet & Capacity Services,Actual,,,,,3124608.17,,,
Trend,2024-07-01,PL,Poland,P06,Cloud Connect,Actual,,,,,67769.61,,,
Trend,2024-07-01,PL,Poland,P07,Voice Firewall & Anti-Fraud,Actual,,,,,805817.79,,,
Trend,2024-07-01,RO,Romania,P03,IPX Roaming & Signalling,Actual,,,,,1267835.62,,,
Trend,2024-07-01,RO,Romania,P05,Ethernet & Capacity Services,Actual,,,,,1161379.62,,,
Trend,2024-07-01,RO,Romania,P07,Voice Firewall & Anti-Fraud,Actual,,,,,88566.16,,,
Trend,2024-07-01,SK,Slovakia,P01,International Voice Termination,Actual,,,,,376582.45,,,
Trend,2024-07-01,SK,Slovakia,P02,A2P Messaging,Actual,,,,,2195372.11,,,
Trend,2024-07-01,SK,Slovakia,P03,IPX Roaming & Signalling,Actual,,,,,1175903.95,,,
Trend,2024-07-01,SK,Slovakia,P05,Ethernet & Capacity Services,Actual,,,,,318970.38,,,
Trend,2024-08-01,AT,Austria,P01,International Voice Termination,Actual,,,,,664039.63,,,
Trend,2024-08-01,AT,Austria,P02,A2P Messaging,Actual,,,,,2901226.77,,,
Trend,2024-08-01,AT,Austria,P03,IPX Roaming & Signalling,Actual,,,,,1983219.34,,,
Trend,2024-08-01,AT,Austria,P04,IP Transit,Actual,,,,,674969.49,,,
Trend,2024-08-01,AT,Austria,P05,Ethernet & Capacity Services,Actual,,,,,1110447.41,,,
Trend,2024-08-01,AT,Austria,P07,Voice Firewall & Anti-Fraud,Actual,,,,,672489.38,,,
Trend,2024-08-01,CZ,Czechia,P03,IPX Roaming & Signalling,Actual,,,,,175734.69,,,
Trend,2024-08-01,CZ,Czechia,P04,IP Transit,Actual,,,,,137456.43,,,
Trend,2024-08-01,CZ,Czechia,P05,Ethernet & Capacity Services,Actual,,,,,1375611.48,,,
Trend,2024-08-01,CZ,Czechia,P06,Cloud Connect,Actual,,,,,147268.19,,,
Trend,2024-08-01,CZ,Czechia,P07,Voice Firewall & Anti-Fraud,Actual,,,,,37193.0,,,
Trend,2024-08-01,DE,Germany,P01,International Voice Termination,Actual,,,,,3541983.56,,,
Trend,2024-08-01,DE,Germany,P02,A2P Messaging,Actual,,,,,4650339.06,,,
Trend,2024-08-01,DE,Germany,P03,IPX Roaming & Signalling,Actual,,,,,8828567.24,,,
Trend,2024-08-01,DE,Germany,P04,IP Transit,Actual,,,,,4537025.72,,,
Trend,2024-08-01,DE,Germany,P05,Ethernet & Capacity Services,Actual,,,,,7217773.32,,,
Trend,2024-08-01,DE,Germany,P06,Cloud Connect,Actual,,,,,4410291.29,,,
Trend,2024-08-01,DE,Germany,P07,Voice Firewall & Anti-Fraud,Actual,,,,,1461236.65,,,
Trend,2024-08-01,ES,Spain,P01,International Voice Termination,Actual,,,,,1096717.09,,,
Trend,2024-08-01,ES,Spain,P02,A2P Messaging,Actual,,,,,9723966.44,,,
Trend,2024-08-01,ES,Spain,P03,IPX Roaming & Signalling,Actual,,,,,4553921.03,,,
Trend,2024-08-01,ES,Spain,P04,IP Transit,Actual,,,,,1881754.31,,,
Trend,2024-08-01,ES,Spain,P05,Ethernet & Capacity Services,Actual,,,,,5716678.67,,,
Trend,2024-08-01,ES,Spain,P06,Cloud Connect,Actual,,,,,1986838.71,,,
Trend,2024-08-01,ES,Spain,P07,Voice Firewall & Anti-Fraud,Actual,,,,,1868758.08,,,
Trend,2024-08-01,FR,France,P01,International Voice Termination,Actual,,,,,1869657.16,,,
Trend,2024-08-01,FR,France,P02,A2P Messaging,Actual,,,,,10762927.28,,,
Trend,2024-08-01,FR,France,P03,IPX Roaming & Signalling,Actual,,,,,14735595.19,,,
Trend,2024-08-01,FR,France,P04,IP Transit,Actual,,,,,1131441.48,,,
Trend,2024-08-01,FR,France,P05,Ethernet & Capacity Services,Actual,,,,,3345909.47,,,
Trend,2024-08-01,FR,France,P06,Cloud Connect,Actual,,,,,1987423.45,,,
Trend,2024-08-01,FR,France,P07,Voice Firewall & Anti-Fraud,Actual,,,,,3743398.12,,,
Trend,2024-08-01,GR,Greece,P01,International Voice Termination,Actual,,,,,931158.43,,,
Trend,2024-08-01,GR,Greece,P02,A2P Messaging,Actual,,,,,2097526.39,,,
Trend,2024-08-01,GR,Greece,P03,IPX Roaming & Signalling,Actual,,,,,2344424.8,,,
Trend,2024-08-01,GR,Greece,P04,IP Transit,Actual,,,,,418376.76,,,
Trend,2024-08-01,GR,Greece,P05,Ethernet & Capacity Services,Actual,,,,,1169470.37,,,
Trend,2024-08-01,GR,Greece,P07,Voice Firewall & Anti-Fraud,Actual,,,,,812488.87,,,
Trend,2024-08-01,HR,Croatia,P05,Ethernet & Capacity Services,Actual,,,,,159202.51,,,
Trend,2024-08-01,HR,Croatia,P06,Cloud Connect,Actual,,,,,101764.42,,,
Trend,2024-08-01,HU,Hungary,P01,International Voice Termination,Actual,,,,,1400970.64,,,
Trend,2024-08-01,HU,Hungary,P02,A2P Messaging,Actual,,,,,1692385.03,,,
Trend,2024-08-01,HU,Hungary,P03,IPX Roaming & Signalling,Actual,,,,,2516784.07,,,
Trend,2024-08-01,HU,Hungary,P04,IP Transit,Actual,,,,,525923.99,,,
Trend,2024-08-01,HU,Hungary,P05,Ethernet & Capacity Services,Actual,,,,,1000096.52,,,
Trend,2024-08-01,HU,Hungary,P06,Cloud Connect,Actual,,,,,498358.38,,,
Trend,2024-08-01,HU,Hungary,P07,Voice Firewall & Anti-Fraud,Actual,,,,,784014.29,,,
Trend,2024-08-01,IT,Italy,P01,International Voice Termination,Actual,,,,,178149.59,,,
Trend,2024-08-01,IT,Italy,P02,A2P Messaging,Actual,,,,,2935988.23,,,
Trend,2024-08-01,IT,Italy,P03,IPX Roaming & Signalling,Actual,,,,,1344270.21,,,
Trend,2024-08-01,IT,Italy,P04,IP Transit,Actual,,,,,1147156.4,,,
Trend,2024-08-01,IT,Italy,P05,Ethernet & Capacity Services,Actual,,,,,5838733.16,,,
Trend,2024-08-01,IT,Italy,P06,Cloud Connect,Actual,,,,,2097888.69,,,
Trend,2024-08-01,IT,Italy,P07,Voice Firewall & Anti-Fraud,Actual,,,,,378922.29,,,
Trend,2024-08-01,NL,Netherlands,P01,International Voice Termination,Actual,,,,,2408540.72,,,
Trend,2024-08-01,NL,Netherlands,P02,A2P Messaging,Actual,,,,,6721584.09,,,
Trend,2024-08-01,NL,Netherlands,P03,IPX Roaming & Signalling,Actual,,,,,7585355.14,,,
Trend,2024-08-01,NL,Netherlands,P04,IP Transit,Actual,,,,,1241427.0,,,
Trend,2024-08-01,NL,Netherlands,P05,Ethernet & Capacity Services,Actual,,,,,2190459.94,,,
Trend,2024-08-01,NL,Netherlands,P06,Cloud Connect,Actual,,,,,96990.13,,,
Trend,2024-08-01,NL,Netherlands,P07,Voice Firewall & Anti-Fraud,Actual,,,,,1810716.99,,,
Trend,2024-08-01,PL,Poland,P01,International Voice Termination,Actual,,,,,2043145.24,,,
Trend,2024-08-01,PL,Poland,P02,A2P Messaging,Actual,,,,,2765283.31,,,
Trend,2024-08-01,PL,Poland,P03,IPX Roaming & Signalling,Actual,,,,,5356346.63,,,
Trend,2024-08-01,PL,Poland,P04,IP Transit,Actual,,,,,1160653.69,,,
Trend,2024-08-01,PL,Poland,P05,Ethernet & Capacity Services,Actual,,,,,3208285.18,,,
Trend,2024-08-01,PL,Poland,P06,Cloud Connect,Actual,,,,,69978.85,,,
Trend,2024-08-01,PL,Poland,P07,Voice Firewall & Anti-Fraud,Actual,,,,,756984.3,,,
Trend,2024-08-01,RO,Romania,P03,IPX Roaming & Signalling,Actual,,,,,1198353.63,,,
Trend,2024-08-01,RO,Romania,P05,Ethernet & Capacity Services,Actual,,,,,1153267.9,,,
Trend,2024-08-01,RO,Romania,P07,Voice Firewall & Anti-Fraud,Actual,,,,,91121.65,,,
Trend,2024-08-01,SK,Slovakia,P01,International Voice Termination,Actual,,,,,341365.48,,,
Trend,2024-08-01,SK,Slovakia,P02,A2P Messaging,Actual,,,,,2109753.61,,,
Trend,2024-08-01,SK,Slovakia,P03,IPX Roaming & Signalling,Actual,,,,,1277530.77,,,
Trend,2024-08-01,SK,Slovakia,P05,Ethernet & Capacity Services,Actual,,,,,372208.51,,,
Trend,2024-09-01,AT,Austria,P01,International Voice Termination,Actual,,,,,686457.86,,,
Trend,2024-09-01,AT,Austria,P02,A2P Messaging,Actual,,,,,3230815.76,,,
Trend,2024-09-01,AT,Austria,P03,IPX Roaming & Signalling,Actual,,,,,1504029.11,,,
Trend,2024-09-01,AT,Austria,P04,IP Transit,Actual,,,,,644890.04,,,
Trend,2024-09-01,AT,Austria,P05,Ethernet & Capacity Services,Actual,,,,,1077958.29,,,
Trend,2024-09-01,AT,Austria,P07,Voice Firewall & Anti-Fraud,Actual,,,,,671951.06,,,
Trend,2024-09-01,CZ,Czechia,P03,IPX Roaming & Signalling,Actual,,,,,126352.69,,,
Trend,2024-09-01,CZ,Czechia,P04,IP Transit,Actual,,,,,140766.29,,,
Trend,2024-09-01,CZ,Czechia,P05,Ethernet & Capacity Services,Actual,,,,,1446353.58,,,
Trend,2024-09-01,CZ,Czechia,P06,Cloud Connect,Actual,,,,,140878.71,,,
Trend,2024-09-01,CZ,Czechia,P07,Voice Firewall & Anti-Fraud,Actual,,,,,38360.29,,,
Trend,2024-09-01,DE,Germany,P01,International Voice Termination,Actual,,,,,3514849.54,,,
Trend,2024-09-01,DE,Germany,P02,A2P Messaging,Actual,,,,,5080125.23,,,
Trend,2024-09-01,DE,Germany,P03,IPX Roaming & Signalling,Actual,,,,,6619454.66,,,
Trend,2024-09-01,DE,Germany,P04,IP Transit,Actual,,,,,4751192.51,,,
Trend,2024-09-01,DE,Germany,P05,Ethernet & Capacity Services,Actual,,,,,7205670.61,,,
Trend,2024-09-01,DE,Germany,P06,Cloud Connect,Actual,,,,,4812505.33,,,
Trend,2024-09-01,DE,Germany,P07,Voice Firewall & Anti-Fraud,Actual,,,,,1497671.51,,,
Trend,2024-09-01,ES,Spain,P01,International Voice Termination,Actual,,,,,1165516.82,,,
Trend,2024-09-01,ES,Spain,P02,A2P Messaging,Actual,,,,,10387298.09,,,
Trend,2024-09-01,ES,Spain,P03,IPX Roaming & Signalling,Actual,,,,,3649582.58,,,
Trend,2024-09-01,ES,Spain,P04,IP Transit,Actual,,,,,2137634.35,,,
Trend,2024-09-01,ES,Spain,P05,Ethernet & Capacity Services,Actual,,,,,6135774.09,,,
Trend,2024-09-01,ES,Spain,P06,Cloud Connect,Actual,,,,,1924156.65,,,
Trend,2024-09-01,ES,Spain,P07,Voice Firewall & Anti-Fraud,Actual,,,,,1932055.16,,,
Trend,2024-09-01,FR,France,P01,International Voice Termination,Actual,,,,,1909195.43,,,
Trend,2024-09-01,FR,France,P02,A2P Messaging,Actual,,,,,12200419.77,,,
Trend,2024-09-01,FR,France,P03,IPX Roaming & Signalling,Actual,,,,,11088826.67,,,
Trend,2024-09-01,FR,France,P04,IP Transit,Actual,,,,,1200521.58,,,
Trend,2024-09-01,FR,France,P05,Ethernet & Capacity Services,Actual,,,,,3610571.97,,,
Trend,2024-09-01,FR,France,P06,Cloud Connect,Actual,,,,,2056174.44,,,
Trend,2024-09-01,FR,France,P07,Voice Firewall & Anti-Fraud,Actual,,,,,3907233.14,,,
Trend,2024-09-01,GR,Greece,P01,International Voice Termination,Actual,,,,,911270.59,,,
Trend,2024-09-01,GR,Greece,P02,A2P Messaging,Actual,,,,,2285331.6,,,
Trend,2024-09-01,GR,Greece,P03,IPX Roaming & Signalling,Actual,,,,,1749558.51,,,
Trend,2024-09-01,GR,Greece,P04,IP Transit,Actual,,,,,405098.29,,,
Trend,2024-09-01,GR,Greece,P05,Ethernet & Capacity Services,Actual,,,,,1075776.78,,,
Trend,2024-09-01,GR,Greece,P07,Voice Firewall & Anti-Fraud,Actual,,,,,814822.36,,,
Trend,2024-09-01,HR,Croatia,P05,Ethernet & Capacity Services,Actual,,,,,187083.51,,,
Trend,2024-09-01,HR,Croatia,P06,Cloud Connect,Actual,,,,,98254.77,,,
Trend,2024-09-01,HU,Hungary,P01,International Voice Termination,Actual,,,,,1338886.6,,,
Trend,2024-09-01,HU,Hungary,P02,A2P Messaging,Actual,,,,,2077056.18,,,
Trend,2024-09-01,HU,Hungary,P03,IPX Roaming & Signalling,Actual,,,,,1921832.35,,,
Trend,2024-09-01,HU,Hungary,P04,IP Transit,Actual,,,,,521834.88,,,
Trend,2024-09-01,HU,Hungary,P05,Ethernet & Capacity Services,Actual,,,,,1043011.54,,,
Trend,2024-09-01,HU,Hungary,P06,Cloud Connect,Actual,,,,,516310.04,,,
Trend,2024-09-01,HU,Hungary,P07,Voice Firewall & Anti-Fraud,Actual,,,,,747948.19,,,
Trend,2024-09-01,IT,Italy,P01,International Voice Termination,Actual,,,,,159219.98,,,
Trend,2024-09-01,IT,Italy,P02,A2P Messaging,Actual,,,,,3209448.28,,,
Trend,2024-09-01,IT,Italy,P03,IPX Roaming & Signalling,Actual,,,,,1006451.46,,,
Trend,2024-09-01,IT,Italy,P04,IP Transit,Actual,,,,,1211849.8,,,
Trend,2024-09-01,IT,Italy,P05,Ethernet & Capacity Services,Actual,,,,,5797828.87,,,
Trend,2024-09-01,IT,Italy,P06,Cloud Connect,Actual,,,,,2157788.69,,,
Trend,2024-09-01,IT,Italy,P07,Voice Firewall & Anti-Fraud,Actual,,,,,382214.03,,,
Trend,2024-09-01,NL,Netherlands,P01,International Voice Termination,Actual,,,,,2447051.99,,,
Trend,2024-09-01,NL,Netherlands,P02,A2P Messaging,Actual,,,,,7373117.73,,,
Trend,2024-09-01,NL,Netherlands,P03,IPX Roaming & Signalling,Actual,,,,,5781385.15,,,
Trend,2024-09-01,NL,Netherlands,P04,IP Transit,Actual,,,,,1248306.69,,,
Trend,2024-09-01,NL,Netherlands,P05,Ethernet & Capacity Services,Actual,,,,,2308929.37,,,
Trend,2024-09-01,NL,Netherlands,P06,Cloud Connect,Actual,,,,,109811.69,,,
Trend,2024-09-01,NL,Netherlands,P07,Voice Firewall & Anti-Fraud,Actual,,,,,1813860.75,,,
Trend,2024-09-01,PL,Poland,P01,International Voice Termination,Actual,,,,,2083117.94,,,
Trend,2024-09-01,PL,Poland,P02,A2P Messaging,Actual,,,,,2793162.73,,,
Trend,2024-09-01,PL,Poland,P03,IPX Roaming & Signalling,Actual,,,,,3981518.22,,,
Trend,2024-09-01,PL,Poland,P04,IP Transit,Actual,,,,,1226266.31,,,
Trend,2024-09-01,PL,Poland,P05,Ethernet & Capacity Services,Actual,,,,,3138716.19,,,
Trend,2024-09-01,PL,Poland,P06,Cloud Connect,Actual,,,,,64079.15,,,
Trend,2024-09-01,PL,Poland,P07,Voice Firewall & Anti-Fraud,Actual,,,,,832074.73,,,
Trend,2024-09-01,RO,Romania,P03,IPX Roaming & Signalling,Actual,,,,,932211.99,,,
Trend,2024-09-01,RO,Romania,P05,Ethernet & Capacity Services,Actual,,,,,1224527.44,,,
Trend,2024-09-01,RO,Romania,P07,Voice Firewall & Anti-Fraud,Actual,,,,,88878.01,,,
Trend,2024-09-01,SK,Slovakia,P01,International Voice Termination,Actual,,,,,346921.19,,,
Trend,2024-09-01,SK,Slovakia,P02,A2P Messaging,Actual,,,,,2370362.67,,,
Trend,2024-09-01,SK,Slovakia,P03,IPX Roaming & Signalling,Actual,,,,,962367.96,,,
Trend,2024-09-01,SK,Slovakia,P05,Ethernet & Capacity Services,Actual,,,,,365185.26,,,
Trend,2024-10-01,AT,Austria,P01,International Voice Termination,Actual,,,,,695181.52,,,
Trend,2024-10-01,AT,Austria,P02,A2P Messaging,Actual,,,,,3414960.46,,,
Trend,2024-10-01,AT,Austria,P03,IPX Roaming & Signalling,Actual,,,,,1299207.07,,,
Trend,2024-10-01,AT,Austria,P04,IP Transit,Actual,,,,,639935.18,,,
Trend,2024-10-01,AT,Austria,P05,Ethernet & Capacity Services,Actual,,,,,1159806.42,,,
Trend,2024-10-01,AT,Austria,P07,Voice Firewall & Anti-Fraud,Actual,,,,,656534.41,,,
Trend,2024-10-01,CZ,Czechia,P03,IPX Roaming & Signalling,Actual,,,,,109023.93,,,
Trend,2024-10-01,CZ,Czechia,P04,IP Transit,Actual,,,,,145523.03,,,
Trend,2024-10-01,CZ,Czechia,P05,Ethernet & Capacity Services,Actual,,,,,1449133.86,,,
Trend,2024-10-01,CZ,Czechia,P06,Cloud Connect,Actual,,,,,150833.2,,,
Trend,2024-10-01,CZ,Czechia,P07,Voice Firewall & Anti-Fraud,Actual,,,,,42060.58,,,
Trend,2024-10-01,DE,Germany,P01,International Voice Termination,Actual,,,,,3638877.45,,,
Trend,2024-10-01,DE,Germany,P02,A2P Messaging,Actual,,,,,5561745.04,,,
Trend,2024-10-01,DE,Germany,P03,IPX Roaming & Signalling,Actual,,,,,5988417.01,,,
Trend,2024-10-01,DE,Germany,P04,IP Transit,Actual,,,,,4836328.43,,,
Trend,2024-10-01,DE,Germany,P05,Ethernet & Capacity Services,Actual,,,,,7816771.94,,,
Trend,2024-10-01,DE,Germany,P06,Cloud Connect,Actual,,,,,4835497.25,,,
Trend,2024-10-01,DE,Germany,P07,Voice Firewall & Anti-Fraud,Actual,,,,,1440475.96,,,
Trend,2024-10-01,ES,Spain,P01,International Voice Termination,Actual,,,,,1304698.42,,,
Trend,2024-10-01,ES,Spain,P02,A2P Messaging,Actual,,,,,12031376.88,,,
Trend,2024-10-01,ES,Spain,P03,IPX Roaming & Signalling,Actual,,,,,3312278.09,,,
Trend,2024-10-01,ES,Spain,P04,IP Transit,Actual,,,,,2087934.29,,,
Trend,2024-10-01,ES,Spain,P05,Ethernet & Capacity Services,Actual,,,,,6174470.29,,,
Trend,2024-10-01,ES,Spain,P06,Cloud Connect,Actual,,,,,2090129.09,,,
Trend,2024-10-01,ES,Spain,P07,Voice Firewall & Anti-Fraud,Actual,,,,,1984177.78,,,
Trend,2024-10-01,FR,France,P01,International Voice Termination,Actual,,,,,2022049.31,,,
Trend,2024-10-01,FR,France,P02,A2P Messaging,Actual,,,,,12830006.63,,,
Trend,2024-10-01,FR,France,P03,IPX Roaming & Signalling,Actual,,,,,9821827.29,,,
Trend,2024-10-01,FR,France,P04,IP Transit,Actual,,,,,1155427.44,,,
Trend,2024-10-01,FR,France,P05,Ethernet & Capacity Services,Actual,,,,,3742454.3,,,
Trend,2024-10-01,FR,France,P06,Cloud Connect,Actual,,,,,2065135.47,,,
Trend,2024-10-01,FR,France,P07,Voice Firewall & Anti-Fraud,Actual,,,,,3897656.08,,,
Trend,2024-10-01,GR,Greece,P01,International Voice Termination,Actual,,,,,973224.3,,,
Trend,2024-10-01,GR,Greece,P02,A2P Messaging,Actual,,,,,2579582.68,,,
Trend,2024-10-01,GR,Greece,P03,IPX Roaming & Signalling,Actual,,,,,1558428.9,,,
Trend,2024-10-01,GR,Greece,P04,IP Transit,Actual,,,,,505478.66,,,
Trend,2024-10-01,GR,Greece,P05,Ethernet & Capacity Services,Actual,,,,,972083.75,,,
Trend,2024-10-01,GR,Greece,P07,Voice Firewall & Anti-Fraud,Actual,,,,,867235.12,,,
Trend,2024-10-01,HR,Croatia,P05,Ethernet & Capacity Services,Actual,,,,,167505.12,,,
Trend,2024-10-01,HR,Croatia,P06,Cloud Connect,Actual,,,,,101878.55,,,
Trend,2024-10-01,HU,Hungary,P01,International Voice Termination,Actual,,,,,1389239.63,,,
Trend,2024-10-01,HU,Hungary,P02,A2P Messaging,Actual,,,,,2161110.38,,,
Trend,2024-10-01,HU,Hungary,P03,IPX Roaming & Signalling,Actual,,,,,1504051.17,,,
Trend,2024-10-01,HU,Hungary,P04,IP Transit,Actual,,,,,498161.73,,,
Trend,2024-10-01,HU,Hungary,P05,Ethernet & Capacity Services,Actual,,,,,1035931.89,,,
Trend,2024-10-01,HU,Hungary,P06,Cloud Connect,Actual,,,,,556162.44,,,
Trend,2024-10-01,HU,Hungary,P07,Voice Firewall & Anti-Fraud,Actual,,,,,756965.45,,,
Trend,2024-10-01,IT,Italy,P01,International Voice Termination,Actual,,,,,170908.76,,,
Trend,2024-10-01,IT,Italy,P02,A2P Messaging,Actual,,,,,3638636.87,,,
Trend,2024-10-01,IT,Italy,P03,IPX Roaming & Signalling,Actual,,,,,956228.78,,,
Trend,2024-10-01,IT,Italy,P04,IP Transit,Actual,,,,,1239901.75,,,
Trend,2024-10-01,IT,Italy,P05,Ethernet & Capacity Services,Actual,,,,,5884075.05,,,
Trend,2024-10-01,IT,Italy,P06,Cloud Connect,Actual,,,,,2107026.89,,,
Trend,2024-10-01,IT,Italy,P07,Voice Firewall & Anti-Fraud,Actual,,,,,397740.9,,,
Trend,2024-10-01,NL,Netherlands,P01,International Voice Termination,Actual,,,,,2261260.31,,,
Trend,2024-10-01,NL,Netherlands,P02,A2P Messaging,Actual,,,,,8121601.54,,,
Trend,2024-10-01,NL,Netherlands,P03,IPX Roaming & Signalling,Actual,,,,,4928737.41,,,
Trend,2024-10-01,NL,Netherlands,P04,IP Transit,Actual,,,,,1281059.48,,,
Trend,2024-10-01,NL,Netherlands,P05,Ethernet & Capacity Services,Actual,,,,,2378631.2,,,
Trend,2024-10-01,NL,Netherlands,P06,Cloud Connect,Actual,,,,,107973.85,,,
Trend,2024-10-01,NL,Netherlands,P07,Voice Firewall & Anti-Fraud,Actual,,,,,1859109.93,,,
Trend,2024-10-01,PL,Poland,P01,International Voice Termination,Actual,,,,,2092895.24,,,
Trend,2024-10-01,PL,Poland,P02,A2P Messaging,Actual,,,,,3272768.79,,,
Trend,2024-10-01,PL,Poland,P03,IPX Roaming & Signalling,Actual,,,,,3469654.82,,,
Trend,2024-10-01,PL,Poland,P04,IP Transit,Actual,,,,,1229452.38,,,
Trend,2024-10-01,PL,Poland,P05,Ethernet & Capacity Services,Actual,,,,,3342434.2,,,
Trend,2024-10-01,PL,Poland,P06,Cloud Connect,Actual,,,,,68548.16,,,
Trend,2024-10-01,PL,Poland,P07,Voice Firewall & Anti-Fraud,Actual,,,,,813343.68,,,
Trend,2024-10-01,RO,Romania,P03,IPX Roaming & Signalling,Actual,,,,,754873.62,,,
Trend,2024-10-01,RO,Romania,P05,Ethernet & Capacity Services,Actual,,,,,1187891.61,,,
Trend,2024-10-01,RO,Romania,P07,Voice Firewall & Anti-Fraud,Actual,,,,,94065.24,,,
Trend,2024-10-01,SK,Slovakia,P01,International Voice Termination,Actual,,,,,373197.01,,,
Trend,2024-10-01,SK,Slovakia,P02,A2P Messaging,Actual,,,,,2436966.45,,,
Trend,2024-10-01,SK,Slovakia,P03,IPX Roaming & Signalling,Actual,,,,,793134.68,,,
Trend,2024-10-01,SK,Slovakia,P05,Ethernet & Capacity Services,Actual,,,,,334296.41,,,
Trend,2024-11-01,AT,Austria,P01,International Voice Termination,Actual,,,,,694945.45,,,
Trend,2024-11-01,AT,Austria,P02,A2P Messaging,Actual,,,,,4345834.61,,,
Trend,2024-11-01,AT,Austria,P03,IPX Roaming & Signalling,Actual,,,,,1242498.71,,,
Trend,2024-11-01,AT,Austria,P04,IP Transit,Actual,,,,,669617.97,,,
Trend,2024-11-01,AT,Austria,P05,Ethernet & Capacity Services,Actual,,,,,1170470.98,,,
Trend,2024-11-01,AT,Austria,P07,Voice Firewall & Anti-Fraud,Actual,,,,,704743.29,,,
Trend,2024-11-01,CZ,Czechia,P03,IPX Roaming & Signalling,Actual,,,,,91505.48,,,
Trend,2024-11-01,CZ,Czechia,P04,IP Transit,Actual,,,,,152238.8,,,
Trend,2024-11-01,CZ,Czechia,P05,Ethernet & Capacity Services,Actual,,,,,1456823.31,,,
Trend,2024-11-01,CZ,Czechia,P06,Cloud Connect,Actual,,,,,163205.54,,,
Trend,2024-11-01,CZ,Czechia,P07,Voice Firewall & Anti-Fraud,Actual,,,,,41176.27,,,
Trend,2024-11-01,DE,Germany,P01,International Voice Termination,Actual,,,,,3511079.62,,,
Trend,2024-11-01,DE,Germany,P02,A2P Messaging,Actual,,,,,7121126.72,,,
Trend,2024-11-01,DE,Germany,P03,IPX Roaming & Signalling,Actual,,,,,5130479.81,,,
Trend,2024-11-01,DE,Germany,P04,IP Transit,Actual,,,,,5092523.41,,,
Trend,2024-11-01,DE,Germany,P05,Ethernet & Capacity Services,Actual,,,,,7413382.86,,,
Trend,2024-11-01,DE,Germany,P06,Cloud Connect,Actual,,,,,4891974.11,,,
Trend,2024-11-01,DE,Germany,P07,Voice Firewall & Anti-Fraud,Actual,,,,,1533299.09,,,
Trend,2024-11-01,ES,Spain,P01,International Voice Termination,Actual,,,,,1293180.78,,,
Trend,2024-11-01,ES,Spain,P02,A2P Messaging,Actual,,,,,14644256.68,,,
Trend,2024-11-01,ES,Spain,P03,IPX Roaming & Signalling,Actual,,,,,3111720.09,,,
Trend,2024-11-01,ES,Spain,P04,IP Transit,Actual,,,,,2237724.75,,,
Trend,2024-11-01,ES,Spain,P05,Ethernet & Capacity Services,Actual,,,,,5831615.14,,,
Trend,2024-11-01,ES,Spain,P06,Cloud Connect,Actual,,,,,2277395.68,,,
Trend,2024-11-01,ES,Spain,P07,Voice Firewall & Anti-Fraud,Actual,,,,,2065094.59,,,
Trend,2024-11-01,FR,France,P01,International Voice Termination,Actual,,,,,2024956.44,,,
Trend,2024-11-01,FR,France,P02,A2P Messaging,Actual,,,,,15747132.29,,,
Trend,2024-11-01,FR,France,P03,IPX Roaming & Signalling,Actual,,,,,8701109.91,,,
Trend,2024-11-01,FR,France,P04,IP Transit,Actual,,,,,1264326.5,,,
Trend,2024-11-01,FR,France,P05,Ethernet & Capacity Services,Actual,,,,,3824900.79,,,
Trend,2024-11-01,FR,France,P06,Cloud Connect,Actual,,,,,2181778.94,,,
Trend,2024-11-01,FR,France,P07,Voice Firewall & Anti-Fraud,Actual,,,,,4080703.73,,,
Trend,2024-11-01,GR,Greece,P01,International Voice Termination,Actual,,,,,867674.63,,,
Trend,2024-11-01,GR,Greece,P02,A2P Messaging,Actual,,,,,2782577.9,,,
Trend,2024-11-01,GR,Greece,P03,IPX Roaming & Signalling,Actual,,,,,1396060.92,,,
Trend,2024-11-01,GR,Greece,P04,IP Transit,Actual,,,,,416010.7,,,
Trend,2024-11-01,GR,Greece,P05,Ethernet & Capacity Services,Actual,,,,,821016.41,,,
Trend,2024-11-01,GR,Greece,P07,Voice Firewall & Anti-Fraud,Actual,,,,,809985.13,,,
Trend,2024-11-01,HR,Croatia,P05,Ethernet & Capacity Services,Actual,,,,,169757.19,,,
Trend,2024-11-01,HR,Croatia,P06,Cloud Connect,Actual,,,,,99262.8,,,
Trend,2024-11-01,HU,Hungary,P01,International Voice Termination,Actual,,,,,1424733.16,,,
Trend,2024-11-01,HU,Hungary,P02,A2P Messaging,Actual,,,,,2563462.79,,,
Trend,2024-11-01,HU,Hungary,P03,IPX Roaming & Signalling,Actual,,,,,1390034.41,,,
Trend,2024-11-01,HU,Hungary,P04,IP Transit,Actual,,,,,519895.15,,,
Trend,2024-11-01,HU,Hungary,P05,Ethernet & Capacity Services,Actual,,,,,1072378.46,,,
Trend,2024-11-01,HU,Hungary,P06,Cloud Connect,Actual,,,,,589231.4,,,
Trend,2024-11-01,HU,Hungary,P07,Voice Firewall & Anti-Fraud,Actual,,,,,785290.86,,,
Trend,2024-11-01,IT,Italy,P01,International Voice Termination,Actual,,,,,162472.87,,,
Trend,2024-11-01,IT,Italy,P02,A2P Messaging,Actual,,,,,4355118.33,,,
Trend,2024-11-01,IT,Italy,P03,IPX Roaming & Signalling,Actual,,,,,820013.06,,,
Trend,2024-11-01,IT,Italy,P04,IP Transit,Actual,,,,,1250812.46,,,
Trend,2024-11-01,IT,Italy,P05,Ethernet & Capacity Services,Actual,,,,,5853764.94,,,
Trend,2024-11-01,IT,Italy,P06,Cloud Connect,Actual,,,,,2118421.07,,,
Trend,2024-11-01,IT,Italy,P07,Voice Firewall & Anti-Fraud,Actual,,,,,419950.49,,,
Trend,2024-11-01,NL,Netherlands,P01,International Voice Termination,Actual,,,,,2250303.9,,,
Trend,2024-11-01,NL,Netherlands,P02,A2P Messaging,Actual,,,,,10061166.24,,,
Trend,2024-11-01,NL,Netherlands,P03,IPX Roaming & Signalling,Actual,,,,,4402383.98,,,
Trend,2024-11-01,NL,Netherlands,P04,IP Transit,Actual,,,,,1268349.79,,,
Trend,2024-11-01,NL,Netherlands,P05,Ethernet & Capacity Services,Actual,,,,,2197146.57,,,
Trend,2024-11-01,NL,Netherlands,P06,Cloud Connect,Actual,,,,,114702.39,,,
Trend,2024-11-01,NL,Netherlands,P07,Voice Firewall & Anti-Fraud,Actual,,,,,1925775.06,,,
Trend,2024-11-01,PL,Poland,P01,International Voice Termination,Actual,,,,,2014754.75,,,
Trend,2024-11-01,PL,Poland,P02,A2P Messaging,Actual,,,,,4024980.26,,,
Trend,2024-11-01,PL,Poland,P03,IPX Roaming & Signalling,Actual,,,,,2913680.22,,,
Trend,2024-11-01,PL,Poland,P04,IP Transit,Actual,,,,,1175655.07,,,
Trend,2024-11-01,PL,Poland,P05,Ethernet & Capacity Services,Actual,,,,,3348360.01,,,
Trend,2024-11-01,PL,Poland,P06,Cloud Connect,Actual,,,,,70519.43,,,
Trend,2024-11-01,PL,Poland,P07,Voice Firewall & Anti-Fraud,Actual,,,,,813306.69,,,
Trend,2024-11-01,RO,Romania,P03,IPX Roaming & Signalling,Actual,,,,,689961.68,,,
Trend,2024-11-01,RO,Romania,P05,Ethernet & Capacity Services,Actual,,,,,1260500.28,,,
Trend,2024-11-01,RO,Romania,P07,Voice Firewall & Anti-Fraud,Actual,,,,,99821.44,,,
Trend,2024-11-01,SK,Slovakia,P01,International Voice Termination,Actual,,,,,336679.6,,,
Trend,2024-11-01,SK,Slovakia,P02,A2P Messaging,Actual,,,,,3128825.21,,,
Trend,2024-11-01,SK,Slovakia,P03,IPX Roaming & Signalling,Actual,,,,,677044.26,,,
Trend,2024-11-01,SK,Slovakia,P05,Ethernet & Capacity Services,Actual,,,,,388548.73,,,
Trend,2024-12-01,AT,Austria,P01,International Voice Termination,Actual,,,,,686017.16,,,
Trend,2024-12-01,AT,Austria,P02,A2P Messaging,Actual,,,,,4111699.4,,,
Trend,2024-12-01,AT,Austria,P03,IPX Roaming & Signalling,Actual,,,,,1283825.6,,,
Trend,2024-12-01,AT,Austria,P04,IP Transit,Actual,,,,,632537.69,,,
Trend,2024-12-01,AT,Austria,P05,Ethernet & Capacity Services,Actual,,,,,1091678.25,,,
Trend,2024-12-01,AT,Austria,P07,Voice Firewall & Anti-Fraud,Actual,,,,,717980.45,,,
Trend,2024-12-01,CZ,Czechia,P03,IPX Roaming & Signalling,Actual,,,,,111283.35,,,
Trend,2024-12-01,CZ,Czechia,P04,IP Transit,Actual,,,,,146951.09,,,
Trend,2024-12-01,CZ,Czechia,P05,Ethernet & Capacity Services,Actual,,,,,1405007.65,,,
Trend,2024-12-01,CZ,Czechia,P06,Cloud Connect,Actual,,,,,145335.17,,,
Trend,2024-12-01,CZ,Czechia,P07,Voice Firewall & Anti-Fraud,Actual,,,,,37371.55,,,
Trend,2024-12-01,DE,Germany,P01,International Voice Termination,Actual,,,,,3578593.66,,,
Trend,2024-12-01,DE,Germany,P02,A2P Messaging,Actual,,,,,6306430.56,,,
Trend,2024-12-01,DE,Germany,P03,IPX Roaming & Signalling,Actual,,,,,5714333.64,,,
Trend,2024-12-01,DE,Germany,P04,IP Transit,Actual,,,,,4852079.48,,,
Trend,2024-12-01,DE,Germany,P05,Ethernet & Capacity Services,Actual,,,,,7110661.46,,,
Trend,2024-12-01,DE,Germany,P06,Cloud Connect,Actual,,,,,4995938.24,,,
Trend,2024-12-01,DE,Germany,P07,Voice Firewall & Anti-Fraud,Actual,,,,,1518373.03,,,
Trend,2024-12-01,ES,Spain,P01,International Voice Termination,Actual,,,,,1458716.49,,,
Trend,2024-12-01,ES,Spain,P02,A2P Messaging,Actual,,,,,12763720.92,,,
Trend,2024-12-01,ES,Spain,P03,IPX Roaming & Signalling,Actual,,,,,3524036.61,,,
Trend,2024-12-01,ES,Spain,P04,IP Transit,Actual,,,,,2084449.38,,,
Trend,2024-12-01,ES,Spain,P05,Ethernet & Capacity Services,Actual,,,,,5812942.7,,,
Trend,2024-12-01,ES,Spain,P06,Cloud Connect,Actual,,,,,2142061.11,,,
Trend,2024-12-01,ES,Spain,P07,Voice Firewall & Anti-Fraud,Actual,,,,,2206232.23,,,
Trend,2024-12-01,FR,France,P01,International Voice Termination,Actual,,,,,2104180.2,,,
Trend,2024-12-01,FR,France,P02,A2P Messaging,Actual,,,,,14644868.71,,,
Trend,2024-12-01,FR,France,P03,IPX Roaming & Signalling,Actual,,,,,9895984.75,,,
Trend,2024-12-01,FR,France,P04,IP Transit,Actual,,,,,1190270.15,,,
Trend,2024-12-01,FR,France,P05,Ethernet & Capacity Services,Actual,,,,,3643607.64,,,
Trend,2024-12-01,FR,France,P06,Cloud Connect,Actual,,,,,2118129.01,,,
Trend,2024-12-01,FR,France,P07,Voice Firewall & Anti-Fraud,Actual,,,,,4124706.63,,,
Trend,2024-12-01,GR,Greece,P01,International Voice Termination,Actual,,,,,914112.16,,,
Trend,2024-12-01,GR,Greece,P02,A2P Messaging,Actual,,,,,2614752.81,,,
Trend,2024-12-01,GR,Greece,P03,IPX Roaming & Signalling,Actual,,,,,1508264.67,,,
Trend,2024-12-01,GR,Greece,P04,IP Transit,Actual,,,,,432231.92,,,
Trend,2024-12-01,GR,Greece,P05,Ethernet & Capacity Services,Actual,,,,,850182.04,,,
Trend,2024-12-01,GR,Greece,P07,Voice Firewall & Anti-Fraud,Actual,,,,,824212.2,,,
Trend,2024-12-01,HR,Croatia,P05,Ethernet & Capacity Services,Actual,,,,,168885.17,,,
Trend,2024-12-01,HR,Croatia,P06,Cloud Connect,Actual,,,,,111584.17,,,
Trend,2024-12-01,HU,Hungary,P01,International Voice Termination,Actual,,,,,1417725.52,,,
Trend,2024-12-01,HU,Hungary,P02,A2P Messaging,Actual,,,,,2416070.52,,,
Trend,2024-12-01,HU,Hungary,P03,IPX Roaming & Signalling,Actual,,,,,1637268.91,,,
Trend,2024-12-01,HU,Hungary,P04,IP Transit,Actual,,,,,490607.18,,,
Trend,2024-12-01,HU,Hungary,P05,Ethernet & Capacity Services,Actual,,,,,1034322.42,,,
Trend,2024-12-01,HU,Hungary,P06,Cloud Connect,Actual,,,,,547227.18,,,
Trend,2024-12-01,HU,Hungary,P07,Voice Firewall & Anti-Fraud,Actual,,,,,796505.76,,,
Trend,2024-12-01,IT,Italy,P01,International Voice Termination,Actual,,,,,174526.99,,,
Trend,2024-12-01,IT,Italy,P02,A2P Messaging,Actual,,,,,4071318.17,,,
Trend,2024-12-01,IT,Italy,P03,IPX Roaming & Signalling,Actual,,,,,878362.43,,,
Trend,2024-12-01,IT,Italy,P04,IP Transit,Actual,,,,,1201442.55,,,
Trend,2024-12-01,IT,Italy,P05,Ethernet & Capacity Services,Actual,,,,,5957409.65,,,
Trend,2024-12-01,IT,Italy,P06,Cloud Connect,Actual,,,,,2291289.39,,,
Trend,2024-12-01,IT,Italy,P07,Voice Firewall & Anti-Fraud,Actual,,,,,405148.81,,,
Trend,2024-12-01,NL,Netherlands,P01,International Voice Termination,Actual,,,,,2423001.63,,,
Trend,2024-12-01,NL,Netherlands,P02,A2P Messaging,Actual,,,,,9429640.44,,,
Trend,2024-12-01,NL,Netherlands,P03,IPX Roaming & Signalling,Actual,,,,,4564345.24,,,
Trend,2024-12-01,NL,Netherlands,P04,IP Transit,Actual,,,,,1319337.62,,,
Trend,2024-12-01,NL,Netherlands,P05,Ethernet & Capacity Services,Actual,,,,,2277184.27,,,
Trend,2024-12-01,NL,Netherlands,P06,Cloud Connect,Actual,,,,,109888.78,,,
Trend,2024-12-01,NL,Netherlands,P07,Voice Firewall & Anti-Fraud,Actual,,,,,1851973.2,,,
Trend,2024-12-01,PL,Poland,P01,International Voice Termination,Actual,,,,,2077095.39,,,
Trend,2024-12-01,PL,Poland,P02,A2P Messaging,Actual,,,,,3584907.46,,,
Trend,2024-12-01,PL,Poland,P03,IPX Roaming & Signalling,Actual,,,,,3297594.11,,,
Trend,2024-12-01,PL,Poland,P04,IP Transit,Actual,,,,,1205508.87,,,
Trend,2024-12-01,PL,Poland,P05,Ethernet & Capacity Services,Actual,,,,,3204614.66,,,
Trend,2024-12-01,PL,Poland,P06,Cloud Connect,Actual,,,,,71009.05,,,
Trend,2024-12-01,PL,Poland,P07,Voice Firewall & Anti-Fraud,Actual,,,,,835570.63,,,
Trend,2024-12-01,RO,Romania,P03,IPX Roaming & Signalling,Actual,,,,,681875.08,,,
Trend,2024-12-01,RO,Romania,P05,Ethernet & Capacity Services,Actual,,,,,1210278.14,,,
Trend,2024-12-01,RO,Romania,P07,Voice Firewall & Anti-Fraud,Actual,,,,,99066.76,,,
Trend,2024-12-01,SK,Slovakia,P01,International Voice Termination,Actual,,,,,358312.16,,,
Trend,2024-12-01,SK,Slovakia,P02,A2P Messaging,Actual,,,,,2873585.27,,,
Trend,2024-12-01,SK,Slovakia,P03,IPX Roaming & Signalling,Actual,,,,,721084.03,,,
Trend,2024-12-01,SK,Slovakia,P05,Ethernet & Capacity Services,Actual,,,,,362723.56,,,
Trend,2025-01-01,AT,Austria,P01,International Voice Termination,Actual,,,,,654071.2,,,
Trend,2025-01-01,AT,Austria,P02,A2P Messaging,Actual,,,,,2993128.38,,,
Trend,2025-01-01,AT,Austria,P03,IPX Roaming & Signalling,Actual,,,,,1074701.43,,,
Trend,2025-01-01,AT,Austria,P04,IP Transit,Actual,,,,,662743.6,,,
Trend,2025-01-01,AT,Austria,P05,Ethernet & Capacity Services,Actual,,,,,1154444.63,,,
Trend,2025-01-01,AT,Austria,P07,Voice Firewall & Anti-Fraud,Actual,,,,,772637.57,,,
Trend,2025-01-01,CZ,Czechia,P03,IPX Roaming & Signalling,Actual,,,,,85752.08,,,
Trend,2025-01-01,CZ,Czechia,P04,IP Transit,Actual,,,,,145659.03,,,
Trend,2025-01-01,CZ,Czechia,P05,Ethernet & Capacity Services,Actual,,,,,1404356.71,,,
Trend,2025-01-01,CZ,Czechia,P06,Cloud Connect,Actual,,,,,147287.55,,,
Trend,2025-01-01,CZ,Czechia,P07,Voice Firewall & Anti-Fraud,Actual,,,,,43521.73,,,
Trend,2025-01-01,DE,Germany,P01,International Voice Termination,Actual,,,,,2945548.76,,,
Trend,2025-01-01,DE,Germany,P02,A2P Messaging,Actual,,,,,4846484.13,,,
Trend,2025-01-01,DE,Germany,P03,IPX Roaming & Signalling,Actual,,,,,4889798.64,,,
Trend,2025-01-01,DE,Germany,P04,IP Transit,Actual,,,,,5292831.0,,,
Trend,2025-01-01,DE,Germany,P05,Ethernet & Capacity Services,Actual,,,,,7593460.24,,,
Trend,2025-01-01,DE,Germany,P06,Cloud Connect,Actual,,,,,5232116.97,,,
Trend,2025-01-01,DE,Germany,P07,Voice Firewall & Anti-Fraud,Actual,,,,,1581276.14,,,
Trend,2025-01-01,ES,Spain,P01,International Voice Termination,Actual,,,,,1280260.19,,,
Trend,2025-01-01,ES,Spain,P02,A2P Messaging,Actual,,,,,9432778.7,,,
Trend,2025-01-01,ES,Spain,P03,IPX Roaming & Signalling,Actual,,,,,3075817.75,,,
Trend,2025-01-01,ES,Spain,P04,IP Transit,Actual,,,,,2146456.19,,,
Trend,2025-01-01,ES,Spain,P05,Ethernet & Capacity Services,Actual,,,,,5850554.24,,,
Trend,2025-01-01,ES,Spain,P06,Cloud Connect,Actual,,,,,2192049.43,,,
Trend,2025-01-01,ES,Spain,P07,Voice Firewall & Anti-Fraud,Actual,,,,,2145065.7,,,
Trend,2025-01-01,FR,France,P01,International Voice Termination,Actual,,,,,1888454.69,,,
Trend,2025-01-01,FR,France,P02,A2P Messaging,Actual,,,,,11158835.99,,,
Trend,2025-01-01,FR,France,P03,IPX Roaming & Signalling,Actual,,,,,8156772.74,,,
Trend,2025-01-01,FR,France,P04,IP Transit,Actual,,,,,1256134.39,,,
Trend,2025-01-01,FR,France,P05,Ethernet & Capacity Services,Actual,,,,,3632748.05,,,
Trend,2025-01-01,FR,France,P06,Cloud Connect,Actual,,,,,2283956.07,,,
Trend,2025-01-01,FR,France,P07,Voice Firewall & Anti-Fraud,Actual,,,,,4165381.67,,,
Trend,2025-01-01,GR,Greece,P01,International Voice Termination,Actual,,,,,847481.34,,,
Trend,2025-01-01,GR,Greece,P02,A2P Messaging,Actual,,,,,2115808.96,,,
Trend,2025-01-01,GR,Greece,P03,IPX Roaming & Signalling,Actual,,,,,1324991.92,,,
Trend,2025-01-01,GR,Greece,P04,IP Transit,Actual,,,,,473045.53,,,
Trend,2025-01-01,GR,Greece,P05,Ethernet & Capacity Services,Actual,,,,,886109.77,,,
Trend,2025-01-01,GR,Greece,P07,Voice Firewall & Anti-Fraud,Actual,,,,,838802.22,,,
Trend,2025-01-01,HR,Croatia,P05,Ethernet & Capacity Services,Actual,,,,,160288.92,,,
Trend,2025-01-01,HR,Croatia,P06,Cloud Connect,Actual,,,,,105500.55,,,
Trend,2025-01-01,HU,Hungary,P01,International Voice Termination,Actual,,,,,1249833.25,,,
Trend,2025-01-01,HU,Hungary,P02,A2P Messaging,Actual,,,,,1806946.26,,,
Trend,2025-01-01,HU,Hungary,P03,IPX Roaming & Signalling,Actual,,,,,1465181.51,,,
Trend,2025-01-01,HU,Hungary,P04,IP Transit,Actual,,,,,546696.5,,,
Trend,2025-01-01,HU,Hungary,P05,Ethernet & Capacity Services,Actual,,,,,1085399.03,,,
Trend,2025-01-01,HU,Hungary,P06,Cloud Connect,Actual,,,,,598155.52,,,
Trend,2025-01-01,HU,Hungary,P07,Voice Firewall & Anti-Fraud,Actual,,,,,831448.53,,,
Trend,2025-01-01,IT,Italy,P01,International Voice Termination,Actual,,,,,160836.79,,,
Trend,2025-01-01,IT,Italy,P02,A2P Messaging,Actual,,,,,3034832.02,,,
Trend,2025-01-01,IT,Italy,P03,IPX Roaming & Signalling,Actual,,,,,779473.73,,,
Trend,2025-01-01,IT,Italy,P04,IP Transit,Actual,,,,,1303751.36,,,
Trend,2025-01-01,IT,Italy,P05,Ethernet & Capacity Services,Actual,,,,,5971228.13,,,
Trend,2025-01-01,IT,Italy,P06,Cloud Connect,Actual,,,,,2418982.91,,,
Trend,2025-01-01,IT,Italy,P07,Voice Firewall & Anti-Fraud,Actual,,,,,420510.09,,,
Trend,2025-01-01,NL,Netherlands,P01,International Voice Termination,Actual,,,,,2007284.54,,,
Trend,2025-01-01,NL,Netherlands,P02,A2P Messaging,Actual,,,,,6312695.38,,,
Trend,2025-01-01,NL,Netherlands,P03,IPX Roaming & Signalling,Actual,,,,,4197893.49,,,
Trend,2025-01-01,NL,Netherlands,P04,IP Transit,Actual,,,,,1226337.57,,,
Trend,2025-01-01,NL,Netherlands,P05,Ethernet & Capacity Services,Actual,,,,,2357038.48,,,
Trend,2025-01-01,NL,Netherlands,P06,Cloud Connect,Actual,,,,,109953.64,,,
Trend,2025-01-01,NL,Netherlands,P07,Voice Firewall & Anti-Fraud,Actual,,,,,1881078.81,,,
Trend,2025-01-01,PL,Poland,P01,International Voice Termination,Actual,,,,,1838090.61,,,
Trend,2025-01-01,PL,Poland,P02,A2P Messaging,Actual,,,,,2656289.37,,,
Trend,2025-01-01,PL,Poland,P03,IPX Roaming & Signalling,Actual,,,,,2790548.47,,,
Trend,2025-01-01,PL,Poland,P04,IP Transit,Actual,,,,,1388635.09,,,
Trend,2025-01-01,PL,Poland,P05,Ethernet & Capacity Services,Actual,,,,,3272152.14,,,
Trend,2025-01-01,PL,Poland,P06,Cloud Connect,Actual,,,,,77467.29,,,
Trend,2025-01-01,PL,Poland,P07,Voice Firewall & Anti-Fraud,Actual,,,,,854821.05,,,
Trend,2025-01-01,RO,Romania,P03,IPX Roaming & Signalling,Actual,,,,,642110.69,,,
Trend,2025-01-01,RO,Romania,P05,Ethernet & Capacity Services,Actual,,,,,1193937.14,,,
Trend,2025-01-01,RO,Romania,P07,Voice Firewall & Anti-Fraud,Actual,,,,,93753.66,,,
Trend,2025-01-01,SK,Slovakia,P01,International Voice Termination,Actual,,,,,303357.26,,,
Trend,2025-01-01,SK,Slovakia,P02,A2P Messaging,Actual,,,,,2231390.56,,,
Trend,2025-01-01,SK,Slovakia,P03,IPX Roaming & Signalling,Actual,,,,,675462.98,,,
Trend,2025-01-01,SK,Slovakia,P05,Ethernet & Capacity Services,Actual,,,,,355791.86,,,
Trend,2025-02-01,AT,Austria,P01,International Voice Termination,Actual,,,,,587275.7,,,
Trend,2025-02-01,AT,Austria,P02,A2P Messaging,Actual,,,,,3244436.2,,,
Trend,2025-02-01,AT,Austria,P03,IPX Roaming & Signalling,Actual,,,,,995174.11,,,
Trend,2025-02-01,AT,Austria,P04,IP Transit,Actual,,,,,617577.77,,,
Trend,2025-02-01,AT,Austria,P05,Ethernet & Capacity Services,Actual,,,,,1235843.85,,,
Trend,2025-02-01,AT,Austria,P07,Voice Firewall & Anti-Fraud,Actual,,,,,730485.33,,,
Trend,2025-02-01,CZ,Czechia,P03,IPX Roaming & Signalling,Actual,,,,,96700.77,,,
Trend,2025-02-01,CZ,Czechia,P04,IP Transit,Actual,,,,,144195.85,,,
Trend,2025-02-01,CZ,Czechia,P05,Ethernet & Capacity Services,Actual,,,,,1458737.46,,,
Trend,2025-02-01,CZ,Czechia,P06,Cloud Connect,Actual,,,,,164569.96,,,
Trend,2025-02-01,CZ,Czechia,P07,Voice Firewall & Anti-Fraud,Actual,,,,,40063.63,,,
Trend,2025-02-01,DE,Germany,P01,International Voice Termination,Actual,,,,,2943932.8,,,
Trend,2025-02-01,DE,Germany,P02,A2P Messaging,Actual,,,,,4830683.85,,,
Trend,2025-02-01,DE,Germany,P03,IPX Roaming & Signalling,Actual,,,,,4897257.56,,,
Trend,2025-02-01,DE,Germany,P04,IP Transit,Actual,,,,,4828345.73,,,
Trend,2025-02-01,DE,Germany,P05,Ethernet & Capacity Services,Actual,,,,,7424250.24,,,
Trend,2025-02-01,DE,Germany,P06,Cloud Connect,Actual,,,,,5208870.87,,,
Trend,2025-02-01,DE,Germany,P07,Voice Firewall & Anti-Fraud,Actual,,,,,1667419.18,,,
Trend,2025-02-01,ES,Spain,P01,International Voice Termination,Actual,,,,,1177605.28,,,
Trend,2025-02-01,ES,Spain,P02,A2P Messaging,Actual,,,,,10009572.08,,,
Trend,2025-02-01,ES,Spain,P03,IPX Roaming & Signalling,Actual,,,,,3019142.65,,,
Trend,2025-02-01,ES,Spain,P04,IP Transit,Actual,,,,,2175585.02,,,
Trend,2025-02-01,ES,Spain,P05,Ethernet & Capacity Services,Actual,,,,,5895868.75,,,
Trend,2025-02-01,ES,Spain,P06,Cloud Connect,Actual,,,,,2344107.21,,,
Trend,2025-02-01,ES,Spain,P07,Voice Firewall & Anti-Fraud,Actual,,,,,2211421.12,,,
Trend,2025-02-01,FR,France,P01,International Voice Termination,Actual,,,,,1681304.6,,,
Trend,2025-02-01,FR,France,P02,A2P Messaging,Actual,,,,,11423901.96,,,
Trend,2025-02-01,FR,France,P03,IPX Roaming & Signalling,Actual,,,,,8621222.94,,,
Trend,2025-02-01,FR,France,P04,IP Transit,Actual,,,,,1252587.14,,,
Trend,2025-02-01,FR,France,P05,Ethernet & Capacity Services,Actual,,,,,3611075.83,,,
Trend,2025-02-01,FR,France,P06,Cloud Connect,Actual,,,,,2201325.43,,,
Trend,2025-02-01,FR,France,P07,Voice Firewall & Anti-Fraud,Actual,,,,,4160578.73,,,
Trend,2025-02-01,GR,Greece,P01,International Voice Termination,Actual,,,,,780947.17,,,
Trend,2025-02-01,GR,Greece,P02,A2P Messaging,Actual,,,,,2208086.93,,,
Trend,2025-02-01,GR,Greece,P03,IPX Roaming & Signalling,Actual,,,,,1323217.92,,,
Trend,2025-02-01,GR,Greece,P04,IP Transit,Actual,,,,,455911.17,,,
Trend,2025-02-01,GR,Greece,P05,Ethernet & Capacity Services,Actual,,,,,847142.25,,,
Trend,2025-02-01,GR,Greece,P07,Voice Firewall & Anti-Fraud,Actual,,,,,876767.35,,,
Trend,2025-02-01,HR,Croatia,P05,Ethernet & Capacity Services,Actual,,,,,168704.38,,,
Trend,2025-02-01,HR,Croatia,P06,Cloud Connect,Actual,,,,,108273.26,,,
Trend,2025-02-01,HU,Hungary,P01,International Voice Termination,Actual,,,,,1181069.97,,,
Trend,2025-02-01,HU,Hungary,P02,A2P Messaging,Actual,,,,,1843270.21,,,
Trend,2025-02-01,HU,Hungary,P03,IPX Roaming & Signalling,Actual,,,,,1340542.37,,,
Trend,2025-02-01,HU,Hungary,P04,IP Transit,Actual,,,,,556247.48,,,
Trend,2025-02-01,HU,Hungary,P05,Ethernet & Capacity Services,Actual,,,,,994013.84,,,
Trend,2025-02-01,HU,Hungary,P06,Cloud Connect,Actual,,,,,563688.25,,,
Trend,2025-02-01,HU,Hungary,P07,Voice Firewall & Anti-Fraud,Actual,,,,,830795.97,,,
Trend,2025-02-01,IT,Italy,P01,International Voice Termination,Actual,,,,,136407.79,,,
Trend,2025-02-01,IT,Italy,P02,A2P Messaging,Actual,,,,,2966928.31,,,
Trend,2025-02-01,IT,Italy,P03,IPX Roaming & Signalling,Actual,,,,,762232.71,,,
Trend,2025-02-01,IT,Italy,P04,IP Transit,Actual,,,,,1345432.08,,,
Trend,2025-02-01,IT,Italy,P05,Ethernet & Capacity Services,Actual,,,,,6003744.4,,,
Trend,2025-02-01,IT,Italy,P06,Cloud Connect,Actual,,,,,2357652.05,,,
Trend,2025-02-01,IT,Italy,P07,Voice Firewall & Anti-Fraud,Actual,,,,,413500.98,,,
Trend,2025-02-01,NL,Netherlands,P01,International Voice Termination,Actual,,,,,1981318.84,,,
Trend,2025-02-01,NL,Netherlands,P02,A2P Messaging,Actual,,,,,7050229.16,,,
Trend,2025-02-01,NL,Netherlands,P03,IPX Roaming & Signalling,Actual,,,,,4113945.15,,,
Trend,2025-02-01,NL,Netherlands,P04,IP Transit,Actual,,,,,1374854.08,,,
Trend,2025-02-01,NL,Netherlands,P05,Ethernet & Capacity Services,Actual,,,,,2161802.35,,,
Trend,2025-02-01,NL,Netherlands,P06,Cloud Connect,Actual,,,,,118984.28,,,
Trend,2025-02-01,NL,Netherlands,P07,Voice Firewall & Anti-Fraud,Actual,,,,,1921932.13,,,
Trend,2025-02-01,PL,Poland,P01,International Voice Termination,Actual,,,,,1734847.25,,,
Trend,2025-02-01,PL,Poland,P02,A2P Messaging,Actual,,,,,2786330.69,,,
Trend,2025-02-01,PL,Poland,P03,IPX Roaming & Signalling,Actual,,,,,2877972.29,,,
Trend,2025-02-01,PL,Poland,P04,IP Transit,Actual,,,,,1270675.65,,,
Trend,2025-02-01,PL,Poland,P05,Ethernet & Capacity Services,Actual,,,,,3198794.82,,,
Trend,2025-02-01,PL,Poland,P06,Cloud Connect,Actual,,,,,72834.07,,,
Trend,2025-02-01,PL,Poland,P07,Voice Firewall & Anti-Fraud,Actual,,,,,882480.68,,,
Trend,2025-02-01,RO,Romania,P03,IPX Roaming & Signalling,Actual,,,,,597418.24,,,
Trend,2025-02-01,RO,Romania,P05,Ethernet & Capacity Services,Actual,,,,,1203448.18,,,
Trend,2025-02-01,RO,Romania,P07,Voice Firewall & Anti-Fraud,Actual,,,,,110407.1,,,
Trend,2025-02-01,SK,Slovakia,P01,International Voice Termination,Actual,,,,,289427.58,,,
Trend,2025-02-01,SK,Slovakia,P02,A2P Messaging,Actual,,,,,2167254.97,,,
Trend,2025-02-01,SK,Slovakia,P03,IPX Roaming & Signalling,Actual,,,,,684340.35,,,
Trend,2025-02-01,SK,Slovakia,P05,Ethernet & Capacity Services,Actual,,,,,369126.56,,,
Trend,2025-03-01,AT,Austria,P01,International Voice Termination,Actual,,,,,713843.47,,,
Trend,2025-03-01,AT,Austria,P02,A2P Messaging,Actual,,,,,3604423.15,,,
Trend,2025-03-01,AT,Austria,P03,IPX Roaming & Signalling,Actual,,,,,1257910.37,,,
Trend,2025-03-01,AT,Austria,P04,IP Transit,Actual,,,,,717594.69,,,
Trend,2025-03-01,AT,Austria,P05,Ethernet & Capacity Services,Actual,,,,,1135712.69,,,
Trend,2025-03-01,AT,Austria,P07,Voice Firewall & Anti-Fraud,Actual,,,,,731037.98,,,
Trend,2025-03-01,CZ,Czechia,P03,IPX Roaming & Signalling,Actual,,,,,106329.8,,,
Trend,2025-03-01,CZ,Czechia,P04,IP Transit,Actual,,,,,168811.18,,,
Trend,2025-03-01,CZ,Czechia,P05,Ethernet & Capacity Services,Actual,,,,,1420959.89,,,
Trend,2025-03-01,CZ,Czechia,P06,Cloud Connect,Actual,,,,,174017.86,,,
Trend,2025-03-01,CZ,Czechia,P07,Voice Firewall & Anti-Fraud,Actual,,,,,44910.16,,,
Trend,2025-03-01,DE,Germany,P01,International Voice Termination,Actual,,,,,3149977.91,,,
Trend,2025-03-01,DE,Germany,P02,A2P Messaging,Actual,,,,,5010324.06,,,
Trend,2025-03-01,DE,Germany,P03,IPX Roaming & Signalling,Actual,,,,,5732621.78,,,
Trend,2025-03-01,DE,Germany,P04,IP Transit,Actual,,,,,5194167.35,,,
Trend,2025-03-01,DE,Germany,P05,Ethernet & Capacity Services,Actual,,,,,7644189.99,,,
Trend,2025-03-01,DE,Germany,P06,Cloud Connect,Actual,,,,,5323722.31,,,
Trend,2025-03-01,DE,Germany,P07,Voice Firewall & Anti-Fraud,Actual,,,,,1590938.46,,,
Trend,2025-03-01,ES,Spain,P01,International Voice Termination,Actual,,,,,1283572.64,,,
Trend,2025-03-01,ES,Spain,P02,A2P Messaging,Actual,,,,,10499067.3,,,
Trend,2025-03-01,ES,Spain,P03,IPX Roaming & Signalling,Actual,,,,,3328043.8,,,
Trend,2025-03-01,ES,Spain,P04,IP Transit,Actual,,,,,2226672.15,,,
Trend,2025-03-01,ES,Spain,P05,Ethernet & Capacity Services,Actual,,,,,6176385.41,,,
Trend,2025-03-01,ES,Spain,P06,Cloud Connect,Actual,,,,,2399160.43,,,
Trend,2025-03-01,ES,Spain,P07,Voice Firewall & Anti-Fraud,Actual,,,,,2316355.13,,,
Trend,2025-03-01,FR,France,P01,International Voice Termination,Actual,,,,,1820459.5,,,
Trend,2025-03-01,FR,France,P02,A2P Messaging,Actual,,,,,12309292.08,,,
Trend,2025-03-01,FR,France,P03,IPX Roaming & Signalling,Actual,,,,,9826090.75,,,
Trend,2025-03-01,FR,France,P04,IP Transit,Actual,,,,,1278511.96,,,
Trend,2025-03-01,FR,France,P05,Ethernet & Capacity Services,Actual,,,,,3906191.97,,,
Trend,2025-03-01,FR,France,P06,Cloud Connect,Actual,,,,,2336520.92,,,
Trend,2025-03-01,FR,France,P07,Voice Firewall & Anti-Fraud,Actual,,,,,4337095.49,,,
Trend,2025-03-01,GR,Greece,P01,International Voice Termination,Actual,,,,,864621.04,,,
Trend,2025-03-01,GR,Greece,P02,A2P Messaging,Actual,,,,,2453775.32,,,
Trend,2025-03-01,GR,Greece,P03,IPX Roaming & Signalling,Actual,,,,,1519568.02,,,
Trend,2025-03-01,GR,Greece,P04,IP Transit,Actual,,,,,458244.65,,,
Trend,2025-03-01,GR,Greece,P05,Ethernet & Capacity Services,Actual,,,,,904114.98,,,
Trend,2025-03-01,GR,Greece,P07,Voice Firewall & Anti-Fraud,Actual,,,,,861396.75,,,
Trend,2025-03-01,HR,Croatia,P05,Ethernet & Capacity Services,Actual,,,,,169258.31,,,
Trend,2025-03-01,HR,Croatia,P06,Cloud Connect,Actual,,,,,122652.62,,,
Trend,2025-03-01,HU,Hungary,P01,International Voice Termination,Actual,,,,,1312063.74,,,
Trend,2025-03-01,HU,Hungary,P02,A2P Messaging,Actual,,,,,2089437.56,,,
Trend,2025-03-01,HU,Hungary,P03,IPX Roaming & Signalling,Actual,,,,,1597144.99,,,
Trend,2025-03-01,HU,Hungary,P04,IP Transit,Actual,,,,,596867.29,,,
Trend,2025-03-01,HU,Hungary,P05,Ethernet & Capacity Services,Actual,,,,,1080703.34,,,
Trend,2025-03-01,HU,Hungary,P06,Cloud Connect,Actual,,,,,633290.31,,,
Trend,2025-03-01,HU,Hungary,P07,Voice Firewall & Anti-Fraud,Actual,,,,,849651.19,,,
Trend,2025-03-01,IT,Italy,P01,International Voice Termination,Actual,,,,,141114.43,,,
Trend,2025-03-01,IT,Italy,P02,A2P Messaging,Actual,,,,,3555770.55,,,
Trend,2025-03-01,IT,Italy,P03,IPX Roaming & Signalling,Actual,,,,,905232.05,,,
Trend,2025-03-01,IT,Italy,P04,IP Transit,Actual,,,,,1319535.93,,,
Trend,2025-03-01,IT,Italy,P05,Ethernet & Capacity Services,Actual,,,,,5701743.78,,,
Trend,2025-03-01,IT,Italy,P06,Cloud Connect,Actual,,,,,2392086.6,,,
Trend,2025-03-01,IT,Italy,P07,Voice Firewall & Anti-Fraud,Actual,,,,,420920.21,,,
Trend,2025-03-01,NL,Netherlands,P01,International Voice Termination,Actual,,,,,2213929.65,,,
Trend,2025-03-01,NL,Netherlands,P02,A2P Messaging,Actual,,,,,7201213.0,,,
Trend,2025-03-01,NL,Netherlands,P03,IPX Roaming & Signalling,Actual,,,,,4916841.15,,,
Trend,2025-03-01,NL,Netherlands,P04,IP Transit,Actual,,,,,1395253.15,,,
Trend,2025-03-01,NL,Netherlands,P05,Ethernet & Capacity Services,Actual,,,,,2246374.04,,,
Trend,2025-03-01,NL,Netherlands,P06,Cloud Connect,Actual,,,,,124844.82,,,
Trend,2025-03-01,NL,Netherlands,P07,Voice Firewall & Anti-Fraud,Actual,,,,,1893184.59,,,
Trend,2025-03-01,PL,Poland,P01,International Voice Termination,Actual,,,,,1945188.73,,,
Trend,2025-03-01,PL,Poland,P02,A2P Messaging,Actual,,,,,3135541.95,,,
Trend,2025-03-01,PL,Poland,P03,IPX Roaming & Signalling,Actual,,,,,3382200.54,,,
Trend,2025-03-01,PL,Poland,P04,IP Transit,Actual,,,,,1315537.8,,,
Trend,2025-03-01,PL,Poland,P05,Ethernet & Capacity Services,Actual,,,,,3283236.42,,,
Trend,2025-03-01,PL,Poland,P06,Cloud Connect,Actual,,,,,85576.61,,,
Trend,2025-03-01,PL,Poland,P07,Voice Firewall & Anti-Fraud,Actual,,,,,887030.41,,,
Trend,2025-03-01,RO,Romania,P03,IPX Roaming & Signalling,Actual,,,,,675342.28,,,
Trend,2025-03-01,RO,Romania,P05,Ethernet & Capacity Services,Actual,,,,,1295955.05,,,
Trend,2025-03-01,RO,Romania,P07,Voice Firewall & Anti-Fraud,Actual,,,,,100743.85,,,
Trend,2025-03-01,SK,Slovakia,P01,International Voice Termination,Actual,,,,,336752.82,,,
Trend,2025-03-01,SK,Slovakia,P02,A2P Messaging,Actual,,,,,2437332.48,,,
Trend,2025-03-01,SK,Slovakia,P03,IPX Roaming & Signalling,Actual,,,,,733466.98,,,
Trend,2025-03-01,SK,Slovakia,P05,Ethernet & Capacity Services,Actual,,,,,372387.66,,,
Trend,2025-04-01,AT,Austria,P01,International Voice Termination,Actual,,,,,607984.93,,,
Trend,2025-04-01,AT,Austria,P02,A2P Messaging,Actual,,,,,3429703.5,,,
Trend,2025-04-01,AT,Austria,P03,IPX Roaming & Signalling,Actual,,,,,1374825.77,,,
Trend,2025-04-01,AT,Austria,P04,IP Transit,Actual,,,,,738911.42,,,
Trend,2025-04-01,AT,Austria,P05,Ethernet & Capacity Services,Actual,,,,,1144376.83,,,
Trend,2025-04-01,AT,Austria,P07,Voice Firewall & Anti-Fraud,Actual,,,,,747349.47,,,
Trend,2025-04-01,CZ,Czechia,P03,IPX Roaming & Signalling,Actual,,,,,121709.84,,,
Trend,2025-04-01,CZ,Czechia,P04,IP Transit,Actual,,,,,155944.05,,,
Trend,2025-04-01,CZ,Czechia,P05,Ethernet & Capacity Services,Actual,,,,,1467025.73,,,
Trend,2025-04-01,CZ,Czechia,P06,Cloud Connect,Actual,,,,,175621.1,,,
Trend,2025-04-01,CZ,Czechia,P07,Voice Firewall & Anti-Fraud,Actual,,,,,47335.45,,,
Trend,2025-04-01,DE,Germany,P01,International Voice Termination,Actual,,,,,2940288.41,,,
Trend,2025-04-01,DE,Germany,P02,A2P Messaging,Actual,,,,,5452268.25,,,
Trend,2025-04-01,DE,Germany,P03,IPX Roaming & Signalling,Actual,,,,,6564044.1,,,
Trend,2025-04-01,DE,Germany,P04,IP Transit,Actual,,,,,5190959.17,,,
Trend,2025-04-01,DE,Germany,P05,Ethernet & Capacity Services,Actual,,,,,7322325.87,,,
Trend,2025-04-01,DE,Germany,P06,Cloud Connect,Actual,,,,,5483009.65,,,
Trend,2025-04-01,DE,Germany,P07,Voice Firewall & Anti-Fraud,Actual,,,,,1646083.56,,,
Trend,2025-04-01,ES,Spain,P01,International Voice Termination,Actual,,,,,1262092.9,,,
Trend,2025-04-01,ES,Spain,P02,A2P Messaging,Actual,,,,,10883373.52,,,
Trend,2025-04-01,ES,Spain,P03,IPX Roaming & Signalling,Actual,,,,,3651003.43,,,
Trend,2025-04-01,ES,Spain,P04,IP Transit,Actual,,,,,2191146.09,,,
Trend,2025-04-01,ES,Spain,P05,Ethernet & Capacity Services,Actual,,,,,5869887.69,,,
Trend,2025-04-01,ES,Spain,P06,Cloud Connect,Actual,,,,,2348781.34,,,
Trend,2025-04-01,ES,Spain,P07,Voice Firewall & Anti-Fraud,Actual,,,,,2293126.58,,,
Trend,2025-04-01,FR,France,P01,International Voice Termination,Actual,,,,,1755842.97,,,
Trend,2025-04-01,FR,France,P02,A2P Messaging,Actual,,,,,12946370.99,,,
Trend,2025-04-01,FR,France,P03,IPX Roaming & Signalling,Actual,,,,,11366701.15,,,
Trend,2025-04-01,FR,France,P04,IP Transit,Actual,,,,,1238869.82,,,
Trend,2025-04-01,FR,France,P05,Ethernet & Capacity Services,Actual,,,,,3684285.75,,,
Trend,2025-04-01,FR,France,P06,Cloud Connect,Actual,,,,,2398722.62,,,
Trend,2025-04-01,FR,France,P07,Voice Firewall & Anti-Fraud,Actual,,,,,4329011.91,,,
Trend,2025-04-01,GR,Greece,P01,International Voice Termination,Actual,,,,,813462.21,,,
Trend,2025-04-01,GR,Greece,P02,A2P Messaging,Actual,,,,,2344640.66,,,
Trend,2025-04-01,GR,Greece,P03,IPX Roaming & Signalling,Actual,,,,,1621307.07,,,
Trend,2025-04-01,GR,Greece,P04,IP Transit,Actual,,,,,446282.15,,,
Trend,2025-04-01,GR,Greece,P05,Ethernet & Capacity Services,Actual,,,,,890134.02,,,
Trend,2025-04-01,GR,Greece,P07,Voice Firewall & Anti-Fraud,Actual,,,,,852352.37,,,
Trend,2025-04-01,HR,Croatia,P05,Ethernet & Capacity Services,Actual,,,,,182740.59,,,
Trend,2025-04-01,HR,Croatia,P06,Cloud Connect,Actual,,,,,112310.3,,,
Trend,2025-04-01,HU,Hungary,P01,International Voice Termination,Actual,,,,,1261067.24,,,
Trend,2025-04-01,HU,Hungary,P02,A2P Messaging,Actual,,,,,2174761.18,,,
Trend,2025-04-01,HU,Hungary,P03,IPX Roaming & Signalling,Actual,,,,,1815642.81,,,
Trend,2025-04-01,HU,Hungary,P04,IP Transit,Actual,,,,,562115.81,,,
Trend,2025-04-01,HU,Hungary,P05,Ethernet & Capacity Services,Actual,,,,,1112663.6,,,
Trend,2025-04-01,HU,Hungary,P06,Cloud Connect,Actual,,,,,583347.71,,,
Trend,2025-04-01,HU,Hungary,P07,Voice Firewall & Anti-Fraud,Actual,,,,,834579.73,,,
Trend,2025-04-01,IT,Italy,P01,International Voice Termination,Actual,,,,,146563.51,,,
Trend,2025-04-01,IT,Italy,P02,A2P Messaging,Actual,,,,,3575882.15,,,
Trend,2025-04-01,IT,Italy,P03,IPX Roaming & Signalling,Actual,,,,,968868.89,,,
Trend,2025-04-01,IT,Italy,P04,IP Transit,Actual,,,,,1392192.02,,,
Trend,2025-04-01,IT,Italy,P05,Ethernet & Capacity Services,Actual,,,,,5667249.58,,,
Trend,2025-04-01,IT,Italy,P06,Cloud Connect,Actual,,,,,2470828.61,,,
Trend,2025-04-01,IT,Italy,P07,Voice Firewall & Anti-Fraud,Actual,,,,,431134.88,,,
Trend,2025-04-01,NL,Netherlands,P01,International Voice Termination,Actual,,,,,2012781.22,,,
Trend,2025-04-01,NL,Netherlands,P02,A2P Messaging,Actual,,,,,8031931.89,,,
Trend,2025-04-01,NL,Netherlands,P03,IPX Roaming & Signalling,Actual,,,,,5390816.3,,,
Trend,2025-04-01,NL,Netherlands,P04,IP Transit,Actual,,,,,1315811.45,,,
Trend,2025-04-01,NL,Netherlands,P05,Ethernet & Capacity Services,Actual,,,,,2090420.45,,,
Trend,2025-04-01,NL,Netherlands,P06,Cloud Connect,Actual,,,,,119672.87,,,
Trend,2025-04-01,NL,Netherlands,P07,Voice Firewall & Anti-Fraud,Actual,,,,,2009469.71,,,
Trend,2025-04-01,PL,Poland,P01,International Voice Termination,Actual,,,,,1738419.6,,,
Trend,2025-04-01,PL,Poland,P02,A2P Messaging,Actual,,,,,3108584.99,,,
Trend,2025-04-01,PL,Poland,P03,IPX Roaming & Signalling,Actual,,,,,3852965.45,,,
Trend,2025-04-01,PL,Poland,P04,IP Transit,Actual,,,,,1295128.01,,,
Trend,2025-04-01,PL,Poland,P05,Ethernet & Capacity Services,Actual,,,,,3403577.81,,,
Trend,2025-04-01,PL,Poland,P06,Cloud Connect,Actual,,,,,78268.42,,,
Trend,2025-04-01,PL,Poland,P07,Voice Firewall & Anti-Fraud,Actual,,,,,888700.83,,,
Trend,2025-04-01,RO,Romania,P03,IPX Roaming & Signalling,Actual,,,,,832143.88,,,
Trend,2025-04-01,RO,Romania,P05,Ethernet & Capacity Services,Actual,,,,,1269053.62,,,
Trend,2025-04-01,RO,Romania,P07,Voice Firewall & Anti-Fraud,Actual,,,,,116610.51,,,
Trend,2025-04-01,SK,Slovakia,P01,International Voice Termination,Actual,,,,,309730.02,,,
Trend,2025-04-01,SK,Slovakia,P02,A2P Messaging,Actual,,,,,2383948.15,,,
Trend,2025-04-01,SK,Slovakia,P03,IPX Roaming & Signalling,Actual,,,,,879642.05,,,
Trend,2025-04-01,SK,Slovakia,P05,Ethernet & Capacity Services,Actual,,,,,365802.49,,,
Trend,2025-05-01,AT,Austria,P01,International Voice Termination,Actual,,,,,605187.34,,,
Trend,2025-05-01,AT,Austria,P02,A2P Messaging,Actual,,,,,3861812.74,,,
Trend,2025-05-01,AT,Austria,P03,IPX Roaming & Signalling,Actual,,,,,1574887.0,,,
Trend,2025-05-01,AT,Austria,P04,IP Transit,Actual,,,,,674983.0,,,
Trend,2025-05-01,AT,Austria,P05,Ethernet & Capacity Services,Actual,,,,,1173974.74,,,
Trend,2025-05-01,AT,Austria,P07,Voice Firewall & Anti-Fraud,Actual,,,,,747449.88,,,
Trend,2025-05-01,CZ,Czechia,P03,IPX Roaming & Signalling,Actual,,,,,140145.48,,,
Trend,2025-05-01,CZ,Czechia,P04,IP Transit,Actual,,,,,156330.54,,,
Trend,2025-05-01,CZ,Czechia,P05,Ethernet & Capacity Services,Actual,,,,,1334509.57,,,
Trend,2025-05-01,CZ,Czechia,P06,Cloud Connect,Actual,,,,,180390.44,,,
Trend,2025-05-01,CZ,Czechia,P07,Voice Firewall & Anti-Fraud,Actual,,,,,46067.06,,,
Trend,2025-05-01,DE,Germany,P01,International Voice Termination,Actual,,,,,2904278.96,,,
Trend,2025-05-01,DE,Germany,P02,A2P Messaging,Actual,,,,,6026249.94,,,
Trend,2025-05-01,DE,Germany,P03,IPX Roaming & Signalling,Actual,,,,,7348532.19,,,
Trend,2025-05-01,DE,Germany,P04,IP Transit,Actual,,,,,5155754.59,,,
Trend,2025-05-01,DE,Germany,P05,Ethernet & Capacity Services,Actual,,,,,7350780.53,,,
Trend,2025-05-01,DE,Germany,P06,Cloud Connect,Actual,,,,,5474973.24,,,
Trend,2025-05-01,DE,Germany,P07,Voice Firewall & Anti-Fraud,Actual,,,,,1755363.18,,,
Trend,2025-05-01,ES,Spain,P01,International Voice Termination,Actual,,,,,1229764.34,,,
Trend,2025-05-01,ES,Spain,P02,A2P Messaging,Actual,,,,,11569718.38,,,
Trend,2025-05-01,ES,Spain,P03,IPX Roaming & Signalling,Actual,,,,,4323571.88,,,
Trend,2025-05-01,ES,Spain,P04,IP Transit,Actual,,,,,2249438.23,,,
Trend,2025-05-01,ES,Spain,P05,Ethernet & Capacity Services,Actual,,,,,5815625.58,,,
Trend,2025-05-01,ES,Spain,P06,Cloud Connect,Actual,,,,,2417188.71,,,
Trend,2025-05-01,ES,Spain,P07,Voice Firewall & Anti-Fraud,Actual,,,,,2413620.68,,,
Trend,2025-05-01,FR,France,P01,International Voice Termination,Actual,,,,,1681299.08,,,
Trend,2025-05-01,FR,France,P02,A2P Messaging,Actual,,,,,12981170.35,,,
Trend,2025-05-01,FR,France,P03,IPX Roaming & Signalling,Actual,,,,,12215374.79,,,
Trend,2025-05-01,FR,France,P04,IP Transit,Actual,,,,,1336090.48,,,
Trend,2025-05-01,FR,France,P05,Ethernet & Capacity Services,Actual,,,,,3598803.64,,,
Trend,2025-05-01,FR,France,P06,Cloud Connect,Actual,,,,,2459146.01,,,
Trend,2025-05-01,FR,France,P07,Voice Firewall & Anti-Fraud,Actual,,,,,4379309.17,,,
Trend,2025-05-01,GR,Greece,P01,International Voice Termination,Actual,,,,,744614.01,,,
Trend,2025-05-01,GR,Greece,P02,A2P Messaging,Actual,,,,,2572230.06,,,
Trend,2025-05-01,GR,Greece,P03,IPX Roaming & Signalling,Actual,,,,,1815347.77,,,
Trend,2025-05-01,GR,Greece,P04,IP Transit,Actual,,,,,485377.06,,,
Trend,2025-05-01,GR,Greece,P05,Ethernet & Capacity Services,Actual,,,,,816309.27,,,
Trend,2025-05-01,GR,Greece,P07,Voice Firewall & Anti-Fraud,Actual,,,,,897539.4,,,
Trend,2025-05-01,HR,Croatia,P05,Ethernet & Capacity Services,Actual,,,,,190272.06,,,
Trend,2025-05-01,HR,Croatia,P06,Cloud Connect,Actual,,,,,135409.04,,,
Trend,2025-05-01,HU,Hungary,P01,International Voice Termination,Actual,,,,,1214019.19,,,
Trend,2025-05-01,HU,Hungary,P02,A2P Messaging,Actual,,,,,2143798.09,,,
Trend,2025-05-01,HU,Hungary,P03,IPX Roaming & Signalling,Actual,,,,,1833653.78,,,
Trend,2025-05-01,HU,Hungary,P04,IP Transit,Actual,,,,,582264.36,,,
Trend,2025-05-01,HU,Hungary,P05,Ethernet & Capacity Services,Actual,,,,,1096406.42,,,
Trend,2025-05-01,HU,Hungary,P06,Cloud Connect,Actual,,,,,679926.4,,,
Trend,2025-05-01,HU,Hungary,P07,Voice Firewall & Anti-Fraud,Actual,,,,,881430.02,,,
Trend,2025-05-01,IT,Italy,P01,International Voice Termination,Actual,,,,,141180.74,,,
Trend,2025-05-01,IT,Italy,P02,A2P Messaging,Actual,,,,,3539094.45,,,
Trend,2025-05-01,IT,Italy,P03,IPX Roaming & Signalling,Actual,,,,,1001487.37,,,
Trend,2025-05-01,IT,Italy,P04,IP Transit,Actual,,,,,1310758.12,,,
Trend,2025-05-01,IT,Italy,P05,Ethernet & Capacity Services,Actual,,,,,5834051.14,,,
Trend,2025-05-01,IT,Italy,P06,Cloud Connect,Actual,,,,,2693456.97,,,
Trend,2025-05-01,IT,Italy,P07,Voice Firewall & Anti-Fraud,Actual,,,,,454853.02,,,
Trend,2025-05-01,NL,Netherlands,P01,International Voice Termination,Actual,,,,,2039957.18,,,
Trend,2025-05-01,NL,Netherlands,P02,A2P Messaging,Actual,,,,,7675093.2,,,
Trend,2025-05-01,NL,Netherlands,P03,IPX Roaming & Signalling,Actual,,,,,6164921.49,,,
Trend,2025-05-01,NL,Netherlands,P04,IP Transit,Actual,,,,,1399707.57,,,
Trend,2025-05-01,NL,Netherlands,P05,Ethernet & Capacity Services,Actual,,,,,2254143.3,,,
Trend,2025-05-01,NL,Netherlands,P06,Cloud Connect,Actual,,,,,121735.15,,,
Trend,2025-05-01,NL,Netherlands,P07,Voice Firewall & Anti-Fraud,Actual,,,,,2130998.53,,,
Trend,2025-05-01,PL,Poland,P01,International Voice Termination,Actual,,,,,1724631.27,,,
Trend,2025-05-01,PL,Poland,P02,A2P Messaging,Actual,,,,,3238094.77,,,
Trend,2025-05-01,PL,Poland,P03,IPX Roaming & Signalling,Actual,,,,,4078256.84,,,
Trend,2025-05-01,PL,Poland,P04,IP Transit,Actual,,,,,1230085.23,,,
Trend,2025-05-01,PL,Poland,P05,Ethernet & Capacity Services,Actual,,,,,3259371.22,,,
Trend,2025-05-01,PL,Poland,P06,Cloud Connect,Actual,,,,,84600.29,,,
Trend,2025-05-01,PL,Poland,P07,Voice Firewall & Anti-Fraud,Actual,,,,,893282.45,,,
Trend,2025-05-01,RO,Romania,P03,IPX Roaming & Signalling,Actual,,,,,892396.67,,,
Trend,2025-05-01,RO,Romania,P05,Ethernet & Capacity Services,Actual,,,,,1243647.13,,,
Trend,2025-05-01,RO,Romania,P07,Voice Firewall & Anti-Fraud,Actual,,,,,101212.95,,,
Trend,2025-05-01,SK,Slovakia,P01,International Voice Termination,Actual,,,,,320155.26,,,
Trend,2025-05-01,SK,Slovakia,P02,A2P Messaging,Actual,,,,,2598895.14,,,
Trend,2025-05-01,SK,Slovakia,P03,IPX Roaming & Signalling,Actual,,,,,987299.39,,,
Trend,2025-05-01,SK,Slovakia,P05,Ethernet & Capacity Services,Actual,,,,,368875.29,,,
Trend,2025-06-01,AT,Austria,P01,International Voice Termination,Actual,,,,,636785.33,,,
Trend,2025-06-01,AT,Austria,P02,A2P Messaging,Actual,,,,,3375126.56,,,
Trend,2025-06-01,AT,Austria,P03,IPX Roaming & Signalling,Actual,,,,,1895599.34,,,
Trend,2025-06-01,AT,Austria,P04,IP Transit,Actual,,,,,772297.35,,,
Trend,2025-06-01,AT,Austria,P05,Ethernet & Capacity Services,Actual,,,,,1173773.15,,,
Trend,2025-06-01,AT,Austria,P07,Voice Firewall & Anti-Fraud,Actual,,,,,797866.35,,,
Trend,2025-06-01,CZ,Czechia,P03,IPX Roaming & Signalling,Actual,,,,,157919.11,,,
Trend,2025-06-01,CZ,Czechia,P04,IP Transit,Actual,,,,,168873.16,,,
Trend,2025-06-01,CZ,Czechia,P05,Ethernet & Capacity Services,Actual,,,,,1366608.79,,,
Trend,2025-06-01,CZ,Czechia,P06,Cloud Connect,Actual,,,,,163006.49,,,
Trend,2025-06-01,CZ,Czechia,P07,Voice Firewall & Anti-Fraud,Actual,,,,,44789.81,,,
Trend,2025-06-01,DE,Germany,P01,International Voice Termination,Actual,,,,,2911527.17,,,
Trend,2025-06-01,DE,Germany,P02,A2P Messaging,Actual,,,,,5259732.43,,,
Trend,2025-06-01,DE,Germany,P03,IPX Roaming & Signalling,Actual,,,,,8837449.83,,,
Trend,2025-06-01,DE,Germany,P04,IP Transit,Actual,,,,,5466459.4,,,
Trend,2025-06-01,DE,Germany,P05,Ethernet & Capacity Services,Actual,,,,,7559399.61,,,
Trend,2025-06-01,DE,Germany,P06,Cloud Connect,Actual,,,,,5699686.04,,,
Trend,2025-06-01,DE,Germany,P07,Voice Firewall & Anti-Fraud,Actual,,,,,1654866.63,,,
Trend,2025-06-01,ES,Spain,P01,International Voice Termination,Actual,,,,,1200256.77,,,
Trend,2025-06-01,ES,Spain,P02,A2P Messaging,Actual,,,,,11573395.78,,,
Trend,2025-06-01,ES,Spain,P03,IPX Roaming & Signalling,Actual,,,,,4979311.66,,,
Trend,2025-06-01,ES,Spain,P04,IP Transit,Actual,,,,,2299402.26,,,
Trend,2025-06-01,ES,Spain,P05,Ethernet & Capacity Services,Actual,,,,,6129866.17,,,
Trend,2025-06-01,ES,Spain,P06,Cloud Connect,Actual,,,,,2494775.79,,,
Trend,2025-06-01,ES,Spain,P07,Voice Firewall & Anti-Fraud,Actual,,,,,2428837.23,,,
Trend,2025-06-01,FR,France,P01,International Voice Termination,Actual,,,,,1579919.8,,,
Trend,2025-06-01,FR,France,P02,A2P Messaging,Actual,,,,,12555669.09,,,
Trend,2025-06-01,FR,France,P03,IPX Roaming & Signalling,Actual,,,,,14043720.5,,,
Trend,2025-06-01,FR,France,P04,IP Transit,Actual,,,,,1273829.17,,,
Trend,2025-06-01,FR,France,P05,Ethernet & Capacity Services,Actual,,,,,3786314.5,,,
Trend,2025-06-01,FR,France,P06,Cloud Connect,Actual,,,,,2536119.41,,,
Trend,2025-06-01,FR,France,P07,Voice Firewall & Anti-Fraud,Actual,,,,,4335275.57,,,
Trend,2025-06-01,GR,Greece,P01,International Voice Termination,Actual,,,,,789813.16,,,
Trend,2025-06-01,GR,Greece,P02,A2P Messaging,Actual,,,,,2721920.56,,,
Trend,2025-06-01,GR,Greece,P03,IPX Roaming & Signalling,Actual,,,,,2184457.74,,,
Trend,2025-06-01,GR,Greece,P04,IP Transit,Actual,,,,,492286.61,,,
Trend,2025-06-01,GR,Greece,P05,Ethernet & Capacity Services,Actual,,,,,907070.18,,,
Trend,2025-06-01,GR,Greece,P07,Voice Firewall & Anti-Fraud,Actual,,,,,932947.97,,,
Trend,2025-06-01,HR,Croatia,P05,Ethernet & Capacity Services,Actual,,,,,168901.43,,,
Trend,2025-06-01,HR,Croatia,P06,Cloud Connect,Actual,,,,,123922.26,,,
Trend,2025-06-01,HU,Hungary,P01,International Voice Termination,Actual,,,,,1140847.02,,,
Trend,2025-06-01,HU,Hungary,P02,A2P Messaging,Actual,,,,,2154489.85,,,
Trend,2025-06-01,HU,Hungary,P03,IPX Roaming & Signalling,Actual,,,,,2206358.83,,,
Trend,2025-06-01,HU,Hungary,P04,IP Transit,Actual,,,,,552642.75,,,
Trend,2025-06-01,HU,Hungary,P05,Ethernet & Capacity Services,Actual,,,,,1083567.85,,,
Trend,2025-06-01,HU,Hungary,P06,Cloud Connect,Actual,,,,,657802.89,,,
Trend,2025-06-01,HU,Hungary,P07,Voice Firewall & Anti-Fraud,Actual,,,,,869538.82,,,
Trend,2025-06-01,IT,Italy,P01,International Voice Termination,Actual,,,,,137190.83,,,
Trend,2025-06-01,IT,Italy,P02,A2P Messaging,Actual,,,,,3492341.64,,,
Trend,2025-06-01,IT,Italy,P03,IPX Roaming & Signalling,Actual,,,,,1261545.18,,,
Trend,2025-06-01,IT,Italy,P04,IP Transit,Actual,,,,,1393845.53,,,
Trend,2025-06-01,IT,Italy,P05,Ethernet & Capacity Services,Actual,,,,,5720412.28,,,
Trend,2025-06-01,IT,Italy,P06,Cloud Connect,Actual,,,,,2564835.35,,,
Trend,2025-06-01,IT,Italy,P07,Voice Firewall & Anti-Fraud,Actual,,,,,456710.9,,,
Trend,2025-06-01,NL,Netherlands,P01,International Voice Termination,Actual,,,,,1926602.31,,,
Trend,2025-06-01,NL,Netherlands,P02,A2P Messaging,Actual,,,,,7685447.4,,,
Trend,2025-06-01,NL,Netherlands,P03,IPX Roaming & Signalling,Actual,,,,,7082397.58,,,
Trend,2025-06-01,NL,Netherlands,P04,IP Transit,Actual,,,,,1404713.59,,,
Trend,2025-06-01,NL,Netherlands,P05,Ethernet & Capacity Services,Actual,,,,,2235919.89,,,
Trend,2025-06-01,NL,Netherlands,P06,Cloud Connect,Actual,,,,,122034.57,,,
Trend,2025-06-01,NL,Netherlands,P07,Voice Firewall & Anti-Fraud,Actual,,,,,1972757.83,,,
Trend,2025-06-01,PL,Poland,P01,International Voice Termination,Actual,,,,,1708160.78,,,
Trend,2025-06-01,PL,Poland,P02,A2P Messaging,Actual,,,,,3425811.93,,,
Trend,2025-06-01,PL,Poland,P03,IPX Roaming & Signalling,Actual,,,,,5000986.03,,,
Trend,2025-06-01,PL,Poland,P04,IP Transit,Actual,,,,,1330174.74,,,
Trend,2025-06-01,PL,Poland,P05,Ethernet & Capacity Services,Actual,,,,,3319065.81,,,
Trend,2025-06-01,PL,Poland,P06,Cloud Connect,Actual,,,,,86030.05,,,
Trend,2025-06-01,PL,Poland,P07,Voice Firewall & Anti-Fraud,Actual,,,,,924902.6,,,
Trend,2025-06-01,RO,Romania,P03,IPX Roaming & Signalling,Actual,,,,,1044309.75,,,
Trend,2025-06-01,RO,Romania,P05,Ethernet & Capacity Services,Actual,,,,,1268689.24,,,
Trend,2025-06-01,RO,Romania,P07,Voice Firewall & Anti-Fraud,Actual,,,,,116276.23,,,
Trend,2025-06-01,SK,Slovakia,P01,International Voice Termination,Actual,,,,,301869.35,,,
Trend,2025-06-01,SK,Slovakia,P02,A2P Messaging,Actual,,,,,2341864.95,,,
Trend,2025-06-01,SK,Slovakia,P03,IPX Roaming & Signalling,Actual,,,,,1126127.7,,,
Trend,2025-06-01,SK,Slovakia,P05,Ethernet & Capacity Services,Actual,,,,,364343.92,,,
Trend,2025-07-01,AT,Austria,P01,International Voice Termination,Actual,,,,,626683.27,,,
Trend,2025-07-01,AT,Austria,P02,A2P Messaging,Actual,,,,,3424537.25,,,
Trend,2025-07-01,AT,Austria,P03,IPX Roaming & Signalling,Actual,,,,,2290168.55,,,
Trend,2025-07-01,AT,Austria,P04,IP Transit,Actual,,,,,704607.53,,,
Trend,2025-07-01,AT,Austria,P05,Ethernet & Capacity Services,Actual,,,,,1210445.68,,,
Trend,2025-07-01,AT,Austria,P07,Voice Firewall & Anti-Fraud,Actual,,,,,793868.23,,,
Trend,2025-07-01,CZ,Czechia,P03,IPX Roaming & Signalling,Actual,,,,,197621.4,,,
Trend,2025-07-01,CZ,Czechia,P04,IP Transit,Actual,,,,,153415.95,,,
Trend,2025-07-01,CZ,Czechia,P05,Ethernet & Capacity Services,Actual,,,,,1328397.08,,,
Trend,2025-07-01,CZ,Czechia,P06,Cloud Connect,Actual,,,,,170288.43,,,
Trend,2025-07-01,CZ,Czechia,P07,Voice Firewall & Anti-Fraud,Actual,,,,,47890.19,,,
Trend,2025-07-01,DE,Germany,P01,International Voice Termination,Actual,,,,,3033643.4,,,
Trend,2025-07-01,DE,Germany,P02,A2P Messaging,Actual,,,,,5656110.69,,,
Trend,2025-07-01,DE,Germany,P03,IPX Roaming & Signalling,Actual,,,,,10676101.79,,,
Trend,2025-07-01,DE,Germany,P04,IP Transit,Actual,,,,,5261011.19,,,
Trend,2025-07-01,DE,Germany,P05,Ethernet & Capacity Services,Actual,,,,,7214139.24,,,
Trend,2025-07-01,DE,Germany,P06,Cloud Connect,Actual,,,,,5820070.28,,,
Trend,2025-07-01,DE,Germany,P07,Voice Firewall & Anti-Fraud,Actual,,,,,1752134.92,,,
Trend,2025-07-01,ES,Spain,P01,International Voice Termination,Actual,,,,,1258809.86,,,
Trend,2025-07-01,ES,Spain,P02,A2P Messaging,Actual,,,,,11391435.04,,,
Trend,2025-07-01,ES,Spain,P03,IPX Roaming & Signalling,Actual,,,,,6296380.55,,,
Trend,2025-07-01,ES,Spain,P04,IP Transit,Actual,,,,,2382468.32,,,
Trend,2025-07-01,ES,Spain,P05,Ethernet & Capacity Services,Actual,,,,,5941372.32,,,
Trend,2025-07-01,ES,Spain,P06,Cloud Connect,Actual,,,,,2528147.13,,,
Trend,2025-07-01,ES,Spain,P07,Voice Firewall & Anti-Fraud,Actual,,,,,2461111.76,,,
Trend,2025-07-01,FR,France,P01,International Voice Termination,Actual,,,,,1668406.53,,,
Trend,2025-07-01,FR,France,P02,A2P Messaging,Actual,,,,,13006923.99,,,
Trend,2025-07-01,FR,France,P03,IPX Roaming & Signalling,Actual,,,,,17876739.7,,,
Trend,2025-07-01,FR,France,P04,IP Transit,Actual,,,,,1331090.7,,,
Trend,2025-07-01,FR,France,P05,Ethernet & Capacity Services,Actual,,,,,3808364.85,,,
Trend,2025-07-01,FR,France,P06,Cloud Connect,Actual,,,,,2580172.53,,,
Trend,2025-07-01,FR,France,P07,Voice Firewall & Anti-Fraud,Actual,,,,,3997049.09,,,
Trend,2025-07-01,GR,Greece,P01,International Voice Termination,Actual,,,,,783829.33,,,
Trend,2025-07-01,GR,Greece,P02,A2P Messaging,Actual,,,,,2319574.72,,,
Trend,2025-07-01,GR,Greece,P03,IPX Roaming & Signalling,Actual,,,,,2800585.23,,,
Trend,2025-07-01,GR,Greece,P04,IP Transit,Actual,,,,,476440.85,,,
Trend,2025-07-01,GR,Greece,P05,Ethernet & Capacity Services,Actual,,,,,810478.79,,,
Trend,2025-07-01,GR,Greece,P07,Voice Firewall & Anti-Fraud,Actual,,,,,956693.11,,,
Trend,2025-07-01,HR,Croatia,P05,Ethernet & Capacity Services,Actual,,,,,178951.82,,,
Trend,2025-07-01,HR,Croatia,P06,Cloud Connect,Actual,,,,,115592.03,,,
Trend,2025-07-01,HU,Hungary,P01,International Voice Termination,Actual,,,,,1260540.7,,,
Trend,2025-07-01,HU,Hungary,P02,A2P Messaging,Actual,,,,,2106501.26,,,
Trend,2025-07-01,HU,Hungary,P03,IPX Roaming & Signalling,Actual,,,,,3307682.11,,,
Trend,2025-07-01,HU,Hungary,P04,IP Transit,Actual,,,,,586815.68,,,
Trend,2025-07-01,HU,Hungary,P05,Ethernet & Capacity Services,Actual,,,,,1324577.71,,,
Trend,2025-07-01,HU,Hungary,P06,Cloud Connect,Actual,,,,,613220.79,,,
Trend,2025-07-01,HU,Hungary,P07,Voice Firewall & Anti-Fraud,Actual,,,,,972918.6,,,
Trend,2025-07-01,IT,Italy,P01,International Voice Termination,Actual,,,,,148028.0,,,
Trend,2025-07-01,IT,Italy,P02,A2P Messaging,Actual,,,,,3509147.58,,,
Trend,2025-07-01,IT,Italy,P03,IPX Roaming & Signalling,Actual,,,,,1572394.94,,,
Trend,2025-07-01,IT,Italy,P04,IP Transit,Actual,,,,,1311292.9,,,
Trend,2025-07-01,IT,Italy,P05,Ethernet & Capacity Services,Actual,,,,,5979447.2,,,
Trend,2025-07-01,IT,Italy,P06,Cloud Connect,Actual,,,,,2522362.32,,,
Trend,2025-07-01,IT,Italy,P07,Voice Firewall & Anti-Fraud,Actual,,,,,450444.86,,,
Trend,2025-07-01,NL,Netherlands,P01,International Voice Termination,Actual,,,,,1927248.25,,,
Trend,2025-07-01,NL,Netherlands,P02,A2P Messaging,Actual,,,,,7639463.33,,,
Trend,2025-07-01,NL,Netherlands,P03,IPX Roaming & Signalling,Actual,,,,,8776372.09,,,
Trend,2025-07-01,NL,Netherlands,P04,IP Transit,Actual,,,,,1406259.91,,,
Trend,2025-07-01,NL,Netherlands,P05,Ethernet & Capacity Services,Actual,,,,,2337445.35,,,
Trend,2025-07-01,NL,Netherlands,P06,Cloud Connect,Actual,,,,,121650.78,,,
Trend,2025-07-01,NL,Netherlands,P07,Voice Firewall & Anti-Fraud,Actual,,,,,2162204.44,,,
Trend,2025-07-01,PL,Poland,P01,International Voice Termination,Actual,,,,,1748767.16,,,
Trend,2025-07-01,PL,Poland,P02,A2P Messaging,Actual,,,,,3507231.85,,,
Trend,2025-07-01,PL,Poland,P03,IPX Roaming & Signalling,Actual,,,,,5893237.22,,,
Trend,2025-07-01,PL,Poland,P04,IP Transit,Actual,,,,,1438288.31,,,
Trend,2025-07-01,PL,Poland,P05,Ethernet & Capacity Services,Actual,,,,,3170688.91,,,
Trend,2025-07-01,PL,Poland,P06,Cloud Connect,Actual,,,,,87406.94,,,
Trend,2025-07-01,PL,Poland,P07,Voice Firewall & Anti-Fraud,Actual,,,,,910719.63,,,
Trend,2025-07-01,RO,Romania,P03,IPX Roaming & Signalling,Actual,,,,,1324048.94,,,
Trend,2025-07-01,RO,Romania,P05,Ethernet & Capacity Services,Actual,,,,,1339344.99,,,
Trend,2025-07-01,RO,Romania,P07,Voice Firewall & Anti-Fraud,Actual,,,,,110467.43,,,
Trend,2025-07-01,SK,Slovakia,P01,International Voice Termination,Actual,,,,,298797.02,,,
Trend,2025-07-01,SK,Slovakia,P02,A2P Messaging,Actual,,,,,2696472.83,,,
Trend,2025-07-01,SK,Slovakia,P03,IPX Roaming & Signalling,Actual,,,,,1433206.5,,,
Trend,2025-07-01,SK,Slovakia,P05,Ethernet & Capacity Services,Actual,,,,,342457.86,,,
Trend,2025-08-01,AT,Austria,P01,International Voice Termination,Actual,,,,,619456.09,,,
Trend,2025-08-01,AT,Austria,P02,A2P Messaging,Actual,,,,,3378963.44,,,
Trend,2025-08-01,AT,Austria,P03,IPX Roaming & Signalling,Actual,,,,,2308076.08,,,
Trend,2025-08-01,AT,Austria,P04,IP Transit,Actual,,,,,781678.42,,,
Trend,2025-08-01,AT,Austria,P05,Ethernet & Capacity Services,Actual,,,,,1246902.59,,,
Trend,2025-08-01,AT,Austria,P07,Voice Firewall & Anti-Fraud,Actual,,,,,812777.06,,,
Trend,2025-08-01,CZ,Czechia,P03,IPX Roaming & Signalling,Actual,,,,,198959.63,,,
Trend,2025-08-01,CZ,Czechia,P04,IP Transit,Actual,,,,,166089.14,,,
Trend,2025-08-01,CZ,Czechia,P05,Ethernet & Capacity Services,Actual,,,,,1236127.45,,,
Trend,2025-08-01,CZ,Czechia,P06,Cloud Connect,Actual,,,,,165675.91,,,
Trend,2025-08-01,CZ,Czechia,P07,Voice Firewall & Anti-Fraud,Actual,,,,,46453.17,,,
Trend,2025-08-01,DE,Germany,P01,International Voice Termination,Actual,,,,,2758247.21,,,
Trend,2025-08-01,DE,Germany,P02,A2P Messaging,Actual,,,,,5378315.93,,,
Trend,2025-08-01,DE,Germany,P03,IPX Roaming & Signalling,Actual,,,,,9826978.06,,,
Trend,2025-08-01,DE,Germany,P04,IP Transit,Actual,,,,,5498599.2,,,
Trend,2025-08-01,DE,Germany,P05,Ethernet & Capacity Services,Actual,,,,,7396456.58,,,
Trend,2025-08-01,DE,Germany,P06,Cloud Connect,Actual,,,,,5765959.12,,,
Trend,2025-08-01,DE,Germany,P07,Voice Firewall & Anti-Fraud,Actual,,,,,1893002.29,,,
Trend,2025-08-01,ES,Spain,P01,International Voice Termination,Actual,,,,,1236530.55,,,
Trend,2025-08-01,ES,Spain,P02,A2P Messaging,Actual,,,,,11552377.81,,,
Trend,2025-08-01,ES,Spain,P03,IPX Roaming & Signalling,Actual,,,,,6298415.08,,,
Trend,2025-08-01,ES,Spain,P04,IP Transit,Actual,,,,,2116332.46,,,
Trend,2025-08-01,ES,Spain,P05,Ethernet & Capacity Services,Actual,,,,,5855342.27,,,
Trend,2025-08-01,ES,Spain,P06,Cloud Connect,Actual,,,,,2541374.32,,,
Trend,2025-08-01,ES,Spain,P07,Voice Firewall & Anti-Fraud,Actual,,,,,2459747.9,,,
Trend,2025-08-01,FR,France,P01,International Voice Termination,Actual,,,,,1652698.98,,,
Trend,2025-08-01,FR,France,P02,A2P Messaging,Actual,,,,,12301129.87,,,
Trend,2025-08-01,FR,France,P03,IPX Roaming & Signalling,Actual,,,,,17470249.09,,,
Trend,2025-08-01,FR,France,P04,IP Transit,Actual,,,,,1285444.66,,,
Trend,2025-08-01,FR,France,P05,Ethernet & Capacity Services,Actual,,,,,3790627.89,,,
Trend,2025-08-01,FR,France,P06,Cloud Connect,Actual,,,,,2544483.04,,,
Trend,2025-08-01,FR,France,P07,Voice Firewall & Anti-Fraud,Actual,,,,,3789955.06,,,
Trend,2025-08-01,GR,Greece,P01,International Voice Termination,Actual,,,,,740428.23,,,
Trend,2025-08-01,GR,Greece,P02,A2P Messaging,Actual,,,,,2524996.06,,,
Trend,2025-08-01,GR,Greece,P03,IPX Roaming & Signalling,Actual,,,,,2820705.42,,,
Trend,2025-08-01,GR,Greece,P04,IP Transit,Actual,,,,,483705.9,,,
Trend,2025-08-01,GR,Greece,P05,Ethernet & Capacity Services,Actual,,,,,855135.93,,,
Trend,2025-08-01,GR,Greece,P07,Voice Firewall & Anti-Fraud,Actual,,,,,1004852.58,,,
Trend,2025-08-01,HR,Croatia,P05,Ethernet & Capacity Services,Actual,,,,,182833.17,,,
Trend,2025-08-01,HR,Croatia,P06,Cloud Connect,Actual,,,,,126343.44,,,
Trend,2025-08-01,HU,Hungary,P01,International Voice Termination,Actual,,,,,1198690.98,,,
Trend,2025-08-01,HU,Hungary,P02,A2P Messaging,Actual,,,,,1988173.85,,,
Trend,2025-08-01,HU,Hungary,P03,IPX Roaming & Signalling,Actual,,,,,3064953.83,,,
Trend,2025-08-01,HU,Hungary,P04,IP Transit,Actual,,,,,594415.02,,,
Trend,2025-08-01,HU,Hungary,P05,Ethernet & Capacity Services,Actual,,,,,1169228.73,,,
Trend,2025-08-01,HU,Hungary,P06,Cloud Connect,Actual,,,,,666263.08,,,
Trend,2025-08-01,HU,Hungary,P07,Voice Firewall & Anti-Fraud,Actual,,,,,984857.0,,,
Trend,2025-08-01,IT,Italy,P01,International Voice Termination,Actual,,,,,154434.84,,,
Trend,2025-08-01,IT,Italy,P02,A2P Messaging,Actual,,,,,3523949.03,,,
Trend,2025-08-01,IT,Italy,P03,IPX Roaming & Signalling,Actual,,,,,1566454.09,,,
Trend,2025-08-01,IT,Italy,P04,IP Transit,Actual,,,,,1402714.9,,,
Trend,2025-08-01,IT,Italy,P05,Ethernet & Capacity Services,Actual,,,,,5896124.07,,,
Trend,2025-08-01,IT,Italy,P06,Cloud Connect,Actual,,,,,2520920.65,,,
Trend,2025-08-01,IT,Italy,P07,Voice Firewall & Anti-Fraud,Actual,,,,,444373.12,,,
Trend,2025-08-01,NL,Netherlands,P01,International Voice Termination,Actual,,,,,2028173.12,,,
Trend,2025-08-01,NL,Netherlands,P02,A2P Messaging,Actual,,,,,7918758.51,,,
Trend,2025-08-01,NL,Netherlands,P03,IPX Roaming & Signalling,Actual,,,,,8562269.92,,,
Trend,2025-08-01,NL,Netherlands,P04,IP Transit,Actual,,,,,1529519.43,,,
Trend,2025-08-01,NL,Netherlands,P05,Ethernet & Capacity Services,Actual,,,,,2185314.25,,,
Trend,2025-08-01,NL,Netherlands,P06,Cloud Connect,Actual,,,,,134454.01,,,
Trend,2025-08-01,NL,Netherlands,P07,Voice Firewall & Anti-Fraud,Actual,,,,,2163101.18,,,
Trend,2025-08-01,PL,Poland,P01,International Voice Termination,Actual,,,,,1706423.72,,,
Trend,2025-08-01,PL,Poland,P02,A2P Messaging,Actual,,,,,3726273.78,,,
Trend,2025-08-01,PL,Poland,P03,IPX Roaming & Signalling,Actual,,,,,6368740.94,,,
Trend,2025-08-01,PL,Poland,P04,IP Transit,Actual,,,,,1403744.11,,,
Trend,2025-08-01,PL,Poland,P05,Ethernet & Capacity Services,Actual,,,,,3304108.57,,,
Trend,2025-08-01,PL,Poland,P06,Cloud Connect,Actual,,,,,85410.08,,,
Trend,2025-08-01,PL,Poland,P07,Voice Firewall & Anti-Fraud,Actual,,,,,948590.47,,,
Trend,2025-08-01,RO,Romania,P03,IPX Roaming & Signalling,Actual,,,,,1354674.72,,,
Trend,2025-08-01,RO,Romania,P05,Ethernet & Capacity Services,Actual,,,,,1202150.96,,,
Trend,2025-08-01,RO,Romania,P07,Voice Firewall & Anti-Fraud,Actual,,,,,109058.91,,,
Trend,2025-08-01,SK,Slovakia,P01,International Voice Termination,Actual,,,,,298932.36,,,
Trend,2025-08-01,SK,Slovakia,P02,A2P Messaging,Actual,,,,,2396333.91,,,
Trend,2025-08-01,SK,Slovakia,P03,IPX Roaming & Signalling,Actual,,,,,1433795.38,,,
Trend,2025-08-01,SK,Slovakia,P05,Ethernet & Capacity Services,Actual,,,,,361026.32,,,
Trend,2025-09-01,AT,Austria,P01,International Voice Termination,Actual,,,,,557537.57,,,
Trend,2025-09-01,AT,Austria,P02,A2P Messaging,Actual,,,,,3882458.79,,,
Trend,2025-09-01,AT,Austria,P03,IPX Roaming & Signalling,Actual,,,,,1578079.41,,,
Trend,2025-09-01,AT,Austria,P04,IP Transit,Actual,,,,,808748.21,,,
Trend,2025-09-01,AT,Austria,P05,Ethernet & Capacity Services,Actual,,,,,1085119.54,,,
Trend,2025-09-01,AT,Austria,P07,Voice Firewall & Anti-Fraud,Actual,,,,,802609.91,,,
Trend,2025-09-01,CZ,Czechia,P03,IPX Roaming & Signalling,Actual,,,,,151135.91,,,
Trend,2025-09-01,CZ,Czechia,P04,IP Transit,Actual,,,,,174335.25,,,
Trend,2025-09-01,CZ,Czechia,P05,Ethernet & Capacity Services,Actual,,,,,1299611.16,,,
Trend,2025-09-01,CZ,Czechia,P06,Cloud Connect,Actual,,,,,188715.98,,,
Trend,2025-09-01,CZ,Czechia,P07,Voice Firewall & Anti-Fraud,Actual,,,,,49943.24,,,
Trend,2025-09-01,DE,Germany,P01,International Voice Termination,Actual,,,,,2781935.85,,,
Trend,2025-09-01,DE,Germany,P02,A2P Messaging,Actual,,,,,5957805.68,,,
Trend,2025-09-01,DE,Germany,P03,IPX Roaming & Signalling,Actual,,,,,7985494.94,,,
Trend,2025-09-01,DE,Germany,P04,IP Transit,Actual,,,,,5577299.76,,,
Trend,2025-09-01,DE,Germany,P05,Ethernet & Capacity Services,Actual,,,,,7459091.09,,,
Trend,2025-09-01,DE,Germany,P06,Cloud Connect,Actual,,,,,6057664.79,,,
Trend,2025-09-01,DE,Germany,P07,Voice Firewall & Anti-Fraud,Actual,,,,,1774169.56,,,
Trend,2025-09-01,ES,Spain,P01,International Voice Termination,Actual,,,,,1167255.49,,,
Trend,2025-09-01,ES,Spain,P02,A2P Messaging,Actual,,,,,13011116.14,,,
Trend,2025-09-01,ES,Spain,P03,IPX Roaming & Signalling,Actual,,,,,4558525.24,,,
Trend,2025-09-01,ES,Spain,P04,IP Transit,Actual,,,,,2462109.89,,,
Trend,2025-09-01,ES,Spain,P05,Ethernet & Capacity Services,Actual,,,,,5909633.95,,,
Trend,2025-09-01,ES,Spain,P06,Cloud Connect,Actual,,,,,2684162.87,,,
Trend,2025-09-01,ES,Spain,P07,Voice Firewall & Anti-Fraud,Actual,,,,,2415850.51,,,
Trend,2025-09-01,FR,France,P01,International Voice Termination,Actual,,,,,1610047.93,,,
Trend,2025-09-01,FR,France,P02,A2P Messaging,Actual,,,,,13821072.37,,,
Trend,2025-09-01,FR,France,P03,IPX Roaming & Signalling,Actual,,,,,13207203.89,,,
Trend,2025-09-01,FR,France,P04,IP Transit,Actual,,,,,1415244.16,,,
Trend,2025-09-01,FR,France,P05,Ethernet & Capacity Services,Actual,,,,,3929003.66,,,
Trend,2025-09-01,FR,France,P06,Cloud Connect,Actual,,,,,2745582.13,,,
Trend,2025-09-01,FR,France,P07,Voice Firewall & Anti-Fraud,Actual,,,,,4013451.32,,,
Trend,2025-09-01,GR,Greece,P01,International Voice Termination,Actual,,,,,764182.04,,,
Trend,2025-09-01,GR,Greece,P02,A2P Messaging,Actual,,,,,2854492.63,,,
Trend,2025-09-01,GR,Greece,P03,IPX Roaming & Signalling,Actual,,,,,2158776.03,,,
Trend,2025-09-01,GR,Greece,P04,IP Transit,Actual,,,,,468201.29,,,
Trend,2025-09-01,GR,Greece,P05,Ethernet & Capacity Services,Actual,,,,,845275.08,,,
Trend,2025-09-01,GR,Greece,P07,Voice Firewall & Anti-Fraud,Actual,,,,,975024.45,,,
Trend,2025-09-01,HR,Croatia,P05,Ethernet & Capacity Services,Actual,,,,,177071.14,,,
Trend,2025-09-01,HR,Croatia,P06,Cloud Connect,Actual,,,,,131845.67,,,
Trend,2025-09-01,HU,Hungary,P01,International Voice Termination,Actual,,,,,1250384.91,,,
Trend,2025-09-01,HU,Hungary,P02,A2P Messaging,Actual,,,,,2170630.81,,,
Trend,2025-09-01,HU,Hungary,P03,IPX Roaming & Signalling,Actual,,,,,2297823.21,,,
Trend,2025-09-01,HU,Hungary,P04,IP Transit,Actual,,,,,583601.89,,,
Trend,2025-09-01,HU,Hungary,P05,Ethernet & Capacity Services,Actual,,,,,1245665.91,,,
Trend,2025-09-01,HU,Hungary,P06,Cloud Connect,Actual,,,,,631432.01,,,
Trend,2025-09-01,HU,Hungary,P07,Voice Firewall & Anti-Fraud,Actual,,,,,984424.43,,,
Trend,2025-09-01,IT,Italy,P01,International Voice Termination,Actual,,,,,137670.04,,,
Trend,2025-09-01,IT,Italy,P02,A2P Messaging,Actual,,,,,4007448.79,,,
Trend,2025-09-01,IT,Italy,P03,IPX Roaming & Signalling,Actual,,,,,1192661.05,,,
Trend,2025-09-01,IT,Italy,P04,IP Transit,Actual,,,,,1428429.18,,,
Trend,2025-09-01,IT,Italy,P05,Ethernet & Capacity Services,Actual,,,,,5999469.22,,,
Trend,2025-09-01,IT,Italy,P06,Cloud Connect,Actual,,,,,2782394.69,,,
Trend,2025-09-01,IT,Italy,P07,Voice Firewall & Anti-Fraud,Actual,,,,,457933.58,,,
Trend,2025-09-01,NL,Netherlands,P01,International Voice Termination,Actual,,,,,1843621.52,,,
Trend,2025-09-01,NL,Netherlands,P02,A2P Messaging,Actual,,,,,8487673.03,,,
Trend,2025-09-01,NL,Netherlands,P03,IPX Roaming & Signalling,Actual,,,,,6556416.2,,,
Trend,2025-09-01,NL,Netherlands,P04,IP Transit,Actual,,,,,1451633.99,,,
Trend,2025-09-01,NL,Netherlands,P05,Ethernet & Capacity Services,Actual,,,,,2362841.52,,,
Trend,2025-09-01,NL,Netherlands,P06,Cloud Connect,Actual,,,,,119020.51,,,
Trend,2025-09-01,NL,Netherlands,P07,Voice Firewall & Anti-Fraud,Actual,,,,,2109942.48,,,
Trend,2025-09-01,PL,Poland,P01,International Voice Termination,Actual,,,,,1631839.39,,,
Trend,2025-09-01,PL,Poland,P02,A2P Messaging,Actual,,,,,4659705.4,,,
Trend,2025-09-01,PL,Poland,P03,IPX Roaming & Signalling,Actual,,,,,4935373.68,,,
Trend,2025-09-01,PL,Poland,P04,IP Transit,Actual,,,,,1500706.24,,,
Trend,2025-09-01,PL,Poland,P05,Ethernet & Capacity Services,Actual,,,,,3335264.82,,,
Trend,2025-09-01,PL,Poland,P06,Cloud Connect,Actual,,,,,90800.4,,,
Trend,2025-09-01,PL,Poland,P07,Voice Firewall & Anti-Fraud,Actual,,,,,1030881.28,,,
Trend,2025-09-01,RO,Romania,P03,IPX Roaming & Signalling,Actual,,,,,1026179.02,,,
Trend,2025-09-01,RO,Romania,P05,Ethernet & Capacity Services,Actual,,,,,1285697.57,,,
Trend,2025-09-01,RO,Romania,P07,Voice Firewall & Anti-Fraud,Actual,,,,,107005.58,,,
Trend,2025-09-01,SK,Slovakia,P01,International Voice Termination,Actual,,,,,290313.86,,,
Trend,2025-09-01,SK,Slovakia,P02,A2P Messaging,Actual,,,,,2584949.75,,,
Trend,2025-09-01,SK,Slovakia,P03,IPX Roaming & Signalling,Actual,,,,,1099819.26,,,
Trend,2025-09-01,SK,Slovakia,P05,Ethernet & Capacity Services,Actual,,,,,390052.92,,,
Trend,2025-10-01,AT,Austria,P01,International Voice Termination,Actual,,,,,595019.65,,,
Trend,2025-10-01,AT,Austria,P02,A2P Messaging,Actual,,,,,4168953.28,,,
Trend,2025-10-01,AT,Austria,P03,IPX Roaming & Signalling,Actual,,,,,1514994.64,,,
Trend,2025-10-01,AT,Austria,P04,IP Transit,Actual,,,,,785943.77,,,
Trend,2025-10-01,AT,Austria,P05,Ethernet & Capacity Services,Actual,,,,,1099250.24,,,
Trend,2025-10-01,AT,Austria,P07,Voice Firewall & Anti-Fraud,Actual,,,,,800728.96,,,
Trend,2025-10-01,CZ,Czechia,P03,IPX Roaming & Signalling,Actual,,,,,117664.01,,,
Trend,2025-10-01,CZ,Czechia,P04,IP Transit,Actual,,,,,160828.31,,,
Trend,2025-10-01,CZ,Czechia,P05,Ethernet & Capacity Services,Actual,,,,,1550222.61,,,
Trend,2025-10-01,CZ,Czechia,P06,Cloud Connect,Actual,,,,,180907.09,,,
Trend,2025-10-01,CZ,Czechia,P07,Voice Firewall & Anti-Fraud,Actual,,,,,50957.16,,,
Trend,2025-10-01,DE,Germany,P01,International Voice Termination,Actual,,,,,2890563.38,,,
Trend,2025-10-01,DE,Germany,P02,A2P Messaging,Actual,,,,,6551623.87,,,
Trend,2025-10-01,DE,Germany,P03,IPX Roaming & Signalling,Actual,,,,,6552869.74,,,
Trend,2025-10-01,DE,Germany,P04,IP Transit,Actual,,,,,5435934.22,,,
Trend,2025-10-01,DE,Germany,P05,Ethernet & Capacity Services,Actual,,,,,7635559.74,,,
Trend,2025-10-01,DE,Germany,P06,Cloud Connect,Actual,,,,,6339057.07,,,
Trend,2025-10-01,DE,Germany,P07,Voice Firewall & Anti-Fraud,Actual,,,,,1865730.29,,,
Trend,2025-10-01,ES,Spain,P01,International Voice Termination,Actual,,,,,1196495.63,,,
Trend,2025-10-01,ES,Spain,P02,A2P Messaging,Actual,,,,,14015716.53,,,
Trend,2025-10-01,ES,Spain,P03,IPX Roaming & Signalling,Actual,,,,,4017738.29,,,
Trend,2025-10-01,ES,Spain,P04,IP Transit,Actual,,,,,2182213.29,,,
Trend,2025-10-01,ES,Spain,P05,Ethernet & Capacity Services,Actual,,,,,5872147.11,,,
Trend,2025-10-01,ES,Spain,P06,Cloud Connect,Actual,,,,,2744779.42,,,
Trend,2025-10-01,ES,Spain,P07,Voice Firewall & Anti-Fraud,Actual,,,,,2529273.74,,,
Trend,2025-10-01,FR,France,P01,International Voice Termination,Actual,,,,,1640118.74,,,
Trend,2025-10-01,FR,France,P02,A2P Messaging,Actual,,,,,15665274.4,,,
Trend,2025-10-01,FR,France,P03,IPX Roaming & Signalling,Actual,,,,,11423855.76,,,
Trend,2025-10-01,FR,France,P04,IP Transit,Actual,,,,,1494047.44,,,
Trend,2025-10-01,FR,France,P05,Ethernet & Capacity Services,Actual,,,,,3796841.0,,,
Trend,2025-10-01,FR,France,P06,Cloud Connect,Actual,,,,,2854613.58,,,
Trend,2025-10-01,FR,France,P07,Voice Firewall & Anti-Fraud,Actual,,,,,4005411.96,,,
Trend,2025-10-01,GR,Greece,P01,International Voice Termination,Actual,,,,,742971.47,,,
Trend,2025-10-01,GR,Greece,P02,A2P Messaging,Actual,,,,,3024059.27,,,
Trend,2025-10-01,GR,Greece,P03,IPX Roaming & Signalling,Actual,,,,,1753915.33,,,
Trend,2025-10-01,GR,Greece,P04,IP Transit,Actual,,,,,481763.36,,,
Trend,2025-10-01,GR,Greece,P05,Ethernet & Capacity Services,Actual,,,,,909568.6,,,
Trend,2025-10-01,GR,Greece,P07,Voice Firewall & Anti-Fraud,Actual,,,,,1041360.81,,,
Trend,2025-10-01,HR,Croatia,P05,Ethernet & Capacity Services,Actual,,,,,177106.24,,,
Trend,2025-10-01,HR,Croatia,P06,Cloud Connect,Actual,,,,,128021.23,,,
Trend,2025-10-01,HU,Hungary,P01,International Voice Termination,Actual,,,,,1291402.71,,,
Trend,2025-10-01,HU,Hungary,P02,A2P Messaging,Actual,,,,,2413511.92,,,
Trend,2025-10-01,HU,Hungary,P03,IPX Roaming & Signalling,Actual,,,,,1925670.85,,,
Trend,2025-10-01,HU,Hungary,P04,IP Transit,Actual,,,,,625195.68,,,
Trend,2025-10-01,HU,Hungary,P05,Ethernet & Capacity Services,Actual,,,,,1270787.84,,,
Trend,2025-10-01,HU,Hungary,P06,Cloud Connect,Actual,,,,,732609.22,,,
Trend,2025-10-01,HU,Hungary,P07,Voice Firewall & Anti-Fraud,Actual,,,,,1002362.97,,,
Trend,2025-10-01,IT,Italy,P01,International Voice Termination,Actual,,,,,139597.67,,,
Trend,2025-10-01,IT,Italy,P02,A2P Messaging,Actual,,,,,4172752.94,,,
Trend,2025-10-01,IT,Italy,P03,IPX Roaming & Signalling,Actual,,,,,1059230.42,,,
Trend,2025-10-01,IT,Italy,P04,IP Transit,Actual,,,,,1428871.06,,,
Trend,2025-10-01,IT,Italy,P05,Ethernet & Capacity Services,Actual,,,,,5797068.0,,,
Trend,2025-10-01,IT,Italy,P06,Cloud Connect,Actual,,,,,2734691.27,,,
Trend,2025-10-01,IT,Italy,P07,Voice Firewall & Anti-Fraud,Actual,,,,,490088.73,,,
Trend,2025-10-01,NL,Netherlands,P01,International Voice Termination,Actual,,,,,2095319.46,,,
Trend,2025-10-01,NL,Netherlands,P02,A2P Messaging,Actual,,,,,9502863.88,,,
Trend,2025-10-01,NL,Netherlands,P03,IPX Roaming & Signalling,Actual,,,,,5590190.49,,,
Trend,2025-10-01,NL,Netherlands,P04,IP Transit,Actual,,,,,1519557.39,,,
Trend,2025-10-01,NL,Netherlands,P05,Ethernet & Capacity Services,Actual,,,,,2312776.74,,,
Trend,2025-10-01,NL,Netherlands,P06,Cloud Connect,Actual,,,,,132611.7,,,
Trend,2025-10-01,NL,Netherlands,P07,Voice Firewall & Anti-Fraud,Actual,,,,,2217080.32,,,
Trend,2025-10-01,PL,Poland,P01,International Voice Termination,Actual,,,,,1700119.17,,,
Trend,2025-10-01,PL,Poland,P02,A2P Messaging,Actual,,,,,5995119.43,,,
Trend,2025-10-01,PL,Poland,P03,IPX Roaming & Signalling,Actual,,,,,3996166.93,,,
Trend,2025-10-01,PL,Poland,P04,IP Transit,Actual,,,,,1539642.9,,,
Trend,2025-10-01,PL,Poland,P05,Ethernet & Capacity Services,Actual,,,,,3300934.07,,,
Trend,2025-10-01,PL,Poland,P06,Cloud Connect,Actual,,,,,88507.22,,,
Trend,2025-10-01,PL,Poland,P07,Voice Firewall & Anti-Fraud,Actual,,,,,985729.57,,,
Trend,2025-10-01,RO,Romania,P03,IPX Roaming & Signalling,Actual,,,,,882432.29,,,
Trend,2025-10-01,RO,Romania,P05,Ethernet & Capacity Services,Actual,,,,,1299975.3,,,
Trend,2025-10-01,RO,Romania,P07,Voice Firewall & Anti-Fraud,Actual,,,,,113284.29,,,
Trend,2025-10-01,SK,Slovakia,P01,International Voice Termination,Actual,,,,,290332.03,,,
Trend,2025-10-01,SK,Slovakia,P02,A2P Messaging,Actual,,,,,2884481.28,,,
Trend,2025-10-01,SK,Slovakia,P03,IPX Roaming & Signalling,Actual,,,,,862205.42,,,
Trend,2025-10-01,SK,Slovakia,P05,Ethernet & Capacity Services,Actual,,,,,380019.17,,,
Trend,2025-11-01,AT,Austria,P01,International Voice Termination,Actual,,,,,575479.44,,,
Trend,2025-11-01,AT,Austria,P02,A2P Messaging,Actual,,,,,5009187.44,,,
Trend,2025-11-01,AT,Austria,P03,IPX Roaming & Signalling,Actual,,,,,1237881.8,,,
Trend,2025-11-01,AT,Austria,P04,IP Transit,Actual,,,,,814951.66,,,
Trend,2025-11-01,AT,Austria,P05,Ethernet & Capacity Services,Actual,,,,,1069099.86,,,
Trend,2025-11-01,AT,Austria,P07,Voice Firewall & Anti-Fraud,Actual,,,,,866775.77,,,
Trend,2025-11-01,CZ,Czechia,P03,IPX Roaming & Signalling,Actual,,,,,107663.43,,,
Trend,2025-11-01,CZ,Czechia,P04,IP Transit,Actual,,,,,171122.26,,,
Trend,2025-11-01,CZ,Czechia,P05,Ethernet & Capacity Services,Actual,,,,,1240070.7,,,
Trend,2025-11-01,CZ,Czechia,P06,Cloud Connect,Actual,,,,,177510.64,,,
Trend,2025-11-01,CZ,Czechia,P07,Voice Firewall & Anti-Fraud,Actual,,,,,48836.6,,,
Trend,2025-11-01,DE,Germany,P01,International Voice Termination,Actual,,,,,2855517.45,,,
Trend,2025-11-01,DE,Germany,P02,A2P Messaging,Actual,,,,,7795070.82,,,
Trend,2025-11-01,DE,Germany,P03,IPX Roaming & Signalling,Actual,,,,,5682169.69,,,
Trend,2025-11-01,DE,Germany,P04,IP Transit,Actual,,,,,6033845.15,,,
Trend,2025-11-01,DE,Germany,P05,Ethernet & Capacity Services,Actual,,,,,7289876.61,,,
Trend,2025-11-01,DE,Germany,P06,Cloud Connect,Actual,,,,,6170352.05,,,
Trend,2025-11-01,DE,Germany,P07,Voice Firewall & Anti-Fraud,Actual,,,,,1908212.98,,,
Trend,2025-11-01,ES,Spain,P01,International Voice Termination,Actual,,,,,1164321.8,,,
Trend,2025-11-01,ES,Spain,P02,A2P Messaging,Actual,,,,,16212845.03,,,
Trend,2025-11-01,ES,Spain,P03,IPX Roaming & Signalling,Actual,,,,,3584128.2,,,
Trend,2025-11-01,ES,Spain,P04,IP Transit,Actual,,,,,2284549.58,,,
Trend,2025-11-01,ES,Spain,P05,Ethernet & Capacity Services,Actual,,,,,5839881.18,,,
Trend,2025-11-01,ES,Spain,P06,Cloud Connect,Actual,,,,,2584507.73,,,
Trend,2025-11-01,ES,Spain,P07,Voice Firewall & Anti-Fraud,Actual,,,,,2589178.11,,,
Trend,2025-11-01,FR,France,P01,International Voice Termination,Actual,,,,,1658756.04,,,
Trend,2025-11-01,FR,France,P02,A2P Messaging,Actual,,,,,17624738.86,,,
Trend,2025-11-01,FR,France,P03,IPX Roaming & Signalling,Actual,,,,,9845807.84,,,
Trend,2025-11-01,FR,France,P04,IP Transit,Actual,,,,,1321433.36,,,
Trend,2025-11-01,FR,France,P05,Ethernet & Capacity Services,Actual,,,,,3771560.09,,,
Trend,2025-11-01,FR,France,P06,Cloud Connect,Actual,,,,,2915410.52,,,
Trend,2025-11-01,FR,France,P07,Voice Firewall & Anti-Fraud,Actual,,,,,4058123.69,,,
Trend,2025-11-01,GR,Greece,P01,International Voice Termination,Actual,,,,,701553.28,,,
Trend,2025-11-01,GR,Greece,P02,A2P Messaging,Actual,,,,,3534247.19,,,
Trend,2025-11-01,GR,Greece,P03,IPX Roaming & Signalling,Actual,,,,,1565599.38,,,
Trend,2025-11-01,GR,Greece,P04,IP Transit,Actual,,,,,505096.81,,,
Trend,2025-11-01,GR,Greece,P05,Ethernet & Capacity Services,Actual,,,,,890607.67,,,
Trend,2025-11-01,GR,Greece,P07,Voice Firewall & Anti-Fraud,Actual,,,,,962723.15,,,
Trend,2025-11-01,HR,Croatia,P05,Ethernet & Capacity Services,Actual,,,,,186739.41,,,
Trend,2025-11-01,HR,Croatia,P06,Cloud Connect,Actual,,,,,124761.4,,,
Trend,2025-11-01,HU,Hungary,P01,International Voice Termination,Actual,,,,,1174008.04,,,
Trend,2025-11-01,HU,Hungary,P02,A2P Messaging,Actual,,,,,3080415.1,,,
Trend,2025-11-01,HU,Hungary,P03,IPX Roaming & Signalling,Actual,,,,,1725303.17,,,
Trend,2025-11-01,HU,Hungary,P04,IP Transit,Actual,,,,,666758.57,,,
Trend,2025-11-01,HU,Hungary,P05,Ethernet & Capacity Services,Actual,,,,,1255470.68,,,
Trend,2025-11-01,HU,Hungary,P06,Cloud Connect,Actual,,,,,741109.2,,,
Trend,2025-11-01,HU,Hungary,P07,Voice Firewall & Anti-Fraud,Actual,,,,,1037601.98,,,
Trend,2025-11-01,IT,Italy,P01,International Voice Termination,Actual,,,,,127996.8,,,
Trend,2025-11-01,IT,Italy,P02,A2P Messaging,Actual,,,,,4762020.73,,,
Trend,2025-11-01,IT,Italy,P03,IPX Roaming & Signalling,Actual,,,,,998401.28,,,
Trend,2025-11-01,IT,Italy,P04,IP Transit,Actual,,,,,1422001.67,,,
Trend,2025-11-01,IT,Italy,P05,Ethernet & Capacity Services,Actual,,,,,5706991.99,,,
Trend,2025-11-01,IT,Italy,P06,Cloud Connect,Actual,,,,,2981492.98,,,
Trend,2025-11-01,IT,Italy,P07,Voice Firewall & Anti-Fraud,Actual,,,,,452853.42,,,
Trend,2025-11-01,NL,Netherlands,P01,International Voice Termination,Actual,,,,,1920772.37,,,
Trend,2025-11-01,NL,Netherlands,P02,A2P Messaging,Actual,,,,,11103924.22,,,
Trend,2025-11-01,NL,Netherlands,P03,IPX Roaming & Signalling,Actual,,,,,4765603.28,,,
Trend,2025-11-01,NL,Netherlands,P04,IP Transit,Actual,,,,,1490569.59,,,
Trend,2025-11-01,NL,Netherlands,P05,Ethernet & Capacity Services,Actual,,,,,2399462.13,,,
Trend,2025-11-01,NL,Netherlands,P06,Cloud Connect,Actual,,,,,146245.72,,,
Trend,2025-11-01,NL,Netherlands,P07,Voice Firewall & Anti-Fraud,Actual,,,,,2225083.9,,,
Trend,2025-11-01,PL,Poland,P01,International Voice Termination,Actual,,,,,1654084.77,,,
Trend,2025-11-01,PL,Poland,P02,A2P Messaging,Actual,,,,,7821372.86,,,
Trend,2025-11-01,PL,Poland,P03,IPX Roaming & Signalling,Actual,,,,,3664614.11,,,
Trend,2025-11-01,PL,Poland,P04,IP Transit,Actual,,,,,1539796.32,,,
Trend,2025-11-01,PL,Poland,P05,Ethernet & Capacity Services,Actual,,,,,3180569.08,,,
Trend,2025-11-01,PL,Poland,P06,Cloud Connect,Actual,,,,,89328.0,,,
Trend,2025-11-01,PL,Poland,P07,Voice Firewall & Anti-Fraud,Actual,,,,,1012478.68,,,
Trend,2025-11-01,RO,Romania,P03,IPX Roaming & Signalling,Actual,,,,,769153.47,,,
Trend,2025-11-01,RO,Romania,P05,Ethernet & Capacity Services,Actual,,,,,1373956.56,,,
Trend,2025-11-01,RO,Romania,P07,Voice Firewall & Anti-Fraud,Actual,,,,,122510.31,,,
Trend,2025-11-01,SK,Slovakia,P01,International Voice Termination,Actual,,,,,303390.69,,,
Trend,2025-11-01,SK,Slovakia,P02,A2P Messaging,Actual,,,,,3688341.88,,,
Trend,2025-11-01,SK,Slovakia,P03,IPX Roaming & Signalling,Actual,,,,,781646.64,,,
Trend,2025-11-01,SK,Slovakia,P05,Ethernet & Capacity Services,Actual,,,,,365936.09,,,
Trend,2025-12-01,AT,Austria,P01,International Voice Termination,Actual,,,,,557653.79,,,
Trend,2025-12-01,AT,Austria,P02,A2P Messaging,Actual,,,,,4473823.37,,,
Trend,2025-12-01,AT,Austria,P03,IPX Roaming & Signalling,Actual,,,,,1362951.97,,,
Trend,2025-12-01,AT,Austria,P04,IP Transit,Actual,,,,,732235.82,,,
Trend,2025-12-01,AT,Austria,P05,Ethernet & Capacity Services,Actual,,,,,1153500.16,,,
Trend,2025-12-01,AT,Austria,P07,Voice Firewall & Anti-Fraud,Actual,,,,,895295.77,,,
Trend,2025-12-01,CZ,Czechia,P03,IPX Roaming & Signalling,Actual,,,,,111677.99,,,
Trend,2025-12-01,CZ,Czechia,P04,IP Transit,Actual,,,,,166102.06,,,
Trend,2025-12-01,CZ,Czechia,P05,Ethernet & Capacity Services,Actual,,,,,1316620.53,,,
Trend,2025-12-01,CZ,Czechia,P06,Cloud Connect,Actual,,,,,198348.81,,,
Trend,2025-12-01,CZ,Czechia,P07,Voice Firewall & Anti-Fraud,Actual,,,,,45355.4,,,
Trend,2025-12-01,DE,Germany,P01,International Voice Termination,Actual,,,,,3052681.84,,,
Trend,2025-12-01,DE,Germany,P02,A2P Messaging,Actual,,,,,7241332.08,,,
Trend,2025-12-01,DE,Germany,P03,IPX Roaming & Signalling,Actual,,,,,6059003.61,,,
Trend,2025-12-01,DE,Germany,P04,IP Transit,Actual,,,,,5691276.77,,,
Trend,2025-12-01,DE,Germany,P05,Ethernet & Capacity Services,Actual,,,,,7380832.78,,,
Trend,2025-12-01,DE,Germany,P06,Cloud Connect,Actual,,,,,6224024.59,,,
Trend,2025-12-01,DE,Germany,P07,Voice Firewall & Anti-Fraud,Actual,,,,,1862392.62,,,
Trend,2025-12-01,ES,Spain,P01,International Voice Termination,Actual,,,,,1121737.54,,,
Trend,2025-12-01,ES,Spain,P02,A2P Messaging,Actual,,,,,15909120.22,,,
Trend,2025-12-01,ES,Spain,P03,IPX Roaming & Signalling,Actual,,,,,3918134.07,,,
Trend,2025-12-01,ES,Spain,P04,IP Transit,Actual,,,,,2293974.32,,,
Trend,2025-12-01,ES,Spain,P05,Ethernet & Capacity Services,Actual,,,,,5824926.03,,,
Trend,2025-12-01,ES,Spain,P06,Cloud Connect,Actual,,,,,2635696.71,,,
Trend,2025-12-01,ES,Spain,P07,Voice Firewall & Anti-Fraud,Actual,,,,,2668488.87,,,
Trend,2025-12-01,FR,France,P01,International Voice Termination,Actual,,,,,1715382.73,,,
Trend,2025-12-01,FR,France,P02,A2P Messaging,Actual,,,,,16865729.78,,,
Trend,2025-12-01,FR,France,P03,IPX Roaming & Signalling,Actual,,,,,10378155.44,,,
Trend,2025-12-01,FR,France,P04,IP Transit,Actual,,,,,1404300.76,,,
Trend,2025-12-01,FR,France,P05,Ethernet & Capacity Services,Actual,,,,,3735401.03,,,
Trend,2025-12-01,FR,France,P06,Cloud Connect,Actual,,,,,2526109.7,,,
Trend,2025-12-01,FR,France,P07,Voice Firewall & Anti-Fraud,Actual,,,,,4325511.19,,,
Trend,2025-12-01,GR,Greece,P01,International Voice Termination,Actual,,,,,797575.2,,,
Trend,2025-12-01,GR,Greece,P02,A2P Messaging,Actual,,,,,3194786.64,,,
Trend,2025-12-01,GR,Greece,P03,IPX Roaming & Signalling,Actual,,,,,1654679.77,,,
Trend,2025-12-01,GR,Greece,P04,IP Transit,Actual,,,,,496798.72,,,
Trend,2025-12-01,GR,Greece,P05,Ethernet & Capacity Services,Actual,,,,,847231.13,,,
Trend,2025-12-01,GR,Greece,P07,Voice Firewall & Anti-Fraud,Actual,,,,,1099668.71,,,
Trend,2025-12-01,HR,Croatia,P05,Ethernet & Capacity Services,Actual,,,,,169985.9,,,
Trend,2025-12-01,HR,Croatia,P06,Cloud Connect,Actual,,,,,128076.06,,,
Trend,2025-12-01,HU,Hungary,P01,International Voice Termination,Actual,,,,,1271749.45,,,
Trend,2025-12-01,HU,Hungary,P02,A2P Messaging,Actual,,,,,2589740.89,,,
Trend,2025-12-01,HU,Hungary,P03,IPX Roaming & Signalling,Actual,,,,,1845410.21,,,
Trend,2025-12-01,HU,Hungary,P04,IP Transit,Actual,,,,,603698.43,,,
Trend,2025-12-01,HU,Hungary,P05,Ethernet & Capacity Services,Actual,,,,,1273568.43,,,
Trend,2025-12-01,HU,Hungary,P06,Cloud Connect,Actual,,,,,724837.64,,,
Trend,2025-12-01,HU,Hungary,P07,Voice Firewall & Anti-Fraud,Actual,,,,,1038680.58,,,
Trend,2025-12-01,IT,Italy,P01,International Voice Termination,Actual,,,,,142183.92,,,
Trend,2025-12-01,IT,Italy,P02,A2P Messaging,Actual,,,,,4725846.35,,,
Trend,2025-12-01,IT,Italy,P03,IPX Roaming & Signalling,Actual,,,,,1003414.99,,,
Trend,2025-12-01,IT,Italy,P04,IP Transit,Actual,,,,,1447315.29,,,
Trend,2025-12-01,IT,Italy,P05,Ethernet & Capacity Services,Actual,,,,,5990603.2,,,
Trend,2025-12-01,IT,Italy,P06,Cloud Connect,Actual,,,,,2725512.18,,,
Trend,2025-12-01,IT,Italy,P07,Voice Firewall & Anti-Fraud,Actual,,,,,502993.86,,,
Trend,2025-12-01,NL,Netherlands,P01,International Voice Termination,Actual,,,,,1912968.79,,,
Trend,2025-12-01,NL,Netherlands,P02,A2P Messaging,Actual,,,,,10077556.55,,,
Trend,2025-12-01,NL,Netherlands,P03,IPX Roaming & Signalling,Actual,,,,,5229212.12,,,
Trend,2025-12-01,NL,Netherlands,P04,IP Transit,Actual,,,,,1515382.61,,,
Trend,2025-12-01,NL,Netherlands,P05,Ethernet & Capacity Services,Actual,,,,,2388118.61,,,
Trend,2025-12-01,NL,Netherlands,P06,Cloud Connect,Actual,,,,,128167.53,,,
Trend,2025-12-01,NL,Netherlands,P07,Voice Firewall & Anti-Fraud,Actual,,,,,2259333.09,,,
Trend,2025-12-01,PL,Poland,P01,International Voice Termination,Actual,,,,,1744390.05,,,
Trend,2025-12-01,PL,Poland,P02,A2P Messaging,Actual,,,,,6510251.78,,,
Trend,2025-12-01,PL,Poland,P03,IPX Roaming & Signalling,Actual,,,,,3680180.42,,,
Trend,2025-12-01,PL,Poland,P04,IP Transit,Actual,,,,,1495793.62,,,
Trend,2025-12-01,PL,Poland,P05,Ethernet & Capacity Services,Actual,,,,,3281484.67,,,
Trend,2025-12-01,PL,Poland,P06,Cloud Connect,Actual,,,,,85487.2,,,
Trend,2025-12-01,PL,Poland,P07,Voice Firewall & Anti-Fraud,Actual,,,,,1019302.66,,,
Trend,2025-12-01,RO,Romania,P03,IPX Roaming & Signalling,Actual,,,,,823181.21,,,
Trend,2025-12-01,RO,Romania,P05,Ethernet & Capacity Services,Actual,,,,,1237723.26,,,
Trend,2025-12-01,RO,Romania,P07,Voice Firewall & Anti-Fraud,Actual,,,,,118964.99,,,
Trend,2025-12-01,SK,Slovakia,P01,International Voice Termination,Actual,,,,,294013.43,,,
Trend,2025-12-01,SK,Slovakia,P02,A2P Messaging,Actual,,,,,3290959.94,,,
Trend,2025-12-01,SK,Slovakia,P03,IPX Roaming & Signalling,Actual,,,,,861798.87,,,
Trend,2025-12-01,SK,Slovakia,P05,Ethernet & Capacity Services,Actual,,,,,375691.78,,,
Trend,2026-01-01,AT,Austria,P01,International Voice Termination,Actual,,,,,532499.42,,,
Trend,2026-01-01,AT,Austria,P02,A2P Messaging,Actual,,,,,3529633.59,,,
Trend,2026-01-01,AT,Austria,P03,IPX Roaming & Signalling,Actual,,,,,1225248.32,,,
Trend,2026-01-01,AT,Austria,P04,IP Transit,Actual,,,,,803260.04,,,
Trend,2026-01-01,AT,Austria,P05,Ethernet & Capacity Services,Actual,,,,,1175583.7,,,
Trend,2026-01-01,AT,Austria,P07,Voice Firewall & Anti-Fraud,Actual,,,,,908303.45,,,
Trend,2026-01-01,CZ,Czechia,P03,IPX Roaming & Signalling,Actual,,,,,106098.72,,,
Trend,2026-01-01,CZ,Czechia,P04,IP Transit,Actual,,,,,182047.63,,,
Trend,2026-01-01,CZ,Czechia,P05,Ethernet & Capacity Services,Actual,,,,,1400863.23,,,
Trend,2026-01-01,CZ,Czechia,P06,Cloud Connect,Actual,,,,,208363.99,,,
Trend,2026-01-01,CZ,Czechia,P07,Voice Firewall & Anti-Fraud,Actual,,,,,57526.07,,,
Trend,2026-01-01,DE,Germany,P01,International Voice Termination,Actual,,,,,2601857.92,,,
Trend,2026-01-01,DE,Germany,P02,A2P Messaging,Actual,,,,,5848414.98,,,
Trend,2026-01-01,DE,Germany,P03,IPX Roaming & Signalling,Actual,,,,,5638330.73,,,
Trend,2026-01-01,DE,Germany,P04,IP Transit,Actual,,,,,6001805.36,,,
Trend,2026-01-01,DE,Germany,P05,Ethernet & Capacity Services,Actual,,,,,7738285.09,,,
Trend,2026-01-01,DE,Germany,P06,Cloud Connect,Actual,,,,,6343403.47,,,
Trend,2026-01-01,DE,Germany,P07,Voice Firewall & Anti-Fraud,Actual,,,,,1983281.94,,,
Trend,2026-01-01,ES,Spain,P01,International Voice Termination,Actual,,,,,1045616.45,,,
Trend,2026-01-01,ES,Spain,P02,A2P Messaging,Actual,,,,,11486583.6,,,
Trend,2026-01-01,ES,Spain,P03,IPX Roaming & Signalling,Actual,,,,,3465737.24,,,
Trend,2026-01-01,ES,Spain,P04,IP Transit,Actual,,,,,2418689.55,,,
Trend,2026-01-01,ES,Spain,P05,Ethernet & Capacity Services,Actual,,,,,6009641.01,,,
Trend,2026-01-01,ES,Spain,P06,Cloud Connect,Actual,,,,,2859673.57,,,
Trend,2026-01-01,ES,Spain,P07,Voice Firewall & Anti-Fraud,Actual,,,,,2690412.26,,,
Trend,2026-01-01,FR,France,P01,International Voice Termination,Actual,,,,,1422010.97,,,
Trend,2026-01-01,FR,France,P02,A2P Messaging,Actual,,,,,12520862.53,,,
Trend,2026-01-01,FR,France,P03,IPX Roaming & Signalling,Actual,,,,,9520132.51,,,
Trend,2026-01-01,FR,France,P04,IP Transit,Actual,,,,,1413034.37,,,
Trend,2026-01-01,FR,France,P05,Ethernet & Capacity Services,Actual,,,,,3747330.67,,,
Trend,2026-01-01,FR,France,P06,Cloud Connect,Actual,,,,,2191663.34,,,
Trend,2026-01-01,FR,France,P07,Voice Firewall & Anti-Fraud,Actual,,,,,4083253.73,,,
Trend,2026-01-01,GR,Greece,P01,International Voice Termination,Actual,,,,,685504.65,,,
Trend,2026-01-01,GR,Greece,P02,A2P Messaging,Actual,,,,,2521160.54,,,
Trend,2026-01-01,GR,Greece,P03,IPX Roaming & Signalling,Actual,,,,,1438514.01,,,
Trend,2026-01-01,GR,Greece,P04,IP Transit,Actual,,,,,517050.24,,,
Trend,2026-01-01,GR,Greece,P05,Ethernet & Capacity Services,Actual,,,,,878831.34,,,
Trend,2026-01-01,GR,Greece,P07,Voice Firewall & Anti-Fraud,Actual,,,,,1073182.78,,,
Trend,2026-01-01,HR,Croatia,P05,Ethernet & Capacity Services,Actual,,,,,194102.06,,,
Trend,2026-01-01,HR,Croatia,P06,Cloud Connect,Actual,,,,,145455.05,,,
Trend,2026-01-01,HU,Hungary,P01,International Voice Termination,Actual,,,,,1075194.91,,,
Trend,2026-01-01,HU,Hungary,P02,A2P Messaging,Actual,,,,,2126450.26,,,
Trend,2026-01-01,HU,Hungary,P03,IPX Roaming & Signalling,Actual,,,,,1751578.03,,,
Trend,2026-01-01,HU,Hungary,P04,IP Transit,Actual,,,,,669959.23,,,
Trend,2026-01-01,HU,Hungary,P05,Ethernet & Capacity Services,Actual,,,,,1297290.95,,,
Trend,2026-01-01,HU,Hungary,P06,Cloud Connect,Actual,,,,,711033.52,,,
Trend,2026-01-01,HU,Hungary,P07,Voice Firewall & Anti-Fraud,Actual,,,,,1044416.49,,,
Trend,2026-01-01,IT,Italy,P01,International Voice Termination,Actual,,,,,119253.21,,,
Trend,2026-01-01,IT,Italy,P02,A2P Messaging,Actual,,,,,3573072.9,,,
Trend,2026-01-01,IT,Italy,P03,IPX Roaming & Signalling,Actual,,,,,880978.16,,,
Trend,2026-01-01,IT,Italy,P04,IP Transit,Actual,,,,,1528006.58,,,
Trend,2026-01-01,IT,Italy,P05,Ethernet & Capacity Services,Actual,,,,,5700692.98,,,
Trend,2026-01-01,IT,Italy,P06,Cloud Connect,Actual,,,,,2929995.12,,,
Trend,2026-01-01,IT,Italy,P07,Voice Firewall & Anti-Fraud,Actual,,,,,497897.04,,,
Trend,2026-01-01,NL,Netherlands,P01,International Voice Termination,Actual,,,,,1778461.88,,,
Trend,2026-01-01,NL,Netherlands,P02,A2P Messaging,Actual,,,,,7778975.52,,,
Trend,2026-01-01,NL,Netherlands,P03,IPX Roaming & Signalling,Actual,,,,,4381423.3,,,
Trend,2026-01-01,NL,Netherlands,P04,IP Transit,Actual,,,,,1549119.38,,,
Trend,2026-01-01,NL,Netherlands,P05,Ethernet & Capacity Services,Actual,,,,,2379023.92,,,
Trend,2026-01-01,NL,Netherlands,P06,Cloud Connect,Actual,,,,,131577.93,,,
Trend,2026-01-01,NL,Netherlands,P07,Voice Firewall & Anti-Fraud,Actual,,,,,2313351.32,,,
Trend,2026-01-01,PL,Poland,P01,International Voice Termination,Actual,,,,,1632068.44,,,
Trend,2026-01-01,PL,Poland,P02,A2P Messaging,Actual,,,,,5485329.28,,,
Trend,2026-01-01,PL,Poland,P03,IPX Roaming & Signalling,Actual,,,,,3172898.29,,,
Trend,2026-01-01,PL,Poland,P04,IP Transit,Actual,,,,,1545983.89,,,
Trend,2026-01-01,PL,Poland,P05,Ethernet & Capacity Services,Actual,,,,,3239834.06,,,
Trend,2026-01-01,PL,Poland,P06,Cloud Connect,Actual,,,,,98808.77,,,
Trend,2026-01-01,PL,Poland,P07,Voice Firewall & Anti-Fraud,Actual,,,,,1039034.49,,,
Trend,2026-01-01,RO,Romania,P03,IPX Roaming & Signalling,Actual,,,,,714440.02,,,
Trend,2026-01-01,RO,Romania,P05,Ethernet & Capacity Services,Actual,,,,,1270844.24,,,
Trend,2026-01-01,RO,Romania,P07,Voice Firewall & Anti-Fraud,Actual,,,,,109983.31,,,
Trend,2026-01-01,SK,Slovakia,P01,International Voice Termination,Actual,,,,,271666.37,,,
Trend,2026-01-01,SK,Slovakia,P02,A2P Messaging,Actual,,,,,2389293.86,,,
Trend,2026-01-01,SK,Slovakia,P03,IPX Roaming & Signalling,Actual,,,,,740070.83,,,
Trend,2026-01-01,SK,Slovakia,P05,Ethernet & Capacity Services,Actual,,,,,372829.65,,,
Trend,2026-02-01,AT,Austria,P01,International Voice Termination,Actual,,,,,505995.53,,,
Trend,2026-02-01,AT,Austria,P02,A2P Messaging,Actual,,,,,3743316.74,,,
Trend,2026-02-01,AT,Austria,P03,IPX Roaming & Signalling,Actual,,,,,1144789.11,,,
Trend,2026-02-01,AT,Austria,P04,IP Transit,Actual,,,,,810610.85,,,
Trend,2026-02-01,AT,Austria,P05,Ethernet & Capacity Services,Actual,,,,,1100753.47,,,
Trend,2026-02-01,AT,Austria,P07,Voice Firewall & Anti-Fraud,Actual,,,,,925390.56,,,
Trend,2026-02-01,CZ,Czechia,P03,IPX Roaming & Signalling,Actual,,,,,97229.11,,,
Trend,2026-02-01,CZ,Czechia,P04,IP Transit,Actual,,,,,165598.76,,,
Trend,2026-02-01,CZ,Czechia,P05,Ethernet & Capacity Services,Actual,,,,,1361663.04,,,
Trend,2026-02-01,CZ,Czechia,P06,Cloud Connect,Actual,,,,,184977.24,,,
Trend,2026-02-01,CZ,Czechia,P07,Voice Firewall & Anti-Fraud,Actual,,,,,52187.17,,,
Trend,2026-02-01,DE,Germany,P01,International Voice Termination,Actual,,,,,2405685.17,,,
Trend,2026-02-01,DE,Germany,P02,A2P Messaging,Actual,,,,,5812687.73,,,
Trend,2026-02-01,DE,Germany,P03,IPX Roaming & Signalling,Actual,,,,,5727843.14,,,
Trend,2026-02-01,DE,Germany,P04,IP Transit,Actual,,,,,5730859.53,,,
Trend,2026-02-01,DE,Germany,P05,Ethernet & Capacity Services,Actual,,,,,7420520.54,,,
Trend,2026-02-01,DE,Germany,P06,Cloud Connect,Actual,,,,,6546897.19,,,
Trend,2026-02-01,DE,Germany,P07,Voice Firewall & Anti-Fraud,Actual,,,,,1885559.98,,,
Trend,2026-02-01,ES,Spain,P01,International Voice Termination,Actual,,,,,984500.42,,,
Trend,2026-02-01,ES,Spain,P02,A2P Messaging,Actual,,,,,12142136.83,,,
Trend,2026-02-01,ES,Spain,P03,IPX Roaming & Signalling,Actual,,,,,3371189.06,,,
Trend,2026-02-01,ES,Spain,P04,IP Transit,Actual,,,,,2480096.69,,,
Trend,2026-02-01,ES,Spain,P05,Ethernet & Capacity Services,Actual,,,,,6018800.9,,,
Trend,2026-02-01,ES,Spain,P06,Cloud Connect,Actual,,,,,2866138.78,,,
Trend,2026-02-01,ES,Spain,P07,Voice Firewall & Anti-Fraud,Actual,,,,,2709538.4,,,
Trend,2026-02-01,FR,France,P01,International Voice Termination,Actual,,,,,1330361.34,,,
Trend,2026-02-01,FR,France,P02,A2P Messaging,Actual,,,,,13821164.74,,,
Trend,2026-02-01,FR,France,P03,IPX Roaming & Signalling,Actual,,,,,9369004.05,,,
Trend,2026-02-01,FR,France,P04,IP Transit,Actual,,,,,1496264.98,,,
Trend,2026-02-01,FR,France,P05,Ethernet & Capacity Services,Actual,,,,,3736213.47,,,
Trend,2026-02-01,FR,France,P06,Cloud Connect,Actual,,,,,1734656.24,,,
Trend,2026-02-01,FR,France,P07,Voice Firewall & Anti-Fraud,Actual,,,,,4319231.14,,,
Trend,2026-02-01,GR,Greece,P01,International Voice Termination,Actual,,,,,627806.17,,,
Trend,2026-02-01,GR,Greece,P02,A2P Messaging,Actual,,,,,2608860.34,,,
Trend,2026-02-01,GR,Greece,P03,IPX Roaming & Signalling,Actual,,,,,1445969.07,,,
Trend,2026-02-01,GR,Greece,P04,IP Transit,Actual,,,,,485196.56,,,
Trend,2026-02-01,GR,Greece,P05,Ethernet & Capacity Services,Actual,,,,,900315.26,,,
Trend,2026-02-01,GR,Greece,P07,Voice Firewall & Anti-Fraud,Actual,,,,,1083172.35,,,
Trend,2026-02-01,HR,Croatia,P05,Ethernet & Capacity Services,Actual,,,,,170377.37,,,
Trend,2026-02-01,HR,Croatia,P06,Cloud Connect,Actual,,,,,134880.79,,,
Trend,2026-02-01,HU,Hungary,P01,International Voice Termination,Actual,,,,,983194.31,,,
Trend,2026-02-01,HU,Hungary,P02,A2P Messaging,Actual,,,,,2113403.6,,,
Trend,2026-02-01,HU,Hungary,P03,IPX Roaming & Signalling,Actual,,,,,1750660.78,,,
Trend,2026-02-01,HU,Hungary,P04,IP Transit,Actual,,,,,660471.04,,,
Trend,2026-02-01,HU,Hungary,P05,Ethernet & Capacity Services,Actual,,,,,1234964.39,,,
Trend,2026-02-01,HU,Hungary,P06,Cloud Connect,Actual,,,,,788717.27,,,
Trend,2026-02-01,HU,Hungary,P07,Voice Firewall & Anti-Fraud,Actual,,,,,1028289.84,,,
Trend,2026-02-01,IT,Italy,P01,International Voice Termination,Actual,,,,,120821.1,,,
Trend,2026-02-01,IT,Italy,P02,A2P Messaging,Actual,,,,,3581688.38,,,
Trend,2026-02-01,IT,Italy,P03,IPX Roaming & Signalling,Actual,,,,,901701.31,,,
Trend,2026-02-01,IT,Italy,P04,IP Transit,Actual,,,,,1457228.76,,,
Trend,2026-02-01,IT,Italy,P05,Ethernet & Capacity Services,Actual,,,,,5725378.14,,,
Trend,2026-02-01,IT,Italy,P06,Cloud Connect,Actual,,,,,3039073.14,,,
Trend,2026-02-01,IT,Italy,P07,Voice Firewall & Anti-Fraud,Actual,,,,,485661.58,,,
Trend,2026-02-01,NL,Netherlands,P01,International Voice Termination,Actual,,,,,1404511.16,,,
Trend,2026-02-01,NL,Netherlands,P02,A2P Messaging,Actual,,,,,8786760.53,,,
Trend,2026-02-01,NL,Netherlands,P03,IPX Roaming & Signalling,Actual,,,,,4378048.45,,,
Trend,2026-02-01,NL,Netherlands,P04,IP Transit,Actual,,,,,1600572.49,,,
Trend,2026-02-01,NL,Netherlands,P05,Ethernet & Capacity Services,Actual,,,,,2224887.95,,,
Trend,2026-02-01,NL,Netherlands,P06,Cloud Connect,Actual,,,,,144587.75,,,
Trend,2026-02-01,NL,Netherlands,P07,Voice Firewall & Anti-Fraud,Actual,,,,,2254497.52,,,
Trend,2026-02-01,PL,Poland,P01,International Voice Termination,Actual,,,,,1437765.36,,,
Trend,2026-02-01,PL,Poland,P02,A2P Messaging,Actual,,,,,5594459.16,,,
Trend,2026-02-01,PL,Poland,P03,IPX Roaming & Signalling,Actual,,,,,3371747.78,,,
Trend,2026-02-01,PL,Poland,P04,IP Transit,Actual,,,,,1599203.35,,,
Trend,2026-02-01,PL,Poland,P05,Ethernet & Capacity Services,Actual,,,,,3443783.65,,,
Trend,2026-02-01,PL,Poland,P06,Cloud Connect,Actual,,,,,94334.63,,,
Trend,2026-02-01,PL,Poland,P07,Voice Firewall & Anti-Fraud,Actual,,,,,1070672.74,,,
Trend,2026-02-01,RO,Romania,P03,IPX Roaming & Signalling,Actual,,,,,723370.84,,,
Trend,2026-02-01,RO,Romania,P05,Ethernet & Capacity Services,Actual,,,,,1191589.12,,,
Trend,2026-02-01,RO,Romania,P07,Voice Firewall & Anti-Fraud,Actual,,,,,120599.99,,,
Trend,2026-02-01,SK,Slovakia,P01,International Voice Termination,Actual,,,,,243227.92,,,
Trend,2026-02-01,SK,Slovakia,P02,A2P Messaging,Actual,,,,,2550285.19,,,
Trend,2026-02-01,SK,Slovakia,P03,IPX Roaming & Signalling,Actual,,,,,741947.32,,,
Trend,2026-02-01,SK,Slovakia,P05,Ethernet & Capacity Services,Actual,,,,,331127.72,,,
Trend,2026-03-01,AT,Austria,P01,International Voice Termination,Actual,,,,,505838.83,,,
Trend,2026-03-01,AT,Austria,P02,A2P Messaging,Actual,,,,,3624974.79,,,
Trend,2026-03-01,AT,Austria,P03,IPX Roaming & Signalling,Actual,,,,,1307614.09,,,
Trend,2026-03-01,AT,Austria,P04,IP Transit,Actual,,,,,863665.9,,,
Trend,2026-03-01,AT,Austria,P05,Ethernet & Capacity Services,Actual,,,,,1219820.71,,,
Trend,2026-03-01,AT,Austria,P07,Voice Firewall & Anti-Fraud,Actual,,,,,890062.37,,,
Trend,2026-03-01,CZ,Czechia,P03,IPX Roaming & Signalling,Actual,,,,,107281.73,,,
Trend,2026-03-01,CZ,Czechia,P04,IP Transit,Actual,,,,,179615.73,,,
Trend,2026-03-01,CZ,Czechia,P05,Ethernet & Capacity Services,Actual,,,,,1355544.2,,,
Trend,2026-03-01,CZ,Czechia,P06,Cloud Connect,Actual,,,,,208281.56,,,
Trend,2026-03-01,CZ,Czechia,P07,Voice Firewall & Anti-Fraud,Actual,,,,,49491.85,,,
Trend,2026-03-01,DE,Germany,P01,International Voice Termination,Actual,,,,,2519824.45,,,
Trend,2026-03-01,DE,Germany,P02,A2P Messaging,Actual,,,,,6111334.99,,,
Trend,2026-03-01,DE,Germany,P03,IPX Roaming & Signalling,Actual,,,,,6199046.23,,,
Trend,2026-03-01,DE,Germany,P04,IP Transit,Actual,,,,,6388842.64,,,
Trend,2026-03-01,DE,Germany,P05,Ethernet & Capacity Services,Actual,,,,,7559717.15,,,
Trend,2026-03-01,DE,Germany,P06,Cloud Connect,Actual,,,,,6640570.83,,,
Trend,2026-03-01,DE,Germany,P07,Voice Firewall & Anti-Fraud,Actual,,,,,2006927.62,,,
Trend,2026-03-01,ES,Spain,P01,International Voice Termination,Actual,,,,,1034632.01,,,
Trend,2026-03-01,ES,Spain,P02,A2P Messaging,Actual,,,,,13404685.16,,,
Trend,2026-03-01,ES,Spain,P03,IPX Roaming & Signalling,Actual,,,,,3990648.53,,,
Trend,2026-03-01,ES,Spain,P04,IP Transit,Actual,,,,,2719342.45,,,
Trend,2026-03-01,ES,Spain,P05,Ethernet & Capacity Services,Actual,,,,,6071451.15,,,
Trend,2026-03-01,ES,Spain,P06,Cloud Connect,Actual,,,,,3016453.15,,,
Trend,2026-03-01,ES,Spain,P07,Voice Firewall & Anti-Fraud,Actual,,,,,2815734.78,,,
Trend,2026-03-01,FR,France,P01,International Voice Termination,Actual,,,,,1418490.69,,,
Trend,2026-03-01,FR,France,P02,A2P Messaging,Actual,,,,,14579072.78,,,
Trend,2026-03-01,FR,France,P03,IPX Roaming & Signalling,Actual,,,,,10908847.85,,,
Trend,2026-03-01,FR,France,P04,IP Transit,Actual,,,,,1471895.14,,,
Trend,2026-03-01,FR,France,P05,Ethernet & Capacity Services,Actual,,,,,4016627.08,,,
Trend,2026-03-01,FR,France,P06,Cloud Connect,Actual,,,,,1896277.61,,,
Trend,2026-03-01,FR,France,P07,Voice Firewall & Anti-Fraud,Actual,,,,,4525478.15,,,
Trend,2026-03-01,GR,Greece,P01,International Voice Termination,Actual,,,,,681151.45,,,
Trend,2026-03-01,GR,Greece,P02,A2P Messaging,Actual,,,,,2554333.89,,,
Trend,2026-03-01,GR,Greece,P03,IPX Roaming & Signalling,Actual,,,,,1709195.02,,,
Trend,2026-03-01,GR,Greece,P04,IP Transit,Actual,,,,,513911.39,,,
Trend,2026-03-01,GR,Greece,P05,Ethernet & Capacity Services,Actual,,,,,937843.08,,,
Trend,2026-03-01,GR,Greece,P07,Voice Firewall & Anti-Fraud,Actual,,,,,1118769.39,,,
Trend,2026-03-01,HR,Croatia,P05,Ethernet & Capacity Services,Actual,,,,,179891.86,,,
Trend,2026-03-01,HR,Croatia,P06,Cloud Connect,Actual,,,,,137062.82,,,
Trend,2026-03-01,HU,Hungary,P01,International Voice Termination,Actual,,,,,1118861.42,,,
Trend,2026-03-01,HU,Hungary,P02,A2P Messaging,Actual,,,,,2383857.33,,,
Trend,2026-03-01,HU,Hungary,P03,IPX Roaming & Signalling,Actual,,,,,2061507.3,,,
Trend,2026-03-01,HU,Hungary,P04,IP Transit,Actual,,,,,707202.68,,,
Trend,2026-03-01,HU,Hungary,P05,Ethernet & Capacity Services,Actual,,,,,1239433.36,,,
Trend,2026-03-01,HU,Hungary,P06,Cloud Connect,Actual,,,,,782564.65,,,
Trend,2026-03-01,HU,Hungary,P07,Voice Firewall & Anti-Fraud,Actual,,,,,1131220.72,,,
Trend,2026-03-01,IT,Italy,P01,International Voice Termination,Actual,,,,,131985.18,,,
Trend,2026-03-01,IT,Italy,P02,A2P Messaging,Actual,,,,,3973641.94,,,
Trend,2026-03-01,IT,Italy,P03,IPX Roaming & Signalling,Actual,,,,,969353.88,,,
Trend,2026-03-01,IT,Italy,P04,IP Transit,Actual,,,,,1481214.04,,,
Trend,2026-03-01,IT,Italy,P05,Ethernet & Capacity Services,Actual,,,,,5948930.58,,,
Trend,2026-03-01,IT,Italy,P06,Cloud Connect,Actual,,,,,2990661.03,,,
Trend,2026-03-01,IT,Italy,P07,Voice Firewall & Anti-Fraud,Actual,,,,,498562.39,,,
Trend,2026-03-01,NL,Netherlands,P01,International Voice Termination,Actual,,,,,1287149.71,,,
Trend,2026-03-01,NL,Netherlands,P02,A2P Messaging,Actual,,,,,8845220.26,,,
Trend,2026-03-01,NL,Netherlands,P03,IPX Roaming & Signalling,Actual,,,,,4909926.46,,,
Trend,2026-03-01,NL,Netherlands,P04,IP Transit,Actual,,,,,1721394.78,,,
Trend,2026-03-01,NL,Netherlands,P05,Ethernet & Capacity Services,Actual,,,,,2214953.01,,,
Trend,2026-03-01,NL,Netherlands,P06,Cloud Connect,Actual,,,,,160432.62,,,
Trend,2026-03-01,NL,Netherlands,P07,Voice Firewall & Anti-Fraud,Actual,,,,,2321227.21,,,
Trend,2026-03-01,PL,Poland,P01,International Voice Termination,Actual,,,,,1555118.6,,,
Trend,2026-03-01,PL,Poland,P02,A2P Messaging,Actual,,,,,6171212.44,,,
Trend,2026-03-01,PL,Poland,P03,IPX Roaming & Signalling,Actual,,,,,3807968.36,,,
Trend,2026-03-01,PL,Poland,P04,IP Transit,Actual,,,,,1498567.66,,,
Trend,2026-03-01,PL,Poland,P05,Ethernet & Capacity Services,Actual,,,,,3457312.61,,,
Trend,2026-03-01,PL,Poland,P06,Cloud Connect,Actual,,,,,98694.81,,,
Trend,2026-03-01,PL,Poland,P07,Voice Firewall & Anti-Fraud,Actual,,,,,1070609.63,,,
Trend,2026-03-01,RO,Romania,P03,IPX Roaming & Signalling,Actual,,,,,821493.99,,,
Trend,2026-03-01,RO,Romania,P05,Ethernet & Capacity Services,Actual,,,,,1278727.3,,,
Trend,2026-03-01,RO,Romania,P07,Voice Firewall & Anti-Fraud,Actual,,,,,134318.95,,,
Trend,2026-03-01,SK,Slovakia,P01,International Voice Termination,Actual,,,,,252121.72,,,
Trend,2026-03-01,SK,Slovakia,P02,A2P Messaging,Actual,,,,,2811891.6,,,
Trend,2026-03-01,SK,Slovakia,P03,IPX Roaming & Signalling,Actual,,,,,819567.18,,,
Trend,2026-03-01,SK,Slovakia,P05,Ethernet & Capacity Services,Actual,,,,,353110.8,,,
Trend,2026-04-01,AT,Austria,P01,International Voice Termination,Actual,,,,,473847.04,,,
Trend,2026-04-01,AT,Austria,P02,A2P Messaging,Actual,,,,,4080258.14,,,
Trend,2026-04-01,AT,Austria,P03,IPX Roaming & Signalling,Actual,,,,,1480902.85,,,
Trend,2026-04-01,AT,Austria,P04,IP Transit,Actual,,,,,807701.69,,,
Trend,2026-04-01,AT,Austria,P05,Ethernet & Capacity Services,Actual,,,,,1215639.14,,,
Trend,2026-04-01,AT,Austria,P07,Voice Firewall & Anti-Fraud,Actual,,,,,871059.46,,,
Trend,2026-04-01,CZ,Czechia,P03,IPX Roaming & Signalling,Actual,,,,,137557.29,,,
Trend,2026-04-01,CZ,Czechia,P04,IP Transit,Actual,,,,,167208.93,,,
Trend,2026-04-01,CZ,Czechia,P05,Ethernet & Capacity Services,Actual,,,,,1322833.42,,,
Trend,2026-04-01,CZ,Czechia,P06,Cloud Connect,Actual,,,,,217379.48,,,
Trend,2026-04-01,CZ,Czechia,P07,Voice Firewall & Anti-Fraud,Actual,,,,,54728.23,,,
Trend,2026-04-01,DE,Germany,P01,International Voice Termination,Actual,,,,,2620394.11,,,
Trend,2026-04-01,DE,Germany,P02,A2P Messaging,Actual,,,,,6402951.22,,,
Trend,2026-04-01,DE,Germany,P03,IPX Roaming & Signalling,Actual,,,,,7260839.46,,,
Trend,2026-04-01,DE,Germany,P04,IP Transit,Actual,,,,,6241184.47,,,
Trend,2026-04-01,DE,Germany,P05,Ethernet & Capacity Services,Actual,,,,,7845271.01,,,
Trend,2026-04-01,DE,Germany,P06,Cloud Connect,Actual,,,,,6819704.46,,,
Trend,2026-04-01,DE,Germany,P07,Voice Firewall & Anti-Fraud,Actual,,,,,1986333.61,,,
Trend,2026-04-01,ES,Spain,P01,International Voice Termination,Actual,,,,,1020144.27,,,
Trend,2026-04-01,ES,Spain,P02,A2P Messaging,Actual,,,,,13995475.0,,,
Trend,2026-04-01,ES,Spain,P03,IPX Roaming & Signalling,Actual,,,,,4326706.09,,,
Trend,2026-04-01,ES,Spain,P04,IP Transit,Actual,,,,,2444607.52,,,
Trend,2026-04-01,ES,Spain,P05,Ethernet & Capacity Services,Actual,,,,,6167356.18,,,
Trend,2026-04-01,ES,Spain,P06,Cloud Connect,Actual,,,,,3006200.25,,,
Trend,2026-04-01,ES,Spain,P07,Voice Firewall & Anti-Fraud,Actual,,,,,2772985.49,,,
Trend,2026-04-01,FR,France,P01,International Voice Termination,Actual,,,,,1526698.67,,,
Trend,2026-04-01,FR,France,P02,A2P Messaging,Actual,,,,,14654327.38,,,
Trend,2026-04-01,FR,France,P03,IPX Roaming & Signalling,Actual,,,,,11719009.3,,,
Trend,2026-04-01,FR,France,P04,IP Transit,Actual,,,,,1466040.14,,,
Trend,2026-04-01,FR,France,P05,Ethernet & Capacity Services,Actual,,,,,3788069.24,,,
Trend,2026-04-01,FR,France,P06,Cloud Connect,Actual,,,,,1899142.02,,,
Trend,2026-04-01,FR,France,P07,Voice Firewall & Anti-Fraud,Actual,,,,,4342443.12,,,
Trend,2026-04-01,GR,Greece,P01,International Voice Termination,Actual,,,,,675306.25,,,
Trend,2026-04-01,GR,Greece,P02,A2P Messaging,Actual,,,,,2723404.77,,,
Trend,2026-04-01,GR,Greece,P03,IPX Roaming & Signalling,Actual,,,,,1894345.29,,,
Trend,2026-04-01,GR,Greece,P04,IP Transit,Actual,,,,,495761.01,,,
Trend,2026-04-01,GR,Greece,P05,Ethernet & Capacity Services,Actual,,,,,938609.62,,,
Trend,2026-04-01,GR,Greece,P07,Voice Firewall & Anti-Fraud,Actual,,,,,1061903.75,,,
Trend,2026-04-01,HR,Croatia,P05,Ethernet & Capacity Services,Actual,,,,,185148.58,,,
Trend,2026-04-01,HR,Croatia,P06,Cloud Connect,Actual,,,,,145477.3,,,
Trend,2026-04-01,HU,Hungary,P01,International Voice Termination,Actual,,,,,1054970.81,,,
Trend,2026-04-01,HU,Hungary,P02,A2P Messaging,Actual,,,,,2475885.31,,,
Trend,2026-04-01,HU,Hungary,P03,IPX Roaming & Signalling,Actual,,,,,2276157.99,,,
Trend,2026-04-01,HU,Hungary,P04,IP Transit,Actual,,,,,671559.77,,,
Trend,2026-04-01,HU,Hungary,P05,Ethernet & Capacity Services,Actual,,,,,1309020.55,,,
Trend,2026-04-01,HU,Hungary,P06,Cloud Connect,Actual,,,,,806693.92,,,
Trend,2026-04-01,HU,Hungary,P07,Voice Firewall & Anti-Fraud,Actual,,,,,1086922.04,,,
Trend,2026-04-01,IT,Italy,P01,International Voice Termination,Actual,,,,,113593.95,,,
Trend,2026-04-01,IT,Italy,P02,A2P Messaging,Actual,,,,,3956480.08,,,
Trend,2026-04-01,IT,Italy,P03,IPX Roaming & Signalling,Actual,,,,,1021368.96,,,
Trend,2026-04-01,IT,Italy,P04,IP Transit,Actual,,,,,1508849.26,,,
Trend,2026-04-01,IT,Italy,P05,Ethernet & Capacity Services,Actual,,,,,6009414.84,,,
Trend,2026-04-01,IT,Italy,P06,Cloud Connect,Actual,,,,,3230507.85,,,
Trend,2026-04-01,IT,Italy,P07,Voice Firewall & Anti-Fraud,Actual,,,,,499758.88,,,
Trend,2026-04-01,NL,Netherlands,P01,International Voice Termination,Actual,,,,,1256234.94,,,
Trend,2026-04-01,NL,Netherlands,P02,A2P Messaging,Actual,,,,,9347650.67,,,
Trend,2026-04-01,NL,Netherlands,P03,IPX Roaming & Signalling,Actual,,,,,5808913.11,,,
Trend,2026-04-01,NL,Netherlands,P04,IP Transit,Actual,,,,,1782980.67,,,
Trend,2026-04-01,NL,Netherlands,P05,Ethernet & Capacity Services,Actual,,,,,2450021.5,,,
Trend,2026-04-01,NL,Netherlands,P06,Cloud Connect,Actual,,,,,157528.34,,,
Trend,2026-04-01,NL,Netherlands,P07,Voice Firewall & Anti-Fraud,Actual,,,,,2315944.06,,,
Trend,2026-04-01,PL,Poland,P01,International Voice Termination,Actual,,,,,1412796.73,,,
Trend,2026-04-01,PL,Poland,P02,A2P Messaging,Actual,,,,,6438384.41,,,
Trend,2026-04-01,PL,Poland,P03,IPX Roaming & Signalling,Actual,,,,,4441281.47,,,
Trend,2026-04-01,PL,Poland,P04,IP Transit,Actual,,,,,1544495.88,,,
Trend,2026-04-01,PL,Poland,P05,Ethernet & Capacity Services,Actual,,,,,3399831.54,,,
Trend,2026-04-01,PL,Poland,P06,Cloud Connect,Actual,,,,,103278.55,,,
Trend,2026-04-01,PL,Poland,P07,Voice Firewall & Anti-Fraud,Actual,,,,,1177194.91,,,
Trend,2026-04-01,RO,Romania,P03,IPX Roaming & Signalling,Actual,,,,,983903.98,,,
Trend,2026-04-01,RO,Romania,P05,Ethernet & Capacity Services,Actual,,,,,1252188.58,,,
Trend,2026-04-01,RO,Romania,P07,Voice Firewall & Anti-Fraud,Actual,,,,,137132.92,,,
Trend,2026-04-01,SK,Slovakia,P01,International Voice Termination,Actual,,,,,244595.86,,,
Trend,2026-04-01,SK,Slovakia,P02,A2P Messaging,Actual,,,,,3090831.75,,,
Trend,2026-04-01,SK,Slovakia,P03,IPX Roaming & Signalling,Actual,,,,,965521.0,,,
Trend,2026-04-01,SK,Slovakia,P05,Ethernet & Capacity Services,Actual,,,,,339986.76,,,
Trend,2026-05-01,AT,Austria,P01,International Voice Termination,Actual,,,,,500703.11,,,
Trend,2026-05-01,AT,Austria,P02,A2P Messaging,Actual,,,,,4207760.48,,,
Trend,2026-05-01,AT,Austria,P03,IPX Roaming & Signalling,Actual,,,,,1823500.59,,,
Trend,2026-05-01,AT,Austria,P04,IP Transit,Actual,,,,,859400.01,,,
Trend,2026-05-01,AT,Austria,P05,Ethernet & Capacity Services,Actual,,,,,1110618.14,,,
Trend,2026-05-01,AT,Austria,P07,Voice Firewall & Anti-Fraud,Actual,,,,,945036.87,,,
Trend,2026-05-01,CZ,Czechia,P03,IPX Roaming & Signalling,Actual,,,,,139018.42,,,
Trend,2026-05-01,CZ,Czechia,P04,IP Transit,Actual,,,,,187434.5,,,
Trend,2026-05-01,CZ,Czechia,P05,Ethernet & Capacity Services,Actual,,,,,1326310.18,,,
Trend,2026-05-01,CZ,Czechia,P06,Cloud Connect,Actual,,,,,223247.38,,,
Trend,2026-05-01,CZ,Czechia,P07,Voice Firewall & Anti-Fraud,Actual,,,,,57093.0,,,
Trend,2026-05-01,DE,Germany,P01,International Voice Termination,Actual,,,,,2435881.31,,,
Trend,2026-05-01,DE,Germany,P02,A2P Messaging,Actual,,,,,6329021.14,,,
Trend,2026-05-01,DE,Germany,P03,IPX Roaming & Signalling,Actual,,,,,8061192.55,,,
Trend,2026-05-01,DE,Germany,P04,IP Transit,Actual,,,,,6264150.91,,,
Trend,2026-05-01,DE,Germany,P05,Ethernet & Capacity Services,Actual,,,,,7574283.24,,,
Trend,2026-05-01,DE,Germany,P06,Cloud Connect,Actual,,,,,6943139.37,,,
Trend,2026-05-01,DE,Germany,P07,Voice Firewall & Anti-Fraud,Actual,,,,,2054454.34,,,
Trend,2026-05-01,ES,Spain,P01,International Voice Termination,Actual,,,,,1041198.63,,,
Trend,2026-05-01,ES,Spain,P02,A2P Messaging,Actual,,,,,14666368.76,,,
Trend,2026-05-01,ES,Spain,P03,IPX Roaming & Signalling,Actual,,,,,4699131.25,,,
Trend,2026-05-01,ES,Spain,P04,IP Transit,Actual,,,,,2669477.79,,,
Trend,2026-05-01,ES,Spain,P05,Ethernet & Capacity Services,Actual,,,,,5956644.33,,,
Trend,2026-05-01,ES,Spain,P06,Cloud Connect,Actual,,,,,3036146.73,,,
Trend,2026-05-01,ES,Spain,P07,Voice Firewall & Anti-Fraud,Actual,,,,,2767147.42,,,
Trend,2026-05-01,FR,France,P01,International Voice Termination,Actual,,,,,1449802.37,,,
Trend,2026-05-01,FR,France,P02,A2P Messaging,Actual,,,,,15139822.04,,,
Trend,2026-05-01,FR,France,P03,IPX Roaming & Signalling,Actual,,,,,13089007.16,,,
Trend,2026-05-01,FR,France,P04,IP Transit,Actual,,,,,1542307.03,,,
Trend,2026-05-01,FR,France,P05,Ethernet & Capacity Services,Actual,,,,,3888411.72,,,
Trend,2026-05-01,FR,France,P06,Cloud Connect,Actual,,,,,1998582.38,,,
Trend,2026-05-01,FR,France,P07,Voice Firewall & Anti-Fraud,Actual,,,,,4510016.21,,,
Trend,2026-05-01,GR,Greece,P01,International Voice Termination,Actual,,,,,647485.96,,,
Trend,2026-05-01,GR,Greece,P02,A2P Messaging,Actual,,,,,2803227.87,,,
Trend,2026-05-01,GR,Greece,P03,IPX Roaming & Signalling,Actual,,,,,2171541.55,,,
Trend,2026-05-01,GR,Greece,P04,IP Transit,Actual,,,,,562728.71,,,
Trend,2026-05-01,GR,Greece,P05,Ethernet & Capacity Services,Actual,,,,,891649.92,,,
Trend,2026-05-01,GR,Greece,P07,Voice Firewall & Anti-Fraud,Actual,,,,,1108909.55,,,
Trend,2026-05-01,HR,Croatia,P05,Ethernet & Capacity Services,Actual,,,,,185499.46,,,
Trend,2026-05-01,HR,Croatia,P06,Cloud Connect,Actual,,,,,146583.39,,,
Trend,2026-05-01,HU,Hungary,P01,International Voice Termination,Actual,,,,,1045705.56,,,
Trend,2026-05-01,HU,Hungary,P02,A2P Messaging,Actual,,,,,2403969.61,,,
Trend,2026-05-01,HU,Hungary,P03,IPX Roaming & Signalling,Actual,,,,,2468340.19,,,
Trend,2026-05-01,HU,Hungary,P04,IP Transit,Actual,,,,,700618.47,,,
Trend,2026-05-01,HU,Hungary,P05,Ethernet & Capacity Services,Actual,,,,,1332340.65,,,
Trend,2026-05-01,HU,Hungary,P06,Cloud Connect,Actual,,,,,774504.34,,,
Trend,2026-05-01,HU,Hungary,P07,Voice Firewall & Anti-Fraud,Actual,,,,,1081733.55,,,
Trend,2026-05-01,IT,Italy,P01,International Voice Termination,Actual,,,,,119353.66,,,
Trend,2026-05-01,IT,Italy,P02,A2P Messaging,Actual,,,,,4072481.23,,,
Trend,2026-05-01,IT,Italy,P03,IPX Roaming & Signalling,Actual,,,,,1197013.19,,,
Trend,2026-05-01,IT,Italy,P04,IP Transit,Actual,,,,,1552290.91,,,
Trend,2026-05-01,IT,Italy,P05,Ethernet & Capacity Services,Actual,,,,,6349633.44,,,
Trend,2026-05-01,IT,Italy,P06,Cloud Connect,Actual,,,,,3175387.46,,,
Trend,2026-05-01,IT,Italy,P07,Voice Firewall & Anti-Fraud,Actual,,,,,491055.88,,,
Trend,2026-05-01,NL,Netherlands,P01,International Voice Termination,Actual,,,,,1282614.35,,,
Trend,2026-05-01,NL,Netherlands,P02,A2P Messaging,Actual,,,,,9896829.09,,,
Trend,2026-05-01,NL,Netherlands,P03,IPX Roaming & Signalling,Actual,,,,,6613027.12,,,
Trend,2026-05-01,NL,Netherlands,P04,IP Transit,Actual,,,,,1542266.42,,,
Trend,2026-05-01,NL,Netherlands,P05,Ethernet & Capacity Services,Actual,,,,,2402271.3,,,
Trend,2026-05-01,NL,Netherlands,P06,Cloud Connect,Actual,,,,,164331.68,,,
Trend,2026-05-01,NL,Netherlands,P07,Voice Firewall & Anti-Fraud,Actual,,,,,2510482.08,,,
Trend,2026-05-01,PL,Poland,P01,International Voice Termination,Actual,,,,,1488297.56,,,
Trend,2026-05-01,PL,Poland,P02,A2P Messaging,Actual,,,,,6364925.06,,,
Trend,2026-05-01,PL,Poland,P03,IPX Roaming & Signalling,Actual,,,,,4708357.84,,,
Trend,2026-05-01,PL,Poland,P04,IP Transit,Actual,,,,,1619385.2,,,
Trend,2026-05-01,PL,Poland,P05,Ethernet & Capacity Services,Actual,,,,,3484107.74,,,
Trend,2026-05-01,PL,Poland,P06,Cloud Connect,Actual,,,,,103085.74,,,
Trend,2026-05-01,PL,Poland,P07,Voice Firewall & Anti-Fraud,Actual,,,,,1191106.81,,,
Trend,2026-05-01,RO,Romania,P03,IPX Roaming & Signalling,Actual,,,,,979723.08,,,
Trend,2026-05-01,RO,Romania,P05,Ethernet & Capacity Services,Actual,,,,,1321299.57,,,
Trend,2026-05-01,RO,Romania,P07,Voice Firewall & Anti-Fraud,Actual,,,,,141680.67,,,
Trend,2026-05-01,SK,Slovakia,P01,International Voice Termination,Actual,,,,,243146.78,,,
Trend,2026-05-01,SK,Slovakia,P02,A2P Messaging,Actual,,,,,2901259.74,,,
Trend,2026-05-01,SK,Slovakia,P03,IPX Roaming & Signalling,Actual,,,,,1070551.36,,,
Trend,2026-05-01,SK,Slovakia,P05,Ethernet & Capacity Services,Actual,,,,,372353.73,,,
Trend,2026-06-01,AT,Austria,P01,International Voice Termination,Actual,,,,,452370.56,,,
Trend,2026-06-01,AT,Austria,P02,A2P Messaging,Actual,,,,,4068186.4,,,
Trend,2026-06-01,AT,Austria,P03,IPX Roaming & Signalling,Actual,,,,,1964236.28,,,
Trend,2026-06-01,AT,Austria,P04,IP Transit,Actual,,,,,882882.57,,,
Trend,2026-06-01,AT,Austria,P05,Ethernet & Capacity Services,Actual,,,,,1243355.32,,,
Trend,2026-06-01,AT,Austria,P07,Voice Firewall & Anti-Fraud,Actual,,,,,946027.23,,,
Trend,2026-06-01,CZ,Czechia,P03,IPX Roaming & Signalling,Actual,,,,,180498.2,,,
Trend,2026-06-01,CZ,Czechia,P04,IP Transit,Actual,,,,,192494.29,,,
Trend,2026-06-01,CZ,Czechia,P05,Ethernet & Capacity Services,Actual,,,,,1321145.66,,,
Trend,2026-06-01,CZ,Czechia,P06,Cloud Connect,Actual,,,,,223508.05,,,
Trend,2026-06-01,CZ,Czechia,P07,Voice Firewall & Anti-Fraud,Actual,,,,,54971.57,,,
Trend,2026-06-01,DE,Germany,P01,International Voice Termination,Actual,,,,,2416011.94,,,
Trend,2026-06-01,DE,Germany,P02,A2P Messaging,Actual,,,,,6496763.23,,,
Trend,2026-06-01,DE,Germany,P03,IPX Roaming & Signalling,Actual,,,,,9331336.91,,,
Trend,2026-06-01,DE,Germany,P04,IP Transit,Actual,,,,,6262220.39,,,
Trend,2026-06-01,DE,Germany,P05,Ethernet & Capacity Services,Actual,,,,,7569146.72,,,
Trend,2026-06-01,DE,Germany,P06,Cloud Connect,Actual,,,,,7241766.55,,,
Trend,2026-06-01,DE,Germany,P07,Voice Firewall & Anti-Fraud,Actual,,,,,2015521.37,,,
Trend,2026-06-01,ES,Spain,P01,International Voice Termination,Actual,,,,,952737.76,,,
Trend,2026-06-01,ES,Spain,P02,A2P Messaging,Actual,,,,,13581516.55,,,
Trend,2026-06-01,ES,Spain,P03,IPX Roaming & Signalling,Actual,,,,,5464704.04,,,
Trend,2026-06-01,ES,Spain,P04,IP Transit,Actual,,,,,2650063.46,,,
Trend,2026-06-01,ES,Spain,P05,Ethernet & Capacity Services,Actual,,,,,6137034.86,,,
Trend,2026-06-01,ES,Spain,P06,Cloud Connect,Actual,,,,,3272104.71,,,
Trend,2026-06-01,ES,Spain,P07,Voice Firewall & Anti-Fraud,Actual,,,,,2975304.17,,,
Trend,2026-06-01,FR,France,P01,International Voice Termination,Actual,,,,,1362984.59,,,
Trend,2026-06-01,FR,France,P02,A2P Messaging,Actual,,,,,15171419.5,,,
Trend,2026-06-01,FR,France,P03,IPX Roaming & Signalling,Actual,,,,,15317821.43,,,
Trend,2026-06-01,FR,France,P04,IP Transit,Actual,,,,,1481713.08,,,
Trend,2026-06-01,FR,France,P05,Ethernet & Capacity Services,Actual,,,,,3955179.49,,,
Trend,2026-06-01,FR,France,P06,Cloud Connect,Actual,,,,,1957110.42,,,
Trend,2026-06-01,FR,France,P07,Voice Firewall & Anti-Fraud,Actual,,,,,4584280.88,,,
Trend,2026-06-01,GR,Greece,P01,International Voice Termination,Actual,,,,,632832.61,,,
Trend,2026-06-01,GR,Greece,P02,A2P Messaging,Actual,,,,,2854633.68,,,
Trend,2026-06-01,GR,Greece,P03,IPX Roaming & Signalling,Actual,,,,,2420985.54,,,
Trend,2026-06-01,GR,Greece,P04,IP Transit,Actual,,,,,564469.72,,,
Trend,2026-06-01,GR,Greece,P05,Ethernet & Capacity Services,Actual,,,,,857216.88,,,
Trend,2026-06-01,GR,Greece,P07,Voice Firewall & Anti-Fraud,Actual,,,,,1101268.57,,,
Trend,2026-06-01,HR,Croatia,P05,Ethernet & Capacity Services,Actual,,,,,177046.96,,,
Trend,2026-06-01,HR,Croatia,P06,Cloud Connect,Actual,,,,,165853.98,,,
Trend,2026-06-01,HU,Hungary,P01,International Voice Termination,Actual,,,,,996730.62,,,
Trend,2026-06-01,HU,Hungary,P02,A2P Messaging,Actual,,,,,2473573.73,,,
Trend,2026-06-01,HU,Hungary,P03,IPX Roaming & Signalling,Actual,,,,,2968961.16,,,
Trend,2026-06-01,HU,Hungary,P04,IP Transit,Actual,,,,,690309.91,,,
Trend,2026-06-01,HU,Hungary,P05,Ethernet & Capacity Services,Actual,,,,,1218536.84,,,
Trend,2026-06-01,HU,Hungary,P06,Cloud Connect,Actual,,,,,775732.47,,,
Trend,2026-06-01,HU,Hungary,P07,Voice Firewall & Anti-Fraud,Actual,,,,,1123393.26,,,
Trend,2026-06-01,IT,Italy,P01,International Voice Termination,Actual,,,,,119449.61,,,
Trend,2026-06-01,IT,Italy,P02,A2P Messaging,Actual,,,,,4398128.85,,,
Trend,2026-06-01,IT,Italy,P03,IPX Roaming & Signalling,Actual,,,,,1323112.13,,,
Trend,2026-06-01,IT,Italy,P04,IP Transit,Actual,,,,,1624595.69,,,
Trend,2026-06-01,IT,Italy,P05,Ethernet & Capacity Services,Actual,,,,,6231749.57,,,
Trend,2026-06-01,IT,Italy,P06,Cloud Connect,Actual,,,,,3420717.27,,,
Trend,2026-06-01,IT,Italy,P07,Voice Firewall & Anti-Fraud,Actual,,,,,578023.18,,,
Trend,2026-06-01,NL,Netherlands,P01,International Voice Termination,Actual,,,,,1178598.26,,,
Trend,2026-06-01,NL,Netherlands,P02,A2P Messaging,Actual,,,,,9261942.84,,,
Trend,2026-06-01,NL,Netherlands,P03,IPX Roaming & Signalling,Actual,,,,,7752329.44,,,
Trend,2026-06-01,NL,Netherlands,P04,IP Transit,Actual,,,,,1723166.84,,,
Trend,2026-06-01,NL,Netherlands,P05,Ethernet & Capacity Services,Actual,,,,,2513971.63,,,
Trend,2026-06-01,NL,Netherlands,P06,Cloud Connect,Actual,,,,,155777.13,,,
Trend,2026-06-01,NL,Netherlands,P07,Voice Firewall & Anti-Fraud,Actual,,,,,2489929.82,,,
Trend,2026-06-01,PL,Poland,P01,International Voice Termination,Actual,,,,,1444862.2,,,
Trend,2026-06-01,PL,Poland,P02,A2P Messaging,Actual,,,,,6182861.46,,,
Trend,2026-06-01,PL,Poland,P03,IPX Roaming & Signalling,Actual,,,,,5313658.5,,,
Trend,2026-06-01,PL,Poland,P04,IP Transit,Actual,,,,,1685251.82,,,
Trend,2026-06-01,PL,Poland,P05,Ethernet & Capacity Services,Actual,,,,,3447259.87,,,
Trend,2026-06-01,PL,Poland,P06,Cloud Connect,Actual,,,,,116557.14,,,
Trend,2026-06-01,PL,Poland,P07,Voice Firewall & Anti-Fraud,Actual,,,,,1131475.91,,,
Trend,2026-06-01,RO,Romania,P03,IPX Roaming & Signalling,Actual,,,,,1124044.78,,,
Trend,2026-06-01,RO,Romania,P05,Ethernet & Capacity Services,Actual,,,,,1261129.23,,,
Trend,2026-06-01,RO,Romania,P07,Voice Firewall & Anti-Fraud,Actual,,,,,134709.95,,,
Trend,2026-06-01,SK,Slovakia,P01,International Voice Termination,Actual,,,,,245782.96,,,
Trend,2026-06-01,SK,Slovakia,P02,A2P Messaging,Actual,,,,,2797313.68,,,
Trend,2026-06-01,SK,Slovakia,P03,IPX Roaming & Signalling,Actual,,,,,1260280.76,,,
Trend,2026-06-01,SK,Slovakia,P05,Ethernet & Capacity Services,Actual,,,,,373101.73,,,
Trend,2026-07-01,AT,Austria,P01,International Voice Termination,Forecast,,gradient_boosting,1,,437458.14,,,
Trend,2026-08-01,AT,Austria,P01,International Voice Termination,Forecast,,gradient_boosting,2,,260193.72,,,
Trend,2026-09-01,AT,Austria,P01,International Voice Termination,Forecast,,gradient_boosting,3,,262703.79,,,
Trend,2026-10-01,AT,Austria,P01,International Voice Termination,Forecast,,gradient_boosting,4,,54645.99,,,
Trend,2026-11-01,AT,Austria,P01,International Voice Termination,Forecast,,gradient_boosting,5,,62444.51,,,
Trend,2026-12-01,AT,Austria,P01,International Voice Termination,Forecast,,gradient_boosting,6,,215895.12,,,
Trend,2027-01-01,AT,Austria,P01,International Voice Termination,Forecast,,gradient_boosting,7,,149280.11,,,
Trend,2027-02-01,AT,Austria,P01,International Voice Termination,Forecast,,gradient_boosting,8,,132845.13,,,
Trend,2027-03-01,AT,Austria,P01,International Voice Termination,Forecast,,gradient_boosting,9,,129129.99,,,
Trend,2027-04-01,AT,Austria,P01,International Voice Termination,Forecast,,gradient_boosting,10,,143270.88,,,
Trend,2027-05-01,AT,Austria,P01,International Voice Termination,Forecast,,gradient_boosting,11,,245288.42,,,
Trend,2027-06-01,AT,Austria,P01,International Voice Termination,Forecast,,gradient_boosting,12,,188223.51,,,
Trend,2026-07-01,AT,Austria,P02,A2P Messaging,Forecast,,gradient_boosting,1,,4121237.49,,,
Trend,2026-08-01,AT,Austria,P02,A2P Messaging,Forecast,,gradient_boosting,2,,3785573.18,,,
Trend,2026-09-01,AT,Austria,P02,A2P Messaging,Forecast,,gradient_boosting,3,,4296305.1,,,
Trend,2026-10-01,AT,Austria,P02,A2P Messaging,Forecast,,gradient_boosting,4,,3200052.64,,,
Trend,2026-11-01,AT,Austria,P02,A2P Messaging,Forecast,,gradient_boosting,5,,3446173.65,,,
Trend,2026-12-01,AT,Austria,P02,A2P Messaging,Forecast,,gradient_boosting,6,,3720361.9,,,
Trend,2027-01-01,AT,Austria,P02,A2P Messaging,Forecast,,gradient_boosting,7,,3723819.05,,,
Trend,2027-02-01,AT,Austria,P02,A2P Messaging,Forecast,,gradient_boosting,8,,3772587.98,,,
Trend,2027-03-01,AT,Austria,P02,A2P Messaging,Forecast,,gradient_boosting,9,,3007461.38,,,
Trend,2027-04-01,AT,Austria,P02,A2P Messaging,Forecast,,gradient_boosting,10,,4685572.75,,,
Trend,2027-05-01,AT,Austria,P02,A2P Messaging,Forecast,,gradient_boosting,11,,4814917.57,,,
Trend,2027-06-01,AT,Austria,P02,A2P Messaging,Forecast,,gradient_boosting,12,,4905116.73,,,
Trend,2026-07-01,AT,Austria,P03,IPX Roaming & Signalling,Forecast,,gradient_boosting,1,,2508969.43,,,
Trend,2026-08-01,AT,Austria,P03,IPX Roaming & Signalling,Forecast,,gradient_boosting,2,,2351760.96,,,
Trend,2026-09-01,AT,Austria,P03,IPX Roaming & Signalling,Forecast,,gradient_boosting,3,,2144451.38,,,
Trend,2026-10-01,AT,Austria,P03,IPX Roaming & Signalling,Forecast,,gradient_boosting,4,,2618304.62,,,
Trend,2026-11-01,AT,Austria,P03,IPX Roaming & Signalling,Forecast,,gradient_boosting,5,,2396956.93,,,
Trend,2026-12-01,AT,Austria,P03,IPX Roaming & Signalling,Forecast,,gradient_boosting,6,,1682275.9,,,
Trend,2027-01-01,AT,Austria,P03,IPX Roaming & Signalling,Forecast,,gradient_boosting,7,,1553854.9,,,
Trend,2027-02-01,AT,Austria,P03,IPX Roaming & Signalling,Forecast,,gradient_boosting,8,,1558003.93,,,
Trend,2027-03-01,AT,Austria,P03,IPX Roaming & Signalling,Forecast,,gradient_boosting,9,,1600931.26,,,
Trend,2027-04-01,AT,Austria,P03,IPX Roaming & Signalling,Forecast,,gradient_boosting,10,,1761225.08,,,
Trend,2027-05-01,AT,Austria,P03,IPX Roaming & Signalling,Forecast,,gradient_boosting,11,,1941822.59,,,
Trend,2027-06-01,AT,Austria,P03,IPX Roaming & Signalling,Forecast,,gradient_boosting,12,,2286380.33,,,
Trend,2026-07-01,AT,Austria,P04,IP Transit,Forecast,,gradient_boosting,1,,799382.44,,,
Trend,2026-08-01,AT,Austria,P04,IP Transit,Forecast,,gradient_boosting,2,,648823.17,,,
Trend,2026-09-01,AT,Austria,P04,IP Transit,Forecast,,gradient_boosting,3,,675710.49,,,
Trend,2026-10-01,AT,Austria,P04,IP Transit,Forecast,,gradient_boosting,4,,461281.5,,,
Trend,2026-11-01,AT,Austria,P04,IP Transit,Forecast,,gradient_boosting,5,,545080.62,,,
Trend,2026-12-01,AT,Austria,P04,IP Transit,Forecast,,gradient_boosting,6,,500582.01,,,
Trend,2027-01-01,AT,Austria,P04,IP Transit,Forecast,,gradient_boosting,7,,578975.06,,,
Trend,2027-02-01,AT,Austria,P04,IP Transit,Forecast,,gradient_boosting,8,,553799.96,,,
Trend,2027-03-01,AT,Austria,P04,IP Transit,Forecast,,gradient_boosting,9,,535169.91,,,
Trend,2027-04-01,AT,Austria,P04,IP Transit,Forecast,,gradient_boosting,10,,595238.22,,,
Trend,2027-05-01,AT,Austria,P04,IP Transit,Forecast,,gradient_boosting,11,,589246.49,,,
Trend,2027-06-01,AT,Austria,P04,IP Transit,Forecast,,gradient_boosting,12,,660337.79,,,
Trend,2026-07-01,AT,Austria,P05,Ethernet & Capacity Services,Forecast,,gradient_boosting,1,,1209817.66,,,
Trend,2026-08-01,AT,Austria,P05,Ethernet & Capacity Services,Forecast,,gradient_boosting,2,,1190544.87,,,
Trend,2026-09-01,AT,Austria,P05,Ethernet & Capacity Services,Forecast,,gradient_boosting,3,,1532684.22,,,
Trend,2026-10-01,AT,Austria,P05,Ethernet & Capacity Services,Forecast,,gradient_boosting,4,,2155036.26,,,
Trend,2026-11-01,AT,Austria,P05,Ethernet & Capacity Services,Forecast,,gradient_boosting,5,,1649035.14,,,
Trend,2026-12-01,AT,Austria,P05,Ethernet & Capacity Services,Forecast,,gradient_boosting,6,,1198959.69,,,
Trend,2027-01-01,AT,Austria,P05,Ethernet & Capacity Services,Forecast,,gradient_boosting,7,,838013.58,,,
Trend,2027-02-01,AT,Austria,P05,Ethernet & Capacity Services,Forecast,,gradient_boosting,8,,817370.84,,,
Trend,2027-03-01,AT,Austria,P05,Ethernet & Capacity Services,Forecast,,gradient_boosting,9,,926427.14,,,
Trend,2027-04-01,AT,Austria,P05,Ethernet & Capacity Services,Forecast,,gradient_boosting,10,,870744.78,,,
Trend,2027-05-01,AT,Austria,P05,Ethernet & Capacity Services,Forecast,,gradient_boosting,11,,808509.26,,,
Trend,2027-06-01,AT,Austria,P05,Ethernet & Capacity Services,Forecast,,gradient_boosting,12,,933260.49,,,
Trend,2026-07-01,AT,Austria,P06,Cloud Connect,Forecast,,gradient_boosting,1,,0.05,,,
Trend,2026-08-01,AT,Austria,P06,Cloud Connect,Forecast,,gradient_boosting,2,,0.04,,,
Trend,2026-09-01,AT,Austria,P06,Cloud Connect,Forecast,,gradient_boosting,3,,0.2,,,
Trend,2026-10-01,AT,Austria,P06,Cloud Connect,Forecast,,gradient_boosting,4,,1.87,,,
Trend,2026-11-01,AT,Austria,P06,Cloud Connect,Forecast,,gradient_boosting,5,,1.02,,,
Trend,2026-12-01,AT,Austria,P06,Cloud Connect,Forecast,,gradient_boosting,6,,0.54,,,
Trend,2027-01-01,AT,Austria,P06,Cloud Connect,Forecast,,gradient_boosting,7,,0.58,,,
Trend,2027-02-01,AT,Austria,P06,Cloud Connect,Forecast,,gradient_boosting,8,,0.21,,,
Trend,2027-03-01,AT,Austria,P06,Cloud Connect,Forecast,,gradient_boosting,9,,0.21,,,
Trend,2027-04-01,AT,Austria,P06,Cloud Connect,Forecast,,gradient_boosting,10,,0.0,,,
Trend,2027-05-01,AT,Austria,P06,Cloud Connect,Forecast,,gradient_boosting,11,,0.0,,,
Trend,2027-06-01,AT,Austria,P06,Cloud Connect,Forecast,,gradient_boosting,12,,0.0,,,
Trend,2026-07-01,AT,Austria,P07,Voice Firewall & Anti-Fraud,Forecast,,gradient_boosting,1,,868091.41,,,
Trend,2026-08-01,AT,Austria,P07,Voice Firewall & Anti-Fraud,Forecast,,gradient_boosting,2,,764159.01,,,
Trend,2026-09-01,AT,Austria,P07,Voice Firewall & Anti-Fraud,Forecast,,gradient_boosting,3,,636482.82,,,
Trend,2026-10-01,AT,Austria,P07,Voice Firewall & Anti-Fraud,Forecast,,gradient_boosting,4,,508279.81,,,
Trend,2026-11-01,AT,Austria,P07,Voice Firewall & Anti-Fraud,Forecast,,gradient_boosting,5,,651337.15,,,
Trend,2026-12-01,AT,Austria,P07,Voice Firewall & Anti-Fraud,Forecast,,gradient_boosting,6,,594582.46,,,
Trend,2027-01-01,AT,Austria,P07,Voice Firewall & Anti-Fraud,Forecast,,gradient_boosting,7,,736081.7,,,
Trend,2027-02-01,AT,Austria,P07,Voice Firewall & Anti-Fraud,Forecast,,gradient_boosting,8,,826255.9,,,
Trend,2027-03-01,AT,Austria,P07,Voice Firewall & Anti-Fraud,Forecast,,gradient_boosting,9,,620754.76,,,
Trend,2027-04-01,AT,Austria,P07,Voice Firewall & Anti-Fraud,Forecast,,gradient_boosting,10,,882089.65,,,
Trend,2027-05-01,AT,Austria,P07,Voice Firewall & Anti-Fraud,Forecast,,gradient_boosting,11,,874885.26,,,
Trend,2027-06-01,AT,Austria,P07,Voice Firewall & Anti-Fraud,Forecast,,gradient_boosting,12,,1073219.1,,,
Trend,2026-07-01,CZ,Czechia,P03,IPX Roaming & Signalling,Forecast,,gradient_boosting,1,,172906.04,,,
Trend,2026-08-01,CZ,Czechia,P03,IPX Roaming & Signalling,Forecast,,gradient_boosting,2,,157645.84,,,
Trend,2026-09-01,CZ,Czechia,P03,IPX Roaming & Signalling,Forecast,,gradient_boosting,3,,150471.04,,,
Trend,2026-10-01,CZ,Czechia,P03,IPX Roaming & Signalling,Forecast,,gradient_boosting,4,,140418.69,,,
Trend,2026-11-01,CZ,Czechia,P03,IPX Roaming & Signalling,Forecast,,gradient_boosting,5,,141964.27,,,
Trend,2026-12-01,CZ,Czechia,P03,IPX Roaming & Signalling,Forecast,,gradient_boosting,6,,143985.41,,,
Trend,2027-01-01,CZ,Czechia,P03,IPX Roaming & Signalling,Forecast,,gradient_boosting,7,,128442.97,,,
Trend,2027-02-01,CZ,Czechia,P03,IPX Roaming & Signalling,Forecast,,gradient_boosting,8,,143026.98,,,
Trend,2027-03-01,CZ,Czechia,P03,IPX Roaming & Signalling,Forecast,,gradient_boosting,9,,157343.42,,,
Trend,2027-04-01,CZ,Czechia,P03,IPX Roaming & Signalling,Forecast,,gradient_boosting,10,,164041.0,,,
Trend,2027-05-01,CZ,Czechia,P03,IPX Roaming & Signalling,Forecast,,gradient_boosting,11,,154305.48,,,
Trend,2027-06-01,CZ,Czechia,P03,IPX Roaming & Signalling,Forecast,,gradient_boosting,12,,221996.0,,,
Trend,2026-07-01,CZ,Czechia,P04,IP Transit,Forecast,,gradient_boosting,1,,181144.06,,,
Trend,2026-08-01,CZ,Czechia,P04,IP Transit,Forecast,,gradient_boosting,2,,179140.6,,,
Trend,2026-09-01,CZ,Czechia,P04,IP Transit,Forecast,,gradient_boosting,3,,201939.05,,,
Trend,2026-10-01,CZ,Czechia,P04,IP Transit,Forecast,,gradient_boosting,4,,174610.84,,,
Trend,2026-11-01,CZ,Czechia,P04,IP Transit,Forecast,,gradient_boosting,5,,215428.46,,,
Trend,2026-12-01,CZ,Czechia,P04,IP Transit,Forecast,,gradient_boosting,6,,184004.52,,,
Trend,2027-01-01,CZ,Czechia,P04,IP Transit,Forecast,,gradient_boosting,7,,204808.19,,,
Trend,2027-02-01,CZ,Czechia,P04,IP Transit,Forecast,,gradient_boosting,8,,170752.57,,,
Trend,2027-03-01,CZ,Czechia,P04,IP Transit,Forecast,,gradient_boosting,9,,183726.2,,,
Trend,2027-04-01,CZ,Czechia,P04,IP Transit,Forecast,,gradient_boosting,10,,187328.77,,,
Trend,2027-05-01,CZ,Czechia,P04,IP Transit,Forecast,,gradient_boosting,11,,245845.19,,,
Trend,2027-06-01,CZ,Czechia,P04,IP Transit,Forecast,,gradient_boosting,12,,363400.88,,,
Trend,2026-07-01,CZ,Czechia,P05,Ethernet & Capacity Services,Forecast,,gradient_boosting,1,,1351038.13,,,
Trend,2026-08-01,CZ,Czechia,P05,Ethernet & Capacity Services,Forecast,,gradient_boosting,2,,1365444.73,,,
Trend,2026-09-01,CZ,Czechia,P05,Ethernet & Capacity Services,Forecast,,gradient_boosting,3,,1317921.15,,,
Trend,2026-10-01,CZ,Czechia,P05,Ethernet & Capacity Services,Forecast,,gradient_boosting,4,,1415521.31,,,
Trend,2026-11-01,CZ,Czechia,P05,Ethernet & Capacity Services,Forecast,,gradient_boosting,5,,1382451.65,,,
Trend,2026-12-01,CZ,Czechia,P05,Ethernet & Capacity Services,Forecast,,gradient_boosting,6,,1345603.28,,,
Trend,2027-01-01,CZ,Czechia,P05,Ethernet & Capacity Services,Forecast,,gradient_boosting,7,,1331318.09,,,
Trend,2027-02-01,CZ,Czechia,P05,Ethernet & Capacity Services,Forecast,,gradient_boosting,8,,1359910.17,,,
Trend,2027-03-01,CZ,Czechia,P05,Ethernet & Capacity Services,Forecast,,gradient_boosting,9,,1374642.17,,,
Trend,2027-04-01,CZ,Czechia,P05,Ethernet & Capacity Services,Forecast,,gradient_boosting,10,,1363430.59,,,
Trend,2027-05-01,CZ,Czechia,P05,Ethernet & Capacity Services,Forecast,,gradient_boosting,11,,1356869.72,,,
Trend,2027-06-01,CZ,Czechia,P05,Ethernet & Capacity Services,Forecast,,gradient_boosting,12,,1370145.35,,,
Trend,2026-07-01,CZ,Czechia,P06,Cloud Connect,Forecast,,gradient_boosting,1,,212344.64,,,
Trend,2026-08-01,CZ,Czechia,P06,Cloud Connect,Forecast,,gradient_boosting,2,,206574.31,,,
Trend,2026-09-01,CZ,Czechia,P06,Cloud Connect,Forecast,,gradient_boosting,3,,255233.28,,,
Trend,2026-10-01,CZ,Czechia,P06,Cloud Connect,Forecast,,gradient_boosting,4,,264902.63,,,
Trend,2026-11-01,CZ,Czechia,P06,Cloud Connect,Forecast,,gradient_boosting,5,,313761.63,,,
Trend,2026-12-01,CZ,Czechia,P06,Cloud Connect,Forecast,,gradient_boosting,6,,261079.86,,,
Trend,2027-01-01,CZ,Czechia,P06,Cloud Connect,Forecast,,gradient_boosting,7,,271554.5,,,
Trend,2027-02-01,CZ,Czechia,P06,Cloud Connect,Forecast,,gradient_boosting,8,,248461.2,,,
Trend,2027-03-01,CZ,Czechia,P06,Cloud Connect,Forecast,,gradient_boosting,9,,244216.7,,,
Trend,2027-04-01,CZ,Czechia,P06,Cloud Connect,Forecast,,gradient_boosting,10,,335680.7,,,
Trend,2027-05-01,CZ,Czechia,P06,Cloud Connect,Forecast,,gradient_boosting,11,,311532.93,,,
Trend,2027-06-01,CZ,Czechia,P06,Cloud Connect,Forecast,,gradient_boosting,12,,271175.81,,,
Trend,2026-07-01,CZ,Czechia,P07,Voice Firewall & Anti-Fraud,Forecast,,gradient_boosting,1,,57048.46,,,
Trend,2026-08-01,CZ,Czechia,P07,Voice Firewall & Anti-Fraud,Forecast,,gradient_boosting,2,,59294.31,,,
Trend,2026-09-01,CZ,Czechia,P07,Voice Firewall & Anti-Fraud,Forecast,,gradient_boosting,3,,69005.88,,,
Trend,2026-10-01,CZ,Czechia,P07,Voice Firewall & Anti-Fraud,Forecast,,gradient_boosting,4,,76510.36,,,
Trend,2026-11-01,CZ,Czechia,P07,Voice Firewall & Anti-Fraud,Forecast,,gradient_boosting,5,,105107.1,,,
Trend,2026-12-01,CZ,Czechia,P07,Voice Firewall & Anti-Fraud,Forecast,,gradient_boosting,6,,74031.48,,,
Trend,2027-01-01,CZ,Czechia,P07,Voice Firewall & Anti-Fraud,Forecast,,gradient_boosting,7,,98628.71,,,
Trend,2027-02-01,CZ,Czechia,P07,Voice Firewall & Anti-Fraud,Forecast,,gradient_boosting,8,,92996.14,,,
Trend,2027-03-01,CZ,Czechia,P07,Voice Firewall & Anti-Fraud,Forecast,,gradient_boosting,9,,94605.39,,,
Trend,2027-04-01,CZ,Czechia,P07,Voice Firewall & Anti-Fraud,Forecast,,gradient_boosting,10,,165733.5,,,
Trend,2027-05-01,CZ,Czechia,P07,Voice Firewall & Anti-Fraud,Forecast,,gradient_boosting,11,,142326.91,,,
Trend,2027-06-01,CZ,Czechia,P07,Voice Firewall & Anti-Fraud,Forecast,,gradient_boosting,12,,125711.43,,,
Trend,2026-07-01,DE,Germany,P01,International Voice Termination,Forecast,,gradient_boosting,1,,2439922.42,,,
Trend,2026-08-01,DE,Germany,P01,International Voice Termination,Forecast,,gradient_boosting,2,,2395490.4,,,
Trend,2026-09-01,DE,Germany,P01,International Voice Termination,Forecast,,gradient_boosting,3,,2372507.59,,,
Trend,2026-10-01,DE,Germany,P01,International Voice Termination,Forecast,,gradient_boosting,4,,2341863.66,,,
Trend,2026-11-01,DE,Germany,P01,International Voice Termination,Forecast,,gradient_boosting,5,,2406270.4,,,
Trend,2026-12-01,DE,Germany,P01,International Voice Termination,Forecast,,gradient_boosting,6,,2263697.71,,,
Trend,2027-01-01,DE,Germany,P01,International Voice Termination,Forecast,,gradient_boosting,7,,1968152.55,,,
Trend,2027-02-01,DE,Germany,P01,International Voice Termination,Forecast,,gradient_boosting,8,,2059409.28,,,
Trend,2027-03-01,DE,Germany,P01,International Voice Termination,Forecast,,gradient_boosting,9,,1819458.57,,,
Trend,2027-04-01,DE,Germany,P01,International Voice Termination,Forecast,,gradient_boosting,10,,2034774.17,,,
Trend,2027-05-01,DE,Germany,P01,International Voice Termination,Forecast,,gradient_boosting,11,,2059719.69,,,
Trend,2027-06-01,DE,Germany,P01,International Voice Termination,Forecast,,gradient_boosting,12,,1821409.24,,,
Trend,2026-07-01,DE,Germany,P02,A2P Messaging,Forecast,,gradient_boosting,1,,6237171.53,,,
Trend,2026-08-01,DE,Germany,P02,A2P Messaging,Forecast,,gradient_boosting,2,,5410154.72,,,
Trend,2026-09-01,DE,Germany,P02,A2P Messaging,Forecast,,gradient_boosting,3,,6146557.26,,,
Trend,2026-10-01,DE,Germany,P02,A2P Messaging,Forecast,,gradient_boosting,4,,6662426.15,,,
Trend,2026-11-01,DE,Germany,P02,A2P Messaging,Forecast,,gradient_boosting,5,,8342180.19,,,
Trend,2026-12-01,DE,Germany,P02,A2P Messaging,Forecast,,gradient_boosting,6,,8376471.06,,,
Trend,2027-01-01,DE,Germany,P02,A2P Messaging,Forecast,,gradient_boosting,7,,6665816.63,,,
Trend,2027-02-01,DE,Germany,P02,A2P Messaging,Forecast,,gradient_boosting,8,,6619439.07,,,
Trend,2027-03-01,DE,Germany,P02,A2P Messaging,Forecast,,gradient_boosting,9,,6620672.84,,,
Trend,2027-04-01,DE,Germany,P02,A2P Messaging,Forecast,,gradient_boosting,10,,6956316.83,,,
Trend,2027-05-01,DE,Germany,P02,A2P Messaging,Forecast,,gradient_boosting,11,,7182125.27,,,
Trend,2027-06-01,DE,Germany,P02,A2P Messaging,Forecast,,gradient_boosting,12,,8323960.26,,,
Trend,2026-07-01,DE,Germany,P03,IPX Roaming & Signalling,Forecast,,gradient_boosting,1,,11312996.58,,,
Trend,2026-08-01,DE,Germany,P03,IPX Roaming & Signalling,Forecast,,gradient_boosting,2,,11075544.81,,,
Trend,2026-09-01,DE,Germany,P03,IPX Roaming & Signalling,Forecast,,gradient_boosting,3,,8324054.47,,,
Trend,2026-10-01,DE,Germany,P03,IPX Roaming & Signalling,Forecast,,gradient_boosting,4,,6544118.28,,,
Trend,2026-11-01,DE,Germany,P03,IPX Roaming & Signalling,Forecast,,gradient_boosting,5,,6107493.55,,,
Trend,2026-12-01,DE,Germany,P03,IPX Roaming & Signalling,Forecast,,gradient_boosting,6,,6361580.94,,,
Trend,2027-01-01,DE,Germany,P03,IPX Roaming & Signalling,Forecast,,gradient_boosting,7,,6007693.95,,,
Trend,2027-02-01,DE,Germany,P03,IPX Roaming & Signalling,Forecast,,gradient_boosting,8,,5944296.51,,,
Trend,2027-03-01,DE,Germany,P03,IPX Roaming & Signalling,Forecast,,gradient_boosting,9,,6511606.6,,,
Trend,2027-04-01,DE,Germany,P03,IPX Roaming & Signalling,Forecast,,gradient_boosting,10,,7394983.68,,,
Trend,2027-05-01,DE,Germany,P03,IPX Roaming & Signalling,Forecast,,gradient_boosting,11,,8767026.94,,,
Trend,2027-06-01,DE,Germany,P03,IPX Roaming & Signalling,Forecast,,gradient_boosting,12,,10052647.44,,,
Trend,2026-07-01,DE,Germany,P04,IP Transit,Forecast,,gradient_boosting,1,,6139256.32,,,
Trend,2026-08-01,DE,Germany,P04,IP Transit,Forecast,,gradient_boosting,2,,6200380.36,,,
Trend,2026-09-01,DE,Germany,P04,IP Transit,Forecast,,gradient_boosting,3,,6432071.25,,,
Trend,2026-10-01,DE,Germany,P04,IP Transit,Forecast,,gradient_boosting,4,,6318808.66,,,
Trend,2026-11-01,DE,Germany,P04,IP Transit,Forecast,,gradient_boosting,5,,6175106.57,,,
Trend,2026-12-01,DE,Germany,P04,IP Transit,Forecast,,gradient_boosting,6,,5737148.32,,,
Trend,2027-01-01,DE,Germany,P04,IP Transit,Forecast,,gradient_boosting,7,,5937245.12,,,
Trend,2027-02-01,DE,Germany,P04,IP Transit,Forecast,,gradient_boosting,8,,5608926.0,,,
Trend,2027-03-01,DE,Germany,P04,IP Transit,Forecast,,gradient_boosting,9,,5930233.86,,,
Trend,2027-04-01,DE,Germany,P04,IP Transit,Forecast,,gradient_boosting,10,,5810600.57,,,
Trend,2027-05-01,DE,Germany,P04,IP Transit,Forecast,,gradient_boosting,11,,5897191.02,,,
Trend,2027-06-01,DE,Germany,P04,IP Transit,Forecast,,gradient_boosting,12,,6067858.53,,,
Trend,2026-07-01,DE,Germany,P05,Ethernet & Capacity Services,Forecast,,gradient_boosting,1,,7486272.47,,,
Trend,2026-08-01,DE,Germany,P05,Ethernet & Capacity Services,Forecast,,gradient_boosting,2,,7557667.66,,,
Trend,2026-09-01,DE,Germany,P05,Ethernet & Capacity Services,Forecast,,gradient_boosting,3,,7869170.95,,,
Trend,2026-10-01,DE,Germany,P05,Ethernet & Capacity Services,Forecast,,gradient_boosting,4,,7506925.86,,,
Trend,2026-11-01,DE,Germany,P05,Ethernet & Capacity Services,Forecast,,gradient_boosting,5,,7568974.88,,,
Trend,2026-12-01,DE,Germany,P05,Ethernet & Capacity Services,Forecast,,gradient_boosting,6,,7271199.41,,,
Trend,2027-01-01,DE,Germany,P05,Ethernet & Capacity Services,Forecast,,gradient_boosting,7,,8056722.67,,,
Trend,2027-02-01,DE,Germany,P05,Ethernet & Capacity Services,Forecast,,gradient_boosting,8,,7781353.81,,,
Trend,2027-03-01,DE,Germany,P05,Ethernet & Capacity Services,Forecast,,gradient_boosting,9,,7617912.76,,,
Trend,2027-04-01,DE,Germany,P05,Ethernet & Capacity Services,Forecast,,gradient_boosting,10,,7830859.47,,,
Trend,2027-05-01,DE,Germany,P05,Ethernet & Capacity Services,Forecast,,gradient_boosting,11,,7261873.45,,,
Trend,2027-06-01,DE,Germany,P05,Ethernet & Capacity Services,Forecast,,gradient_boosting,12,,7015579.78,,,
Trend,2026-07-01,DE,Germany,P06,Cloud Connect,Forecast,,gradient_boosting,1,,6718295.11,,,
Trend,2026-08-01,DE,Germany,P06,Cloud Connect,Forecast,,gradient_boosting,2,,6688401.07,,,
Trend,2026-09-01,DE,Germany,P06,Cloud Connect,Forecast,,gradient_boosting,3,,6730947.34,,,
Trend,2026-10-01,DE,Germany,P06,Cloud Connect,Forecast,,gradient_boosting,4,,6607038.04,,,
Trend,2026-11-01,DE,Germany,P06,Cloud Connect,Forecast,,gradient_boosting,5,,6472419.75,,,
Trend,2026-12-01,DE,Germany,P06,Cloud Connect,Forecast,,gradient_boosting,6,,6351167.18,,,
Trend,2027-01-01,DE,Germany,P06,Cloud Connect,Forecast,,gradient_boosting,7,,6141757.55,,,
Trend,2027-02-01,DE,Germany,P06,Cloud Connect,Forecast,,gradient_boosting,8,,6930721.11,,,
Trend,2027-03-01,DE,Germany,P06,Cloud Connect,Forecast,,gradient_boosting,9,,7305990.05,,,
Trend,2027-04-01,DE,Germany,P06,Cloud Connect,Forecast,,gradient_boosting,10,,7440516.02,,,
Trend,2027-05-01,DE,Germany,P06,Cloud Connect,Forecast,,gradient_boosting,11,,7322545.54,,,
Trend,2027-06-01,DE,Germany,P06,Cloud Connect,Forecast,,gradient_boosting,12,,7786294.72,,,
Trend,2026-07-01,DE,Germany,P07,Voice Firewall & Anti-Fraud,Forecast,,gradient_boosting,1,,2056123.34,,,
Trend,2026-08-01,DE,Germany,P07,Voice Firewall & Anti-Fraud,Forecast,,gradient_boosting,2,,2130757.85,,,
Trend,2026-09-01,DE,Germany,P07,Voice Firewall & Anti-Fraud,Forecast,,gradient_boosting,3,,2209135.86,,,
Trend,2026-10-01,DE,Germany,P07,Voice Firewall & Anti-Fraud,Forecast,,gradient_boosting,4,,2215426.49,,,
Trend,2026-11-01,DE,Germany,P07,Voice Firewall & Anti-Fraud,Forecast,,gradient_boosting,5,,2288259.09,,,
Trend,2026-12-01,DE,Germany,P07,Voice Firewall & Anti-Fraud,Forecast,,gradient_boosting,6,,2257712.03,,,
Trend,2027-01-01,DE,Germany,P07,Voice Firewall & Anti-Fraud,Forecast,,gradient_boosting,7,,2326503.55,,,
Trend,2027-02-01,DE,Germany,P07,Voice Firewall & Anti-Fraud,Forecast,,gradient_boosting,8,,2288198.46,,,
Trend,2027-03-01,DE,Germany,P07,Voice Firewall & Anti-Fraud,Forecast,,gradient_boosting,9,,2530220.8,,,
Trend,2027-04-01,DE,Germany,P07,Voice Firewall & Anti-Fraud,Forecast,,gradient_boosting,10,,2568648.12,,,
Trend,2027-05-01,DE,Germany,P07,Voice Firewall & Anti-Fraud,Forecast,,gradient_boosting,11,,2636142.34,,,
Trend,2027-06-01,DE,Germany,P07,Voice Firewall & Anti-Fraud,Forecast,,gradient_boosting,12,,2598545.67,,,
Trend,2026-07-01,ES,Spain,P01,International Voice Termination,Forecast,,gradient_boosting,1,,982761.2,,,
Trend,2026-08-01,ES,Spain,P01,International Voice Termination,Forecast,,gradient_boosting,2,,892834.63,,,
Trend,2026-09-01,ES,Spain,P01,International Voice Termination,Forecast,,gradient_boosting,3,,863998.88,,,
Trend,2026-10-01,ES,Spain,P01,International Voice Termination,Forecast,,gradient_boosting,4,,985469.45,,,
Trend,2026-11-01,ES,Spain,P01,International Voice Termination,Forecast,,gradient_boosting,5,,1173590.63,,,
Trend,2026-12-01,ES,Spain,P01,International Voice Termination,Forecast,,gradient_boosting,6,,1246085.19,,,
Trend,2027-01-01,ES,Spain,P01,International Voice Termination,Forecast,,gradient_boosting,7,,1261219.67,,,
Trend,2027-02-01,ES,Spain,P01,International Voice Termination,Forecast,,gradient_boosting,8,,1035570.17,,,
Trend,2027-03-01,ES,Spain,P01,International Voice Termination,Forecast,,gradient_boosting,9,,1070352.6,,,
Trend,2027-04-01,ES,Spain,P01,International Voice Termination,Forecast,,gradient_boosting,10,,836535.32,,,
Trend,2027-05-01,ES,Spain,P01,International Voice Termination,Forecast,,gradient_boosting,11,,946889.96,,,
Trend,2027-06-01,ES,Spain,P01,International Voice Termination,Forecast,,gradient_boosting,12,,967846.47,,,
Trend,2026-07-01,ES,Spain,P02,A2P Messaging,Forecast,,gradient_boosting,1,,12549329.09,,,
Trend,2026-08-01,ES,Spain,P02,A2P Messaging,Forecast,,gradient_boosting,2,,13378445.22,,,
Trend,2026-09-01,ES,Spain,P02,A2P Messaging,Forecast,,gradient_boosting,3,,13790612.18,,,
Trend,2026-10-01,ES,Spain,P02,A2P Messaging,Forecast,,gradient_boosting,4,,14138050.25,,,
Trend,2026-11-01,ES,Spain,P02,A2P Messaging,Forecast,,gradient_boosting,5,,15747517.02,,,
Trend,2026-12-01,ES,Spain,P02,A2P Messaging,Forecast,,gradient_boosting,6,,15764591.98,,,
Trend,2027-01-01,ES,Spain,P02,A2P Messaging,Forecast,,gradient_boosting,7,,13503831.66,,,
Trend,2027-02-01,ES,Spain,P02,A2P Messaging,Forecast,,gradient_boosting,8,,13241573.38,,,
Trend,2027-03-01,ES,Spain,P02,A2P Messaging,Forecast,,gradient_boosting,9,,13703002.28,,,
Trend,2027-04-01,ES,Spain,P02,A2P Messaging,Forecast,,gradient_boosting,10,,13355390.2,,,
Trend,2027-05-01,ES,Spain,P02,A2P Messaging,Forecast,,gradient_boosting,11,,13919664.49,,,
Trend,2027-06-01,ES,Spain,P02,A2P Messaging,Forecast,,gradient_boosting,12,,14977715.58,,,
Trend,2026-07-01,ES,Spain,P03,IPX Roaming & Signalling,Forecast,,gradient_boosting,1,,6068461.41,,,
Trend,2026-08-01,ES,Spain,P03,IPX Roaming & Signalling,Forecast,,gradient_boosting,2,,6158599.98,,,
Trend,2026-09-01,ES,Spain,P03,IPX Roaming & Signalling,Forecast,,gradient_boosting,3,,5515238.7,,,
Trend,2026-10-01,ES,Spain,P03,IPX Roaming & Signalling,Forecast,,gradient_boosting,4,,4805803.41,,,
Trend,2026-11-01,ES,Spain,P03,IPX Roaming & Signalling,Forecast,,gradient_boosting,5,,4386100.54,,,
Trend,2026-12-01,ES,Spain,P03,IPX Roaming & Signalling,Forecast,,gradient_boosting,6,,4845247.15,,,
Trend,2027-01-01,ES,Spain,P03,IPX Roaming & Signalling,Forecast,,gradient_boosting,7,,4594084.06,,,
Trend,2027-02-01,ES,Spain,P03,IPX Roaming & Signalling,Forecast,,gradient_boosting,8,,4086960.31,,,
Trend,2027-03-01,ES,Spain,P03,IPX Roaming & Signalling,Forecast,,gradient_boosting,9,,4721873.42,,,
Trend,2027-04-01,ES,Spain,P03,IPX Roaming & Signalling,Forecast,,gradient_boosting,10,,5064515.1,,,
Trend,2027-05-01,ES,Spain,P03,IPX Roaming & Signalling,Forecast,,gradient_boosting,11,,5907322.82,,,
Trend,2027-06-01,ES,Spain,P03,IPX Roaming & Signalling,Forecast,,gradient_boosting,12,,6173302.92,,,
Trend,2026-07-01,ES,Spain,P04,IP Transit,Forecast,,gradient_boosting,1,,2791238.82,,,
Trend,2026-08-01,ES,Spain,P04,IP Transit,Forecast,,gradient_boosting,2,,2751442.85,,,
Trend,2026-09-01,ES,Spain,P04,IP Transit,Forecast,,gradient_boosting,3,,2842766.77,,,
Trend,2026-10-01,ES,Spain,P04,IP Transit,Forecast,,gradient_boosting,4,,2817988.11,,,
Trend,2026-11-01,ES,Spain,P04,IP Transit,Forecast,,gradient_boosting,5,,2825644.19,,,
Trend,2026-12-01,ES,Spain,P04,IP Transit,Forecast,,gradient_boosting,6,,2919951.01,,,
Trend,2027-01-01,ES,Spain,P04,IP Transit,Forecast,,gradient_boosting,7,,2939052.29,,,
Trend,2027-02-01,ES,Spain,P04,IP Transit,Forecast,,gradient_boosting,8,,2807519.69,,,
Trend,2027-03-01,ES,Spain,P04,IP Transit,Forecast,,gradient_boosting,9,,3018712.61,,,
Trend,2027-04-01,ES,Spain,P04,IP Transit,Forecast,,gradient_boosting,10,,2959934.62,,,
Trend,2027-05-01,ES,Spain,P04,IP Transit,Forecast,,gradient_boosting,11,,3287867.36,,,
Trend,2027-06-01,ES,Spain,P04,IP Transit,Forecast,,gradient_boosting,12,,3250397.0,,,
Trend,2026-07-01,ES,Spain,P05,Ethernet & Capacity Services,Forecast,,gradient_boosting,1,,6068377.98,,,
Trend,2026-08-01,ES,Spain,P05,Ethernet & Capacity Services,Forecast,,gradient_boosting,2,,6044195.98,,,
Trend,2026-09-01,ES,Spain,P05,Ethernet & Capacity Services,Forecast,,gradient_boosting,3,,6141091.23,,,
Trend,2026-10-01,ES,Spain,P05,Ethernet & Capacity Services,Forecast,,gradient_boosting,4,,5960662.69,,,
Trend,2026-11-01,ES,Spain,P05,Ethernet & Capacity Services,Forecast,,gradient_boosting,5,,6058932.49,,,
Trend,2026-12-01,ES,Spain,P05,Ethernet & Capacity Services,Forecast,,gradient_boosting,6,,5921901.18,,,
Trend,2027-01-01,ES,Spain,P05,Ethernet & Capacity Services,Forecast,,gradient_boosting,7,,5948189.85,,,
Trend,2027-02-01,ES,Spain,P05,Ethernet & Capacity Services,Forecast,,gradient_boosting,8,,5961907.02,,,
Trend,2027-03-01,ES,Spain,P05,Ethernet & Capacity Services,Forecast,,gradient_boosting,9,,6014232.05,,,
Trend,2027-04-01,ES,Spain,P05,Ethernet & Capacity Services,Forecast,,gradient_boosting,10,,5971520.53,,,
Trend,2027-05-01,ES,Spain,P05,Ethernet & Capacity Services,Forecast,,gradient_boosting,11,,5935614.58,,,
Trend,2027-06-01,ES,Spain,P05,Ethernet & Capacity Services,Forecast,,gradient_boosting,12,,5883137.72,,,
Trend,2026-07-01,ES,Spain,P06,Cloud Connect,Forecast,,gradient_boosting,1,,3154490.54,,,
Trend,2026-08-01,ES,Spain,P06,Cloud Connect,Forecast,,gradient_boosting,2,,3175041.13,,,
Trend,2026-09-01,ES,Spain,P06,Cloud Connect,Forecast,,gradient_boosting,3,,3276609.62,,,
Trend,2026-10-01,ES,Spain,P06,Cloud Connect,Forecast,,gradient_boosting,4,,3341153.85,,,
Trend,2026-11-01,ES,Spain,P06,Cloud Connect,Forecast,,gradient_boosting,5,,3330539.95,,,
Trend,2026-12-01,ES,Spain,P06,Cloud Connect,Forecast,,gradient_boosting,6,,3279520.51,,,
Trend,2027-01-01,ES,Spain,P06,Cloud Connect,Forecast,,gradient_boosting,7,,3267026.49,,,
Trend,2027-02-01,ES,Spain,P06,Cloud Connect,Forecast,,gradient_boosting,8,,3406323.39,,,
Trend,2027-03-01,ES,Spain,P06,Cloud Connect,Forecast,,gradient_boosting,9,,3352941.05,,,
Trend,2027-04-01,ES,Spain,P06,Cloud Connect,Forecast,,gradient_boosting,10,,3259510.07,,,
Trend,2027-05-01,ES,Spain,P06,Cloud Connect,Forecast,,gradient_boosting,11,,3341069.4,,,
Trend,2027-06-01,ES,Spain,P06,Cloud Connect,Forecast,,gradient_boosting,12,,3875606.47,,,
Trend,2026-07-01,ES,Spain,P07,Voice Firewall & Anti-Fraud,Forecast,,gradient_boosting,1,,2864455.02,,,
Trend,2026-08-01,ES,Spain,P07,Voice Firewall & Anti-Fraud,Forecast,,gradient_boosting,2,,2953437.45,,,
Trend,2026-09-01,ES,Spain,P07,Voice Firewall & Anti-Fraud,Forecast,,gradient_boosting,3,,2909054.31,,,
Trend,2026-10-01,ES,Spain,P07,Voice Firewall & Anti-Fraud,Forecast,,gradient_boosting,4,,2953760.43,,,
Trend,2026-11-01,ES,Spain,P07,Voice Firewall & Anti-Fraud,Forecast,,gradient_boosting,5,,3040970.4,,,
Trend,2026-12-01,ES,Spain,P07,Voice Firewall & Anti-Fraud,Forecast,,gradient_boosting,6,,2992920.63,,,
Trend,2027-01-01,ES,Spain,P07,Voice Firewall & Anti-Fraud,Forecast,,gradient_boosting,7,,3023612.14,,,
Trend,2027-02-01,ES,Spain,P07,Voice Firewall & Anti-Fraud,Forecast,,gradient_boosting,8,,3010996.04,,,
Trend,2027-03-01,ES,Spain,P07,Voice Firewall & Anti-Fraud,Forecast,,gradient_boosting,9,,3202321.84,,,
Trend,2027-04-01,ES,Spain,P07,Voice Firewall & Anti-Fraud,Forecast,,gradient_boosting,10,,3168886.07,,,
Trend,2027-05-01,ES,Spain,P07,Voice Firewall & Anti-Fraud,Forecast,,gradient_boosting,11,,3185306.64,,,
Trend,2027-06-01,ES,Spain,P07,Voice Firewall & Anti-Fraud,Forecast,,gradient_boosting,12,,3529087.13,,,
Trend,2026-07-01,FR,France,P01,International Voice Termination,Forecast,,gradient_boosting,1,,1441830.66,,,
Trend,2026-08-01,FR,France,P01,International Voice Termination,Forecast,,gradient_boosting,2,,1492702.78,,,
Trend,2026-09-01,FR,France,P01,International Voice Termination,Forecast,,gradient_boosting,3,,1297608.58,,,
Trend,2026-10-01,FR,France,P01,International Voice Termination,Forecast,,gradient_boosting,4,,1261155.31,,,
Trend,2026-11-01,FR,France,P01,International Voice Termination,Forecast,,gradient_boosting,5,,1586691.52,,,
Trend,2026-12-01,FR,France,P01,International Voice Termination,Forecast,,gradient_boosting,6,,1429460.48,,,
Trend,2027-01-01,FR,France,P01,International Voice Termination,Forecast,,gradient_boosting,7,,1405614.2,,,
Trend,2027-02-01,FR,France,P01,International Voice Termination,Forecast,,gradient_boosting,8,,1336425.39,,,
Trend,2027-03-01,FR,France,P01,International Voice Termination,Forecast,,gradient_boosting,9,,1575665.46,,,
Trend,2027-04-01,FR,France,P01,International Voice Termination,Forecast,,gradient_boosting,10,,1328881.71,,,
Trend,2027-05-01,FR,France,P01,International Voice Termination,Forecast,,gradient_boosting,11,,1281961.28,,,
Trend,2027-06-01,FR,France,P01,International Voice Termination,Forecast,,gradient_boosting,12,,1285163.82,,,
Trend,2026-07-01,FR,France,P02,A2P Messaging,Forecast,,gradient_boosting,1,,13876224.5,,,
Trend,2026-08-01,FR,France,P02,A2P Messaging,Forecast,,gradient_boosting,2,,14028923.06,,,
Trend,2026-09-01,FR,France,P02,A2P Messaging,Forecast,,gradient_boosting,3,,13998270.34,,,
Trend,2026-10-01,FR,France,P02,A2P Messaging,Forecast,,gradient_boosting,4,,14411523.46,,,
Trend,2026-11-01,FR,France,P02,A2P Messaging,Forecast,,gradient_boosting,5,,16016054.92,,,
Trend,2026-12-01,FR,France,P02,A2P Messaging,Forecast,,gradient_boosting,6,,16367550.72,,,
Trend,2027-01-01,FR,France,P02,A2P Messaging,Forecast,,gradient_boosting,7,,14087621.37,,,
Trend,2027-02-01,FR,France,P02,A2P Messaging,Forecast,,gradient_boosting,8,,13837512.32,,,
Trend,2027-03-01,FR,France,P02,A2P Messaging,Forecast,,gradient_boosting,9,,14155257.7,,,
Trend,2027-04-01,FR,France,P02,A2P Messaging,Forecast,,gradient_boosting,10,,14500814.0,,,
Trend,2027-05-01,FR,France,P02,A2P Messaging,Forecast,,gradient_boosting,11,,14646977.72,,,
Trend,2027-06-01,FR,France,P02,A2P Messaging,Forecast,,gradient_boosting,12,,15221272.14,,,
Trend,2026-07-01,FR,France,P03,IPX Roaming & Signalling,Forecast,,gradient_boosting,1,,15588404.25,,,
Trend,2026-08-01,FR,France,P03,IPX Roaming & Signalling,Forecast,,gradient_boosting,2,,15419505.4,,,
Trend,2026-09-01,FR,France,P03,IPX Roaming & Signalling,Forecast,,gradient_boosting,3,,13503657.9,,,
Trend,2026-10-01,FR,France,P03,IPX Roaming & Signalling,Forecast,,gradient_boosting,4,,12338803.74,,,
Trend,2026-11-01,FR,France,P03,IPX Roaming & Signalling,Forecast,,gradient_boosting,5,,10898373.46,,,
Trend,2026-12-01,FR,France,P03,IPX Roaming & Signalling,Forecast,,gradient_boosting,6,,11382534.44,,,
Trend,2027-01-01,FR,France,P03,IPX Roaming & Signalling,Forecast,,gradient_boosting,7,,11529357.92,,,
Trend,2027-02-01,FR,France,P03,IPX Roaming & Signalling,Forecast,,gradient_boosting,8,,10832568.83,,,
Trend,2027-03-01,FR,France,P03,IPX Roaming & Signalling,Forecast,,gradient_boosting,9,,11411338.88,,,
Trend,2027-04-01,FR,France,P03,IPX Roaming & Signalling,Forecast,,gradient_boosting,10,,12482454.59,,,
Trend,2027-05-01,FR,France,P03,IPX Roaming & Signalling,Forecast,,gradient_boosting,11,,13871543.04,,,
Trend,2027-06-01,FR,France,P03,IPX Roaming & Signalling,Forecast,,gradient_boosting,12,,13444313.3,,,
Trend,2026-07-01,FR,France,P04,IP Transit,Forecast,,gradient_boosting,1,,1558340.28,,,
Trend,2026-08-01,FR,France,P04,IP Transit,Forecast,,gradient_boosting,2,,1550654.54,,,
Trend,2026-09-01,FR,France,P04,IP Transit,Forecast,,gradient_boosting,3,,1564900.53,,,
Trend,2026-10-01,FR,France,P04,IP Transit,Forecast,,gradient_boosting,4,,1629012.18,,,
Trend,2026-11-01,FR,France,P04,IP Transit,Forecast,,gradient_boosting,5,,1594531.62,,,
Trend,2026-12-01,FR,France,P04,IP Transit,Forecast,,gradient_boosting,6,,1602070.51,,,
Trend,2027-01-01,FR,France,P04,IP Transit,Forecast,,gradient_boosting,7,,1638453.76,,,
Trend,2027-02-01,FR,France,P04,IP Transit,Forecast,,gradient_boosting,8,,1693872.61,,,
Trend,2027-03-01,FR,France,P04,IP Transit,Forecast,,gradient_boosting,9,,1706041.52,,,
Trend,2027-04-01,FR,France,P04,IP Transit,Forecast,,gradient_boosting,10,,1727516.41,,,
Trend,2027-05-01,FR,France,P04,IP Transit,Forecast,,gradient_boosting,11,,1896265.61,,,
Trend,2027-06-01,FR,France,P04,IP Transit,Forecast,,gradient_boosting,12,,1627933.4,,,
Trend,2026-07-01,FR,France,P05,Ethernet & Capacity Services,Forecast,,gradient_boosting,1,,3970144.68,,,
Trend,2026-08-01,FR,France,P05,Ethernet & Capacity Services,Forecast,,gradient_boosting,2,,3936724.88,,,
Trend,2026-09-01,FR,France,P05,Ethernet & Capacity Services,Forecast,,gradient_boosting,3,,4118364.87,,,
Trend,2026-10-01,FR,France,P05,Ethernet & Capacity Services,Forecast,,gradient_boosting,4,,4033932.11,,,
Trend,2026-11-01,FR,France,P05,Ethernet & Capacity Services,Forecast,,gradient_boosting,5,,4166216.61,,,
Trend,2026-12-01,FR,France,P05,Ethernet & Capacity Services,Forecast,,gradient_boosting,6,,4085907.91,,,
Trend,2027-01-01,FR,France,P05,Ethernet & Capacity Services,Forecast,,gradient_boosting,7,,4043045.31,,,
Trend,2027-02-01,FR,France,P05,Ethernet & Capacity Services,Forecast,,gradient_boosting,8,,4027142.19,,,
Trend,2027-03-01,FR,France,P05,Ethernet & Capacity Services,Forecast,,gradient_boosting,9,,4236651.99,,,
Trend,2027-04-01,FR,France,P05,Ethernet & Capacity Services,Forecast,,gradient_boosting,10,,4445638.55,,,
Trend,2027-05-01,FR,France,P05,Ethernet & Capacity Services,Forecast,,gradient_boosting,11,,4798210.9,,,
Trend,2027-06-01,FR,France,P05,Ethernet & Capacity Services,Forecast,,gradient_boosting,12,,4551452.32,,,
Trend,2026-07-01,FR,France,P06,Cloud Connect,Forecast,,gradient_boosting,1,,1947156.7,,,
Trend,2026-08-01,FR,France,P06,Cloud Connect,Forecast,,gradient_boosting,2,,2021180.82,,,
Trend,2026-09-01,FR,France,P06,Cloud Connect,Forecast,,gradient_boosting,3,,2047865.7,,,
Trend,2026-10-01,FR,France,P06,Cloud Connect,Forecast,,gradient_boosting,4,,2140034.21,,,
Trend,2026-11-01,FR,France,P06,Cloud Connect,Forecast,,gradient_boosting,5,,2353471.02,,,
Trend,2026-12-01,FR,France,P06,Cloud Connect,Forecast,,gradient_boosting,6,,2166289.32,,,
Trend,2027-01-01,FR,France,P06,Cloud Connect,Forecast,,gradient_boosting,7,,2148101.31,,,
Trend,2027-02-01,FR,France,P06,Cloud Connect,Forecast,,gradient_boosting,8,,2141841.93,,,
Trend,2027-03-01,FR,France,P06,Cloud Connect,Forecast,,gradient_boosting,9,,2292651.22,,,
Trend,2027-04-01,FR,France,P06,Cloud Connect,Forecast,,gradient_boosting,10,,2356896.46,,,
Trend,2027-05-01,FR,France,P06,Cloud Connect,Forecast,,gradient_boosting,11,,2409322.25,,,
Trend,2027-06-01,FR,France,P06,Cloud Connect,Forecast,,gradient_boosting,12,,2500354.89,,,
Trend,2026-07-01,FR,France,P07,Voice Firewall & Anti-Fraud,Forecast,,gradient_boosting,1,,4560612.62,,,
Trend,2026-08-01,FR,France,P07,Voice Firewall & Anti-Fraud,Forecast,,gradient_boosting,2,,4388966.11,,,
Trend,2026-09-01,FR,France,P07,Voice Firewall & Anti-Fraud,Forecast,,gradient_boosting,3,,4585389.41,,,
Trend,2026-10-01,FR,France,P07,Voice Firewall & Anti-Fraud,Forecast,,gradient_boosting,4,,4563558.67,,,
Trend,2026-11-01,FR,France,P07,Voice Firewall & Anti-Fraud,Forecast,,gradient_boosting,5,,4507119.19,,,
Trend,2026-12-01,FR,France,P07,Voice Firewall & Anti-Fraud,Forecast,,gradient_boosting,6,,4737576.5,,,
Trend,2027-01-01,FR,France,P07,Voice Firewall & Anti-Fraud,Forecast,,gradient_boosting,7,,4558584.88,,,
Trend,2027-02-01,FR,France,P07,Voice Firewall & Anti-Fraud,Forecast,,gradient_boosting,8,,4579054.12,,,
Trend,2027-03-01,FR,France,P07,Voice Firewall & Anti-Fraud,Forecast,,gradient_boosting,9,,4888052.15,,,
Trend,2027-04-01,FR,France,P07,Voice Firewall & Anti-Fraud,Forecast,,gradient_boosting,10,,4813028.22,,,
Trend,2027-05-01,FR,France,P07,Voice Firewall & Anti-Fraud,Forecast,,gradient_boosting,11,,4996913.67,,,
Trend,2027-06-01,FR,France,P07,Voice Firewall & Anti-Fraud,Forecast,,gradient_boosting,12,,5253273.59,,,
Trend,2026-07-01,GR,Greece,P01,International Voice Termination,Forecast,,gradient_boosting,1,,617257.2,,,
Trend,2026-08-01,GR,Greece,P01,International Voice Termination,Forecast,,gradient_boosting,2,,494301.42,,,
Trend,2026-09-01,GR,Greece,P01,International Voice Termination,Forecast,,gradient_boosting,3,,491682.28,,,
Trend,2026-10-01,GR,Greece,P01,International Voice Termination,Forecast,,gradient_boosting,4,,441811.14,,,
Trend,2026-11-01,GR,Greece,P01,International Voice Termination,Forecast,,gradient_boosting,5,,359913.06,,,
Trend,2026-12-01,GR,Greece,P01,International Voice Termination,Forecast,,gradient_boosting,6,,563680.95,,,
Trend,2027-01-01,GR,Greece,P01,International Voice Termination,Forecast,,gradient_boosting,7,,362932.83,,,
Trend,2027-02-01,GR,Greece,P01,International Voice Termination,Forecast,,gradient_boosting,8,,376260.2,,,
Trend,2027-03-01,GR,Greece,P01,International Voice Termination,Forecast,,gradient_boosting,9,,448971.04,,,
Trend,2027-04-01,GR,Greece,P01,International Voice Termination,Forecast,,gradient_boosting,10,,515196.2,,,
Trend,2027-05-01,GR,Greece,P01,International Voice Termination,Forecast,,gradient_boosting,11,,509253.34,,,
Trend,2027-06-01,GR,Greece,P01,International Voice Termination,Forecast,,gradient_boosting,12,,437652.52,,,
Trend,2026-07-01,GR,Greece,P02,A2P Messaging,Forecast,,gradient_boosting,1,,2838616.99,,,
Trend,2026-08-01,GR,Greece,P02,A2P Messaging,Forecast,,gradient_boosting,2,,3013017.27,,,
Trend,2026-09-01,GR,Greece,P02,A2P Messaging,Forecast,,gradient_boosting,3,,3058994.25,,,
Trend,2026-10-01,GR,Greece,P02,A2P Messaging,Forecast,,gradient_boosting,4,,3244226.69,,,
Trend,2026-11-01,GR,Greece,P02,A2P Messaging,Forecast,,gradient_boosting,5,,3559361.26,,,
Trend,2026-12-01,GR,Greece,P02,A2P Messaging,Forecast,,gradient_boosting,6,,3691794.46,,,
Trend,2027-01-01,GR,Greece,P02,A2P Messaging,Forecast,,gradient_boosting,7,,2597945.88,,,
Trend,2027-02-01,GR,Greece,P02,A2P Messaging,Forecast,,gradient_boosting,8,,2487369.27,,,
Trend,2027-03-01,GR,Greece,P02,A2P Messaging,Forecast,,gradient_boosting,9,,2698128.64,,,
Trend,2027-04-01,GR,Greece,P02,A2P Messaging,Forecast,,gradient_boosting,10,,2472190.1,,,
Trend,2027-05-01,GR,Greece,P02,A2P Messaging,Forecast,,gradient_boosting,11,,2487584.55,,,
Trend,2027-06-01,GR,Greece,P02,A2P Messaging,Forecast,,gradient_boosting,12,,2460631.79,,,
Trend,2026-07-01,GR,Greece,P03,IPX Roaming & Signalling,Forecast,,gradient_boosting,1,,2829319.63,,,
Trend,2026-08-01,GR,Greece,P03,IPX Roaming & Signalling,Forecast,,gradient_boosting,2,,2902614.82,,,
Trend,2026-09-01,GR,Greece,P03,IPX Roaming & Signalling,Forecast,,gradient_boosting,3,,2687008.08,,,
Trend,2026-10-01,GR,Greece,P03,IPX Roaming & Signalling,Forecast,,gradient_boosting,4,,2509764.26,,,
Trend,2026-11-01,GR,Greece,P03,IPX Roaming & Signalling,Forecast,,gradient_boosting,5,,2507794.52,,,
Trend,2026-12-01,GR,Greece,P03,IPX Roaming & Signalling,Forecast,,gradient_boosting,6,,2424278.34,,,
Trend,2027-01-01,GR,Greece,P03,IPX Roaming & Signalling,Forecast,,gradient_boosting,7,,2284135.62,,,
Trend,2027-02-01,GR,Greece,P03,IPX Roaming & Signalling,Forecast,,gradient_boosting,8,,2223442.11,,,
Trend,2027-03-01,GR,Greece,P03,IPX Roaming & Signalling,Forecast,,gradient_boosting,9,,2134560.96,,,
Trend,2027-04-01,GR,Greece,P03,IPX Roaming & Signalling,Forecast,,gradient_boosting,10,,2263283.17,,,
Trend,2027-05-01,GR,Greece,P03,IPX Roaming & Signalling,Forecast,,gradient_boosting,11,,2568286.82,,,
Trend,2027-06-01,GR,Greece,P03,IPX Roaming & Signalling,Forecast,,gradient_boosting,12,,2675270.47,,,
Trend,2026-07-01,GR,Greece,P04,IP Transit,Forecast,,gradient_boosting,1,,555645.82,,,
Trend,2026-08-01,GR,Greece,P04,IP Transit,Forecast,,gradient_boosting,2,,590027.07,,,
Trend,2026-09-01,GR,Greece,P04,IP Transit,Forecast,,gradient_boosting,3,,550361.41,,,
Trend,2026-10-01,GR,Greece,P04,IP Transit,Forecast,,gradient_boosting,4,,584263.54,,,
Trend,2026-11-01,GR,Greece,P04,IP Transit,Forecast,,gradient_boosting,5,,652385.65,,,
Trend,2026-12-01,GR,Greece,P04,IP Transit,Forecast,,gradient_boosting,6,,627826.58,,,
Trend,2027-01-01,GR,Greece,P04,IP Transit,Forecast,,gradient_boosting,7,,520570.56,,,
Trend,2027-02-01,GR,Greece,P04,IP Transit,Forecast,,gradient_boosting,8,,506231.6,,,
Trend,2027-03-01,GR,Greece,P04,IP Transit,Forecast,,gradient_boosting,9,,572648.09,,,
Trend,2027-04-01,GR,Greece,P04,IP Transit,Forecast,,gradient_boosting,10,,484752.36,,,
Trend,2027-05-01,GR,Greece,P04,IP Transit,Forecast,,gradient_boosting,11,,543986.79,,,
Trend,2027-06-01,GR,Greece,P04,IP Transit,Forecast,,gradient_boosting,12,,543561.67,,,
Trend,2026-07-01,GR,Greece,P05,Ethernet & Capacity Services,Forecast,,gradient_boosting,1,,959558.86,,,
Trend,2026-08-01,GR,Greece,P05,Ethernet & Capacity Services,Forecast,,gradient_boosting,2,,1070794.69,,,
Trend,2026-09-01,GR,Greece,P05,Ethernet & Capacity Services,Forecast,,gradient_boosting,3,,1046669.51,,,
Trend,2026-10-01,GR,Greece,P05,Ethernet & Capacity Services,Forecast,,gradient_boosting,4,,1079707.61,,,
Trend,2026-11-01,GR,Greece,P05,Ethernet & Capacity Services,Forecast,,gradient_boosting,5,,1059368.21,,,
Trend,2026-12-01,GR,Greece,P05,Ethernet & Capacity Services,Forecast,,gradient_boosting,6,,1056676.64,,,
Trend,2027-01-01,GR,Greece,P05,Ethernet & Capacity Services,Forecast,,gradient_boosting,7,,1069567.1,,,
Trend,2027-02-01,GR,Greece,P05,Ethernet & Capacity Services,Forecast,,gradient_boosting,8,,1015873.57,,,
Trend,2027-03-01,GR,Greece,P05,Ethernet & Capacity Services,Forecast,,gradient_boosting,9,,1089856.74,,,
Trend,2027-04-01,GR,Greece,P05,Ethernet & Capacity Services,Forecast,,gradient_boosting,10,,993681.25,,,
Trend,2027-05-01,GR,Greece,P05,Ethernet & Capacity Services,Forecast,,gradient_boosting,11,,1022737.74,,,
Trend,2027-06-01,GR,Greece,P05,Ethernet & Capacity Services,Forecast,,gradient_boosting,12,,978145.28,,,
Trend,2026-07-01,GR,Greece,P07,Voice Firewall & Anti-Fraud,Forecast,,gradient_boosting,1,,1157321.95,,,
Trend,2026-08-01,GR,Greece,P07,Voice Firewall & Anti-Fraud,Forecast,,gradient_boosting,2,,1235945.2,,,
Trend,2026-09-01,GR,Greece,P07,Voice Firewall & Anti-Fraud,Forecast,,gradient_boosting,3,,1234517.99,,,
Trend,2026-10-01,GR,Greece,P07,Voice Firewall & Anti-Fraud,Forecast,,gradient_boosting,4,,1254756.48,,,
Trend,2026-11-01,GR,Greece,P07,Voice Firewall & Anti-Fraud,Forecast,,gradient_boosting,5,,1218517.17,,,
Trend,2026-12-01,GR,Greece,P07,Voice Firewall & Anti-Fraud,Forecast,,gradient_boosting,6,,1276771.49,,,
Trend,2027-01-01,GR,Greece,P07,Voice Firewall & Anti-Fraud,Forecast,,gradient_boosting,7,,1260479.26,,,
Trend,2027-02-01,GR,Greece,P07,Voice Firewall & Anti-Fraud,Forecast,,gradient_boosting,8,,1380269.04,,,
Trend,2027-03-01,GR,Greece,P07,Voice Firewall & Anti-Fraud,Forecast,,gradient_boosting,9,,1135549.19,,,
Trend,2027-04-01,GR,Greece,P07,Voice Firewall & Anti-Fraud,Forecast,,gradient_boosting,10,,1251636.15,,,
Trend,2027-05-01,GR,Greece,P07,Voice Firewall & Anti-Fraud,Forecast,,gradient_boosting,11,,1297130.65,,,
Trend,2027-06-01,GR,Greece,P07,Voice Firewall & Anti-Fraud,Forecast,,gradient_boosting,12,,1288053.57,,,
Trend,2026-07-01,HR,Croatia,P05,Ethernet & Capacity Services,Forecast,,gradient_boosting,1,,186804.45,,,
Trend,2026-08-01,HR,Croatia,P05,Ethernet & Capacity Services,Forecast,,gradient_boosting,2,,181343.02,,,
Trend,2026-09-01,HR,Croatia,P05,Ethernet & Capacity Services,Forecast,,gradient_boosting,3,,194387.8,,,
Trend,2026-10-01,HR,Croatia,P05,Ethernet & Capacity Services,Forecast,,gradient_boosting,4,,194640.59,,,
Trend,2026-11-01,HR,Croatia,P05,Ethernet & Capacity Services,Forecast,,gradient_boosting,5,,197803.24,,,
Trend,2026-12-01,HR,Croatia,P05,Ethernet & Capacity Services,Forecast,,gradient_boosting,6,,191794.03,,,
Trend,2027-01-01,HR,Croatia,P05,Ethernet & Capacity Services,Forecast,,gradient_boosting,7,,190318.79,,,
Trend,2027-02-01,HR,Croatia,P05,Ethernet & Capacity Services,Forecast,,gradient_boosting,8,,188035.04,,,
Trend,2027-03-01,HR,Croatia,P05,Ethernet & Capacity Services,Forecast,,gradient_boosting,9,,195210.15,,,
Trend,2027-04-01,HR,Croatia,P05,Ethernet & Capacity Services,Forecast,,gradient_boosting,10,,195753.97,,,
Trend,2027-05-01,HR,Croatia,P05,Ethernet & Capacity Services,Forecast,,gradient_boosting,11,,217647.79,,,
Trend,2027-06-01,HR,Croatia,P05,Ethernet & Capacity Services,Forecast,,gradient_boosting,12,,188329.74,,,
Trend,2026-07-01,HR,Croatia,P06,Cloud Connect,Forecast,,gradient_boosting,1,,149573.96,,,
Trend,2026-08-01,HR,Croatia,P06,Cloud Connect,Forecast,,gradient_boosting,2,,141397.67,,,
Trend,2026-09-01,HR,Croatia,P06,Cloud Connect,Forecast,,gradient_boosting,3,,148720.22,,,
Trend,2026-10-01,HR,Croatia,P06,Cloud Connect,Forecast,,gradient_boosting,4,,146392.79,,,
Trend,2026-11-01,HR,Croatia,P06,Cloud Connect,Forecast,,gradient_boosting,5,,158674.07,,,
Trend,2026-12-01,HR,Croatia,P06,Cloud Connect,Forecast,,gradient_boosting,6,,118764.29,,,
Trend,2027-01-01,HR,Croatia,P06,Cloud Connect,Forecast,,gradient_boosting,7,,119620.51,,,
Trend,2027-02-01,HR,Croatia,P06,Cloud Connect,Forecast,,gradient_boosting,8,,135750.86,,,
Trend,2027-03-01,HR,Croatia,P06,Cloud Connect,Forecast,,gradient_boosting,9,,146829.07,,,
Trend,2027-04-01,HR,Croatia,P06,Cloud Connect,Forecast,,gradient_boosting,10,,123139.29,,,
Trend,2027-05-01,HR,Croatia,P06,Cloud Connect,Forecast,,gradient_boosting,11,,141548.36,,,
Trend,2027-06-01,HR,Croatia,P06,Cloud Connect,Forecast,,gradient_boosting,12,,157306.34,,,
Trend,2026-07-01,HU,Hungary,P01,International Voice Termination,Forecast,,gradient_boosting,1,,1001222.33,,,
Trend,2026-08-01,HU,Hungary,P01,International Voice Termination,Forecast,,gradient_boosting,2,,851509.79,,,
Trend,2026-09-01,HU,Hungary,P01,International Voice Termination,Forecast,,gradient_boosting,3,,979086.65,,,
Trend,2026-10-01,HU,Hungary,P01,International Voice Termination,Forecast,,gradient_boosting,4,,997348.06,,,
Trend,2026-11-01,HU,Hungary,P01,International Voice Termination,Forecast,,gradient_boosting,5,,973837.47,,,
Trend,2026-12-01,HU,Hungary,P01,International Voice Termination,Forecast,,gradient_boosting,6,,981919.98,,,
Trend,2027-01-01,HU,Hungary,P01,International Voice Termination,Forecast,,gradient_boosting,7,,945068.01,,,
Trend,2027-02-01,HU,Hungary,P01,International Voice Termination,Forecast,,gradient_boosting,8,,964333.83,,,
Trend,2027-03-01,HU,Hungary,P01,International Voice Termination,Forecast,,gradient_boosting,9,,907317.41,,,
Trend,2027-04-01,HU,Hungary,P01,International Voice Termination,Forecast,,gradient_boosting,10,,1081283.41,,,
Trend,2027-05-01,HU,Hungary,P01,International Voice Termination,Forecast,,gradient_boosting,11,,1031927.96,,,
Trend,2027-06-01,HU,Hungary,P01,International Voice Termination,Forecast,,gradient_boosting,12,,978963.04,,,
Trend,2026-07-01,HU,Hungary,P02,A2P Messaging,Forecast,,gradient_boosting,1,,2588847.31,,,
Trend,2026-08-01,HU,Hungary,P02,A2P Messaging,Forecast,,gradient_boosting,2,,2609465.12,,,
Trend,2026-09-01,HU,Hungary,P02,A2P Messaging,Forecast,,gradient_boosting,3,,2610790.95,,,
Trend,2026-10-01,HU,Hungary,P02,A2P Messaging,Forecast,,gradient_boosting,4,,2646649.83,,,
Trend,2026-11-01,HU,Hungary,P02,A2P Messaging,Forecast,,gradient_boosting,5,,3196187.04,,,
Trend,2026-12-01,HU,Hungary,P02,A2P Messaging,Forecast,,gradient_boosting,6,,2998570.42,,,
Trend,2027-01-01,HU,Hungary,P02,A2P Messaging,Forecast,,gradient_boosting,7,,2576393.24,,,
Trend,2027-02-01,HU,Hungary,P02,A2P Messaging,Forecast,,gradient_boosting,8,,2480947.16,,,
Trend,2027-03-01,HU,Hungary,P02,A2P Messaging,Forecast,,gradient_boosting,9,,2568143.59,,,
Trend,2027-04-01,HU,Hungary,P02,A2P Messaging,Forecast,,gradient_boosting,10,,2658084.56,,,
Trend,2027-05-01,HU,Hungary,P02,A2P Messaging,Forecast,,gradient_boosting,11,,2960476.0,,,
Trend,2027-06-01,HU,Hungary,P02,A2P Messaging,Forecast,,gradient_boosting,12,,2790606.5,,,
Trend,2026-07-01,HU,Hungary,P03,IPX Roaming & Signalling,Forecast,,gradient_boosting,1,,2970678.44,,,
Trend,2026-08-01,HU,Hungary,P03,IPX Roaming & Signalling,Forecast,,gradient_boosting,2,,3087363.55,,,
Trend,2026-09-01,HU,Hungary,P03,IPX Roaming & Signalling,Forecast,,gradient_boosting,3,,2790852.66,,,
Trend,2026-10-01,HU,Hungary,P03,IPX Roaming & Signalling,Forecast,,gradient_boosting,4,,2367030.13,,,
Trend,2026-11-01,HU,Hungary,P03,IPX Roaming & Signalling,Forecast,,gradient_boosting,5,,2470064.85,,,
Trend,2026-12-01,HU,Hungary,P03,IPX Roaming & Signalling,Forecast,,gradient_boosting,6,,2362629.17,,,
Trend,2027-01-01,HU,Hungary,P03,IPX Roaming & Signalling,Forecast,,gradient_boosting,7,,2165433.71,,,
Trend,2027-02-01,HU,Hungary,P03,IPX Roaming & Signalling,Forecast,,gradient_boosting,8,,2200282.13,,,
Trend,2027-03-01,HU,Hungary,P03,IPX Roaming & Signalling,Forecast,,gradient_boosting,9,,2355602.45,,,
Trend,2027-04-01,HU,Hungary,P03,IPX Roaming & Signalling,Forecast,,gradient_boosting,10,,2479404.29,,,
Trend,2027-05-01,HU,Hungary,P03,IPX Roaming & Signalling,Forecast,,gradient_boosting,11,,2831067.49,,,
Trend,2027-06-01,HU,Hungary,P03,IPX Roaming & Signalling,Forecast,,gradient_boosting,12,,3220952.29,,,
Trend,2026-07-01,HU,Hungary,P04,IP Transit,Forecast,,gradient_boosting,1,,704303.27,,,
Trend,2026-08-01,HU,Hungary,P04,IP Transit,Forecast,,gradient_boosting,2,,694724.68,,,
Trend,2026-09-01,HU,Hungary,P04,IP Transit,Forecast,,gradient_boosting,3,,721439.62,,,
Trend,2026-10-01,HU,Hungary,P04,IP Transit,Forecast,,gradient_boosting,4,,726781.0,,,
Trend,2026-11-01,HU,Hungary,P04,IP Transit,Forecast,,gradient_boosting,5,,760612.64,,,
Trend,2026-12-01,HU,Hungary,P04,IP Transit,Forecast,,gradient_boosting,6,,799031.81,,,
Trend,2027-01-01,HU,Hungary,P04,IP Transit,Forecast,,gradient_boosting,7,,803982.23,,,
Trend,2027-02-01,HU,Hungary,P04,IP Transit,Forecast,,gradient_boosting,8,,838871.0,,,
Trend,2027-03-01,HU,Hungary,P04,IP Transit,Forecast,,gradient_boosting,9,,820673.65,,,
Trend,2027-04-01,HU,Hungary,P04,IP Transit,Forecast,,gradient_boosting,10,,799356.45,,,
Trend,2027-05-01,HU,Hungary,P04,IP Transit,Forecast,,gradient_boosting,11,,864235.95,,,
Trend,2027-06-01,HU,Hungary,P04,IP Transit,Forecast,,gradient_boosting,12,,867376.9,,,
Trend,2026-07-01,HU,Hungary,P05,Ethernet & Capacity Services,Forecast,,gradient_boosting,1,,1356819.83,,,
Trend,2026-08-01,HU,Hungary,P05,Ethernet & Capacity Services,Forecast,,gradient_boosting,2,,1401651.46,,,
Trend,2026-09-01,HU,Hungary,P05,Ethernet & Capacity Services,Forecast,,gradient_boosting,3,,1392929.1,,,
Trend,2026-10-01,HU,Hungary,P05,Ethernet & Capacity Services,Forecast,,gradient_boosting,4,,1432545.46,,,
Trend,2026-11-01,HU,Hungary,P05,Ethernet & Capacity Services,Forecast,,gradient_boosting,5,,1396828.36,,,
Trend,2026-12-01,HU,Hungary,P05,Ethernet & Capacity Services,Forecast,,gradient_boosting,6,,1425125.42,,,
Trend,2027-01-01,HU,Hungary,P05,Ethernet & Capacity Services,Forecast,,gradient_boosting,7,,1370529.34,,,
Trend,2027-02-01,HU,Hungary,P05,Ethernet & Capacity Services,Forecast,,gradient_boosting,8,,1485321.19,,,
Trend,2027-03-01,HU,Hungary,P05,Ethernet & Capacity Services,Forecast,,gradient_boosting,9,,1450137.89,,,
Trend,2027-04-01,HU,Hungary,P05,Ethernet & Capacity Services,Forecast,,gradient_boosting,10,,1449081.37,,,
Trend,2027-05-01,HU,Hungary,P05,Ethernet & Capacity Services,Forecast,,gradient_boosting,11,,1537811.02,,,
Trend,2027-06-01,HU,Hungary,P05,Ethernet & Capacity Services,Forecast,,gradient_boosting,12,,1358113.97,,,
Trend,2026-07-01,HU,Hungary,P06,Cloud Connect,Forecast,,gradient_boosting,1,,819258.25,,,
Trend,2026-08-01,HU,Hungary,P06,Cloud Connect,Forecast,,gradient_boosting,2,,833078.87,,,
Trend,2026-09-01,HU,Hungary,P06,Cloud Connect,Forecast,,gradient_boosting,3,,830003.06,,,
Trend,2026-10-01,HU,Hungary,P06,Cloud Connect,Forecast,,gradient_boosting,4,,814532.55,,,
Trend,2026-11-01,HU,Hungary,P06,Cloud Connect,Forecast,,gradient_boosting,5,,844067.61,,,
Trend,2026-12-01,HU,Hungary,P06,Cloud Connect,Forecast,,gradient_boosting,6,,834697.49,,,
Trend,2027-01-01,HU,Hungary,P06,Cloud Connect,Forecast,,gradient_boosting,7,,897220.69,,,
Trend,2027-02-01,HU,Hungary,P06,Cloud Connect,Forecast,,gradient_boosting,8,,903532.46,,,
Trend,2027-03-01,HU,Hungary,P06,Cloud Connect,Forecast,,gradient_boosting,9,,939143.03,,,
Trend,2027-04-01,HU,Hungary,P06,Cloud Connect,Forecast,,gradient_boosting,10,,951688.32,,,
Trend,2027-05-01,HU,Hungary,P06,Cloud Connect,Forecast,,gradient_boosting,11,,991384.45,,,
Trend,2027-06-01,HU,Hungary,P06,Cloud Connect,Forecast,,gradient_boosting,12,,977120.29,,,
Trend,2026-07-01,HU,Hungary,P07,Voice Firewall & Anti-Fraud,Forecast,,gradient_boosting,1,,1058906.67,,,
Trend,2026-08-01,HU,Hungary,P07,Voice Firewall & Anti-Fraud,Forecast,,gradient_boosting,2,,1074468.1,,,
Trend,2026-09-01,HU,Hungary,P07,Voice Firewall & Anti-Fraud,Forecast,,gradient_boosting,3,,1104869.76,,,
Trend,2026-10-01,HU,Hungary,P07,Voice Firewall & Anti-Fraud,Forecast,,gradient_boosting,4,,1125789.57,,,
Trend,2026-11-01,HU,Hungary,P07,Voice Firewall & Anti-Fraud,Forecast,,gradient_boosting,5,,1175053.92,,,
Trend,2026-12-01,HU,Hungary,P07,Voice Firewall & Anti-Fraud,Forecast,,gradient_boosting,6,,1109947.49,,,
Trend,2027-01-01,HU,Hungary,P07,Voice Firewall & Anti-Fraud,Forecast,,gradient_boosting,7,,1153951.51,,,
Trend,2027-02-01,HU,Hungary,P07,Voice Firewall & Anti-Fraud,Forecast,,gradient_boosting,8,,1244172.74,,,
Trend,2027-03-01,HU,Hungary,P07,Voice Firewall & Anti-Fraud,Forecast,,gradient_boosting,9,,1232419.14,,,
Trend,2027-04-01,HU,Hungary,P07,Voice Firewall & Anti-Fraud,Forecast,,gradient_boosting,10,,1265136.94,,,
Trend,2027-05-01,HU,Hungary,P07,Voice Firewall & Anti-Fraud,Forecast,,gradient_boosting,11,,1339350.18,,,
Trend,2027-06-01,HU,Hungary,P07,Voice Firewall & Anti-Fraud,Forecast,,gradient_boosting,12,,1310361.79,,,
Trend,2026-07-01,IT,Italy,P01,International Voice Termination,Forecast,,gradient_boosting,1,,112300.59,,,
Trend,2026-08-01,IT,Italy,P01,International Voice Termination,Forecast,,gradient_boosting,2,,97682.55,,,
Trend,2026-09-01,IT,Italy,P01,International Voice Termination,Forecast,,gradient_boosting,3,,75616.25,,,
Trend,2026-10-01,IT,Italy,P01,International Voice Termination,Forecast,,gradient_boosting,4,,93999.27,,,
Trend,2026-11-01,IT,Italy,P01,International Voice Termination,Forecast,,gradient_boosting,5,,58152.06,,,
Trend,2026-12-01,IT,Italy,P01,International Voice Termination,Forecast,,gradient_boosting,6,,59202.36,,,
Trend,2027-01-01,IT,Italy,P01,International Voice Termination,Forecast,,gradient_boosting,7,,62896.56,,,
Trend,2027-02-01,IT,Italy,P01,International Voice Termination,Forecast,,gradient_boosting,8,,61730.81,,,
Trend,2027-03-01,IT,Italy,P01,International Voice Termination,Forecast,,gradient_boosting,9,,29361.6,,,
Trend,2027-04-01,IT,Italy,P01,International Voice Termination,Forecast,,gradient_boosting,10,,48936.91,,,
Trend,2027-05-01,IT,Italy,P01,International Voice Termination,Forecast,,gradient_boosting,11,,49872.61,,,
Trend,2027-06-01,IT,Italy,P01,International Voice Termination,Forecast,,gradient_boosting,12,,96825.35,,,
Trend,2026-07-01,IT,Italy,P02,A2P Messaging,Forecast,,gradient_boosting,1,,4342081.9,,,
Trend,2026-08-01,IT,Italy,P02,A2P Messaging,Forecast,,gradient_boosting,2,,4446694.96,,,
Trend,2026-09-01,IT,Italy,P02,A2P Messaging,Forecast,,gradient_boosting,3,,4494416.23,,,
Trend,2026-10-01,IT,Italy,P02,A2P Messaging,Forecast,,gradient_boosting,4,,4982168.06,,,
Trend,2026-11-01,IT,Italy,P02,A2P Messaging,Forecast,,gradient_boosting,5,,5965818.76,,,
Trend,2026-12-01,IT,Italy,P02,A2P Messaging,Forecast,,gradient_boosting,6,,5611676.2,,,
Trend,2027-01-01,IT,Italy,P02,A2P Messaging,Forecast,,gradient_boosting,7,,4699149.77,,,
Trend,2027-02-01,IT,Italy,P02,A2P Messaging,Forecast,,gradient_boosting,8,,4884836.82,,,
Trend,2027-03-01,IT,Italy,P02,A2P Messaging,Forecast,,gradient_boosting,9,,5034228.62,,,
Trend,2027-04-01,IT,Italy,P02,A2P Messaging,Forecast,,gradient_boosting,10,,5010282.56,,,
Trend,2027-05-01,IT,Italy,P02,A2P Messaging,Forecast,,gradient_boosting,11,,5244414.36,,,
Trend,2027-06-01,IT,Italy,P02,A2P Messaging,Forecast,,gradient_boosting,12,,5753890.99,,,
Trend,2026-07-01,IT,Italy,P03,IPX Roaming & Signalling,Forecast,,gradient_boosting,1,,1483281.94,,,
Trend,2026-08-01,IT,Italy,P03,IPX Roaming & Signalling,Forecast,,gradient_boosting,2,,1571197.49,,,
Trend,2026-09-01,IT,Italy,P03,IPX Roaming & Signalling,Forecast,,gradient_boosting,3,,1256037.0,,,
Trend,2026-10-01,IT,Italy,P03,IPX Roaming & Signalling,Forecast,,gradient_boosting,4,,1245780.42,,,
Trend,2026-11-01,IT,Italy,P03,IPX Roaming & Signalling,Forecast,,gradient_boosting,5,,1211993.4,,,
Trend,2026-12-01,IT,Italy,P03,IPX Roaming & Signalling,Forecast,,gradient_boosting,6,,1187633.95,,,
Trend,2027-01-01,IT,Italy,P03,IPX Roaming & Signalling,Forecast,,gradient_boosting,7,,1107822.31,,,
Trend,2027-02-01,IT,Italy,P03,IPX Roaming & Signalling,Forecast,,gradient_boosting,8,,1114371.73,,,
Trend,2027-03-01,IT,Italy,P03,IPX Roaming & Signalling,Forecast,,gradient_boosting,9,,1121027.58,,,
Trend,2027-04-01,IT,Italy,P03,IPX Roaming & Signalling,Forecast,,gradient_boosting,10,,1206214.36,,,
Trend,2027-05-01,IT,Italy,P03,IPX Roaming & Signalling,Forecast,,gradient_boosting,11,,1389530.67,,,
Trend,2027-06-01,IT,Italy,P03,IPX Roaming & Signalling,Forecast,,gradient_boosting,12,,1541151.14,,,
Trend,2026-07-01,IT,Italy,P04,IP Transit,Forecast,,gradient_boosting,1,,1570726.01,,,
Trend,2026-08-01,IT,Italy,P04,IP Transit,Forecast,,gradient_boosting,2,,1631015.5,,,
Trend,2026-09-01,IT,Italy,P04,IP Transit,Forecast,,gradient_boosting,3,,1596112.09,,,
Trend,2026-10-01,IT,Italy,P04,IP Transit,Forecast,,gradient_boosting,4,,1653209.07,,,
Trend,2026-11-01,IT,Italy,P04,IP Transit,Forecast,,gradient_boosting,5,,1600679.45,,,
Trend,2026-12-01,IT,Italy,P04,IP Transit,Forecast,,gradient_boosting,6,,1701598.01,,,
Trend,2027-01-01,IT,Italy,P04,IP Transit,Forecast,,gradient_boosting,7,,1654422.02,,,
Trend,2027-02-01,IT,Italy,P04,IP Transit,Forecast,,gradient_boosting,8,,1628479.46,,,
Trend,2027-03-01,IT,Italy,P04,IP Transit,Forecast,,gradient_boosting,9,,1824787.0,,,
Trend,2027-04-01,IT,Italy,P04,IP Transit,Forecast,,gradient_boosting,10,,1722376.9,,,
Trend,2027-05-01,IT,Italy,P04,IP Transit,Forecast,,gradient_boosting,11,,1925215.08,,,
Trend,2027-06-01,IT,Italy,P04,IP Transit,Forecast,,gradient_boosting,12,,2144022.14,,,
Trend,2026-07-01,IT,Italy,P05,Ethernet & Capacity Services,Forecast,,gradient_boosting,1,,6042938.88,,,
Trend,2026-08-01,IT,Italy,P05,Ethernet & Capacity Services,Forecast,,gradient_boosting,2,,5966817.68,,,
Trend,2026-09-01,IT,Italy,P05,Ethernet & Capacity Services,Forecast,,gradient_boosting,3,,5928720.46,,,
Trend,2026-10-01,IT,Italy,P05,Ethernet & Capacity Services,Forecast,,gradient_boosting,4,,5882049.22,,,
Trend,2026-11-01,IT,Italy,P05,Ethernet & Capacity Services,Forecast,,gradient_boosting,5,,5994543.71,,,
Trend,2026-12-01,IT,Italy,P05,Ethernet & Capacity Services,Forecast,,gradient_boosting,6,,5731271.39,,,
Trend,2027-01-01,IT,Italy,P05,Ethernet & Capacity Services,Forecast,,gradient_boosting,7,,5807156.43,,,
Trend,2027-02-01,IT,Italy,P05,Ethernet & Capacity Services,Forecast,,gradient_boosting,8,,5742100.72,,,
Trend,2027-03-01,IT,Italy,P05,Ethernet & Capacity Services,Forecast,,gradient_boosting,9,,5859979.0,,,
Trend,2027-04-01,IT,Italy,P05,Ethernet & Capacity Services,Forecast,,gradient_boosting,10,,5796078.69,,,
Trend,2027-05-01,IT,Italy,P05,Ethernet & Capacity Services,Forecast,,gradient_boosting,11,,5750058.46,,,
Trend,2027-06-01,IT,Italy,P05,Ethernet & Capacity Services,Forecast,,gradient_boosting,12,,5728215.5,,,
Trend,2026-07-01,IT,Italy,P06,Cloud Connect,Forecast,,gradient_boosting,1,,3311890.64,,,
Trend,2026-08-01,IT,Italy,P06,Cloud Connect,Forecast,,gradient_boosting,2,,3429542.3,,,
Trend,2026-09-01,IT,Italy,P06,Cloud Connect,Forecast,,gradient_boosting,3,,3356003.1,,,
Trend,2026-10-01,IT,Italy,P06,Cloud Connect,Forecast,,gradient_boosting,4,,3386648.48,,,
Trend,2026-11-01,IT,Italy,P06,Cloud Connect,Forecast,,gradient_boosting,5,,3486404.27,,,
Trend,2026-12-01,IT,Italy,P06,Cloud Connect,Forecast,,gradient_boosting,6,,3542954.11,,,
Trend,2027-01-01,IT,Italy,P06,Cloud Connect,Forecast,,gradient_boosting,7,,3477624.53,,,
Trend,2027-02-01,IT,Italy,P06,Cloud Connect,Forecast,,gradient_boosting,8,,3383730.51,,,
Trend,2027-03-01,IT,Italy,P06,Cloud Connect,Forecast,,gradient_boosting,9,,3621067.04,,,
Trend,2027-04-01,IT,Italy,P06,Cloud Connect,Forecast,,gradient_boosting,10,,3682305.24,,,
Trend,2027-05-01,IT,Italy,P06,Cloud Connect,Forecast,,gradient_boosting,11,,3563574.8,,,
Trend,2027-06-01,IT,Italy,P06,Cloud Connect,Forecast,,gradient_boosting,12,,4417320.95,,,
Trend,2026-07-01,IT,Italy,P07,Voice Firewall & Anti-Fraud,Forecast,,gradient_boosting,1,,522299.49,,,
Trend,2026-08-01,IT,Italy,P07,Voice Firewall & Anti-Fraud,Forecast,,gradient_boosting,2,,539445.26,,,
Trend,2026-09-01,IT,Italy,P07,Voice Firewall & Anti-Fraud,Forecast,,gradient_boosting,3,,553709.26,,,
Trend,2026-10-01,IT,Italy,P07,Voice Firewall & Anti-Fraud,Forecast,,gradient_boosting,4,,582679.9,,,
Trend,2026-11-01,IT,Italy,P07,Voice Firewall & Anti-Fraud,Forecast,,gradient_boosting,5,,576503.15,,,
Trend,2026-12-01,IT,Italy,P07,Voice Firewall & Anti-Fraud,Forecast,,gradient_boosting,6,,608294.19,,,
Trend,2027-01-01,IT,Italy,P07,Voice Firewall & Anti-Fraud,Forecast,,gradient_boosting,7,,572089.05,,,
Trend,2027-02-01,IT,Italy,P07,Voice Firewall & Anti-Fraud,Forecast,,gradient_boosting,8,,658647.73,,,
Trend,2027-03-01,IT,Italy,P07,Voice Firewall & Anti-Fraud,Forecast,,gradient_boosting,9,,549394.78,,,
Trend,2027-04-01,IT,Italy,P07,Voice Firewall & Anti-Fraud,Forecast,,gradient_boosting,10,,487912.25,,,
Trend,2027-05-01,IT,Italy,P07,Voice Firewall & Anti-Fraud,Forecast,,gradient_boosting,11,,618963.04,,,
Trend,2027-06-01,IT,Italy,P07,Voice Firewall & Anti-Fraud,Forecast,,gradient_boosting,12,,625881.45,,,
Trend,2026-07-01,NL,Netherlands,P01,International Voice Termination,Forecast,,gradient_boosting,1,,1188170.66,,,
Trend,2026-08-01,NL,Netherlands,P01,International Voice Termination,Forecast,,gradient_boosting,2,,1190606.29,,,
Trend,2026-09-01,NL,Netherlands,P01,International Voice Termination,Forecast,,gradient_boosting,3,,1279534.95,,,
Trend,2026-10-01,NL,Netherlands,P01,International Voice Termination,Forecast,,gradient_boosting,4,,1012624.83,,,
Trend,2026-11-01,NL,Netherlands,P01,International Voice Termination,Forecast,,gradient_boosting,5,,1432379.71,,,
Trend,2026-12-01,NL,Netherlands,P01,International Voice Termination,Forecast,,gradient_boosting,6,,1535781.14,,,
Trend,2027-01-01,NL,Netherlands,P01,International Voice Termination,Forecast,,gradient_boosting,7,,1681804.72,,,
Trend,2027-02-01,NL,Netherlands,P01,International Voice Termination,Forecast,,gradient_boosting,8,,1375383.17,,,
Trend,2027-03-01,NL,Netherlands,P01,International Voice Termination,Forecast,,gradient_boosting,9,,1486966.83,,,
Trend,2027-04-01,NL,Netherlands,P01,International Voice Termination,Forecast,,gradient_boosting,10,,1146428.1,,,
Trend,2027-05-01,NL,Netherlands,P01,International Voice Termination,Forecast,,gradient_boosting,11,,1492685.55,,,
Trend,2027-06-01,NL,Netherlands,P01,International Voice Termination,Forecast,,gradient_boosting,12,,1273779.52,,,
Trend,2026-07-01,NL,Netherlands,P02,A2P Messaging,Forecast,,gradient_boosting,1,,9491144.36,,,
Trend,2026-08-01,NL,Netherlands,P02,A2P Messaging,Forecast,,gradient_boosting,2,,9832694.93,,,
Trend,2026-09-01,NL,Netherlands,P02,A2P Messaging,Forecast,,gradient_boosting,3,,10905592.17,,,
Trend,2026-10-01,NL,Netherlands,P02,A2P Messaging,Forecast,,gradient_boosting,4,,11203104.25,,,
Trend,2026-11-01,NL,Netherlands,P02,A2P Messaging,Forecast,,gradient_boosting,5,,13338591.65,,,
Trend,2026-12-01,NL,Netherlands,P02,A2P Messaging,Forecast,,gradient_boosting,6,,12241328.76,,,
Trend,2027-01-01,NL,Netherlands,P02,A2P Messaging,Forecast,,gradient_boosting,7,,9526509.26,,,
Trend,2027-02-01,NL,Netherlands,P02,A2P Messaging,Forecast,,gradient_boosting,8,,10438611.6,,,
Trend,2027-03-01,NL,Netherlands,P02,A2P Messaging,Forecast,,gradient_boosting,9,,11180790.01,,,
Trend,2027-04-01,NL,Netherlands,P02,A2P Messaging,Forecast,,gradient_boosting,10,,10922887.4,,,
Trend,2027-05-01,NL,Netherlands,P02,A2P Messaging,Forecast,,gradient_boosting,11,,11299325.1,,,
Trend,2027-06-01,NL,Netherlands,P02,A2P Messaging,Forecast,,gradient_boosting,12,,11481057.51,,,
Trend,2026-07-01,NL,Netherlands,P03,IPX Roaming & Signalling,Forecast,,gradient_boosting,1,,9002137.74,,,
Trend,2026-08-01,NL,Netherlands,P03,IPX Roaming & Signalling,Forecast,,gradient_boosting,2,,9742385.28,,,
Trend,2026-09-01,NL,Netherlands,P03,IPX Roaming & Signalling,Forecast,,gradient_boosting,3,,6894907.42,,,
Trend,2026-10-01,NL,Netherlands,P03,IPX Roaming & Signalling,Forecast,,gradient_boosting,4,,5833374.36,,,
Trend,2026-11-01,NL,Netherlands,P03,IPX Roaming & Signalling,Forecast,,gradient_boosting,5,,5627250.62,,,
Trend,2026-12-01,NL,Netherlands,P03,IPX Roaming & Signalling,Forecast,,gradient_boosting,6,,5962818.33,,,
Trend,2027-01-01,NL,Netherlands,P03,IPX Roaming & Signalling,Forecast,,gradient_boosting,7,,5248787.84,,,
Trend,2027-02-01,NL,Netherlands,P03,IPX Roaming & Signalling,Forecast,,gradient_boosting,8,,5198345.09,,,
Trend,2027-03-01,NL,Netherlands,P03,IPX Roaming & Signalling,Forecast,,gradient_boosting,9,,5830681.35,,,
Trend,2027-04-01,NL,Netherlands,P03,IPX Roaming & Signalling,Forecast,,gradient_boosting,10,,6246888.98,,,
Trend,2027-05-01,NL,Netherlands,P03,IPX Roaming & Signalling,Forecast,,gradient_boosting,11,,7531306.54,,,
Trend,2027-06-01,NL,Netherlands,P03,IPX Roaming & Signalling,Forecast,,gradient_boosting,12,,8484006.96,,,
Trend,2026-07-01,NL,Netherlands,P04,IP Transit,Forecast,,gradient_boosting,1,,1521170.25,,,
Trend,2026-08-01,NL,Netherlands,P04,IP Transit,Forecast,,gradient_boosting,2,,1574522.37,,,
Trend,2026-09-01,NL,Netherlands,P04,IP Transit,Forecast,,gradient_boosting,3,,1592223.6,,,
Trend,2026-10-01,NL,Netherlands,P04,IP Transit,Forecast,,gradient_boosting,4,,1613664.92,,,
Trend,2026-11-01,NL,Netherlands,P04,IP Transit,Forecast,,gradient_boosting,5,,1534442.75,,,
Trend,2026-12-01,NL,Netherlands,P04,IP Transit,Forecast,,gradient_boosting,6,,1663548.17,,,
Trend,2027-01-01,NL,Netherlands,P04,IP Transit,Forecast,,gradient_boosting,7,,1634324.96,,,
Trend,2027-02-01,NL,Netherlands,P04,IP Transit,Forecast,,gradient_boosting,8,,1402539.81,,,
Trend,2027-03-01,NL,Netherlands,P04,IP Transit,Forecast,,gradient_boosting,9,,1816076.46,,,
Trend,2027-04-01,NL,Netherlands,P04,IP Transit,Forecast,,gradient_boosting,10,,1840205.23,,,
Trend,2027-05-01,NL,Netherlands,P04,IP Transit,Forecast,,gradient_boosting,11,,1815839.55,,,
Trend,2027-06-01,NL,Netherlands,P04,IP Transit,Forecast,,gradient_boosting,12,,1863158.36,,,
Trend,2026-07-01,NL,Netherlands,P05,Ethernet & Capacity Services,Forecast,,gradient_boosting,1,,2519128.06,,,
Trend,2026-08-01,NL,Netherlands,P05,Ethernet & Capacity Services,Forecast,,gradient_boosting,2,,2550238.2,,,
Trend,2026-09-01,NL,Netherlands,P05,Ethernet & Capacity Services,Forecast,,gradient_boosting,3,,2537300.21,,,
Trend,2026-10-01,NL,Netherlands,P05,Ethernet & Capacity Services,Forecast,,gradient_boosting,4,,2548085.89,,,
Trend,2026-11-01,NL,Netherlands,P05,Ethernet & Capacity Services,Forecast,,gradient_boosting,5,,2638159.31,,,
Trend,2026-12-01,NL,Netherlands,P05,Ethernet & Capacity Services,Forecast,,gradient_boosting,6,,2544958.34,,,
Trend,2027-01-01,NL,Netherlands,P05,Ethernet & Capacity Services,Forecast,,gradient_boosting,7,,2478138.21,,,
Trend,2027-02-01,NL,Netherlands,P05,Ethernet & Capacity Services,Forecast,,gradient_boosting,8,,2489407.12,,,
Trend,2027-03-01,NL,Netherlands,P05,Ethernet & Capacity Services,Forecast,,gradient_boosting,9,,2415322.76,,,
Trend,2027-04-01,NL,Netherlands,P05,Ethernet & Capacity Services,Forecast,,gradient_boosting,10,,2455111.05,,,
Trend,2027-05-01,NL,Netherlands,P05,Ethernet & Capacity Services,Forecast,,gradient_boosting,11,,2520387.17,,,
Trend,2027-06-01,NL,Netherlands,P05,Ethernet & Capacity Services,Forecast,,gradient_boosting,12,,2488753.65,,,
Trend,2026-07-01,NL,Netherlands,P06,Cloud Connect,Forecast,,gradient_boosting,1,,165589.8,,,
Trend,2026-08-01,NL,Netherlands,P06,Cloud Connect,Forecast,,gradient_boosting,2,,167284.69,,,
Trend,2026-09-01,NL,Netherlands,P06,Cloud Connect,Forecast,,gradient_boosting,3,,180145.66,,,
Trend,2026-10-01,NL,Netherlands,P06,Cloud Connect,Forecast,,gradient_boosting,4,,151653.21,,,
Trend,2026-11-01,NL,Netherlands,P06,Cloud Connect,Forecast,,gradient_boosting,5,,146768.86,,,
Trend,2026-12-01,NL,Netherlands,P06,Cloud Connect,Forecast,,gradient_boosting,6,,124786.19,,,
Trend,2027-01-01,NL,Netherlands,P06,Cloud Connect,Forecast,,gradient_boosting,7,,135836.6,,,
Trend,2027-02-01,NL,Netherlands,P06,Cloud Connect,Forecast,,gradient_boosting,8,,140148.35,,,
Trend,2027-03-01,NL,Netherlands,P06,Cloud Connect,Forecast,,gradient_boosting,9,,118679.24,,,
Trend,2027-04-01,NL,Netherlands,P06,Cloud Connect,Forecast,,gradient_boosting,10,,163598.97,,,
Trend,2027-05-01,NL,Netherlands,P06,Cloud Connect,Forecast,,gradient_boosting,11,,159074.55,,,
Trend,2027-06-01,NL,Netherlands,P06,Cloud Connect,Forecast,,gradient_boosting,12,,125438.8,,,
Trend,2026-07-01,NL,Netherlands,P07,Voice Firewall & Anti-Fraud,Forecast,,gradient_boosting,1,,2455373.71,,,
Trend,2026-08-01,NL,Netherlands,P07,Voice Firewall & Anti-Fraud,Forecast,,gradient_boosting,2,,2535699.93,,,
Trend,2026-09-01,NL,Netherlands,P07,Voice Firewall & Anti-Fraud,Forecast,,gradient_boosting,3,,2542543.87,,,
Trend,2026-10-01,NL,Netherlands,P07,Voice Firewall & Anti-Fraud,Forecast,,gradient_boosting,4,,2537814.36,,,
Trend,2026-11-01,NL,Netherlands,P07,Voice Firewall & Anti-Fraud,Forecast,,gradient_boosting,5,,2633228.41,,,
Trend,2026-12-01,NL,Netherlands,P07,Voice Firewall & Anti-Fraud,Forecast,,gradient_boosting,6,,2554317.36,,,
Trend,2027-01-01,NL,Netherlands,P07,Voice Firewall & Anti-Fraud,Forecast,,gradient_boosting,7,,2528446.99,,,
Trend,2027-02-01,NL,Netherlands,P07,Voice Firewall & Anti-Fraud,Forecast,,gradient_boosting,8,,2580034.15,,,
Trend,2027-03-01,NL,Netherlands,P07,Voice Firewall & Anti-Fraud,Forecast,,gradient_boosting,9,,2651181.73,,,
Trend,2027-04-01,NL,Netherlands,P07,Voice Firewall & Anti-Fraud,Forecast,,gradient_boosting,10,,2644825.16,,,
Trend,2027-05-01,NL,Netherlands,P07,Voice Firewall & Anti-Fraud,Forecast,,gradient_boosting,11,,2769334.14,,,
Trend,2027-06-01,NL,Netherlands,P07,Voice Firewall & Anti-Fraud,Forecast,,gradient_boosting,12,,2777665.24,,,
Trend,2026-07-01,PL,Poland,P01,International Voice Termination,Forecast,,gradient_boosting,1,,1324469.29,,,
Trend,2026-08-01,PL,Poland,P01,International Voice Termination,Forecast,,gradient_boosting,2,,1146528.49,,,
Trend,2026-09-01,PL,Poland,P01,International Voice Termination,Forecast,,gradient_boosting,3,,1379276.12,,,
Trend,2026-10-01,PL,Poland,P01,International Voice Termination,Forecast,,gradient_boosting,4,,1660614.64,,,
Trend,2026-11-01,PL,Poland,P01,International Voice Termination,Forecast,,gradient_boosting,5,,1569933.14,,,
Trend,2026-12-01,PL,Poland,P01,International Voice Termination,Forecast,,gradient_boosting,6,,1321616.65,,,
Trend,2027-01-01,PL,Poland,P01,International Voice Termination,Forecast,,gradient_boosting,7,,1352908.74,,,
Trend,2027-02-01,PL,Poland,P01,International Voice Termination,Forecast,,gradient_boosting,8,,1303060.91,,,
Trend,2027-03-01,PL,Poland,P01,International Voice Termination,Forecast,,gradient_boosting,9,,1301910.4,,,
Trend,2027-04-01,PL,Poland,P01,International Voice Termination,Forecast,,gradient_boosting,10,,1364482.37,,,
Trend,2027-05-01,PL,Poland,P01,International Voice Termination,Forecast,,gradient_boosting,11,,1428204.73,,,
Trend,2027-06-01,PL,Poland,P01,International Voice Termination,Forecast,,gradient_boosting,12,,1283532.88,,,
Trend,2026-07-01,PL,Poland,P02,A2P Messaging,Forecast,,gradient_boosting,1,,5982324.13,,,
Trend,2026-08-01,PL,Poland,P02,A2P Messaging,Forecast,,gradient_boosting,2,,5163473.12,,,
Trend,2026-09-01,PL,Poland,P02,A2P Messaging,Forecast,,gradient_boosting,3,,6414545.39,,,
Trend,2026-10-01,PL,Poland,P02,A2P Messaging,Forecast,,gradient_boosting,4,,7155844.75,,,
Trend,2026-11-01,PL,Poland,P02,A2P Messaging,Forecast,,gradient_boosting,5,,9282269.62,,,
Trend,2026-12-01,PL,Poland,P02,A2P Messaging,Forecast,,gradient_boosting,6,,8832304.18,,,
Trend,2027-01-01,PL,Poland,P02,A2P Messaging,Forecast,,gradient_boosting,7,,6728053.18,,,
Trend,2027-02-01,PL,Poland,P02,A2P Messaging,Forecast,,gradient_boosting,8,,6712981.5,,,
Trend,2027-03-01,PL,Poland,P02,A2P Messaging,Forecast,,gradient_boosting,9,,7675353.31,,,
Trend,2027-04-01,PL,Poland,P02,A2P Messaging,Forecast,,gradient_boosting,10,,7854482.53,,,
Trend,2027-05-01,PL,Poland,P02,A2P Messaging,Forecast,,gradient_boosting,11,,7689286.61,,,
Trend,2027-06-01,PL,Poland,P02,A2P Messaging,Forecast,,gradient_boosting,12,,7721337.26,,,
Trend,2026-07-01,PL,Poland,P03,IPX Roaming & Signalling,Forecast,,gradient_boosting,1,,5644773.49,,,
Trend,2026-08-01,PL,Poland,P03,IPX Roaming & Signalling,Forecast,,gradient_boosting,2,,6113677.26,,,
Trend,2026-09-01,PL,Poland,P03,IPX Roaming & Signalling,Forecast,,gradient_boosting,3,,5035764.91,,,
Trend,2026-10-01,PL,Poland,P03,IPX Roaming & Signalling,Forecast,,gradient_boosting,4,,4431733.8,,,
Trend,2026-11-01,PL,Poland,P03,IPX Roaming & Signalling,Forecast,,gradient_boosting,5,,4311975.55,,,
Trend,2026-12-01,PL,Poland,P03,IPX Roaming & Signalling,Forecast,,gradient_boosting,6,,4330942.36,,,
Trend,2027-01-01,PL,Poland,P03,IPX Roaming & Signalling,Forecast,,gradient_boosting,7,,3510181.39,,,
Trend,2027-02-01,PL,Poland,P03,IPX Roaming & Signalling,Forecast,,gradient_boosting,8,,3670746.52,,,
Trend,2027-03-01,PL,Poland,P03,IPX Roaming & Signalling,Forecast,,gradient_boosting,9,,4538071.83,,,
Trend,2027-04-01,PL,Poland,P03,IPX Roaming & Signalling,Forecast,,gradient_boosting,10,,5240491.76,,,
Trend,2027-05-01,PL,Poland,P03,IPX Roaming & Signalling,Forecast,,gradient_boosting,11,,5955921.74,,,
Trend,2027-06-01,PL,Poland,P03,IPX Roaming & Signalling,Forecast,,gradient_boosting,12,,6099941.39,,,
Trend,2026-07-01,PL,Poland,P04,IP Transit,Forecast,,gradient_boosting,1,,1696922.75,,,
Trend,2026-08-01,PL,Poland,P04,IP Transit,Forecast,,gradient_boosting,2,,1771758.34,,,
Trend,2026-09-01,PL,Poland,P04,IP Transit,Forecast,,gradient_boosting,3,,1786924.32,,,
Trend,2026-10-01,PL,Poland,P04,IP Transit,Forecast,,gradient_boosting,4,,1824609.68,,,
Trend,2026-11-01,PL,Poland,P04,IP Transit,Forecast,,gradient_boosting,5,,1893506.38,,,
Trend,2026-12-01,PL,Poland,P04,IP Transit,Forecast,,gradient_boosting,6,,1895979.84,,,
Trend,2027-01-01,PL,Poland,P04,IP Transit,Forecast,,gradient_boosting,7,,1917870.47,,,
Trend,2027-02-01,PL,Poland,P04,IP Transit,Forecast,,gradient_boosting,8,,1899655.89,,,
Trend,2027-03-01,PL,Poland,P04,IP Transit,Forecast,,gradient_boosting,9,,1994290.83,,,
Trend,2027-04-01,PL,Poland,P04,IP Transit,Forecast,,gradient_boosting,10,,1952892.98,,,
Trend,2027-05-01,PL,Poland,P04,IP Transit,Forecast,,gradient_boosting,11,,2085360.95,,,
Trend,2027-06-01,PL,Poland,P04,IP Transit,Forecast,,gradient_boosting,12,,2188304.51,,,
Trend,2026-07-01,PL,Poland,P05,Ethernet & Capacity Services,Forecast,,gradient_boosting,1,,3564753.55,,,
Trend,2026-08-01,PL,Poland,P05,Ethernet & Capacity Services,Forecast,,gradient_boosting,2,,3609692.78,,,
Trend,2026-09-01,PL,Poland,P05,Ethernet & Capacity Services,Forecast,,gradient_boosting,3,,3716914.58,,,
Trend,2026-10-01,PL,Poland,P05,Ethernet & Capacity Services,Forecast,,gradient_boosting,4,,3683889.2,,,
Trend,2026-11-01,PL,Poland,P05,Ethernet & Capacity Services,Forecast,,gradient_boosting,5,,3781315.29,,,
Trend,2026-12-01,PL,Poland,P05,Ethernet & Capacity Services,Forecast,,gradient_boosting,6,,3588831.96,,,
Trend,2027-01-01,PL,Poland,P05,Ethernet & Capacity Services,Forecast,,gradient_boosting,7,,3537117.63,,,
Trend,2027-02-01,PL,Poland,P05,Ethernet & Capacity Services,Forecast,,gradient_boosting,8,,3827224.71,,,
Trend,2027-03-01,PL,Poland,P05,Ethernet & Capacity Services,Forecast,,gradient_boosting,9,,3860749.79,,,
Trend,2027-04-01,PL,Poland,P05,Ethernet & Capacity Services,Forecast,,gradient_boosting,10,,3759661.73,,,
Trend,2027-05-01,PL,Poland,P05,Ethernet & Capacity Services,Forecast,,gradient_boosting,11,,4193268.38,,,
Trend,2027-06-01,PL,Poland,P05,Ethernet & Capacity Services,Forecast,,gradient_boosting,12,,4041419.43,,,
Trend,2026-07-01,PL,Poland,P06,Cloud Connect,Forecast,,gradient_boosting,1,,113386.88,,,
Trend,2026-08-01,PL,Poland,P06,Cloud Connect,Forecast,,gradient_boosting,2,,110330.85,,,
Trend,2026-09-01,PL,Poland,P06,Cloud Connect,Forecast,,gradient_boosting,3,,118685.02,,,
Trend,2026-10-01,PL,Poland,P06,Cloud Connect,Forecast,,gradient_boosting,4,,108869.05,,,
Trend,2026-11-01,PL,Poland,P06,Cloud Connect,Forecast,,gradient_boosting,5,,125547.07,,,
Trend,2026-12-01,PL,Poland,P06,Cloud Connect,Forecast,,gradient_boosting,6,,138879.59,,,
Trend,2027-01-01,PL,Poland,P06,Cloud Connect,Forecast,,gradient_boosting,7,,141135.82,,,
Trend,2027-02-01,PL,Poland,P06,Cloud Connect,Forecast,,gradient_boosting,8,,140658.99,,,
Trend,2027-03-01,PL,Poland,P06,Cloud Connect,Forecast,,gradient_boosting,9,,140753.5,,,
Trend,2027-04-01,PL,Poland,P06,Cloud Connect,Forecast,,gradient_boosting,10,,143507.87,,,
Trend,2027-05-01,PL,Poland,P06,Cloud Connect,Forecast,,gradient_boosting,11,,156360.03,,,
Trend,2027-06-01,PL,Poland,P06,Cloud Connect,Forecast,,gradient_boosting,12,,150529.0,,,
Trend,2026-07-01,PL,Poland,P07,Voice Firewall & Anti-Fraud,Forecast,,gradient_boosting,1,,1166296.4,,,
Trend,2026-08-01,PL,Poland,P07,Voice Firewall & Anti-Fraud,Forecast,,gradient_boosting,2,,1227697.45,,,
Trend,2026-09-01,PL,Poland,P07,Voice Firewall & Anti-Fraud,Forecast,,gradient_boosting,3,,1228205.08,,,
Trend,2026-10-01,PL,Poland,P07,Voice Firewall & Anti-Fraud,Forecast,,gradient_boosting,4,,1226835.51,,,
Trend,2026-11-01,PL,Poland,P07,Voice Firewall & Anti-Fraud,Forecast,,gradient_boosting,5,,1204112.45,,,
Trend,2026-12-01,PL,Poland,P07,Voice Firewall & Anti-Fraud,Forecast,,gradient_boosting,6,,1255854.61,,,
Trend,2027-01-01,PL,Poland,P07,Voice Firewall & Anti-Fraud,Forecast,,gradient_boosting,7,,1293230.62,,,
Trend,2027-02-01,PL,Poland,P07,Voice Firewall & Anti-Fraud,Forecast,,gradient_boosting,8,,1380426.49,,,
Trend,2027-03-01,PL,Poland,P07,Voice Firewall & Anti-Fraud,Forecast,,gradient_boosting,9,,1345161.22,,,
Trend,2027-04-01,PL,Poland,P07,Voice Firewall & Anti-Fraud,Forecast,,gradient_boosting,10,,1381092.46,,,
Trend,2027-05-01,PL,Poland,P07,Voice Firewall & Anti-Fraud,Forecast,,gradient_boosting,11,,1382157.19,,,
Trend,2027-06-01,PL,Poland,P07,Voice Firewall & Anti-Fraud,Forecast,,gradient_boosting,12,,1350761.57,,,
Trend,2026-07-01,RO,Romania,P01,International Voice Termination,Forecast,,gradient_boosting,1,,0.04,,,
Trend,2026-08-01,RO,Romania,P01,International Voice Termination,Forecast,,gradient_boosting,2,,0.08,,,
Trend,2026-09-01,RO,Romania,P01,International Voice Termination,Forecast,,gradient_boosting,3,,0.0,,,
Trend,2026-10-01,RO,Romania,P01,International Voice Termination,Forecast,,gradient_boosting,4,,0.1,,,
Trend,2026-11-01,RO,Romania,P01,International Voice Termination,Forecast,,gradient_boosting,5,,0.04,,,
Trend,2026-12-01,RO,Romania,P01,International Voice Termination,Forecast,,gradient_boosting,6,,0.0,,,
Trend,2027-01-01,RO,Romania,P01,International Voice Termination,Forecast,,gradient_boosting,7,,0.04,,,
Trend,2027-02-01,RO,Romania,P01,International Voice Termination,Forecast,,gradient_boosting,8,,0.03,,,
Trend,2027-03-01,RO,Romania,P01,International Voice Termination,Forecast,,gradient_boosting,9,,0.09,,,
Trend,2027-04-01,RO,Romania,P01,International Voice Termination,Forecast,,gradient_boosting,10,,0.04,,,
Trend,2027-05-01,RO,Romania,P01,International Voice Termination,Forecast,,gradient_boosting,11,,0.0,,,
Trend,2027-06-01,RO,Romania,P01,International Voice Termination,Forecast,,gradient_boosting,12,,0.1,,,
Trend,2026-07-01,RO,Romania,P03,IPX Roaming & Signalling,Forecast,,gradient_boosting,1,,1289329.09,,,
Trend,2026-08-01,RO,Romania,P03,IPX Roaming & Signalling,Forecast,,gradient_boosting,2,,1242447.19,,,
Trend,2026-09-01,RO,Romania,P03,IPX Roaming & Signalling,Forecast,,gradient_boosting,3,,1089384.19,,,
Trend,2026-10-01,RO,Romania,P03,IPX Roaming & Signalling,Forecast,,gradient_boosting,4,,1090860.93,,,
Trend,2026-11-01,RO,Romania,P03,IPX Roaming & Signalling,Forecast,,gradient_boosting,5,,1003453.46,,,
Trend,2026-12-01,RO,Romania,P03,IPX Roaming & Signalling,Forecast,,gradient_boosting,6,,972661.72,,,
Trend,2027-01-01,RO,Romania,P03,IPX Roaming & Signalling,Forecast,,gradient_boosting,7,,888538.05,,,
Trend,2027-02-01,RO,Romania,P03,IPX Roaming & Signalling,Forecast,,gradient_boosting,8,,896509.21,,,
Trend,2027-03-01,RO,Romania,P03,IPX Roaming & Signalling,Forecast,,gradient_boosting,9,,965532.15,,,
Trend,2027-04-01,RO,Romania,P03,IPX Roaming & Signalling,Forecast,,gradient_boosting,10,,1004496.17,,,
Trend,2027-05-01,RO,Romania,P03,IPX Roaming & Signalling,Forecast,,gradient_boosting,11,,1069404.76,,,
Trend,2027-06-01,RO,Romania,P03,IPX Roaming & Signalling,Forecast,,gradient_boosting,12,,1165571.52,,,
Trend,2026-07-01,RO,Romania,P05,Ethernet & Capacity Services,Forecast,,gradient_boosting,1,,1345878.58,,,
Trend,2026-08-01,RO,Romania,P05,Ethernet & Capacity Services,Forecast,,gradient_boosting,2,,1382057.76,,,
Trend,2026-09-01,RO,Romania,P05,Ethernet & Capacity Services,Forecast,,gradient_boosting,3,,1369470.54,,,
Trend,2026-10-01,RO,Romania,P05,Ethernet & Capacity Services,Forecast,,gradient_boosting,4,,1483816.13,,,
Trend,2026-11-01,RO,Romania,P05,Ethernet & Capacity Services,Forecast,,gradient_boosting,5,,1393370.36,,,
Trend,2026-12-01,RO,Romania,P05,Ethernet & Capacity Services,Forecast,,gradient_boosting,6,,1341334.03,,,
Trend,2027-01-01,RO,Romania,P05,Ethernet & Capacity Services,Forecast,,gradient_boosting,7,,1280760.97,,,
Trend,2027-02-01,RO,Romania,P05,Ethernet & Capacity Services,Forecast,,gradient_boosting,8,,1386596.22,,,
Trend,2027-03-01,RO,Romania,P05,Ethernet & Capacity Services,Forecast,,gradient_boosting,9,,1407659.15,,,
Trend,2027-04-01,RO,Romania,P05,Ethernet & Capacity Services,Forecast,,gradient_boosting,10,,1323645.15,,,
Trend,2027-05-01,RO,Romania,P05,Ethernet & Capacity Services,Forecast,,gradient_boosting,11,,1349738.75,,,
Trend,2027-06-01,RO,Romania,P05,Ethernet & Capacity Services,Forecast,,gradient_boosting,12,,1294327.29,,,
Trend,2026-07-01,RO,Romania,P07,Voice Firewall & Anti-Fraud,Forecast,,gradient_boosting,1,,148318.94,,,
Trend,2026-08-01,RO,Romania,P07,Voice Firewall & Anti-Fraud,Forecast,,gradient_boosting,2,,142100.1,,,
Trend,2026-09-01,RO,Romania,P07,Voice Firewall & Anti-Fraud,Forecast,,gradient_boosting,3,,143636.36,,,
Trend,2026-10-01,RO,Romania,P07,Voice Firewall & Anti-Fraud,Forecast,,gradient_boosting,4,,141371.5,,,
Trend,2026-11-01,RO,Romania,P07,Voice Firewall & Anti-Fraud,Forecast,,gradient_boosting,5,,135774.64,,,
Trend,2026-12-01,RO,Romania,P07,Voice Firewall & Anti-Fraud,Forecast,,gradient_boosting,6,,132798.27,,,
Trend,2027-01-01,RO,Romania,P07,Voice Firewall & Anti-Fraud,Forecast,,gradient_boosting,7,,159054.86,,,
Trend,2027-02-01,RO,Romania,P07,Voice Firewall & Anti-Fraud,Forecast,,gradient_boosting,8,,129883.16,,,
Trend,2027-03-01,RO,Romania,P07,Voice Firewall & Anti-Fraud,Forecast,,gradient_boosting,9,,164771.09,,,
Trend,2027-04-01,RO,Romania,P07,Voice Firewall & Anti-Fraud,Forecast,,gradient_boosting,10,,143715.72,,,
Trend,2027-05-01,RO,Romania,P07,Voice Firewall & Anti-Fraud,Forecast,,gradient_boosting,11,,103161.21,,,
Trend,2027-06-01,RO,Romania,P07,Voice Firewall & Anti-Fraud,Forecast,,gradient_boosting,12,,155437.78,,,
Trend,2026-07-01,SK,Slovakia,P01,International Voice Termination,Forecast,,gradient_boosting,1,,228888.64,,,
Trend,2026-08-01,SK,Slovakia,P01,International Voice Termination,Forecast,,gradient_boosting,2,,148656.74,,,
Trend,2026-09-01,SK,Slovakia,P01,International Voice Termination,Forecast,,gradient_boosting,3,,113867.32,,,
Trend,2026-10-01,SK,Slovakia,P01,International Voice Termination,Forecast,,gradient_boosting,4,,152173.55,,,
Trend,2026-11-01,SK,Slovakia,P01,International Voice Termination,Forecast,,gradient_boosting,5,,133356.02,,,
Trend,2026-12-01,SK,Slovakia,P01,International Voice Termination,Forecast,,gradient_boosting,6,,103911.95,,,
Trend,2027-01-01,SK,Slovakia,P01,International Voice Termination,Forecast,,gradient_boosting,7,,107794.62,,,
Trend,2027-02-01,SK,Slovakia,P01,International Voice Termination,Forecast,,gradient_boosting,8,,86591.98,,,
Trend,2027-03-01,SK,Slovakia,P01,International Voice Termination,Forecast,,gradient_boosting,9,,36590.34,,,
Trend,2027-04-01,SK,Slovakia,P01,International Voice Termination,Forecast,,gradient_boosting,10,,38128.12,,,
Trend,2027-05-01,SK,Slovakia,P01,International Voice Termination,Forecast,,gradient_boosting,11,,3150.85,,,
Trend,2027-06-01,SK,Slovakia,P01,International Voice Termination,Forecast,,gradient_boosting,12,,6378.41,,,
Trend,2026-07-01,SK,Slovakia,P02,A2P Messaging,Forecast,,gradient_boosting,1,,3067445.89,,,
Trend,2026-08-01,SK,Slovakia,P02,A2P Messaging,Forecast,,gradient_boosting,2,,3053527.02,,,
Trend,2026-09-01,SK,Slovakia,P02,A2P Messaging,Forecast,,gradient_boosting,3,,3286777.44,,,
Trend,2026-10-01,SK,Slovakia,P02,A2P Messaging,Forecast,,gradient_boosting,4,,3129117.07,,,
Trend,2026-11-01,SK,Slovakia,P02,A2P Messaging,Forecast,,gradient_boosting,5,,3593503.6,,,
Trend,2026-12-01,SK,Slovakia,P02,A2P Messaging,Forecast,,gradient_boosting,6,,3543912.25,,,
Trend,2027-01-01,SK,Slovakia,P02,A2P Messaging,Forecast,,gradient_boosting,7,,3186484.26,,,
Trend,2027-02-01,SK,Slovakia,P02,A2P Messaging,Forecast,,gradient_boosting,8,,2989682.85,,,
Trend,2027-03-01,SK,Slovakia,P02,A2P Messaging,Forecast,,gradient_boosting,9,,3199576.0,,,
Trend,2027-04-01,SK,Slovakia,P02,A2P Messaging,Forecast,,gradient_boosting,10,,3301700.71,,,
Trend,2027-05-01,SK,Slovakia,P02,A2P Messaging,Forecast,,gradient_boosting,11,,3303808.55,,,
Trend,2027-06-01,SK,Slovakia,P02,A2P Messaging,Forecast,,gradient_boosting,12,,3343443.13,,,
Trend,2026-07-01,SK,Slovakia,P03,IPX Roaming & Signalling,Forecast,,gradient_boosting,1,,1354598.89,,,
Trend,2026-08-01,SK,Slovakia,P03,IPX Roaming & Signalling,Forecast,,gradient_boosting,2,,1353495.56,,,
Trend,2026-09-01,SK,Slovakia,P03,IPX Roaming & Signalling,Forecast,,gradient_boosting,3,,1167688.49,,,
Trend,2026-10-01,SK,Slovakia,P03,IPX Roaming & Signalling,Forecast,,gradient_boosting,4,,1026808.95,,,
Trend,2026-11-01,SK,Slovakia,P03,IPX Roaming & Signalling,Forecast,,gradient_boosting,5,,997633.94,,,
Trend,2026-12-01,SK,Slovakia,P03,IPX Roaming & Signalling,Forecast,,gradient_boosting,6,,948562.44,,,
Trend,2027-01-01,SK,Slovakia,P03,IPX Roaming & Signalling,Forecast,,gradient_boosting,7,,772642.46,,,
Trend,2027-02-01,SK,Slovakia,P03,IPX Roaming & Signalling,Forecast,,gradient_boosting,8,,866878.66,,,
Trend,2027-03-01,SK,Slovakia,P03,IPX Roaming & Signalling,Forecast,,gradient_boosting,9,,913244.91,,,
Trend,2027-04-01,SK,Slovakia,P03,IPX Roaming & Signalling,Forecast,,gradient_boosting,10,,936520.21,,,
Trend,2027-05-01,SK,Slovakia,P03,IPX Roaming & Signalling,Forecast,,gradient_boosting,11,,1217488.69,,,
Trend,2027-06-01,SK,Slovakia,P03,IPX Roaming & Signalling,Forecast,,gradient_boosting,12,,1304089.03,,,
Trend,2026-07-01,SK,Slovakia,P05,Ethernet & Capacity Services,Forecast,,gradient_boosting,1,,358094.77,,,
Trend,2026-08-01,SK,Slovakia,P05,Ethernet & Capacity Services,Forecast,,gradient_boosting,2,,365346.36,,,
Trend,2026-09-01,SK,Slovakia,P05,Ethernet & Capacity Services,Forecast,,gradient_boosting,3,,350104.52,,,
Trend,2026-10-01,SK,Slovakia,P05,Ethernet & Capacity Services,Forecast,,gradient_boosting,4,,332996.01,,,
Trend,2026-11-01,SK,Slovakia,P05,Ethernet & Capacity Services,Forecast,,gradient_boosting,5,,366770.94,,,
Trend,2026-12-01,SK,Slovakia,P05,Ethernet & Capacity Services,Forecast,,gradient_boosting,6,,361445.9,,,
Trend,2027-01-01,SK,Slovakia,P05,Ethernet & Capacity Services,Forecast,,gradient_boosting,7,,374952.71,,,
Trend,2027-02-01,SK,Slovakia,P05,Ethernet & Capacity Services,Forecast,,gradient_boosting,8,,342059.94,,,
Trend,2027-03-01,SK,Slovakia,P05,Ethernet & Capacity Services,Forecast,,gradient_boosting,9,,397133.39,,,
Trend,2027-04-01,SK,Slovakia,P05,Ethernet & Capacity Services,Forecast,,gradient_boosting,10,,382710.51,,,
Trend,2027-05-01,SK,Slovakia,P05,Ethernet & Capacity Services,Forecast,,gradient_boosting,11,,395799.72,,,
Trend,2027-06-01,SK,Slovakia,P05,Ethernet & Capacity Services,Forecast,,gradient_boosting,12,,445906.18,,,
Trend,2026-07-01,SK,Slovakia,P07,Voice Firewall & Anti-Fraud,Forecast,,gradient_boosting,1,,0.01,,,
Trend,2026-08-01,SK,Slovakia,P07,Voice Firewall & Anti-Fraud,Forecast,,gradient_boosting,2,,0.0,,,
Trend,2026-09-01,SK,Slovakia,P07,Voice Firewall & Anti-Fraud,Forecast,,gradient_boosting,3,,0.0,,,
Trend,2026-10-01,SK,Slovakia,P07,Voice Firewall & Anti-Fraud,Forecast,,gradient_boosting,4,,0.01,,,
Trend,2026-11-01,SK,Slovakia,P07,Voice Firewall & Anti-Fraud,Forecast,,gradient_boosting,5,,0.0,,,
Trend,2026-12-01,SK,Slovakia,P07,Voice Firewall & Anti-Fraud,Forecast,,gradient_boosting,6,,0.0,,,
Trend,2027-01-01,SK,Slovakia,P07,Voice Firewall & Anti-Fraud,Forecast,,gradient_boosting,7,,0.0,,,
Trend,2027-02-01,SK,Slovakia,P07,Voice Firewall & Anti-Fraud,Forecast,,gradient_boosting,8,,0.0,,,
Trend,2027-03-01,SK,Slovakia,P07,Voice Firewall & Anti-Fraud,Forecast,,gradient_boosting,9,,0.0,,,
Trend,2027-04-01,SK,Slovakia,P07,Voice Firewall & Anti-Fraud,Forecast,,gradient_boosting,10,,0.04,,,
Trend,2027-05-01,SK,Slovakia,P07,Voice Firewall & Anti-Fraud,Forecast,,gradient_boosting,11,,0.0,,,
Trend,2027-06-01,SK,Slovakia,P07,Voice Firewall & Anti-Fraud,Forecast,,gradient_boosting,12,,0.0,,,
Country Mix,,AT,Austria,,,,,,,Austria,116028740.44,,,
Country Mix,,CZ,Czechia,,,,,,,Czechia,24641943.48,,,
Country Mix,,DE,Germany,,,,,,,Germany,494714545.02,,,
Country Mix,,ES,Spain,,,,,,,Spain,426028955.77,,,
Country Mix,,FR,France,,,,,,,France,525348434.94,,,
Country Mix,,GR,Greece,,,,,,,Greece,103063129.16,,,
Country Mix,,HR,Croatia,,,,,,,Croatia,4087530.82,,,
Country Mix,,HU,Hungary,,,,,,,Hungary,122353876.91,,,
Country Mix,,IT,Italy,,,,,,,Italy,208375668.84,,,
Country Mix,,NL,Netherlands,,,,,,,Netherlands,300358971.92,,,
Country Mix,,PL,Poland,,,,,,,Poland,228948552.69,,,
Country Mix,,RO,Romania,,,,,,,Romania,30730265.54,,,
Country Mix,,SK,Slovakia,,,,,,,Slovakia,57921047.38,,,
Product Mix,,,,P01,International Voice Termination,,,,,International Voice Termination,149012997.84,,,
Product Mix,,,,P02,A2P Messaging,,,,,A2P Messaging,835587911.99,,,
Product Mix,,,,P03,IPX Roaming & Signalling,,,,,IPX Roaming & Signalling,579069470.54,,,
Product Mix,,,,P04,IP Transit,,,,,IP Transit,212138098.54,,,
Product Mix,,,,P05,Ethernet & Capacity Services,,,,,Ethernet & Capacity Services,459846967.15,,,
Product Mix,,,,P07,Voice Firewall & Anti-Fraud,,,,,Voice Firewall & Anti-Fraud,203348528.38,,,
Product Mix,,,,P06,Cloud Connect,,,,,Cloud Connect,203597688.47,,,
Scenario,2026-07-01,AT,Austria,P01,International Voice Termination,Downside,Downside,gradient_boosting,1,,431418.14,,,
Scenario,2026-08-01,AT,Austria,P01,International Voice Termination,Downside,Downside,gradient_boosting,2,,253058.31,,,
Scenario,2026-09-01,AT,Austria,P01,International Voice Termination,Downside,Downside,gradient_boosting,3,,251971.86,,,
Scenario,2026-10-01,AT,Austria,P01,International Voice Termination,Downside,Downside,gradient_boosting,4,,51689.92,,,
Scenario,2026-11-01,AT,Austria,P01,International Voice Termination,Downside,Downside,gradient_boosting,5,,58251.05,,,
Scenario,2026-12-01,AT,Austria,P01,International Voice Termination,Downside,Downside,gradient_boosting,6,,198616.0,,,
Scenario,2027-01-01,AT,Austria,P01,International Voice Termination,Downside,Downside,gradient_boosting,7,,135436.36,,,
Scenario,2027-02-01,AT,Austria,P01,International Voice Termination,Downside,Downside,gradient_boosting,8,,118861.4,,,
Scenario,2027-03-01,AT,Austria,P01,International Voice Termination,Downside,Downside,gradient_boosting,9,,113942.11,,,
Scenario,2027-04-01,AT,Austria,P01,International Voice Termination,Downside,Downside,gradient_boosting,10,,124674.3,,,
Scenario,2027-05-01,AT,Austria,P01,International Voice Termination,Downside,Downside,gradient_boosting,11,,210502.84,,,
Scenario,2027-06-01,AT,Austria,P01,International Voice Termination,Downside,Downside,gradient_boosting,12,,159300.33,,,
Scenario,2026-07-01,AT,Austria,P02,A2P Messaging,Downside,Downside,gradient_boosting,1,,4086146.25,,,
Scenario,2026-08-01,AT,Austria,P02,A2P Messaging,Downside,Downside,gradient_boosting,2,,3721381.34,,,
Scenario,2026-09-01,AT,Austria,P02,A2P Messaging,Downside,Downside,gradient_boosting,3,,4187491.22,,,
Scenario,2026-10-01,AT,Austria,P02,A2P Messaging,Downside,Downside,gradient_boosting,4,,3092446.41,,,
Scenario,2026-11-01,AT,Austria,P02,A2P Messaging,Downside,Downside,gradient_boosting,5,,3301934.71,,,
Scenario,2026-12-01,AT,Austria,P02,A2P Messaging,Downside,Downside,gradient_boosting,6,,3534294.85,,,
Scenario,2027-01-01,AT,Austria,P02,A2P Messaging,Downside,Downside,gradient_boosting,7,,3507457.55,,,
Scenario,2027-02-01,AT,Austria,P02,A2P Messaging,Downside,Downside,gradient_boosting,8,,3523136.72,,,
Scenario,2027-03-01,AT,Austria,P02,A2P Messaging,Downside,Downside,gradient_boosting,9,,2784687.37,,,
Scenario,2027-04-01,AT,Austria,P02,A2P Messaging,Downside,Downside,gradient_boosting,10,,4301553.57,,,
Scenario,2027-05-01,AT,Austria,P02,A2P Messaging,Downside,Downside,gradient_boosting,11,,4382659.91,,,
Scenario,2027-06-01,AT,Austria,P02,A2P Messaging,Downside,Downside,gradient_boosting,12,,4426745.22,,,
Scenario,2026-07-01,AT,Austria,P03,IPX Roaming & Signalling,Downside,Downside,gradient_boosting,1,,2487606.23,,,
Scenario,2026-08-01,AT,Austria,P03,IPX Roaming & Signalling,Downside,Downside,gradient_boosting,2,,2311882.23,,,
Scenario,2026-09-01,AT,Austria,P03,IPX Roaming & Signalling,Downside,Downside,gradient_boosting,3,,2090138.19,,,
Scenario,2026-10-01,AT,Austria,P03,IPX Roaming & Signalling,Downside,Downside,gradient_boosting,4,,2530260.47,,,
Scenario,2026-11-01,AT,Austria,P03,IPX Roaming & Signalling,Downside,Downside,gradient_boosting,5,,2296632.76,,,
Scenario,2026-12-01,AT,Austria,P03,IPX Roaming & Signalling,Downside,Downside,gradient_boosting,6,,1598139.97,,,
Scenario,2027-01-01,AT,Austria,P03,IPX Roaming & Signalling,Downside,Downside,gradient_boosting,7,,1463572.76,,,
Scenario,2027-02-01,AT,Austria,P03,IPX Roaming & Signalling,Downside,Downside,gradient_boosting,8,,1454985.51,,,
Scenario,2027-03-01,AT,Austria,P03,IPX Roaming & Signalling,Downside,Downside,gradient_boosting,9,,1482344.24,,,
Scenario,2027-04-01,AT,Austria,P03,IPX Roaming & Signalling,Downside,Downside,gradient_boosting,10,,1616878.97,,,
Scenario,2027-05-01,AT,Austria,P03,IPX Roaming & Signalling,Downside,Downside,gradient_boosting,11,,1767496.1,,,
Scenario,2027-06-01,AT,Austria,P03,IPX Roaming & Signalling,Downside,Downside,gradient_boosting,12,,2063401.09,,,
Scenario,2026-07-01,AT,Austria,P04,IP Transit,Downside,Downside,gradient_boosting,1,,789058.46,,,
Scenario,2026-08-01,AT,Austria,P04,IP Transit,Downside,Downside,gradient_boosting,2,,632172.36,,,
Scenario,2026-09-01,AT,Austria,P04,IP Transit,Downside,Downside,gradient_boosting,3,,649866.86,,,
Scenario,2026-10-01,AT,Austria,P04,IP Transit,Downside,Downside,gradient_boosting,4,,437909.47,,,
Scenario,2026-11-01,AT,Austria,P04,IP Transit,Downside,Downside,gradient_boosting,5,,510779.69,,,
Scenario,2026-12-01,AT,Austria,P04,IP Transit,Downside,Downside,gradient_boosting,6,,463023.14,,,
Scenario,2027-01-01,AT,Austria,P04,IP Transit,Downside,Downside,gradient_boosting,7,,528617.93,,,
Scenario,2027-02-01,AT,Austria,P04,IP Transit,Downside,Downside,gradient_boosting,8,,499102.25,,,
Scenario,2027-03-01,AT,Austria,P04,IP Transit,Downside,Downside,gradient_boosting,9,,476083.22,,,
Scenario,2027-04-01,AT,Austria,P04,IP Transit,Downside,Downside,gradient_boosting,10,,522680.83,,,
Scenario,2027-05-01,AT,Austria,P04,IP Transit,Downside,Downside,gradient_boosting,11,,510737.02,,,
Scenario,2027-06-01,AT,Austria,P04,IP Transit,Downside,Downside,gradient_boosting,12,,564964.38,,,
Scenario,2026-07-01,AT,Austria,P05,Ethernet & Capacity Services,Downside,Downside,gradient_boosting,1,,1197401.38,,,
Scenario,2026-08-01,AT,Austria,P05,Ethernet & Capacity Services,Downside,Downside,gradient_boosting,2,,1166233.3,,,
Scenario,2026-09-01,AT,Austria,P05,Ethernet & Capacity Services,Downside,Downside,gradient_boosting,3,,1485977.35,,,
Scenario,2026-10-01,AT,Austria,P05,Ethernet & Capacity Services,Downside,Downside,gradient_boosting,4,,2067920.88,,,
Scenario,2026-11-01,AT,Austria,P05,Ethernet & Capacity Services,Downside,Downside,gradient_boosting,5,,1566134.59,,,
Scenario,2026-12-01,AT,Austria,P05,Ethernet & Capacity Services,Downside,Downside,gradient_boosting,6,,1126999.15,,,
Scenario,2027-01-01,AT,Austria,P05,Ethernet & Capacity Services,Downside,Downside,gradient_boosting,7,,779632.43,,,
Scenario,2027-02-01,AT,Austria,P05,Ethernet & Capacity Services,Downside,Downside,gradient_boosting,8,,752623.57,,,
Scenario,2027-03-01,AT,Austria,P05,Ethernet & Capacity Services,Downside,Downside,gradient_boosting,9,,844286.37,,,
Scenario,2027-04-01,AT,Austria,P05,Ethernet & Capacity Services,Downside,Downside,gradient_boosting,10,,785396.97,,,
Scenario,2027-05-01,AT,Austria,P05,Ethernet & Capacity Services,Downside,Downside,gradient_boosting,11,,721777.23,,,
Scenario,2027-06-01,AT,Austria,P05,Ethernet & Capacity Services,Downside,Downside,gradient_boosting,12,,824595.37,,,
Scenario,2026-07-01,AT,Austria,P06,Cloud Connect,Downside,Downside,gradient_boosting,1,,0.05,,,
Scenario,2026-08-01,AT,Austria,P06,Cloud Connect,Downside,Downside,gradient_boosting,2,,0.04,,,
Scenario,2026-09-01,AT,Austria,P06,Cloud Connect,Downside,Downside,gradient_boosting,3,,0.2,,,
Scenario,2026-10-01,AT,Austria,P06,Cloud Connect,Downside,Downside,gradient_boosting,4,,1.81,,,
Scenario,2026-11-01,AT,Austria,P06,Cloud Connect,Downside,Downside,gradient_boosting,5,,0.97,,,
Scenario,2026-12-01,AT,Austria,P06,Cloud Connect,Downside,Downside,gradient_boosting,6,,0.51,,,
Scenario,2027-01-01,AT,Austria,P06,Cloud Connect,Downside,Downside,gradient_boosting,7,,0.55,,,
Scenario,2027-02-01,AT,Austria,P06,Cloud Connect,Downside,Downside,gradient_boosting,8,,0.19,,,
Scenario,2027-03-01,AT,Austria,P06,Cloud Connect,Downside,Downside,gradient_boosting,9,,0.19,,,
Scenario,2027-04-01,AT,Austria,P06,Cloud Connect,Downside,Downside,gradient_boosting,10,,0.0,,,
Scenario,2027-05-01,AT,Austria,P06,Cloud Connect,Downside,Downside,gradient_boosting,11,,0.0,,,
Scenario,2027-06-01,AT,Austria,P06,Cloud Connect,Downside,Downside,gradient_boosting,12,,0.0,,,
Scenario,2026-07-01,AT,Austria,P07,Voice Firewall & Anti-Fraud,Downside,Downside,gradient_boosting,1,,863695.0,,,
Scenario,2026-08-01,AT,Austria,P07,Voice Firewall & Anti-Fraud,Downside,Downside,gradient_boosting,2,,756438.5,,,
Scenario,2026-09-01,AT,Austria,P07,Voice Firewall & Anti-Fraud,Downside,Downside,gradient_boosting,3,,626861.38,,,
Scenario,2026-10-01,AT,Austria,P07,Voice Firewall & Anti-Fraud,Downside,Downside,gradient_boosting,4,,498061.1,,,
Scenario,2026-11-01,AT,Austria,P07,Voice Firewall & Anti-Fraud,Downside,Downside,gradient_boosting,5,,635010.0,,,
Scenario,2026-12-01,AT,Austria,P07,Voice Firewall & Anti-Fraud,Downside,Downside,gradient_boosting,6,,576742.23,,,
Scenario,2027-01-01,AT,Austria,P07,Voice Firewall & Anti-Fraud,Downside,Downside,gradient_boosting,7,,710379.82,,,
Scenario,2027-02-01,AT,Austria,P07,Voice Firewall & Anti-Fraud,Downside,Downside,gradient_boosting,8,,793366.98,,,
Scenario,2027-03-01,AT,Austria,P07,Voice Firewall & Anti-Fraud,Downside,Downside,gradient_boosting,9,,593027.11,,,
Scenario,2027-04-01,AT,Austria,P07,Voice Firewall & Anti-Fraud,Downside,Downside,gradient_boosting,10,,838421.01,,,
Scenario,2027-05-01,AT,Austria,P07,Voice Firewall & Anti-Fraud,Downside,Downside,gradient_boosting,11,,827361.81,,,
Scenario,2027-06-01,AT,Austria,P07,Voice Firewall & Anti-Fraud,Downside,Downside,gradient_boosting,12,,1009782.2,,,
Scenario,2026-07-01,CZ,Czechia,P03,IPX Roaming & Signalling,Downside,Downside,gradient_boosting,1,,171433.79,,,
Scenario,2026-08-01,CZ,Czechia,P03,IPX Roaming & Signalling,Downside,Downside,gradient_boosting,2,,154972.64,,,
Scenario,2026-09-01,CZ,Czechia,P03,IPX Roaming & Signalling,Downside,Downside,gradient_boosting,3,,146660.01,,,
Scenario,2026-10-01,CZ,Czechia,P03,IPX Roaming & Signalling,Downside,Downside,gradient_boosting,4,,135696.92,,,
Scenario,2026-11-01,CZ,Czechia,P03,IPX Roaming & Signalling,Downside,Downside,gradient_boosting,5,,136022.38,,,
Scenario,2026-12-01,CZ,Czechia,P03,IPX Roaming & Signalling,Downside,Downside,gradient_boosting,6,,136784.24,,,
Scenario,2027-01-01,CZ,Czechia,P03,IPX Roaming & Signalling,Downside,Downside,gradient_boosting,7,,120980.17,,,
Scenario,2027-02-01,CZ,Czechia,P03,IPX Roaming & Signalling,Downside,Downside,gradient_boosting,8,,133569.74,,,
Scenario,2027-03-01,CZ,Czechia,P03,IPX Roaming & Signalling,Downside,Downside,gradient_boosting,9,,145688.4,,,
Scenario,2027-04-01,CZ,Czechia,P03,IPX Roaming & Signalling,Downside,Downside,gradient_boosting,10,,150596.56,,,
Scenario,2027-05-01,CZ,Czechia,P03,IPX Roaming & Signalling,Downside,Downside,gradient_boosting,11,,140452.76,,,
Scenario,2027-06-01,CZ,Czechia,P03,IPX Roaming & Signalling,Downside,Downside,gradient_boosting,12,,200345.84,,,
Scenario,2026-07-01,CZ,Czechia,P04,IP Transit,Downside,Downside,gradient_boosting,1,,178804.59,,,
Scenario,2026-08-01,CZ,Czechia,P04,IP Transit,Downside,Downside,gradient_boosting,2,,174543.29,,,
Scenario,2026-09-01,CZ,Czechia,P04,IP Transit,Downside,Downside,gradient_boosting,3,,194215.57,,,
Scenario,2026-10-01,CZ,Czechia,P04,IP Transit,Downside,Downside,gradient_boosting,4,,165763.73,,,
Scenario,2026-11-01,CZ,Czechia,P04,IP Transit,Downside,Downside,gradient_boosting,5,,201871.94,,,
Scenario,2026-12-01,CZ,Czechia,P04,IP Transit,Downside,Downside,gradient_boosting,6,,170198.59,,,
Scenario,2027-01-01,CZ,Czechia,P04,IP Transit,Downside,Downside,gradient_boosting,7,,186994.72,,,
Scenario,2027-02-01,CZ,Czechia,P04,IP Transit,Downside,Downside,gradient_boosting,8,,153887.68,,,
Scenario,2027-03-01,CZ,Czechia,P04,IP Transit,Downside,Downside,gradient_boosting,9,,163441.48,,,
Scenario,2027-04-01,CZ,Czechia,P04,IP Transit,Downside,Downside,gradient_boosting,10,,164494.07,,,
Scenario,2027-05-01,CZ,Czechia,P04,IP Transit,Downside,Downside,gradient_boosting,11,,213089.5,,,
Scenario,2027-06-01,CZ,Czechia,P04,IP Transit,Downside,Downside,gradient_boosting,12,,310914.44,,,
Scenario,2026-07-01,CZ,Czechia,P05,Ethernet & Capacity Services,Downside,Downside,gradient_boosting,1,,1337172.51,,,
Scenario,2026-08-01,CZ,Czechia,P05,Ethernet & Capacity Services,Downside,Downside,gradient_boosting,2,,1337561.61,,,
Scenario,2026-09-01,CZ,Czechia,P05,Ethernet & Capacity Services,Downside,Downside,gradient_boosting,3,,1277758.95,,,
Scenario,2026-10-01,CZ,Czechia,P05,Ethernet & Capacity Services,Downside,Downside,gradient_boosting,4,,1358300.16,,,
Scenario,2026-11-01,CZ,Czechia,P05,Ethernet & Capacity Services,Downside,Downside,gradient_boosting,5,,1312952.83,,,
Scenario,2026-12-01,CZ,Czechia,P05,Ethernet & Capacity Services,Downside,Downside,gradient_boosting,6,,1264841.32,,,
Scenario,2027-01-01,CZ,Czechia,P05,Ethernet & Capacity Services,Downside,Downside,gradient_boosting,7,,1238570.34,,,
Scenario,2027-02-01,CZ,Czechia,P05,Ethernet & Capacity Services,Downside,Downside,gradient_boosting,8,,1252186.16,,,
Scenario,2027-03-01,CZ,Czechia,P05,Ethernet & Capacity Services,Downside,Downside,gradient_boosting,9,,1252760.85,,,
Scenario,2027-04-01,CZ,Czechia,P05,Ethernet & Capacity Services,Downside,Downside,gradient_boosting,10,,1229791.19,,,
Scenario,2027-05-01,CZ,Czechia,P05,Ethernet & Capacity Services,Downside,Downside,gradient_boosting,11,,1211312.86,,,
Scenario,2027-06-01,CZ,Czechia,P05,Ethernet & Capacity Services,Downside,Downside,gradient_boosting,12,,1210611.11,,,
Scenario,2026-07-01,CZ,Czechia,P06,Cloud Connect,Downside,Downside,gradient_boosting,1,,210536.59,,,
Scenario,2026-08-01,CZ,Czechia,P06,Cloud Connect,Downside,Downside,gradient_boosting,2,,203071.44,,,
Scenario,2026-09-01,CZ,Czechia,P06,Cloud Connect,Downside,Downside,gradient_boosting,3,,248768.9,,,
Scenario,2026-10-01,CZ,Czechia,P06,Cloud Connect,Downside,Downside,gradient_boosting,4,,255994.91,,,
Scenario,2026-11-01,CZ,Czechia,P06,Cloud Connect,Downside,Downside,gradient_boosting,5,,300629.2,,,
Scenario,2026-12-01,CZ,Czechia,P06,Cloud Connect,Downside,Downside,gradient_boosting,6,,248022.43,,,
Scenario,2027-01-01,CZ,Czechia,P06,Cloud Connect,Downside,Downside,gradient_boosting,7,,255776.63,,,
Scenario,2027-02-01,CZ,Czechia,P06,Cloud Connect,Downside,Downside,gradient_boosting,8,,232032.44,,,
Scenario,2027-03-01,CZ,Czechia,P06,Cloud Connect,Downside,Downside,gradient_boosting,9,,226126.64,,,
Scenario,2027-04-01,CZ,Czechia,P06,Cloud Connect,Downside,Downside,gradient_boosting,10,,308169.05,,,
Scenario,2027-05-01,CZ,Czechia,P06,Cloud Connect,Downside,Downside,gradient_boosting,11,,283565.16,,,
Scenario,2027-06-01,CZ,Czechia,P06,Cloud Connect,Downside,Downside,gradient_boosting,12,,244729.39,,,
Scenario,2026-07-01,CZ,Czechia,P07,Voice Firewall & Anti-Fraud,Downside,Downside,gradient_boosting,1,,56759.54,,,
Scenario,2026-08-01,CZ,Czechia,P07,Voice Firewall & Anti-Fraud,Downside,Downside,gradient_boosting,2,,58695.24,,,
Scenario,2026-09-01,CZ,Czechia,P07,Voice Firewall & Anti-Fraud,Downside,Downside,gradient_boosting,3,,67962.75,,,
Scenario,2026-10-01,CZ,Czechia,P07,Voice Firewall & Anti-Fraud,Downside,Downside,gradient_boosting,4,,74972.16,,,
Scenario,2026-11-01,CZ,Czechia,P07,Voice Firewall & Anti-Fraud,Downside,Downside,gradient_boosting,5,,102472.37,,,
Scenario,2026-12-01,CZ,Czechia,P07,Voice Firewall & Anti-Fraud,Downside,Downside,gradient_boosting,6,,71810.19,,,
Scenario,2027-01-01,CZ,Czechia,P07,Voice Firewall & Anti-Fraud,Downside,Downside,gradient_boosting,7,,95184.87,,,
Scenario,2027-02-01,CZ,Czechia,P07,Voice Firewall & Anti-Fraud,Downside,Downside,gradient_boosting,8,,89294.45,,,
Scenario,2027-03-01,CZ,Czechia,P07,Voice Firewall & Anti-Fraud,Downside,Downside,gradient_boosting,9,,90379.59,,,
Scenario,2027-04-01,CZ,Czechia,P07,Voice Firewall & Anti-Fraud,Downside,Downside,gradient_boosting,10,,157528.72,,,
Scenario,2027-05-01,CZ,Czechia,P07,Voice Firewall & Anti-Fraud,Downside,Downside,gradient_boosting,11,,134595.76,,,
Scenario,2027-06-01,CZ,Czechia,P07,Voice Firewall & Anti-Fraud,Downside,Downside,gradient_boosting,12,,118280.75,,,
Scenario,2026-07-01,DE,Germany,P01,International Voice Termination,Downside,Downside,gradient_boosting,1,,2406234.33,,,
Scenario,2026-08-01,DE,Germany,P01,International Voice Termination,Downside,Downside,gradient_boosting,2,,2329797.84,,,
Scenario,2026-09-01,DE,Germany,P01,International Voice Termination,Downside,Downside,gradient_boosting,3,,2275586.32,,,
Scenario,2026-10-01,DE,Germany,P01,International Voice Termination,Downside,Downside,gradient_boosting,4,,2215180.97,,,
Scenario,2026-11-01,DE,Germany,P01,International Voice Termination,Downside,Downside,gradient_boosting,5,,2244677.41,,,
Scenario,2026-12-01,DE,Germany,P01,International Voice Termination,Downside,Downside,gradient_boosting,6,,2082523.16,,,
Scenario,2027-01-01,DE,Germany,P01,International Voice Termination,Downside,Downside,gradient_boosting,7,,1785632.44,,,
Scenario,2027-02-01,DE,Germany,P01,International Voice Termination,Downside,Downside,gradient_boosting,8,,1842628.88,,,
Scenario,2027-03-01,DE,Germany,P01,International Voice Termination,Downside,Downside,gradient_boosting,9,,1605459.23,,,
Scenario,2027-04-01,DE,Germany,P01,International Voice Termination,Downside,Downside,gradient_boosting,10,,1770660.21,,,
Scenario,2027-05-01,DE,Germany,P01,International Voice Termination,Downside,Downside,gradient_boosting,11,,1767620.51,,,
Scenario,2027-06-01,DE,Germany,P01,International Voice Termination,Downside,Downside,gradient_boosting,12,,1541524.21,,,
Scenario,2026-07-01,DE,Germany,P02,A2P Messaging,Downside,Downside,gradient_boosting,1,,6184063.67,,,
Scenario,2026-08-01,DE,Germany,P02,A2P Messaging,Downside,Downside,gradient_boosting,2,,5318414.91,,,
Scenario,2026-09-01,DE,Germany,P02,A2P Messaging,Downside,Downside,gradient_boosting,3,,5990881.46,,,
Scenario,2026-10-01,DE,Germany,P02,A2P Messaging,Downside,Downside,gradient_boosting,4,,6438392.79,,,
Scenario,2026-11-01,DE,Germany,P02,A2P Messaging,Downside,Downside,gradient_boosting,5,,7993019.84,,,
Scenario,2026-12-01,DE,Germany,P02,A2P Messaging,Downside,Downside,gradient_boosting,6,,7957537.29,,,
Scenario,2027-01-01,DE,Germany,P02,A2P Messaging,Downside,Downside,gradient_boosting,7,,6278519.07,,,
Scenario,2027-02-01,DE,Germany,P02,A2P Messaging,Downside,Downside,gradient_boosting,8,,6181748.17,,,
Scenario,2027-03-01,DE,Germany,P02,A2P Messaging,Downside,Downside,gradient_boosting,9,,6130254.62,,,
Scenario,2027-04-01,DE,Germany,P02,A2P Messaging,Downside,Downside,gradient_boosting,10,,6386192.48,,,
Scenario,2027-05-01,DE,Germany,P02,A2P Messaging,Downside,Downside,gradient_boosting,11,,6537352.32,,,
Scenario,2027-06-01,DE,Germany,P02,A2P Messaging,Downside,Downside,gradient_boosting,12,,7512166.03,,,
Scenario,2026-07-01,DE,Germany,P03,IPX Roaming & Signalling,Downside,Downside,gradient_boosting,1,,11216669.43,,,
Scenario,2026-08-01,DE,Germany,P03,IPX Roaming & Signalling,Downside,Downside,gradient_boosting,2,,10887737.17,,,
Scenario,2026-09-01,DE,Germany,P03,IPX Roaming & Signalling,Downside,Downside,gradient_boosting,3,,8113228.51,,,
Scenario,2026-10-01,DE,Germany,P03,IPX Roaming & Signalling,Downside,Downside,gradient_boosting,4,,6324063.18,,,
Scenario,2026-11-01,DE,Germany,P03,IPX Roaming & Signalling,Downside,Downside,gradient_boosting,5,,5851865.58,,,
Scenario,2026-12-01,DE,Germany,P03,IPX Roaming & Signalling,Downside,Downside,gradient_boosting,6,,6043418.19,,,
Scenario,2027-01-01,DE,Germany,P03,IPX Roaming & Signalling,Downside,Downside,gradient_boosting,7,,5658634.66,,,
Scenario,2027-02-01,DE,Germany,P03,IPX Roaming & Signalling,Downside,Downside,gradient_boosting,8,,5551247.42,,,
Scenario,2027-03-01,DE,Germany,P03,IPX Roaming & Signalling,Downside,Downside,gradient_boosting,9,,6029267.32,,,
Scenario,2027-04-01,DE,Germany,P03,IPX Roaming & Signalling,Downside,Downside,gradient_boosting,10,,6788907.17,,,
Scenario,2027-05-01,DE,Germany,P03,IPX Roaming & Signalling,Downside,Downside,gradient_boosting,11,,7979969.96,,,
Scenario,2027-06-01,DE,Germany,P03,IPX Roaming & Signalling,Downside,Downside,gradient_boosting,12,,9072263.0,,,
Scenario,2026-07-01,DE,Germany,P04,IP Transit,Downside,Downside,gradient_boosting,1,,6059968.16,,,
Scenario,2026-08-01,DE,Germany,P04,IP Transit,Downside,Downside,gradient_boosting,2,,6041259.4,,,
Scenario,2026-09-01,DE,Germany,P04,IP Transit,Downside,Downside,gradient_boosting,3,,6186066.37,,,
Scenario,2026-10-01,DE,Germany,P04,IP Transit,Downside,Downside,gradient_boosting,4,,5998649.81,,,
Scenario,2026-11-01,DE,Germany,P04,IP Transit,Downside,Downside,gradient_boosting,5,,5786518.39,,,
Scenario,2026-12-01,DE,Germany,P04,IP Transit,Downside,Downside,gradient_boosting,6,,5306687.75,,,
Scenario,2027-01-01,DE,Germany,P04,IP Transit,Downside,Downside,gradient_boosting,7,,5420845.28,,,
Scenario,2027-02-01,DE,Germany,P04,IP Transit,Downside,Downside,gradient_boosting,8,,5054943.66,,,
Scenario,2027-03-01,DE,Germany,P04,IP Transit,Downside,Downside,gradient_boosting,9,,5275492.45,,,
Scenario,2027-04-01,DE,Germany,P04,IP Transit,Downside,Downside,gradient_boosting,10,,5102309.32,,,
Scenario,2027-05-01,DE,Germany,P04,IP Transit,Downside,Downside,gradient_boosting,11,,5111466.67,,,
Scenario,2027-06-01,DE,Germany,P04,IP Transit,Downside,Downside,gradient_boosting,12,,5191470.14,,,
Scenario,2026-07-01,DE,Germany,P05,Ethernet & Capacity Services,Downside,Downside,gradient_boosting,1,,7409441.34,,,
Scenario,2026-08-01,DE,Germany,P05,Ethernet & Capacity Services,Downside,Downside,gradient_boosting,2,,7403335.98,,,
Scenario,2026-09-01,DE,Germany,P05,Ethernet & Capacity Services,Downside,Downside,gradient_boosting,3,,7629366.59,,,
Scenario,2026-10-01,DE,Germany,P05,Ethernet & Capacity Services,Downside,Downside,gradient_boosting,4,,7203465.23,,,
Scenario,2026-11-01,DE,Germany,P05,Ethernet & Capacity Services,Downside,Downside,gradient_boosting,5,,7188466.21,,,
Scenario,2026-12-01,DE,Germany,P05,Ethernet & Capacity Services,Downside,Downside,gradient_boosting,6,,6834788.21,,,
Scenario,2027-01-01,DE,Germany,P05,Ethernet & Capacity Services,Downside,Downside,gradient_boosting,7,,7495442.12,,,
Scenario,2027-02-01,DE,Germany,P05,Ethernet & Capacity Services,Downside,Downside,gradient_boosting,8,,7164961.11,,,
Scenario,2027-03-01,DE,Germany,P05,Ethernet & Capacity Services,Downside,Downside,gradient_boosting,9,,6942477.87,,,
Scenario,2027-04-01,DE,Germany,P05,Ethernet & Capacity Services,Downside,Downside,gradient_boosting,10,,7063301.98,,,
Scenario,2027-05-01,DE,Germany,P05,Ethernet & Capacity Services,Downside,Downside,gradient_boosting,11,,6482863.16,,,
Scenario,2027-06-01,DE,Germany,P05,Ethernet & Capacity Services,Downside,Downside,gradient_boosting,12,,6198713.73,,,
Scenario,2026-07-01,DE,Germany,P06,Cloud Connect,Downside,Downside,gradient_boosting,1,,6661090.61,,,
Scenario,2026-08-01,DE,Germany,P06,Cloud Connect,Downside,Downside,gradient_boosting,2,,6574986.08,,,
Scenario,2026-09-01,DE,Germany,P06,Cloud Connect,Downside,Downside,gradient_boosting,3,,6560470.51,,,
Scenario,2026-10-01,DE,Germany,P06,Cloud Connect,Downside,Downside,gradient_boosting,4,,6384867.18,,,
Scenario,2026-11-01,DE,Germany,P06,Cloud Connect,Downside,Downside,gradient_boosting,5,,6201517.87,,,
Scenario,2026-12-01,DE,Germany,P06,Cloud Connect,Downside,Downside,gradient_boosting,6,,6033525.26,,,
Scenario,2027-01-01,DE,Germany,P06,Cloud Connect,Downside,Downside,gradient_boosting,7,,5784908.89,,,
Scenario,2027-02-01,DE,Germany,P06,Cloud Connect,Downside,Downside,gradient_boosting,8,,6472447.6,,,
Scenario,2027-03-01,DE,Germany,P06,Cloud Connect,Downside,Downside,gradient_boosting,9,,6764807.79,,,
Scenario,2027-04-01,DE,Germany,P06,Cloud Connect,Downside,Downside,gradient_boosting,10,,6830707.77,,,
Scenario,2027-05-01,DE,Germany,P06,Cloud Connect,Downside,Downside,gradient_boosting,11,,6665166.4,,,
Scenario,2027-06-01,DE,Germany,P06,Cloud Connect,Downside,Downside,gradient_boosting,12,,7026936.33,,,
Scenario,2026-07-01,DE,Germany,P07,Voice Firewall & Anti-Fraud,Downside,Downside,gradient_boosting,1,,2045710.18,,,
Scenario,2026-08-01,DE,Germany,P07,Voice Firewall & Anti-Fraud,Downside,Downside,gradient_boosting,2,,2109230.21,,,
Scenario,2026-09-01,DE,Germany,P07,Voice Firewall & Anti-Fraud,Downside,Downside,gradient_boosting,3,,2175741.29,,,
Scenario,2026-10-01,DE,Germany,P07,Voice Firewall & Anti-Fraud,Downside,Downside,gradient_boosting,4,,2170886.49,,,
Scenario,2026-11-01,DE,Germany,P07,Voice Firewall & Anti-Fraud,Downside,Downside,gradient_boosting,5,,2230899.01,,,
Scenario,2026-12-01,DE,Germany,P07,Voice Firewall & Anti-Fraud,Downside,Downside,gradient_boosting,6,,2189970.19,,,
Scenario,2027-01-01,DE,Germany,P07,Voice Firewall & Anti-Fraud,Downside,Downside,gradient_boosting,7,,2245268.69,,,
Scenario,2027-02-01,DE,Germany,P07,Voice Firewall & Anti-Fraud,Downside,Downside,gradient_boosting,8,,2197117.24,,,
Scenario,2027-03-01,DE,Germany,P07,Voice Firewall & Anti-Fraud,Downside,Downside,gradient_boosting,9,,2417201.8,,,
Scenario,2027-04-01,DE,Germany,P07,Voice Firewall & Anti-Fraud,Downside,Downside,gradient_boosting,10,,2441484.9,,,
Scenario,2027-05-01,DE,Germany,P07,Voice Firewall & Anti-Fraud,Downside,Downside,gradient_boosting,11,,2492948.05,,,
Scenario,2027-06-01,DE,Germany,P07,Voice Firewall & Anti-Fraud,Downside,Downside,gradient_boosting,12,,2444948.24,,,
Scenario,2026-07-01,ES,Spain,P01,International Voice Termination,Downside,Downside,gradient_boosting,1,,969192.19,,,
Scenario,2026-08-01,ES,Spain,P01,International Voice Termination,Downside,Downside,gradient_boosting,2,,868350.04,,,
Scenario,2026-09-01,ES,Spain,P01,International Voice Termination,Downside,Downside,gradient_boosting,3,,828702.94,,,
Scenario,2026-10-01,ES,Spain,P01,International Voice Termination,Downside,Downside,gradient_boosting,4,,932160.66,,,
Scenario,2026-11-01,ES,Spain,P01,International Voice Termination,Downside,Downside,gradient_boosting,5,,1094778.2,,,
Scenario,2026-12-01,ES,Spain,P01,International Voice Termination,Downside,Downside,gradient_boosting,6,,1146355.04,,,
Scenario,2027-01-01,ES,Spain,P01,International Voice Termination,Downside,Downside,gradient_boosting,7,,1144258.23,,,
Scenario,2027-02-01,ES,Spain,P01,International Voice Termination,Downside,Downside,gradient_boosting,8,,926562.54,,,
Scenario,2027-03-01,ES,Spain,P01,International Voice Termination,Downside,Downside,gradient_boosting,9,,944460.89,,,
Scenario,2027-04-01,ES,Spain,P01,International Voice Termination,Downside,Downside,gradient_boosting,10,,727952.92,,,
Scenario,2027-05-01,ES,Spain,P01,International Voice Termination,Downside,Downside,gradient_boosting,11,,812606.75,,,
Scenario,2027-06-01,ES,Spain,P01,International Voice Termination,Downside,Downside,gradient_boosting,12,,819123.31,,,
Scenario,2026-07-01,ES,Spain,P02,A2P Messaging,Downside,Downside,gradient_boosting,1,,12442474.9,,,
Scenario,2026-08-01,ES,Spain,P02,A2P Messaging,Downside,Downside,gradient_boosting,2,,13151587.38,,,
Scenario,2026-09-01,ES,Spain,P02,A2P Messaging,Downside,Downside,gradient_boosting,3,,13441333.0,,,
Scenario,2026-10-01,ES,Spain,P02,A2P Messaging,Downside,Downside,gradient_boosting,4,,13662638.6,,,
Scenario,2026-11-01,ES,Spain,P02,A2P Messaging,Downside,Downside,gradient_boosting,5,,15088407.73,,,
Scenario,2026-12-01,ES,Spain,P02,A2P Messaging,Downside,Downside,gradient_boosting,6,,14976154.95,,,
Scenario,2027-01-01,ES,Spain,P02,A2P Messaging,Downside,Downside,gradient_boosting,7,,12719231.46,,,
Scenario,2027-02-01,ES,Spain,P02,A2P Messaging,Downside,Downside,gradient_boosting,8,,12366013.37,,,
Scenario,2027-03-01,ES,Spain,P02,A2P Messaging,Downside,Downside,gradient_boosting,9,,12687969.18,,,
Scenario,2027-04-01,ES,Spain,P02,A2P Messaging,Downside,Downside,gradient_boosting,10,,12260811.95,,,
Scenario,2027-05-01,ES,Spain,P02,A2P Messaging,Downside,Downside,gradient_boosting,11,,12670031.15,,,
Scenario,2027-06-01,ES,Spain,P02,A2P Messaging,Downside,Downside,gradient_boosting,12,,13517013.87,,,
Scenario,2026-07-01,ES,Spain,P03,IPX Roaming & Signalling,Downside,Downside,gradient_boosting,1,,6016790.08,,,
Scenario,2026-08-01,ES,Spain,P03,IPX Roaming & Signalling,Downside,Downside,gradient_boosting,2,,6054168.81,,,
Scenario,2026-09-01,ES,Spain,P03,IPX Roaming & Signalling,Downside,Downside,gradient_boosting,3,,5375552.51,,,
Scenario,2026-10-01,ES,Spain,P03,IPX Roaming & Signalling,Downside,Downside,gradient_boosting,4,,4644201.57,,,
Scenario,2026-11-01,ES,Spain,P03,IPX Roaming & Signalling,Downside,Downside,gradient_boosting,5,,4202521.15,,,
Scenario,2026-12-01,ES,Spain,P03,IPX Roaming & Signalling,Downside,Downside,gradient_boosting,6,,4602921.04,,,
Scenario,2027-01-01,ES,Spain,P03,IPX Roaming & Signalling,Downside,Downside,gradient_boosting,7,,4327158.39,,,
Scenario,2027-02-01,ES,Spain,P03,IPX Roaming & Signalling,Downside,Downside,gradient_boosting,8,,3816722.11,,,
Scenario,2027-03-01,ES,Spain,P03,IPX Roaming & Signalling,Downside,Downside,gradient_boosting,9,,4372106.44,,,
Scenario,2027-04-01,ES,Spain,P03,IPX Roaming & Signalling,Downside,Downside,gradient_boosting,10,,4649438.63,,,
Scenario,2027-05-01,ES,Spain,P03,IPX Roaming & Signalling,Downside,Downside,gradient_boosting,11,,5376994.84,,,
Scenario,2027-06-01,ES,Spain,P03,IPX Roaming & Signalling,Downside,Downside,gradient_boosting,12,,5571251.55,,,
Scenario,2026-07-01,ES,Spain,P04,IP Transit,Downside,Downside,gradient_boosting,1,,2755190.13,,,
Scenario,2026-08-01,ES,Spain,P04,IP Transit,Downside,Downside,gradient_boosting,2,,2680832.31,,,
Scenario,2026-09-01,ES,Spain,P04,IP Transit,Downside,Downside,gradient_boosting,3,,2734040.6,,,
Scenario,2026-10-01,ES,Spain,P04,IP Transit,Downside,Downside,gradient_boosting,4,,2675207.43,,,
Scenario,2026-11-01,ES,Spain,P04,IP Transit,Downside,Downside,gradient_boosting,5,,2647831.56,,,
Scenario,2026-12-01,ES,Spain,P04,IP Transit,Downside,Downside,gradient_boosting,6,,2700865.9,,,
Scenario,2027-01-01,ES,Spain,P04,IP Transit,Downside,Downside,gradient_boosting,7,,2683424.29,,,
Scenario,2027-02-01,ES,Spain,P04,IP Transit,Downside,Downside,gradient_boosting,8,,2530226.62,,,
Scenario,2027-03-01,ES,Spain,P04,IP Transit,Downside,Downside,gradient_boosting,9,,2685424.54,,,
Scenario,2027-04-01,ES,Spain,P04,IP Transit,Downside,Downside,gradient_boosting,10,,2599129.27,,,
Scenario,2027-05-01,ES,Spain,P04,IP Transit,Downside,Downside,gradient_boosting,11,,2849801.6,,,
Scenario,2027-06-01,ES,Spain,P04,IP Transit,Downside,Downside,gradient_boosting,12,,2780938.1,,,
Scenario,2026-07-01,ES,Spain,P05,Ethernet & Capacity Services,Downside,Downside,gradient_boosting,1,,6006098.61,,,
Scenario,2026-08-01,ES,Spain,P05,Ethernet & Capacity Services,Downside,Downside,gradient_boosting,2,,5920770.22,,,
Scenario,2026-09-01,ES,Spain,P05,Ethernet & Capacity Services,Downside,Downside,gradient_boosting,3,,5953948.2,,,
Scenario,2026-10-01,ES,Spain,P05,Ethernet & Capacity Services,Downside,Downside,gradient_boosting,4,,5719708.34,,,
Scenario,2026-11-01,ES,Spain,P05,Ethernet & Capacity Services,Downside,Downside,gradient_boosting,5,,5754336.91,,,
Scenario,2026-12-01,ES,Spain,P05,Ethernet & Capacity Services,Downside,Downside,gradient_boosting,6,,5566473.71,,,
Scenario,2027-01-01,ES,Spain,P05,Ethernet & Capacity Services,Downside,Downside,gradient_boosting,7,,5533802.59,,,
Scenario,2027-02-01,ES,Spain,P05,Ethernet & Capacity Services,Downside,Downside,gradient_boosting,8,,5489640.11,,,
Scenario,2027-03-01,ES,Spain,P05,Ethernet & Capacity Services,Downside,Downside,gradient_boosting,9,,5480985.97,,,
Scenario,2027-04-01,ES,Spain,P05,Ethernet & Capacity Services,Downside,Downside,gradient_boosting,10,,5386209.9,,,
Scenario,2027-05-01,ES,Spain,P05,Ethernet & Capacity Services,Downside,Downside,gradient_boosting,11,,5298877.4,,,
Scenario,2027-06-01,ES,Spain,P05,Ethernet & Capacity Services,Downside,Downside,gradient_boosting,12,,5198128.7,,,
Scenario,2026-07-01,ES,Spain,P06,Cloud Connect,Downside,Downside,gradient_boosting,1,,3127630.89,,,
Scenario,2026-08-01,ES,Spain,P06,Cloud Connect,Downside,Downside,gradient_boosting,2,,3121202.06,,,
Scenario,2026-09-01,ES,Spain,P06,Cloud Connect,Downside,Downside,gradient_boosting,3,,3193621.9,,,
Scenario,2026-10-01,ES,Spain,P06,Cloud Connect,Downside,Downside,gradient_boosting,4,,3228802.89,,,
Scenario,2026-11-01,ES,Spain,P06,Cloud Connect,Downside,Downside,gradient_boosting,5,,3191140.84,,,
Scenario,2026-12-01,ES,Spain,P06,Cloud Connect,Downside,Downside,gradient_boosting,6,,3115501.33,,,
Scenario,2027-01-01,ES,Spain,P06,Cloud Connect,Downside,Downside,gradient_boosting,7,,3077205.57,,,
Scenario,2027-02-01,ES,Spain,P06,Cloud Connect,Downside,Downside,gradient_boosting,8,,3181090.3,,,
Scenario,2027-03-01,ES,Spain,P06,Cloud Connect,Downside,Downside,gradient_boosting,9,,3104576.05,,,
Scenario,2027-04-01,ES,Spain,P06,Cloud Connect,Downside,Downside,gradient_boosting,10,,2992367.83,,,
Scenario,2027-05-01,ES,Spain,P06,Cloud Connect,Downside,Downside,gradient_boosting,11,,3041125.98,,,
Scenario,2027-06-01,ES,Spain,P06,Cloud Connect,Downside,Downside,gradient_boosting,12,,3497637.95,,,
Scenario,2026-07-01,ES,Spain,P07,Voice Firewall & Anti-Fraud,Downside,Downside,gradient_boosting,1,,2849948.1,,,
Scenario,2026-08-01,ES,Spain,P07,Voice Firewall & Anti-Fraud,Downside,Downside,gradient_boosting,2,,2923598.05,,,
Scenario,2026-09-01,ES,Spain,P07,Voice Firewall & Anti-Fraud,Downside,Downside,gradient_boosting,3,,2865079.37,,,
Scenario,2026-10-01,ES,Spain,P07,Voice Firewall & Anti-Fraud,Downside,Downside,gradient_boosting,4,,2894376.61,,,
Scenario,2026-11-01,ES,Spain,P07,Voice Firewall & Anti-Fraud,Downside,Downside,gradient_boosting,5,,2964742.0,,,
Scenario,2026-12-01,ES,Spain,P07,Voice Firewall & Anti-Fraud,Downside,Downside,gradient_boosting,6,,2903119.13,,,
Scenario,2027-01-01,ES,Spain,P07,Voice Firewall & Anti-Fraud,Downside,Downside,gradient_boosting,7,,2918036.23,,,
Scenario,2027-02-01,ES,Spain,P07,Voice Firewall & Anti-Fraud,Downside,Downside,gradient_boosting,8,,2891144.03,,,
Scenario,2027-03-01,ES,Spain,P07,Voice Firewall & Anti-Fraud,Downside,Downside,gradient_boosting,9,,3059281.66,,,
Scenario,2027-04-01,ES,Spain,P07,Voice Firewall & Anti-Fraud,Downside,Downside,gradient_boosting,10,,3012007.53,,,
Scenario,2027-05-01,ES,Spain,P07,Voice Firewall & Anti-Fraud,Downside,Downside,gradient_boosting,11,,3012281.94,,,
Scenario,2027-06-01,ES,Spain,P07,Voice Firewall & Anti-Fraud,Downside,Downside,gradient_boosting,12,,3320486.32,,,
Scenario,2026-07-01,FR,France,P01,International Voice Termination,Downside,Downside,gradient_boosting,1,,1421923.25,,,
Scenario,2026-08-01,FR,France,P01,International Voice Termination,Downside,Downside,gradient_boosting,2,,1451767.75,,,
Scenario,2026-09-01,FR,France,P01,International Voice Termination,Downside,Downside,gradient_boosting,3,,1244598.89,,,
Scenario,2026-10-01,FR,France,P01,International Voice Termination,Downside,Downside,gradient_boosting,4,,1192933.35,,,
Scenario,2026-11-01,FR,France,P01,International Voice Termination,Downside,Downside,gradient_boosting,5,,1480137.32,,,
Scenario,2026-12-01,FR,France,P01,International Voice Termination,Downside,Downside,gradient_boosting,6,,1315053.92,,,
Scenario,2027-01-01,FR,France,P01,International Voice Termination,Downside,Downside,gradient_boosting,7,,1275262.08,,,
Scenario,2027-02-01,FR,France,P01,International Voice Termination,Downside,Downside,gradient_boosting,8,,1195748.73,,,
Scenario,2027-03-01,FR,France,P01,International Voice Termination,Downside,Downside,gradient_boosting,9,,1390340.34,,,
Scenario,2027-04-01,FR,France,P01,International Voice Termination,Downside,Downside,gradient_boosting,10,,1156392.68,,,
Scenario,2027-05-01,FR,France,P01,International Voice Termination,Downside,Downside,gradient_boosting,11,,1100159.92,,,
Scenario,2027-06-01,FR,France,P01,International Voice Termination,Downside,Downside,gradient_boosting,12,,1087680.41,,,
Scenario,2026-07-01,FR,France,P02,A2P Messaging,Downside,Downside,gradient_boosting,1,,13758072.15,,,
Scenario,2026-08-01,FR,France,P02,A2P Messaging,Downside,Downside,gradient_boosting,2,,13791035.09,,,
Scenario,2026-09-01,FR,France,P02,A2P Messaging,Downside,Downside,gradient_boosting,3,,13643731.73,,,
Scenario,2026-10-01,FR,France,P02,A2P Messaging,Downside,Downside,gradient_boosting,4,,13926915.9,,,
Scenario,2026-11-01,FR,France,P02,A2P Messaging,Downside,Downside,gradient_boosting,5,,15345706.03,,,
Scenario,2026-12-01,FR,France,P02,A2P Messaging,Downside,Downside,gradient_boosting,6,,15548957.82,,,
Scenario,2027-01-01,FR,France,P02,A2P Messaging,Downside,Downside,gradient_boosting,7,,13269101.79,,,
Scenario,2027-02-01,FR,France,P02,A2P Messaging,Downside,Downside,gradient_boosting,8,,12922547.6,,,
Scenario,2027-03-01,FR,France,P02,A2P Messaging,Downside,Downside,gradient_boosting,9,,13106724.34,,,
Scenario,2027-04-01,FR,France,P02,A2P Messaging,Downside,Downside,gradient_boosting,10,,13312359.34,,,
Scenario,2027-05-01,FR,France,P02,A2P Messaging,Downside,Downside,gradient_boosting,11,,13332050.07,,,
Scenario,2027-06-01,FR,France,P02,A2P Messaging,Downside,Downside,gradient_boosting,12,,13736817.57,,,
Scenario,2026-07-01,FR,France,P03,IPX Roaming & Signalling,Downside,Downside,gradient_boosting,1,,15455673.15,,,
Scenario,2026-08-01,FR,France,P03,IPX Roaming & Signalling,Downside,Downside,gradient_boosting,2,,15158037.37,,,
Scenario,2026-09-01,FR,France,P03,IPX Roaming & Signalling,Downside,Downside,gradient_boosting,3,,13161646.5,,,
Scenario,2026-10-01,FR,France,P03,IPX Roaming & Signalling,Downside,Downside,gradient_boosting,4,,11923894.27,,,
Scenario,2026-11-01,FR,France,P03,IPX Roaming & Signalling,Downside,Downside,gradient_boosting,5,,10442224.14,,,
Scenario,2026-12-01,FR,France,P03,IPX Roaming & Signalling,Downside,Downside,gradient_boosting,6,,10813257.95,,,
Scenario,2027-01-01,FR,France,P03,IPX Roaming & Signalling,Downside,Downside,gradient_boosting,7,,10859478.67,,,
Scenario,2027-02-01,FR,France,P03,IPX Roaming & Signalling,Downside,Downside,gradient_boosting,8,,10116297.15,,,
Scenario,2027-03-01,FR,France,P03,IPX Roaming & Signalling,Downside,Downside,gradient_boosting,9,,10566057.94,,,
Scenario,2027-04-01,FR,France,P03,IPX Roaming & Signalling,Downside,Downside,gradient_boosting,10,,11459420.2,,,
Scenario,2027-05-01,FR,France,P03,IPX Roaming & Signalling,Downside,Downside,gradient_boosting,11,,12626229.78,,,
Scenario,2027-06-01,FR,France,P03,IPX Roaming & Signalling,Downside,Downside,gradient_boosting,12,,12133156.64,,,
Scenario,2026-07-01,FR,France,P04,IP Transit,Downside,Downside,gradient_boosting,1,,1538214.4,,,
Scenario,2026-08-01,FR,France,P04,IP Transit,Downside,Downside,gradient_boosting,2,,1510859.94,,,
Scenario,2026-09-01,FR,France,P04,IP Transit,Downside,Downside,gradient_boosting,3,,1505048.4,,,
Scenario,2026-10-01,FR,France,P04,IP Transit,Downside,Downside,gradient_boosting,4,,1546474.04,,,
Scenario,2026-11-01,FR,France,P04,IP Transit,Downside,Downside,gradient_boosting,5,,1494190.66,,,
Scenario,2026-12-01,FR,France,P04,IP Transit,Downside,Downside,gradient_boosting,6,,1481866.51,,,
Scenario,2027-01-01,FR,France,P04,IP Transit,Downside,Downside,gradient_boosting,7,,1495947.05,,,
Scenario,2027-02-01,FR,France,P04,IP Transit,Downside,Downside,gradient_boosting,8,,1526572.22,,,
Scenario,2027-03-01,FR,France,P04,IP Transit,Downside,Downside,gradient_boosting,9,,1517681.99,,,
Scenario,2027-04-01,FR,France,P04,IP Transit,Downside,Downside,gradient_boosting,10,,1516938.39,,,
Scenario,2027-05-01,FR,France,P04,IP Transit,Downside,Downside,gradient_boosting,11,,1643612.76,,,
Scenario,2027-06-01,FR,France,P04,IP Transit,Downside,Downside,gradient_boosting,12,,1392808.94,,,
Scenario,2026-07-01,FR,France,P05,Ethernet & Capacity Services,Downside,Downside,gradient_boosting,1,,3929399.35,,,
Scenario,2026-08-01,FR,France,P05,Ethernet & Capacity Services,Downside,Downside,gradient_boosting,2,,3856334.81,,,
Scenario,2026-09-01,FR,France,P05,Ethernet & Capacity Services,Downside,Downside,gradient_boosting,3,,3992862.21,,,
Scenario,2026-10-01,FR,France,P05,Ethernet & Capacity Services,Downside,Downside,gradient_boosting,4,,3870864.09,,,
Scenario,2026-11-01,FR,France,P05,Ethernet & Capacity Services,Downside,Downside,gradient_boosting,5,,3956771.93,,,
Scenario,2026-12-01,FR,France,P05,Ethernet & Capacity Services,Downside,Downside,gradient_boosting,6,,3840675.19,,,
Scenario,2027-01-01,FR,France,P05,Ethernet & Capacity Services,Downside,Downside,gradient_boosting,7,,3761382.07,,,
Scenario,2027-02-01,FR,France,P05,Ethernet & Capacity Services,Downside,Downside,gradient_boosting,8,,3708135.87,,,
Scenario,2027-03-01,FR,France,P05,Ethernet & Capacity Services,Downside,Downside,gradient_boosting,9,,3861013.33,,,
Scenario,2027-04-01,FR,France,P05,Ethernet & Capacity Services,Downside,Downside,gradient_boosting,10,,4009890.32,,,
Scenario,2027-05-01,FR,France,P05,Ethernet & Capacity Services,Downside,Downside,gradient_boosting,11,,4283487.57,,,
Scenario,2027-06-01,FR,France,P05,Ethernet & Capacity Services,Downside,Downside,gradient_boosting,12,,4021499.42,,,
Scenario,2026-07-01,FR,France,P06,Cloud Connect,Downside,Downside,gradient_boosting,1,,1930577.18,,,
Scenario,2026-08-01,FR,France,P06,Cloud Connect,Downside,Downside,gradient_boosting,2,,1986907.72,,,
Scenario,2026-09-01,FR,France,P06,Cloud Connect,Downside,Downside,gradient_boosting,3,,1995998.76,,,
Scenario,2026-10-01,FR,France,P06,Cloud Connect,Downside,Downside,gradient_boosting,4,,2068072.58,,,
Scenario,2026-11-01,FR,France,P06,Cloud Connect,Downside,Downside,gradient_boosting,5,,2254966.94,,,
Scenario,2026-12-01,FR,France,P06,Cloud Connect,Downside,Downside,gradient_boosting,6,,2057946.35,,,
Scenario,2027-01-01,FR,France,P06,Cloud Connect,Downside,Downside,gradient_boosting,7,,2023292.24,,,
Scenario,2027-02-01,FR,France,P06,Cloud Connect,Downside,Downside,gradient_boosting,8,,2000218.95,,,
Scenario,2027-03-01,FR,France,P06,Cloud Connect,Downside,Downside,gradient_boosting,9,,2122825.89,,,
Scenario,2027-04-01,FR,France,P06,Cloud Connect,Downside,Downside,gradient_boosting,10,,2163730.44,,,
Scenario,2027-05-01,FR,France,P06,Cloud Connect,Downside,Downside,gradient_boosting,11,,2193026.13,,,
Scenario,2027-06-01,FR,France,P06,Cloud Connect,Downside,Downside,gradient_boosting,12,,2256507.78,,,
Scenario,2026-07-01,FR,France,P07,Voice Firewall & Anti-Fraud,Downside,Downside,gradient_boosting,1,,4537515.57,,,
Scenario,2026-08-01,FR,France,P07,Voice Firewall & Anti-Fraud,Downside,Downside,gradient_boosting,2,,4344623.16,,,
Scenario,2026-09-01,FR,France,P07,Voice Firewall & Anti-Fraud,Downside,Downside,gradient_boosting,3,,4516074.03,,,
Scenario,2026-10-01,FR,France,P07,Voice Firewall & Anti-Fraud,Downside,Downside,gradient_boosting,4,,4471810.69,,,
Scenario,2026-11-01,FR,France,P07,Voice Firewall & Anti-Fraud,Downside,Downside,gradient_boosting,5,,4394138.66,,,
Scenario,2026-12-01,FR,France,P07,Voice Firewall & Anti-Fraud,Downside,Downside,gradient_boosting,6,,4595427.23,,,
Scenario,2027-01-01,FR,France,P07,Voice Firewall & Anti-Fraud,Downside,Downside,gradient_boosting,7,,4399412.11,,,
Scenario,2027-02-01,FR,France,P07,Voice Firewall & Anti-Fraud,Downside,Downside,gradient_boosting,8,,4396785.91,,,
Scenario,2027-03-01,FR,France,P07,Voice Firewall & Anti-Fraud,Downside,Downside,gradient_boosting,9,,4669714.36,,,
Scenario,2027-04-01,FR,France,P07,Voice Firewall & Anti-Fraud,Downside,Downside,gradient_boosting,10,,4574754.96,,,
Scenario,2027-05-01,FR,France,P07,Voice Firewall & Anti-Fraud,Downside,Downside,gradient_boosting,11,,4725483.14,,,
Scenario,2027-06-01,FR,France,P07,Voice Firewall & Anti-Fraud,Downside,Downside,gradient_boosting,12,,4942757.84,,,
Scenario,2026-07-01,GR,Greece,P01,International Voice Termination,Downside,Downside,gradient_boosting,1,,608734.71,,,
Scenario,2026-08-01,GR,Greece,P01,International Voice Termination,Downside,Downside,gradient_boosting,2,,480745.98,,,
Scenario,2026-09-01,GR,Greece,P01,International Voice Termination,Downside,Downside,gradient_boosting,3,,471596.16,,,
Scenario,2026-10-01,GR,Greece,P01,International Voice Termination,Downside,Downside,gradient_boosting,4,,417911.44,,,
Scenario,2026-11-01,GR,Greece,P01,International Voice Termination,Downside,Downside,gradient_boosting,5,,335743.11,,,
Scenario,2026-12-01,GR,Greece,P01,International Voice Termination,Downside,Downside,gradient_boosting,6,,518566.86,,,
Scenario,2027-01-01,GR,Greece,P01,International Voice Termination,Downside,Downside,gradient_boosting,7,,329275.61,,,
Scenario,2027-02-01,GR,Greece,P01,International Voice Termination,Downside,Downside,gradient_boosting,8,,336653.78,,,
Scenario,2027-03-01,GR,Greece,P01,International Voice Termination,Downside,Downside,gradient_boosting,9,,396164.39,,,
Scenario,2027-04-01,GR,Greece,P01,International Voice Termination,Downside,Downside,gradient_boosting,10,,448323.67,,,
Scenario,2027-05-01,GR,Greece,P01,International Voice Termination,Downside,Downside,gradient_boosting,11,,437033.57,,,
Scenario,2027-06-01,GR,Greece,P01,International Voice Termination,Downside,Downside,gradient_boosting,12,,370401.09,,,
Scenario,2026-07-01,GR,Greece,P02,A2P Messaging,Downside,Downside,gradient_boosting,1,,2814446.92,,,
Scenario,2026-08-01,GR,Greece,P02,A2P Messaging,Downside,Downside,gradient_boosting,2,,2961925.64,,,
Scenario,2026-09-01,GR,Greece,P02,A2P Messaging,Downside,Downside,gradient_boosting,3,,2981518.14,,,
Scenario,2026-10-01,GR,Greece,P02,A2P Messaging,Downside,Downside,gradient_boosting,4,,3135135.05,,,
Scenario,2026-11-01,GR,Greece,P02,A2P Messaging,Downside,Downside,gradient_boosting,5,,3410384.88,,,
Scenario,2026-12-01,GR,Greece,P02,A2P Messaging,Downside,Downside,gradient_boosting,6,,3507156.16,,,
Scenario,2027-01-01,GR,Greece,P02,A2P Messaging,Downside,Downside,gradient_boosting,7,,2446999.92,,,
Scenario,2027-02-01,GR,Greece,P02,A2P Messaging,Downside,Downside,gradient_boosting,8,,2322899.31,,,
Scenario,2027-03-01,GR,Greece,P02,A2P Messaging,Downside,Downside,gradient_boosting,9,,2498268.07,,,
Scenario,2027-04-01,GR,Greece,P02,A2P Messaging,Downside,Downside,gradient_boosting,10,,2269574.86,,,
Scenario,2027-05-01,GR,Greece,P02,A2P Messaging,Downside,Downside,gradient_boosting,11,,2264262.46,,,
Scenario,2027-06-01,GR,Greece,P02,A2P Messaging,Downside,Downside,gradient_boosting,12,,2220658.67,,,
Scenario,2026-07-01,GR,Greece,P03,IPX Roaming & Signalling,Downside,Downside,gradient_boosting,1,,2805228.73,,,
Scenario,2026-08-01,GR,Greece,P03,IPX Roaming & Signalling,Downside,Downside,gradient_boosting,2,,2853395.27,,,
Scenario,2026-09-01,GR,Greece,P03,IPX Roaming & Signalling,Downside,Downside,gradient_boosting,3,,2618953.38,,,
Scenario,2026-10-01,GR,Greece,P03,IPX Roaming & Signalling,Downside,Downside,gradient_boosting,4,,2425369.94,,,
Scenario,2026-11-01,GR,Greece,P03,IPX Roaming & Signalling,Downside,Downside,gradient_boosting,5,,2402831.26,,,
Scenario,2026-12-01,GR,Greece,P03,IPX Roaming & Signalling,Downside,Downside,gradient_boosting,6,,2303032.52,,,
Scenario,2027-01-01,GR,Greece,P03,IPX Roaming & Signalling,Downside,Downside,gradient_boosting,7,,2151422.67,,,
Scenario,2027-02-01,GR,Greece,P03,IPX Roaming & Signalling,Downside,Downside,gradient_boosting,8,,2076423.55,,,
Scenario,2027-03-01,GR,Greece,P03,IPX Roaming & Signalling,Downside,Downside,gradient_boosting,9,,1976445.97,,,
Scenario,2027-04-01,GR,Greece,P03,IPX Roaming & Signalling,Downside,Downside,gradient_boosting,10,,2077789.48,,,
Scenario,2027-05-01,GR,Greece,P03,IPX Roaming & Signalling,Downside,Downside,gradient_boosting,11,,2337719.71,,,
Scenario,2027-06-01,GR,Greece,P03,IPX Roaming & Signalling,Downside,Downside,gradient_boosting,12,,2414364.72,,,
Scenario,2026-07-01,GR,Greece,P04,IP Transit,Downside,Downside,gradient_boosting,1,,548469.68,,,
Scenario,2026-08-01,GR,Greece,P04,IP Transit,Downside,Downside,gradient_boosting,2,,574885.14,,,
Scenario,2026-09-01,GR,Greece,P04,IP Transit,Downside,Downside,gradient_boosting,3,,529311.95,,,
Scenario,2026-10-01,GR,Greece,P04,IP Transit,Downside,Downside,gradient_boosting,4,,554660.31,,,
Scenario,2026-11-01,GR,Greece,P04,IP Transit,Downside,Downside,gradient_boosting,5,,611332.21,,,
Scenario,2026-12-01,GR,Greece,P04,IP Transit,Downside,Downside,gradient_boosting,6,,580720.5,,,
Scenario,2027-01-01,GR,Greece,P04,IP Transit,Downside,Downside,gradient_boosting,7,,475293.24,,,
Scenario,2027-02-01,GR,Greece,P04,IP Transit,Downside,Downside,gradient_boosting,8,,456232.13,,,
Scenario,2027-03-01,GR,Greece,P04,IP Transit,Downside,Downside,gradient_boosting,9,,509423.53,,,
Scenario,2027-04-01,GR,Greece,P04,IP Transit,Downside,Downside,gradient_boosting,10,,425662.8,,,
Scenario,2027-05-01,GR,Greece,P04,IP Transit,Downside,Downside,gradient_boosting,11,,471507.6,,,
Scenario,2027-06-01,GR,Greece,P04,IP Transit,Downside,Downside,gradient_boosting,12,,465054.38,,,
Scenario,2026-07-01,GR,Greece,P05,Ethernet & Capacity Services,Downside,Downside,gradient_boosting,1,,949710.97,,,
Scenario,2026-08-01,GR,Greece,P05,Ethernet & Capacity Services,Downside,Downside,gradient_boosting,2,,1048928.48,,,
Scenario,2026-09-01,GR,Greece,P05,Ethernet & Capacity Services,Downside,Downside,gradient_boosting,3,,1014773.4,,,
Scenario,2026-10-01,GR,Greece,P05,Ethernet & Capacity Services,Downside,Downside,gradient_boosting,4,,1036061.41,,,
Scenario,2026-11-01,GR,Greece,P05,Ethernet & Capacity Services,Downside,Downside,gradient_boosting,5,,1006111.49,,,
Scenario,2026-12-01,GR,Greece,P05,Ethernet & Capacity Services,Downside,Downside,gradient_boosting,6,,993255.81,,,
Scenario,2027-01-01,GR,Greece,P05,Ethernet & Capacity Services,Downside,Downside,gradient_boosting,7,,995054.52,,,
Scenario,2027-02-01,GR,Greece,P05,Ethernet & Capacity Services,Downside,Downside,gradient_boosting,8,,935402.1,,,
Scenario,2027-03-01,GR,Greece,P05,Ethernet & Capacity Services,Downside,Downside,gradient_boosting,9,,993225.64,,,
Scenario,2027-04-01,GR,Greece,P05,Ethernet & Capacity Services,Downside,Downside,gradient_boosting,10,,896283.58,,,
Scenario,2027-05-01,GR,Greece,P05,Ethernet & Capacity Services,Downside,Downside,gradient_boosting,11,,913024.56,,,
Scenario,2027-06-01,GR,Greece,P05,Ethernet & Capacity Services,Downside,Downside,gradient_boosting,12,,864253.95,,,
Scenario,2026-07-01,GR,Greece,P07,Voice Firewall & Anti-Fraud,Downside,Downside,gradient_boosting,1,,1151460.73,,,
Scenario,2026-08-01,GR,Greece,P07,Voice Firewall & Anti-Fraud,Downside,Downside,gradient_boosting,2,,1223458.1,,,
Scenario,2026-09-01,GR,Greece,P07,Voice Firewall & Anti-Fraud,Downside,Downside,gradient_boosting,3,,1215856.31,,,
Scenario,2026-10-01,GR,Greece,P07,Voice Firewall & Anti-Fraud,Downside,Downside,gradient_boosting,4,,1229530.25,,,
Scenario,2026-11-01,GR,Greece,P07,Voice Firewall & Anti-Fraud,Downside,Downside,gradient_boosting,5,,1187972.44,,,
Scenario,2026-12-01,GR,Greece,P07,Voice Firewall & Anti-Fraud,Downside,Downside,gradient_boosting,6,,1238462.43,,,
Scenario,2027-01-01,GR,Greece,P07,Voice Firewall & Anti-Fraud,Downside,Downside,gradient_boosting,7,,1216466.92,,,
Scenario,2027-02-01,GR,Greece,P07,Voice Firewall & Anti-Fraud,Downside,Downside,gradient_boosting,8,,1325327.74,,,
Scenario,2027-03-01,GR,Greece,P07,Voice Firewall & Anti-Fraud,Downside,Downside,gradient_boosting,9,,1084826.88,,,
Scenario,2027-04-01,GR,Greece,P07,Voice Firewall & Anti-Fraud,Downside,Downside,gradient_boosting,10,,1189672.79,,,
Scenario,2027-05-01,GR,Greece,P07,Voice Firewall & Anti-Fraud,Downside,Downside,gradient_boosting,11,,1226670.98,,,
Scenario,2027-06-01,GR,Greece,P07,Voice Firewall & Anti-Fraud,Downside,Downside,gradient_boosting,12,,1211918.01,,,
Scenario,2026-07-01,HR,Croatia,P05,Ethernet & Capacity Services,Downside,Downside,gradient_boosting,1,,184887.29,,,
Scenario,2026-08-01,HR,Croatia,P05,Ethernet & Capacity Services,Downside,Downside,gradient_boosting,2,,177639.9,,,
Scenario,2026-09-01,HR,Croatia,P05,Ethernet & Capacity Services,Downside,Downside,gradient_boosting,3,,188464.05,,,
Scenario,2026-10-01,HR,Croatia,P05,Ethernet & Capacity Services,Downside,Downside,gradient_boosting,4,,186772.42,,,
Scenario,2026-11-01,HR,Croatia,P05,Ethernet & Capacity Services,Downside,Downside,gradient_boosting,5,,187859.25,,,
Scenario,2026-12-01,HR,Croatia,P05,Ethernet & Capacity Services,Downside,Downside,gradient_boosting,6,,180282.72,,,
Scenario,2027-01-01,HR,Croatia,P05,Ethernet & Capacity Services,Downside,Downside,gradient_boosting,7,,177060.02,,,
Scenario,2027-02-01,HR,Croatia,P05,Ethernet & Capacity Services,Downside,Downside,gradient_boosting,8,,173140.02,,,
Scenario,2027-03-01,HR,Croatia,P05,Ethernet & Capacity Services,Downside,Downside,gradient_boosting,9,,177902.03,,,
Scenario,2027-04-01,HR,Croatia,P05,Ethernet & Capacity Services,Downside,Downside,gradient_boosting,10,,176566.75,,,
Scenario,2027-05-01,HR,Croatia,P05,Ethernet & Capacity Services,Downside,Downside,gradient_boosting,11,,194299.84,,,
Scenario,2027-06-01,HR,Croatia,P05,Ethernet & Capacity Services,Downside,Downside,gradient_boosting,12,,166401.38,,,
Scenario,2026-07-01,HR,Croatia,P06,Cloud Connect,Downside,Downside,gradient_boosting,1,,148300.38,,,
Scenario,2026-08-01,HR,Croatia,P06,Cloud Connect,Downside,Downside,gradient_boosting,2,,139000.0,,,
Scenario,2026-09-01,HR,Croatia,P06,Cloud Connect,Downside,Downside,gradient_boosting,3,,144953.54,,,
Scenario,2026-10-01,HR,Croatia,P06,Cloud Connect,Downside,Downside,gradient_boosting,4,,141470.13,,,
Scenario,2026-11-01,HR,Croatia,P06,Cloud Connect,Downside,Downside,gradient_boosting,5,,152032.8,,,
Scenario,2026-12-01,HR,Croatia,P06,Cloud Connect,Downside,Downside,gradient_boosting,6,,112824.52,,,
Scenario,2027-01-01,HR,Croatia,P06,Cloud Connect,Downside,Downside,gradient_boosting,7,,112670.31,,,
Scenario,2027-02-01,HR,Croatia,P06,Cloud Connect,Downside,Downside,gradient_boosting,8,,126774.73,,,
Scenario,2027-03-01,HR,Croatia,P06,Cloud Connect,Downside,Downside,gradient_boosting,9,,135952.89,,,
Scenario,2027-04-01,HR,Croatia,P06,Cloud Connect,Downside,Downside,gradient_boosting,10,,113047.07,,,
Scenario,2027-05-01,HR,Croatia,P06,Cloud Connect,Downside,Downside,gradient_boosting,11,,128840.9,,,
Scenario,2027-06-01,HR,Croatia,P06,Cloud Connect,Downside,Downside,gradient_boosting,12,,141965.04,,,
Scenario,2026-07-01,HU,Hungary,P01,International Voice Termination,Downside,Downside,gradient_boosting,1,,987398.42,,,
Scenario,2026-08-01,HU,Hungary,P01,International Voice Termination,Downside,Downside,gradient_boosting,2,,828158.47,,,
Scenario,2026-09-01,HU,Hungary,P01,International Voice Termination,Downside,Downside,gradient_boosting,3,,939089.17,,,
Scenario,2026-10-01,HU,Hungary,P01,International Voice Termination,Downside,Downside,gradient_boosting,4,,943396.7,,,
Scenario,2026-11-01,HU,Hungary,P01,International Voice Termination,Downside,Downside,gradient_boosting,5,,908439.45,,,
Scenario,2026-12-01,HU,Hungary,P01,International Voice Termination,Downside,Downside,gradient_boosting,6,,903332.23,,,
Scenario,2027-01-01,HU,Hungary,P01,International Voice Termination,Downside,Downside,gradient_boosting,7,,857425.45,,,
Scenario,2027-02-01,HU,Hungary,P01,International Voice Termination,Downside,Downside,gradient_boosting,8,,862824.79,,,
Scenario,2027-03-01,HU,Hungary,P01,International Voice Termination,Downside,Downside,gradient_boosting,9,,800601.42,,,
Scenario,2027-04-01,HU,Hungary,P01,International Voice Termination,Downside,Downside,gradient_boosting,10,,940932.68,,,
Scenario,2027-05-01,HU,Hungary,P01,International Voice Termination,Downside,Downside,gradient_boosting,11,,885585.09,,,
Scenario,2027-06-01,HU,Hungary,P01,International Voice Termination,Downside,Downside,gradient_boosting,12,,828531.66,,,
Scenario,2026-07-01,HU,Hungary,P02,A2P Messaging,Downside,Downside,gradient_boosting,1,,2566803.97,,,
Scenario,2026-08-01,HU,Hungary,P02,A2P Messaging,Downside,Downside,gradient_boosting,2,,2565216.51,,,
Scenario,2026-09-01,HU,Hungary,P02,A2P Messaging,Downside,Downside,gradient_boosting,3,,2544666.63,,,
Scenario,2026-10-01,HU,Hungary,P02,A2P Messaging,Downside,Downside,gradient_boosting,4,,2557652.54,,,
Scenario,2026-11-01,HU,Hungary,P02,A2P Messaging,Downside,Downside,gradient_boosting,5,,3062411.24,,,
Scenario,2026-12-01,HU,Hungary,P02,A2P Messaging,Downside,Downside,gradient_boosting,6,,2848602.44,,,
Scenario,2027-01-01,HU,Hungary,P02,A2P Messaging,Downside,Downside,gradient_boosting,7,,2426699.53,,,
Scenario,2027-02-01,HU,Hungary,P02,A2P Messaging,Downside,Downside,gradient_boosting,8,,2316901.84,,,
Scenario,2027-03-01,HU,Hungary,P02,A2P Messaging,Downside,Downside,gradient_boosting,9,,2377911.5,,,
Scenario,2027-04-01,HU,Hungary,P02,A2P Messaging,Downside,Downside,gradient_boosting,10,,2440233.83,,,
Scenario,2027-05-01,HU,Hungary,P02,A2P Messaging,Downside,Downside,gradient_boosting,11,,2694700.23,,,
Scenario,2027-06-01,HU,Hungary,P02,A2P Messaging,Downside,Downside,gradient_boosting,12,,2518452.6,,,
Scenario,2026-07-01,HU,Hungary,P03,IPX Roaming & Signalling,Downside,Downside,gradient_boosting,1,,2945383.9,,,
Scenario,2026-08-01,HU,Hungary,P03,IPX Roaming & Signalling,Downside,Downside,gradient_boosting,2,,3035011.23,,,
Scenario,2026-09-01,HU,Hungary,P03,IPX Roaming & Signalling,Downside,Downside,gradient_boosting,3,,2720167.86,,,
Scenario,2026-10-01,HU,Hungary,P03,IPX Roaming & Signalling,Downside,Downside,gradient_boosting,4,,2287435.45,,,
Scenario,2026-11-01,HU,Hungary,P03,IPX Roaming & Signalling,Downside,Downside,gradient_boosting,5,,2366680.76,,,
Scenario,2026-12-01,HU,Hungary,P03,IPX Roaming & Signalling,Downside,Downside,gradient_boosting,6,,2244466.63,,,
Scenario,2027-01-01,HU,Hungary,P03,IPX Roaming & Signalling,Downside,Downside,gradient_boosting,7,,2039617.59,,,
Scenario,2027-02-01,HU,Hungary,P03,IPX Roaming & Signalling,Downside,Downside,gradient_boosting,8,,2054794.96,,,
Scenario,2027-03-01,HU,Hungary,P03,IPX Roaming & Signalling,Downside,Downside,gradient_boosting,9,,2181114.09,,,
Scenario,2027-04-01,HU,Hungary,P03,IPX Roaming & Signalling,Downside,Downside,gradient_boosting,10,,2276197.8,,,
Scenario,2027-05-01,HU,Hungary,P03,IPX Roaming & Signalling,Downside,Downside,gradient_boosting,11,,2576909.33,,,
Scenario,2027-06-01,HU,Hungary,P03,IPX Roaming & Signalling,Downside,Downside,gradient_boosting,12,,2906828.92,,,
Scenario,2026-07-01,HU,Hungary,P04,IP Transit,Downside,Downside,gradient_boosting,1,,695207.23,,,
Scenario,2026-08-01,HU,Hungary,P04,IP Transit,Downside,Downside,gradient_boosting,2,,676895.9,,,
Scenario,2026-09-01,HU,Hungary,P04,IP Transit,Downside,Downside,gradient_boosting,3,,693847.0,,,
Scenario,2026-10-01,HU,Hungary,P04,IP Transit,Downside,Downside,gradient_boosting,4,,689956.75,,,
Scenario,2026-11-01,HU,Hungary,P04,IP Transit,Downside,Downside,gradient_boosting,5,,712748.68,,,
Scenario,2026-12-01,HU,Hungary,P04,IP Transit,Downside,Downside,gradient_boosting,6,,739080.13,,,
Scenario,2027-01-01,HU,Hungary,P04,IP Transit,Downside,Downside,gradient_boosting,7,,734054.8,,,
Scenario,2027-02-01,HU,Hungary,P04,IP Transit,Downside,Downside,gradient_boosting,8,,756017.4,,,
Scenario,2027-03-01,HU,Hungary,P04,IP Transit,Downside,Downside,gradient_boosting,9,,730065.25,,,
Scenario,2027-04-01,HU,Hungary,P04,IP Transit,Downside,Downside,gradient_boosting,10,,701917.78,,,
Scenario,2027-05-01,HU,Hungary,P04,IP Transit,Downside,Downside,gradient_boosting,11,,749087.7,,,
Scenario,2027-06-01,HU,Hungary,P04,IP Transit,Downside,Downside,gradient_boosting,12,,742100.57,,,
Scenario,2026-07-01,HU,Hungary,P05,Ethernet & Capacity Services,Downside,Downside,gradient_boosting,1,,1342894.88,,,
Scenario,2026-08-01,HU,Hungary,P05,Ethernet & Capacity Services,Downside,Downside,gradient_boosting,2,,1373028.98,,,
Scenario,2026-09-01,HU,Hungary,P05,Ethernet & Capacity Services,Downside,Downside,gradient_boosting,3,,1350481.11,,,
Scenario,2026-10-01,HU,Hungary,P05,Ethernet & Capacity Services,Downside,Downside,gradient_boosting,4,,1374636.12,,,
Scenario,2026-11-01,HU,Hungary,P05,Ethernet & Capacity Services,Downside,Downside,gradient_boosting,5,,1326606.79,,,
Scenario,2026-12-01,HU,Hungary,P05,Ethernet & Capacity Services,Downside,Downside,gradient_boosting,6,,1339590.6,,,
Scenario,2027-01-01,HU,Hungary,P05,Ethernet & Capacity Services,Downside,Downside,gradient_boosting,7,,1275049.89,,,
Scenario,2027-02-01,HU,Hungary,P05,Ethernet & Capacity Services,Downside,Downside,gradient_boosting,8,,1367662.86,,,
Scenario,2027-03-01,HU,Hungary,P05,Ethernet & Capacity Services,Downside,Downside,gradient_boosting,9,,1321562.81,,,
Scenario,2027-04-01,HU,Hungary,P05,Ethernet & Capacity Services,Downside,Downside,gradient_boosting,10,,1307046.73,,,
Scenario,2027-05-01,HU,Hungary,P05,Ethernet & Capacity Services,Downside,Downside,gradient_boosting,11,,1372843.87,,,
Scenario,2027-06-01,HU,Hungary,P05,Ethernet & Capacity Services,Downside,Downside,gradient_boosting,12,,1199980.62,,,
Scenario,2026-07-01,HU,Hungary,P06,Cloud Connect,Downside,Downside,gradient_boosting,1,,812282.48,,,
Scenario,2026-08-01,HU,Hungary,P06,Cloud Connect,Downside,Downside,gradient_boosting,2,,818952.38,,,
Scenario,2026-09-01,HU,Hungary,P06,Cloud Connect,Downside,Downside,gradient_boosting,3,,808981.31,,,
Scenario,2026-10-01,HU,Hungary,P06,Cloud Connect,Downside,Downside,gradient_boosting,4,,787142.76,,,
Scenario,2026-11-01,HU,Hungary,P06,Cloud Connect,Downside,Downside,gradient_boosting,5,,808739.33,,,
Scenario,2026-12-01,HU,Hungary,P06,Cloud Connect,Downside,Downside,gradient_boosting,6,,792951.63,,,
Scenario,2027-01-01,HU,Hungary,P06,Cloud Connect,Downside,Downside,gradient_boosting,7,,845090.33,,,
Scenario,2027-02-01,HU,Hungary,P06,Cloud Connect,Downside,Downside,gradient_boosting,8,,843789.04,,,
Scenario,2027-03-01,HU,Hungary,P06,Cloud Connect,Downside,Downside,gradient_boosting,9,,869577.16,,,
Scenario,2027-04-01,HU,Hungary,P06,Cloud Connect,Downside,Downside,gradient_boosting,10,,873690.05,,,
Scenario,2027-05-01,HU,Hungary,P06,Cloud Connect,Downside,Downside,gradient_boosting,11,,902383.23,,,
Scenario,2027-06-01,HU,Hungary,P06,Cloud Connect,Downside,Downside,gradient_boosting,12,,881826.63,,,
Scenario,2026-07-01,HU,Hungary,P07,Voice Firewall & Anti-Fraud,Downside,Downside,gradient_boosting,1,,1053543.87,,,
Scenario,2026-08-01,HU,Hungary,P07,Voice Firewall & Anti-Fraud,Downside,Downside,gradient_boosting,2,,1063612.45,,,
Scenario,2026-09-01,HU,Hungary,P07,Voice Firewall & Anti-Fraud,Downside,Downside,gradient_boosting,3,,1088167.92,,,
Scenario,2026-10-01,HU,Hungary,P07,Voice Firewall & Anti-Fraud,Downside,Downside,gradient_boosting,4,,1103156.15,,,
Scenario,2026-11-01,HU,Hungary,P07,Voice Firewall & Anti-Fraud,Downside,Downside,gradient_boosting,5,,1145598.69,,,
Scenario,2026-12-01,HU,Hungary,P07,Voice Firewall & Anti-Fraud,Downside,Downside,gradient_boosting,6,,1076643.92,,,
Scenario,2027-01-01,HU,Hungary,P07,Voice Firewall & Anti-Fraud,Downside,Downside,gradient_boosting,7,,1113658.81,,,
Scenario,2027-02-01,HU,Hungary,P07,Voice Firewall & Anti-Fraud,Downside,Downside,gradient_boosting,8,,1194648.72,,,
Scenario,2027-03-01,HU,Hungary,P07,Voice Firewall & Anti-Fraud,Downside,Downside,gradient_boosting,9,,1177369.87,,,
Scenario,2027-04-01,HU,Hungary,P07,Voice Firewall & Anti-Fraud,Downside,Downside,gradient_boosting,10,,1202505.2,,,
Scenario,2027-05-01,HU,Hungary,P07,Voice Firewall & Anti-Fraud,Downside,Downside,gradient_boosting,11,,1266597.17,,,
Scenario,2027-06-01,HU,Hungary,P07,Voice Firewall & Anti-Fraud,Downside,Downside,gradient_boosting,12,,1232907.62,,,
Scenario,2026-07-01,IT,Italy,P01,International Voice Termination,Downside,Downside,gradient_boosting,1,,110750.05,,,
Scenario,2026-08-01,IT,Italy,P01,International Voice Termination,Downside,Downside,gradient_boosting,2,,95003.76,,,
Scenario,2026-09-01,IT,Italy,P01,International Voice Termination,Downside,Downside,gradient_boosting,3,,72527.19,,,
Scenario,2026-10-01,IT,Italy,P01,International Voice Termination,Downside,Downside,gradient_boosting,4,,88914.39,,,
Scenario,2026-11-01,IT,Italy,P01,International Voice Termination,Downside,Downside,gradient_boosting,5,,54246.86,,,
Scenario,2026-12-01,IT,Italy,P01,International Voice Termination,Downside,Downside,gradient_boosting,6,,54464.11,,,
Scenario,2027-01-01,IT,Italy,P01,International Voice Termination,Downside,Downside,gradient_boosting,7,,57063.74,,,
Scenario,2027-02-01,IT,Italy,P01,International Voice Termination,Downside,Downside,gradient_boosting,8,,55232.81,,,
Scenario,2027-03-01,IT,Italy,P01,International Voice Termination,Downside,Downside,gradient_boosting,9,,25908.17,,,
Scenario,2027-04-01,IT,Italy,P01,International Voice Termination,Downside,Downside,gradient_boosting,10,,42584.89,,,
Scenario,2027-05-01,IT,Italy,P01,International Voice Termination,Downside,Downside,gradient_boosting,11,,42799.93,,,
Scenario,2027-06-01,IT,Italy,P01,International Voice Termination,Downside,Downside,gradient_boosting,12,,81946.78,,,
Scenario,2026-07-01,IT,Italy,P02,A2P Messaging,Downside,Downside,gradient_boosting,1,,4305110.23,,,
Scenario,2026-08-01,IT,Italy,P02,A2P Messaging,Downside,Downside,gradient_boosting,2,,4371292.5,,,
Scenario,2026-09-01,IT,Italy,P02,A2P Messaging,Downside,Downside,gradient_boosting,3,,4380584.73,,,
Scenario,2026-10-01,IT,Italy,P02,A2P Messaging,Downside,Downside,gradient_boosting,4,,4814635.71,,,
Scenario,2026-11-01,IT,Italy,P02,A2P Messaging,Downside,Downside,gradient_boosting,5,,5716120.56,,,
Scenario,2026-12-01,IT,Italy,P02,A2P Messaging,Downside,Downside,gradient_boosting,6,,5331018.55,,,
Scenario,2027-01-01,IT,Italy,P02,A2P Messaging,Downside,Downside,gradient_boosting,7,,4426119.57,,,
Scenario,2027-02-01,IT,Italy,P02,A2P Messaging,Downside,Downside,gradient_boosting,8,,4561841.39,,,
Scenario,2027-03-01,IT,Italy,P02,A2P Messaging,Downside,Downside,gradient_boosting,9,,4661324.31,,,
Scenario,2027-04-01,IT,Italy,P02,A2P Messaging,Downside,Downside,gradient_boosting,10,,4599650.88,,,
Scenario,2027-05-01,IT,Italy,P02,A2P Messaging,Downside,Downside,gradient_boosting,11,,4773598.77,,,
Scenario,2027-06-01,IT,Italy,P02,A2P Messaging,Downside,Downside,gradient_boosting,12,,5192742.77,,,
Scenario,2026-07-01,IT,Italy,P03,IPX Roaming & Signalling,Downside,Downside,gradient_boosting,1,,1470652.19,,,
Scenario,2026-08-01,IT,Italy,P03,IPX Roaming & Signalling,Downside,Downside,gradient_boosting,2,,1544554.75,,,
Scenario,2026-09-01,IT,Italy,P03,IPX Roaming & Signalling,Downside,Downside,gradient_boosting,3,,1224224.95,,,
Scenario,2026-10-01,IT,Italy,P03,IPX Roaming & Signalling,Downside,Downside,gradient_boosting,4,,1203889.32,,,
Scenario,2026-11-01,IT,Italy,P03,IPX Roaming & Signalling,Downside,Downside,gradient_boosting,5,,1161265.65,,,
Scenario,2026-12-01,IT,Italy,P03,IPX Roaming & Signalling,Downside,Downside,gradient_boosting,6,,1128236.62,,,
Scenario,2027-01-01,IT,Italy,P03,IPX Roaming & Signalling,Downside,Downside,gradient_boosting,7,,1043455.57,,,
Scenario,2027-02-01,IT,Italy,P03,IPX Roaming & Signalling,Downside,Downside,gradient_boosting,8,,1040687.19,,,
Scenario,2027-03-01,IT,Italy,P03,IPX Roaming & Signalling,Downside,Downside,gradient_boosting,9,,1037988.83,,,
Scenario,2027-04-01,IT,Italy,P03,IPX Roaming & Signalling,Downside,Downside,gradient_boosting,10,,1107355.7,,,
Scenario,2027-05-01,IT,Italy,P03,IPX Roaming & Signalling,Downside,Downside,gradient_boosting,11,,1264786.01,,,
Scenario,2027-06-01,IT,Italy,P03,IPX Roaming & Signalling,Downside,Downside,gradient_boosting,12,,1390850.37,,,
Scenario,2026-07-01,IT,Italy,P04,IP Transit,Downside,Downside,gradient_boosting,1,,1550440.17,,,
Scenario,2026-08-01,IT,Italy,P04,IP Transit,Downside,Downside,gradient_boosting,2,,1589158.59,,,
Scenario,2026-09-01,IT,Italy,P04,IP Transit,Downside,Downside,gradient_boosting,3,,1535066.22,,,
Scenario,2026-10-01,IT,Italy,P04,IP Transit,Downside,Downside,gradient_boosting,4,,1569444.94,,,
Scenario,2026-11-01,IT,Italy,P04,IP Transit,Downside,Downside,gradient_boosting,5,,1499951.61,,,
Scenario,2026-12-01,IT,Italy,P04,IP Transit,Downside,Downside,gradient_boosting,6,,1573926.42,,,
Scenario,2027-01-01,IT,Italy,P04,IP Transit,Downside,Downside,gradient_boosting,7,,1510526.45,,,
Scenario,2027-02-01,IT,Italy,P04,IP Transit,Downside,Downside,gradient_boosting,8,,1467637.81,,,
Scenario,2027-03-01,IT,Italy,P04,IP Transit,Downside,Downside,gradient_boosting,9,,1623317.1,,,
Scenario,2027-04-01,IT,Italy,P04,IP Transit,Downside,Downside,gradient_boosting,10,,1512425.37,,,
Scenario,2027-05-01,IT,Italy,P04,IP Transit,Downside,Downside,gradient_boosting,11,,1668705.09,,,
Scenario,2027-06-01,IT,Italy,P04,IP Transit,Downside,Downside,gradient_boosting,12,,1834358.35,,,
Scenario,2026-07-01,IT,Italy,P05,Ethernet & Capacity Services,Downside,Downside,gradient_boosting,1,,5980920.59,,,
Scenario,2026-08-01,IT,Italy,P05,Ethernet & Capacity Services,Downside,Downside,gradient_boosting,2,,5844972.02,,,
Scenario,2026-09-01,IT,Italy,P05,Ethernet & Capacity Services,Downside,Downside,gradient_boosting,3,,5748049.2,,,
Scenario,2026-10-01,IT,Italy,P05,Ethernet & Capacity Services,Downside,Downside,gradient_boosting,4,,5644272.74,,,
Scenario,2026-11-01,IT,Italy,P05,Ethernet & Capacity Services,Downside,Downside,gradient_boosting,5,,5693185.09,,,
Scenario,2026-12-01,IT,Italy,P05,Ethernet & Capacity Services,Downside,Downside,gradient_boosting,6,,5387285.36,,,
Scenario,2027-01-01,IT,Italy,P05,Ethernet & Capacity Services,Downside,Downside,gradient_boosting,7,,5402594.42,,,
Scenario,2027-02-01,IT,Italy,P05,Ethernet & Capacity Services,Downside,Downside,gradient_boosting,8,,5287245.56,,,
Scenario,2027-03-01,IT,Italy,P05,Ethernet & Capacity Services,Downside,Downside,gradient_boosting,9,,5340409.62,,,
Scenario,2027-04-01,IT,Italy,P05,Ethernet & Capacity Services,Downside,Downside,gradient_boosting,10,,5227964.34,,,
Scenario,2027-05-01,IT,Italy,P05,Ethernet & Capacity Services,Downside,Downside,gradient_boosting,11,,5133226.62,,,
Scenario,2027-06-01,IT,Italy,P05,Ethernet & Capacity Services,Downside,Downside,gradient_boosting,12,,5061245.0,,,
Scenario,2026-07-01,IT,Italy,P06,Cloud Connect,Downside,Downside,gradient_boosting,1,,3283690.78,,,
Scenario,2026-08-01,IT,Italy,P06,Cloud Connect,Downside,Downside,gradient_boosting,2,,3371387.67,,,
Scenario,2026-09-01,IT,Italy,P06,Cloud Connect,Downside,Downside,gradient_boosting,3,,3271004.55,,,
Scenario,2026-10-01,IT,Italy,P06,Cloud Connect,Downside,Downside,gradient_boosting,4,,3272767.7,,,
Scenario,2026-11-01,IT,Italy,P06,Cloud Connect,Downside,Downside,gradient_boosting,5,,3340481.49,,,
Scenario,2026-12-01,IT,Italy,P06,Cloud Connect,Downside,Downside,gradient_boosting,6,,3365759.78,,,
Scenario,2027-01-01,IT,Italy,P06,Cloud Connect,Downside,Downside,gradient_boosting,7,,3275567.44,,,
Scenario,2027-02-01,IT,Italy,P06,Cloud Connect,Downside,Downside,gradient_boosting,8,,3159991.3,,,
Scenario,2027-03-01,IT,Italy,P06,Cloud Connect,Downside,Downside,gradient_boosting,9,,3352840.94,,,
Scenario,2027-04-01,IT,Italy,P06,Cloud Connect,Downside,Downside,gradient_boosting,10,,3380511.64,,,
Scenario,2027-05-01,IT,Italy,P06,Cloud Connect,Downside,Downside,gradient_boosting,11,,3243656.04,,,
Scenario,2027-06-01,IT,Italy,P06,Cloud Connect,Downside,Downside,gradient_boosting,12,,3986521.72,,,
Scenario,2026-07-01,IT,Italy,P07,Voice Firewall & Anti-Fraud,Downside,Downside,gradient_boosting,1,,519654.32,,,
Scenario,2026-08-01,IT,Italy,P07,Voice Firewall & Anti-Fraud,Downside,Downside,gradient_boosting,2,,533995.09,,,
Scenario,2026-09-01,IT,Italy,P07,Voice Firewall & Anti-Fraud,Downside,Downside,gradient_boosting,3,,545339.07,,,
Scenario,2026-10-01,IT,Italy,P07,Voice Firewall & Anti-Fraud,Downside,Downside,gradient_boosting,4,,570965.42,,,
Scenario,2026-11-01,IT,Italy,P07,Voice Firewall & Anti-Fraud,Downside,Downside,gradient_boosting,5,,562051.87,,,
Scenario,2026-12-01,IT,Italy,P07,Voice Firewall & Anti-Fraud,Downside,Downside,gradient_boosting,6,,590042.55,,,
Scenario,2027-01-01,IT,Italy,P07,Voice Firewall & Anti-Fraud,Downside,Downside,gradient_boosting,7,,552113.34,,,
Scenario,2027-02-01,IT,Italy,P07,Voice Firewall & Anti-Fraud,Downside,Downside,gradient_boosting,8,,632430.41,,,
Scenario,2027-03-01,IT,Italy,P07,Voice Firewall & Anti-Fraud,Downside,Downside,gradient_boosting,9,,524854.61,,,
Scenario,2027-04-01,IT,Italy,P07,Voice Firewall & Anti-Fraud,Downside,Downside,gradient_boosting,10,,463757.71,,,
Scenario,2027-05-01,IT,Italy,P07,Voice Firewall & Anti-Fraud,Downside,Downside,gradient_boosting,11,,585341.2,,,
Scenario,2027-06-01,IT,Italy,P07,Voice Firewall & Anti-Fraud,Downside,Downside,gradient_boosting,12,,588886.22,,,
Scenario,2026-07-01,NL,Netherlands,P01,International Voice Termination,Downside,Downside,gradient_boosting,1,,1171765.55,,,
Scenario,2026-08-01,NL,Netherlands,P01,International Voice Termination,Downside,Downside,gradient_boosting,2,,1157955.78,,,
Scenario,2026-09-01,NL,Netherlands,P01,International Voice Termination,Downside,Downside,gradient_boosting,3,,1227263.61,,,
Scenario,2026-10-01,NL,Netherlands,P01,International Voice Termination,Downside,Downside,gradient_boosting,4,,957847.07,,,
Scenario,2026-11-01,NL,Netherlands,P01,International Voice Termination,Downside,Downside,gradient_boosting,5,,1336188.3,,,
Scenario,2026-12-01,NL,Netherlands,P01,International Voice Termination,Downside,Downside,gradient_boosting,6,,1412865.23,,,
Scenario,2027-01-01,NL,Netherlands,P01,International Voice Termination,Downside,Downside,gradient_boosting,7,,1525839.57,,,
Scenario,2027-02-01,NL,Netherlands,P01,International Voice Termination,Downside,Downside,gradient_boosting,8,,1230605.68,,,
Scenario,2027-03-01,NL,Netherlands,P01,International Voice Termination,Downside,Downside,gradient_boosting,9,,1312074.19,,,
Scenario,2027-04-01,NL,Netherlands,P01,International Voice Termination,Downside,Downside,gradient_boosting,10,,997621.58,,,
Scenario,2027-05-01,NL,Netherlands,P01,International Voice Termination,Downside,Downside,gradient_boosting,11,,1281000.33,,,
Scenario,2027-06-01,NL,Netherlands,P01,International Voice Termination,Downside,Downside,gradient_boosting,12,,1078045.46,,,
Scenario,2026-07-01,NL,Netherlands,P02,A2P Messaging,Downside,Downside,gradient_boosting,1,,9410329.8,,,
Scenario,2026-08-01,NL,Netherlands,P02,A2P Messaging,Downside,Downside,gradient_boosting,2,,9665962.25,,,
Scenario,2026-09-01,NL,Netherlands,P02,A2P Messaging,Downside,Downside,gradient_boosting,3,,10629382.79,,,
Scenario,2026-10-01,NL,Netherlands,P02,A2P Messaging,Downside,Downside,gradient_boosting,4,,10826384.26,,,
Scenario,2026-11-01,NL,Netherlands,P02,A2P Messaging,Downside,Downside,gradient_boosting,5,,12780307.47,,,
Scenario,2026-12-01,NL,Netherlands,P02,A2P Messaging,Downside,Downside,gradient_boosting,6,,11629101.25,,,
Scenario,2027-01-01,NL,Netherlands,P02,A2P Messaging,Downside,Downside,gradient_boosting,7,,8972999.62,,,
Scenario,2027-02-01,NL,Netherlands,P02,A2P Messaging,Downside,Downside,gradient_boosting,8,,9748389.18,,,
Scenario,2027-03-01,NL,Netherlands,P02,A2P Messaging,Downside,Downside,gradient_boosting,9,,10352586.69,,,
Scenario,2027-04-01,NL,Netherlands,P02,A2P Messaging,Downside,Downside,gradient_boosting,10,,10027671.69,,,
Scenario,2027-05-01,NL,Netherlands,P02,A2P Messaging,Downside,Downside,gradient_boosting,11,,10284931.88,,,
Scenario,2027-06-01,NL,Netherlands,P02,A2P Messaging,Downside,Downside,gradient_boosting,12,,10361367.38,,,
Scenario,2026-07-01,NL,Netherlands,P03,IPX Roaming & Signalling,Downside,Downside,gradient_boosting,1,,8925486.93,,,
Scenario,2026-08-01,NL,Netherlands,P03,IPX Roaming & Signalling,Downside,Downside,gradient_boosting,2,,9577183.99,,,
Scenario,2026-09-01,NL,Netherlands,P03,IPX Roaming & Signalling,Downside,Downside,gradient_boosting,3,,6720277.93,,,
Scenario,2026-10-01,NL,Netherlands,P03,IPX Roaming & Signalling,Downside,Downside,gradient_boosting,4,,5637219.01,,,
Scenario,2026-11-01,NL,Netherlands,P03,IPX Roaming & Signalling,Downside,Downside,gradient_boosting,5,,5391723.13,,,
Scenario,2026-12-01,NL,Netherlands,P03,IPX Roaming & Signalling,Downside,Downside,gradient_boosting,6,,5664598.96,,,
Scenario,2027-01-01,NL,Netherlands,P03,IPX Roaming & Signalling,Downside,Downside,gradient_boosting,7,,4943822.54,,,
Scenario,2027-02-01,NL,Netherlands,P03,IPX Roaming & Signalling,Downside,Downside,gradient_boosting,8,,4854619.84,,,
Scenario,2027-03-01,NL,Netherlands,P03,IPX Roaming & Signalling,Downside,Downside,gradient_boosting,9,,5398780.78,,,
Scenario,2027-04-01,NL,Netherlands,P03,IPX Roaming & Signalling,Downside,Downside,gradient_boosting,10,,5734907.77,,,
Scenario,2027-05-01,NL,Netherlands,P03,IPX Roaming & Signalling,Downside,Downside,gradient_boosting,11,,6855185.95,,,
Scenario,2027-06-01,NL,Netherlands,P03,IPX Roaming & Signalling,Downside,Downside,gradient_boosting,12,,7656604.19,,,
Scenario,2026-07-01,NL,Netherlands,P04,IP Transit,Downside,Downside,gradient_boosting,1,,1501524.42,,,
Scenario,2026-08-01,NL,Netherlands,P04,IP Transit,Downside,Downside,gradient_boosting,2,,1534115.26,,,
Scenario,2026-09-01,NL,Netherlands,P04,IP Transit,Downside,Downside,gradient_boosting,3,,1531326.45,,,
Scenario,2026-10-01,NL,Netherlands,P04,IP Transit,Downside,Downside,gradient_boosting,4,,1531904.4,,,
Scenario,2026-11-01,NL,Netherlands,P04,IP Transit,Downside,Downside,gradient_boosting,5,,1437883.07,,,
Scenario,2026-12-01,NL,Netherlands,P04,IP Transit,Downside,Downside,gradient_boosting,6,,1538731.48,,,
Scenario,2027-01-01,NL,Netherlands,P04,IP Transit,Downside,Downside,gradient_boosting,7,,1492177.36,,,
Scenario,2027-02-01,NL,Netherlands,P04,IP Transit,Downside,Downside,gradient_boosting,8,,1264013.77,,,
Scenario,2027-03-01,NL,Netherlands,P04,IP Transit,Downside,Downside,gradient_boosting,9,,1615568.26,,,
Scenario,2027-04-01,NL,Netherlands,P04,IP Transit,Downside,Downside,gradient_boosting,10,,1615890.85,,,
Scenario,2027-05-01,NL,Netherlands,P04,IP Transit,Downside,Downside,gradient_boosting,11,,1573902.44,,,
Scenario,2027-06-01,NL,Netherlands,P04,IP Transit,Downside,Downside,gradient_boosting,12,,1594060.07,,,
Scenario,2026-07-01,NL,Netherlands,P05,Ethernet & Capacity Services,Downside,Downside,gradient_boosting,1,,2493274.41,,,
Scenario,2026-08-01,NL,Netherlands,P05,Ethernet & Capacity Services,Downside,Downside,gradient_boosting,2,,2498160.95,,,
Scenario,2026-09-01,NL,Netherlands,P05,Ethernet & Capacity Services,Downside,Downside,gradient_boosting,3,,2459978.77,,,
Scenario,2026-10-01,NL,Netherlands,P05,Ethernet & Capacity Services,Downside,Downside,gradient_boosting,4,,2445081.84,,,
Scenario,2026-11-01,NL,Netherlands,P05,Ethernet & Capacity Services,Downside,Downside,gradient_boosting,5,,2505533.36,,,
Scenario,2026-12-01,NL,Netherlands,P05,Ethernet & Capacity Services,Downside,Downside,gradient_boosting,6,,2392212.1,,,
Scenario,2027-01-01,NL,Netherlands,P05,Ethernet & Capacity Services,Downside,Downside,gradient_boosting,7,,2305495.96,,,
Scenario,2027-02-01,NL,Netherlands,P05,Ethernet & Capacity Services,Downside,Downside,gradient_boosting,8,,2292211.05,,,
Scenario,2027-03-01,NL,Netherlands,P05,Ethernet & Capacity Services,Downside,Downside,gradient_boosting,9,,2201170.49,,,
Scenario,2027-04-01,NL,Netherlands,P05,Ethernet & Capacity Services,Downside,Downside,gradient_boosting,10,,2214468.38,,,
Scenario,2027-05-01,NL,Netherlands,P05,Ethernet & Capacity Services,Downside,Downside,gradient_boosting,11,,2250015.13,,,
Scenario,2027-06-01,NL,Netherlands,P05,Ethernet & Capacity Services,Downside,Downside,gradient_boosting,12,,2198973.13,,,
Scenario,2026-07-01,NL,Netherlands,P06,Cloud Connect,Downside,Downside,gradient_boosting,1,,164179.85,,,
Scenario,2026-08-01,NL,Netherlands,P06,Cloud Connect,Downside,Downside,gradient_boosting,2,,164448.05,,,
Scenario,2026-09-01,NL,Netherlands,P06,Cloud Connect,Downside,Downside,gradient_boosting,3,,175583.06,,,
Scenario,2026-10-01,NL,Netherlands,P06,Cloud Connect,Downside,Downside,gradient_boosting,4,,146553.66,,,
Scenario,2026-11-01,NL,Netherlands,P06,Cloud Connect,Downside,Downside,gradient_boosting,5,,140625.88,,,
Scenario,2026-12-01,NL,Netherlands,P06,Cloud Connect,Downside,Downside,gradient_boosting,6,,118545.24,,,
Scenario,2027-01-01,NL,Netherlands,P06,Cloud Connect,Downside,Downside,gradient_boosting,7,,127944.22,,,
Scenario,2027-02-01,NL,Netherlands,P06,Cloud Connect,Downside,Downside,gradient_boosting,8,,130881.45,,,
Scenario,2027-03-01,NL,Netherlands,P06,Cloud Connect,Downside,Downside,gradient_boosting,9,,109888.22,,,
Scenario,2027-04-01,NL,Netherlands,P06,Cloud Connect,Downside,Downside,gradient_boosting,10,,150190.76,,,
Scenario,2027-05-01,NL,Netherlands,P06,Cloud Connect,Downside,Downside,gradient_boosting,11,,144793.68,,,
Scenario,2027-06-01,NL,Netherlands,P06,Cloud Connect,Downside,Downside,gradient_boosting,12,,113205.38,,,
Scenario,2026-07-01,NL,Netherlands,P07,Voice Firewall & Anti-Fraud,Downside,Downside,gradient_boosting,1,,2442938.56,,,
Scenario,2026-08-01,NL,Netherlands,P07,Voice Firewall & Anti-Fraud,Downside,Downside,gradient_boosting,2,,2510081.05,,,
Scenario,2026-09-01,NL,Netherlands,P07,Voice Firewall & Anti-Fraud,Downside,Downside,gradient_boosting,3,,2504109.32,,,
Scenario,2026-10-01,NL,Netherlands,P07,Voice Firewall & Anti-Fraud,Downside,Downside,gradient_boosting,4,,2486792.92,,,
Scenario,2026-11-01,NL,Netherlands,P07,Voice Firewall & Anti-Fraud,Downside,Downside,gradient_boosting,5,,2567220.94,,,
Scenario,2026-12-01,NL,Netherlands,P07,Voice Firewall & Anti-Fraud,Downside,Downside,gradient_boosting,6,,2477675.99,,,
Scenario,2027-01-01,NL,Netherlands,P07,Voice Firewall & Anti-Fraud,Downside,Downside,gradient_boosting,7,,2440160.84,,,
Scenario,2027-02-01,NL,Netherlands,P07,Voice Firewall & Anti-Fraud,Downside,Downside,gradient_boosting,8,,2477336.48,,,
Scenario,2027-03-01,NL,Netherlands,P07,Voice Firewall & Anti-Fraud,Downside,Downside,gradient_boosting,9,,2532759.68,,,
Scenario,2027-04-01,NL,Netherlands,P07,Voice Firewall & Anti-Fraud,Downside,Downside,gradient_boosting,10,,2513890.73,,,
Scenario,2027-05-01,NL,Netherlands,P07,Voice Firewall & Anti-Fraud,Downside,Downside,gradient_boosting,11,,2618904.92,,,
Scenario,2027-06-01,NL,Netherlands,P07,Voice Firewall & Anti-Fraud,Downside,Downside,gradient_boosting,12,,2613480.23,,,
Scenario,2026-07-01,PL,Poland,P01,International Voice Termination,Downside,Downside,gradient_boosting,1,,1306182.3,,,
Scenario,2026-08-01,PL,Poland,P01,International Voice Termination,Downside,Downside,gradient_boosting,2,,1115086.74,,,
Scenario,2026-09-01,PL,Poland,P01,International Voice Termination,Downside,Downside,gradient_boosting,3,,1322930.17,,,
Scenario,2026-10-01,PL,Poland,P01,International Voice Termination,Downside,Downside,gradient_boosting,4,,1570784.0,,,
Scenario,2026-11-01,PL,Poland,P01,International Voice Termination,Downside,Downside,gradient_boosting,5,,1464504.34,,,
Scenario,2026-12-01,PL,Poland,P01,International Voice Termination,Downside,Downside,gradient_boosting,6,,1215841.35,,,
Scenario,2027-01-01,PL,Poland,P01,International Voice Termination,Downside,Downside,gradient_boosting,7,,1227444.35,,,
Scenario,2027-02-01,PL,Poland,P01,International Voice Termination,Downside,Downside,gradient_boosting,8,,1165896.31,,,
Scenario,2027-03-01,PL,Poland,P01,International Voice Termination,Downside,Downside,gradient_boosting,9,,1148783.55,,,
Scenario,2027-04-01,PL,Poland,P01,International Voice Termination,Downside,Downside,gradient_boosting,10,,1187372.37,,,
Scenario,2027-05-01,PL,Poland,P01,International Voice Termination,Downside,Downside,gradient_boosting,11,,1225663.86,,,
Scenario,2027-06-01,PL,Poland,P01,International Voice Termination,Downside,Downside,gradient_boosting,12,,1086300.08,,,
Scenario,2026-07-01,PL,Poland,P02,A2P Messaging,Downside,Downside,gradient_boosting,1,,5931386.24,,,
Scenario,2026-08-01,PL,Poland,P02,A2P Messaging,Downside,Downside,gradient_boosting,2,,5075916.29,,,
Scenario,2026-09-01,PL,Poland,P02,A2P Messaging,Downside,Downside,gradient_boosting,3,,6252082.17,,,
Scenario,2026-10-01,PL,Poland,P02,A2P Messaging,Downside,Downside,gradient_boosting,4,,6915219.5,,,
Scenario,2026-11-01,PL,Poland,P02,A2P Messaging,Downside,Downside,gradient_boosting,5,,8893762.01,,,
Scenario,2026-12-01,PL,Poland,P02,A2P Messaging,Downside,Downside,gradient_boosting,6,,8390572.76,,,
Scenario,2027-01-01,PL,Poland,P02,A2P Messaging,Downside,Downside,gradient_boosting,7,,6337139.55,,,
Scenario,2027-02-01,PL,Poland,P02,A2P Messaging,Downside,Downside,gradient_boosting,8,,6269105.38,,,
Scenario,2027-03-01,PL,Poland,P02,A2P Messaging,Downside,Downside,gradient_boosting,9,,7106810.92,,,
Scenario,2027-04-01,PL,Poland,P02,A2P Messaging,Downside,Downside,gradient_boosting,10,,7210746.51,,,
Scenario,2027-05-01,PL,Poland,P02,A2P Messaging,Downside,Downside,gradient_boosting,11,,6998983.41,,,
Scenario,2027-06-01,PL,Poland,P02,A2P Messaging,Downside,Downside,gradient_boosting,12,,6968313.84,,,
Scenario,2026-07-01,PL,Poland,P03,IPX Roaming & Signalling,Downside,Downside,gradient_boosting,1,,5596709.75,,,
Scenario,2026-08-01,PL,Poland,P03,IPX Roaming & Signalling,Downside,Downside,gradient_boosting,2,,6010007.84,,,
Scenario,2026-09-01,PL,Poland,P03,IPX Roaming & Signalling,Downside,Downside,gradient_boosting,3,,4908222.5,,,
Scenario,2026-10-01,PL,Poland,P03,IPX Roaming & Signalling,Downside,Downside,gradient_boosting,4,,4282710.58,,,
Scenario,2026-11-01,PL,Poland,P03,IPX Roaming & Signalling,Downside,Downside,gradient_boosting,5,,4131498.65,,,
Scenario,2026-12-01,PL,Poland,P03,IPX Roaming & Signalling,Downside,Downside,gradient_boosting,6,,4114338.26,,,
Scenario,2027-01-01,PL,Poland,P03,IPX Roaming & Signalling,Downside,Downside,gradient_boosting,7,,3306232.68,,,
Scenario,2027-02-01,PL,Poland,P03,IPX Roaming & Signalling,Downside,Downside,gradient_boosting,8,,3428029.23,,,
Scenario,2027-03-01,PL,Poland,P03,IPX Roaming & Signalling,Downside,Downside,gradient_boosting,9,,4201919.72,,,
Scenario,2027-04-01,PL,Poland,P03,IPX Roaming & Signalling,Downside,Downside,gradient_boosting,10,,4810992.64,,,
Scenario,2027-05-01,PL,Poland,P03,IPX Roaming & Signalling,Downside,Downside,gradient_boosting,11,,5421230.8,,,
Scenario,2027-06-01,PL,Poland,P03,IPX Roaming & Signalling,Downside,Downside,gradient_boosting,12,,5505044.6,,,
Scenario,2026-07-01,PL,Poland,P04,IP Transit,Downside,Downside,gradient_boosting,1,,1675007.08,,,
Scenario,2026-08-01,PL,Poland,P04,IP Transit,Downside,Downside,gradient_boosting,2,,1726289.53,,,
Scenario,2026-09-01,PL,Poland,P04,IP Transit,Downside,Downside,gradient_boosting,3,,1718580.54,,,
Scenario,2026-10-01,PL,Poland,P04,IP Transit,Downside,Downside,gradient_boosting,4,,1732161.1,,,
Scenario,2026-11-01,PL,Poland,P04,IP Transit,Downside,Downside,gradient_boosting,5,,1774351.49,,,
Scenario,2026-12-01,PL,Poland,P04,IP Transit,Downside,Downside,gradient_boosting,6,,1753723.7,,,
Scenario,2027-01-01,PL,Poland,P04,IP Transit,Downside,Downside,gradient_boosting,7,,1751061.12,,,
Scenario,2027-02-01,PL,Poland,P04,IP Transit,Downside,Downside,gradient_boosting,8,,1712030.7,,,
Scenario,2027-03-01,PL,Poland,P04,IP Transit,Downside,Downside,gradient_boosting,9,,1774106.46,,,
Scenario,2027-04-01,PL,Poland,P04,IP Transit,Downside,Downside,gradient_boosting,10,,1714842.37,,,
Scenario,2027-05-01,PL,Poland,P04,IP Transit,Downside,Downside,gradient_boosting,11,,1807513.6,,,
Scenario,2027-06-01,PL,Poland,P04,IP Transit,Downside,Downside,gradient_boosting,12,,1872244.96,,,
Scenario,2026-07-01,PL,Poland,P05,Ethernet & Capacity Services,Downside,Downside,gradient_boosting,1,,3528168.71,,,
Scenario,2026-08-01,PL,Poland,P05,Ethernet & Capacity Services,Downside,Downside,gradient_boosting,2,,3535980.89,,,
Scenario,2026-09-01,PL,Poland,P05,Ethernet & Capacity Services,Downside,Downside,gradient_boosting,3,,3603645.68,,,
Scenario,2026-10-01,PL,Poland,P05,Ethernet & Capacity Services,Downside,Downside,gradient_boosting,4,,3534971.34,,,
Scenario,2026-11-01,PL,Poland,P05,Ethernet & Capacity Services,Downside,Downside,gradient_boosting,5,,3591220.43,,,
Scenario,2026-12-01,PL,Poland,P05,Ethernet & Capacity Services,Downside,Downside,gradient_boosting,6,,3373433.32,,,
Scenario,2027-01-01,PL,Poland,P05,Ethernet & Capacity Services,Downside,Downside,gradient_boosting,7,,3290700.4,,,
Scenario,2027-02-01,PL,Poland,P05,Ethernet & Capacity Services,Downside,Downside,gradient_boosting,8,,3524054.67,,,
Scenario,2027-03-01,PL,Poland,P05,Ethernet & Capacity Services,Downside,Downside,gradient_boosting,9,,3518440.13,,,
Scenario,2027-04-01,PL,Poland,P05,Ethernet & Capacity Services,Downside,Downside,gradient_boosting,10,,3391150.9,,,
Scenario,2027-05-01,PL,Poland,P05,Ethernet & Capacity Services,Downside,Downside,gradient_boosting,11,,3743439.66,,,
Scenario,2027-06-01,PL,Poland,P05,Ethernet & Capacity Services,Downside,Downside,gradient_boosting,12,,3570852.72,,,
Scenario,2026-07-01,PL,Poland,P06,Cloud Connect,Downside,Downside,gradient_boosting,1,,112421.42,,,
Scenario,2026-08-01,PL,Poland,P06,Cloud Connect,Downside,Downside,gradient_boosting,2,,108459.98,,,
Scenario,2026-09-01,PL,Poland,P06,Cloud Connect,Downside,Downside,gradient_boosting,3,,115679.05,,,
Scenario,2026-10-01,PL,Poland,P06,Cloud Connect,Downside,Downside,gradient_boosting,4,,105208.18,,,
Scenario,2026-11-01,PL,Poland,P06,Cloud Connect,Downside,Downside,gradient_boosting,5,,120292.32,,,
Scenario,2026-12-01,PL,Poland,P06,Cloud Connect,Downside,Downside,gradient_boosting,6,,131933.78,,,
Scenario,2027-01-01,PL,Poland,P06,Cloud Connect,Downside,Downside,gradient_boosting,7,,132935.54,,,
Scenario,2027-02-01,PL,Poland,P06,Cloud Connect,Downside,Downside,gradient_boosting,8,,131358.33,,,
Scenario,2027-03-01,PL,Poland,P06,Cloud Connect,Downside,Downside,gradient_boosting,9,,130327.35,,,
Scenario,2027-04-01,PL,Poland,P06,Cloud Connect,Downside,Downside,gradient_boosting,10,,131746.28,,,
Scenario,2027-05-01,PL,Poland,P06,Cloud Connect,Downside,Downside,gradient_boosting,11,,142322.86,,,
Scenario,2027-06-01,PL,Poland,P06,Cloud Connect,Downside,Downside,gradient_boosting,12,,135848.66,,,
Scenario,2026-07-01,PL,Poland,P07,Voice Firewall & Anti-Fraud,Downside,Downside,gradient_boosting,1,,1160389.74,,,
Scenario,2026-08-01,PL,Poland,P07,Voice Firewall & Anti-Fraud,Downside,Downside,gradient_boosting,2,,1215293.68,,,
Scenario,2026-09-01,PL,Poland,P07,Voice Firewall & Anti-Fraud,Downside,Downside,gradient_boosting,3,,1209638.82,,,
Scenario,2026-10-01,PL,Poland,P07,Voice Firewall & Anti-Fraud,Downside,Downside,gradient_boosting,4,,1202170.62,,,
Scenario,2026-11-01,PL,Poland,P07,Voice Firewall & Anti-Fraud,Downside,Downside,gradient_boosting,5,,1173928.81,,,
Scenario,2026-12-01,PL,Poland,P07,Voice Firewall & Anti-Fraud,Downside,Downside,gradient_boosting,6,,1218173.14,,,
Scenario,2027-01-01,PL,Poland,P07,Voice Firewall & Anti-Fraud,Downside,Downside,gradient_boosting,7,,1248074.7,,,
Scenario,2027-02-01,PL,Poland,P07,Voice Firewall & Anti-Fraud,Downside,Downside,gradient_boosting,8,,1325478.93,,,
Scenario,2027-03-01,PL,Poland,P07,Voice Firewall & Anti-Fraud,Downside,Downside,gradient_boosting,9,,1285076.03,,,
Scenario,2027-04-01,PL,Poland,P07,Voice Firewall & Anti-Fraud,Downside,Downside,gradient_boosting,10,,1312720.24,,,
Scenario,2027-05-01,PL,Poland,P07,Voice Firewall & Anti-Fraud,Downside,Downside,gradient_boosting,11,,1307078.91,,,
Scenario,2027-06-01,PL,Poland,P07,Voice Firewall & Anti-Fraud,Downside,Downside,gradient_boosting,12,,1270919.41,,,
Scenario,2026-07-01,RO,Romania,P01,International Voice Termination,Downside,Downside,gradient_boosting,1,,0.04,,,
Scenario,2026-08-01,RO,Romania,P01,International Voice Termination,Downside,Downside,gradient_boosting,2,,0.08,,,
Scenario,2026-09-01,RO,Romania,P01,International Voice Termination,Downside,Downside,gradient_boosting,3,,0.0,,,
Scenario,2026-10-01,RO,Romania,P01,International Voice Termination,Downside,Downside,gradient_boosting,4,,0.1,,,
Scenario,2026-11-01,RO,Romania,P01,International Voice Termination,Downside,Downside,gradient_boosting,5,,0.03,,,
Scenario,2026-12-01,RO,Romania,P01,International Voice Termination,Downside,Downside,gradient_boosting,6,,0.0,,,
Scenario,2027-01-01,RO,Romania,P01,International Voice Termination,Downside,Downside,gradient_boosting,7,,0.03,,,
Scenario,2027-02-01,RO,Romania,P01,International Voice Termination,Downside,Downside,gradient_boosting,8,,0.03,,,
Scenario,2027-03-01,RO,Romania,P01,International Voice Termination,Downside,Downside,gradient_boosting,9,,0.08,,,
Scenario,2027-04-01,RO,Romania,P01,International Voice Termination,Downside,Downside,gradient_boosting,10,,0.03,,,
Scenario,2027-05-01,RO,Romania,P01,International Voice Termination,Downside,Downside,gradient_boosting,11,,0.0,,,
Scenario,2027-06-01,RO,Romania,P01,International Voice Termination,Downside,Downside,gradient_boosting,12,,0.09,,,
Scenario,2026-07-01,RO,Romania,P03,IPX Roaming & Signalling,Downside,Downside,gradient_boosting,1,,1278350.8,,,
Scenario,2026-08-01,RO,Romania,P03,IPX Roaming & Signalling,Downside,Downside,gradient_boosting,2,,1221379.05,,,
Scenario,2026-09-01,RO,Romania,P03,IPX Roaming & Signalling,Downside,Downside,gradient_boosting,3,,1061793.01,,,
Scenario,2026-10-01,RO,Romania,P03,IPX Roaming & Signalling,Downside,Downside,gradient_boosting,4,,1054179.21,,,
Scenario,2026-11-01,RO,Romania,P03,IPX Roaming & Signalling,Downside,Downside,gradient_boosting,5,,961454.11,,,
Scenario,2026-12-01,RO,Romania,P03,IPX Roaming & Signalling,Downside,Downside,gradient_boosting,6,,924015.84,,,
Scenario,2027-01-01,RO,Romania,P03,IPX Roaming & Signalling,Downside,Downside,gradient_boosting,7,,836912.18,,,
Scenario,2027-02-01,RO,Romania,P03,IPX Roaming & Signalling,Downside,Downside,gradient_boosting,8,,837230.18,,,
Scenario,2027-03-01,RO,Romania,P03,IPX Roaming & Signalling,Downside,Downside,gradient_boosting,9,,894011.54,,,
Scenario,2027-04-01,RO,Romania,P03,IPX Roaming & Signalling,Downside,Downside,gradient_boosting,10,,922169.88,,,
Scenario,2027-05-01,RO,Romania,P03,IPX Roaming & Signalling,Downside,Downside,gradient_boosting,11,,973399.3,,,
Scenario,2027-06-01,RO,Romania,P03,IPX Roaming & Signalling,Downside,Downside,gradient_boosting,12,,1051899.16,,,
Scenario,2026-07-01,RO,Romania,P05,Ethernet & Capacity Services,Downside,Downside,gradient_boosting,1,,1332065.92,,,
Scenario,2026-08-01,RO,Romania,P05,Ethernet & Capacity Services,Downside,Downside,gradient_boosting,2,,1353835.39,,,
Scenario,2026-09-01,RO,Romania,P05,Ethernet & Capacity Services,Downside,Downside,gradient_boosting,3,,1327737.42,,,
Scenario,2026-10-01,RO,Romania,P05,Ethernet & Capacity Services,Downside,Downside,gradient_boosting,4,,1423834.21,,,
Scenario,2026-11-01,RO,Romania,P05,Ethernet & Capacity Services,Downside,Downside,gradient_boosting,5,,1323322.63,,,
Scenario,2026-12-01,RO,Romania,P05,Ethernet & Capacity Services,Downside,Downside,gradient_boosting,6,,1260828.3,,,
Scenario,2027-01-01,RO,Romania,P05,Ethernet & Capacity Services,Downside,Downside,gradient_boosting,7,,1191535.33,,,
Scenario,2027-02-01,RO,Romania,P05,Ethernet & Capacity Services,Downside,Downside,gradient_boosting,8,,1276758.29,,,
Scenario,2027-03-01,RO,Romania,P05,Ethernet & Capacity Services,Downside,Downside,gradient_boosting,9,,1282850.41,,,
Scenario,2027-04-01,RO,Romania,P05,Ethernet & Capacity Services,Downside,Downside,gradient_boosting,10,,1193905.4,,,
Scenario,2027-05-01,RO,Romania,P05,Ethernet & Capacity Services,Downside,Downside,gradient_boosting,11,,1204946.86,,,
Scenario,2027-06-01,RO,Romania,P05,Ethernet & Capacity Services,Downside,Downside,gradient_boosting,12,,1143621.0,,,
Scenario,2026-07-01,RO,Romania,P07,Voice Firewall & Anti-Fraud,Downside,Downside,gradient_boosting,1,,147567.79,,,
Scenario,2026-08-01,RO,Romania,P07,Voice Firewall & Anti-Fraud,Downside,Downside,gradient_boosting,2,,140664.42,,,
Scenario,2026-09-01,RO,Romania,P07,Voice Firewall & Anti-Fraud,Downside,Downside,gradient_boosting,3,,141465.07,,,
Scenario,2026-10-01,RO,Romania,P07,Voice Firewall & Anti-Fraud,Downside,Downside,gradient_boosting,4,,138529.3,,,
Scenario,2026-11-01,RO,Romania,P07,Voice Firewall & Anti-Fraud,Downside,Downside,gradient_boosting,5,,132371.16,,,
Scenario,2026-12-01,RO,Romania,P07,Voice Firewall & Anti-Fraud,Downside,Downside,gradient_boosting,6,,128813.71,,,
Scenario,2027-01-01,RO,Romania,P07,Voice Firewall & Anti-Fraud,Downside,Downside,gradient_boosting,7,,153501.12,,,
Scenario,2027-02-01,RO,Romania,P07,Voice Firewall & Anti-Fraud,Downside,Downside,gradient_boosting,8,,124713.19,,,
Scenario,2027-03-01,RO,Romania,P07,Voice Firewall & Anti-Fraud,Downside,Downside,gradient_boosting,9,,157411.15,,,
Scenario,2027-04-01,RO,Romania,P07,Voice Firewall & Anti-Fraud,Downside,Downside,gradient_boosting,10,,136600.94,,,
Scenario,2027-05-01,RO,Romania,P07,Voice Firewall & Anti-Fraud,Downside,Downside,gradient_boosting,11,,97557.53,,,
Scenario,2027-06-01,RO,Romania,P07,Voice Firewall & Anti-Fraud,Downside,Downside,gradient_boosting,12,,146250.01,,,
Scenario,2026-07-01,SK,Slovakia,P01,International Voice Termination,Downside,Downside,gradient_boosting,1,,225728.37,,,
Scenario,2026-08-01,SK,Slovakia,P01,International Voice Termination,Downside,Downside,gradient_boosting,2,,144580.06,,,
Scenario,2026-09-01,SK,Slovakia,P01,International Voice Termination,Downside,Downside,gradient_boosting,3,,109215.63,,,
Scenario,2026-10-01,SK,Slovakia,P01,International Voice Termination,Downside,Downside,gradient_boosting,4,,143941.75,,,
Scenario,2026-11-01,SK,Slovakia,P01,International Voice Termination,Downside,Downside,gradient_boosting,5,,124400.5,,,
Scenario,2026-12-01,SK,Slovakia,P01,International Voice Termination,Downside,Downside,gradient_boosting,6,,95595.38,,,
Scenario,2027-01-01,SK,Slovakia,P01,International Voice Termination,Downside,Downside,gradient_boosting,7,,97798.09,,,
Scenario,2027-02-01,SK,Slovakia,P01,International Voice Termination,Downside,Downside,gradient_boosting,8,,77477.02,,,
Scenario,2027-03-01,SK,Slovakia,P01,International Voice Termination,Downside,Downside,gradient_boosting,9,,32286.69,,,
Scenario,2027-04-01,SK,Slovakia,P01,International Voice Termination,Downside,Downside,gradient_boosting,10,,33179.08,,,
Scenario,2027-05-01,SK,Slovakia,P01,International Voice Termination,Downside,Downside,gradient_boosting,11,,2704.01,,,
Scenario,2027-06-01,SK,Slovakia,P01,International Voice Termination,Downside,Downside,gradient_boosting,12,,5398.28,,,
Scenario,2026-07-01,SK,Slovakia,P02,A2P Messaging,Downside,Downside,gradient_boosting,1,,3041327.4,,,
Scenario,2026-08-01,SK,Slovakia,P02,A2P Messaging,Downside,Downside,gradient_boosting,2,,3001748.47,,,
Scenario,2026-09-01,SK,Slovakia,P02,A2P Messaging,Downside,Downside,gradient_boosting,3,,3203532.19,,,
Scenario,2026-10-01,SK,Slovakia,P02,A2P Messaging,Downside,Downside,gradient_boosting,4,,3023896.15,,,
Scenario,2026-11-01,SK,Slovakia,P02,A2P Messaging,Downside,Downside,gradient_boosting,5,,3443098.2,,,
Scenario,2026-12-01,SK,Slovakia,P02,A2P Messaging,Downside,Downside,gradient_boosting,6,,3366670.01,,,
Scenario,2027-01-01,SK,Slovakia,P02,A2P Messaging,Downside,Downside,gradient_boosting,7,,3001343.01,,,
Scenario,2027-02-01,SK,Slovakia,P02,A2P Messaging,Downside,Downside,gradient_boosting,8,,2791998.88,,,
Scenario,2027-03-01,SK,Slovakia,P02,A2P Messaging,Downside,Downside,gradient_boosting,9,,2962571.32,,,
Scenario,2027-04-01,SK,Slovakia,P02,A2P Messaging,Downside,Downside,gradient_boosting,10,,3031100.61,,,
Scenario,2027-05-01,SK,Slovakia,P02,A2P Messaging,Downside,Downside,gradient_boosting,11,,3007210.22,,,
Scenario,2027-06-01,SK,Slovakia,P02,A2P Messaging,Downside,Downside,gradient_boosting,12,,3017373.83,,,
Scenario,2026-07-01,SK,Slovakia,P03,IPX Roaming & Signalling,Downside,Downside,gradient_boosting,1,,1343064.84,,,
Scenario,2026-08-01,SK,Slovakia,P03,IPX Roaming & Signalling,Downside,Downside,gradient_boosting,2,,1330544.39,,,
Scenario,2026-09-01,SK,Slovakia,P03,IPX Roaming & Signalling,Downside,Downside,gradient_boosting,3,,1138114.07,,,
Scenario,2026-10-01,SK,Slovakia,P03,IPX Roaming & Signalling,Downside,Downside,gradient_boosting,4,,992281.07,,,
Scenario,2026-11-01,SK,Slovakia,P03,IPX Roaming & Signalling,Downside,Downside,gradient_boosting,5,,955878.17,,,
Scenario,2026-12-01,SK,Slovakia,P03,IPX Roaming & Signalling,Downside,Downside,gradient_boosting,6,,901121.84,,,
Scenario,2027-01-01,SK,Slovakia,P03,IPX Roaming & Signalling,Downside,Downside,gradient_boosting,7,,727750.36,,,
Scenario,2027-02-01,SK,Slovakia,P03,IPX Roaming & Signalling,Downside,Downside,gradient_boosting,8,,809558.87,,,
Scenario,2027-03-01,SK,Slovakia,P03,IPX Roaming & Signalling,Downside,Downside,gradient_boosting,9,,845597.41,,,
Scenario,2027-04-01,SK,Slovakia,P03,IPX Roaming & Signalling,Downside,Downside,gradient_boosting,10,,859765.08,,,
Scenario,2027-05-01,SK,Slovakia,P03,IPX Roaming & Signalling,Downside,Downside,gradient_boosting,11,,1108189.04,,,
Scenario,2027-06-01,SK,Slovakia,P03,IPX Roaming & Signalling,Downside,Downside,gradient_boosting,12,,1176907.75,,,
Scenario,2026-07-01,SK,Slovakia,P05,Ethernet & Capacity Services,Downside,Downside,gradient_boosting,1,,354419.66,,,
Scenario,2026-08-01,SK,Slovakia,P05,Ethernet & Capacity Services,Downside,Downside,gradient_boosting,2,,357885.79,,,
Scenario,2026-09-01,SK,Slovakia,P05,Ethernet & Capacity Services,Downside,Downside,gradient_boosting,3,,339435.47,,,
Scenario,2026-10-01,SK,Slovakia,P05,Ethernet & Capacity Services,Downside,Downside,gradient_boosting,4,,319534.95,,,
Scenario,2026-11-01,SK,Slovakia,P05,Ethernet & Capacity Services,Downside,Downside,gradient_boosting,5,,348332.57,,,
Scenario,2026-12-01,SK,Slovakia,P05,Ethernet & Capacity Services,Downside,Downside,gradient_boosting,6,,339752.22,,,
Scenario,2027-01-01,SK,Slovakia,P05,Ethernet & Capacity Services,Downside,Downside,gradient_boosting,7,,348831.21,,,
Scenario,2027-02-01,SK,Slovakia,P05,Ethernet & Capacity Services,Downside,Downside,gradient_boosting,8,,314963.98,,,
Scenario,2027-03-01,SK,Slovakia,P05,Ethernet & Capacity Services,Downside,Downside,gradient_boosting,9,,361921.94,,,
Scenario,2027-04-01,SK,Slovakia,P05,Ethernet & Capacity Services,Downside,Downside,gradient_boosting,10,,345198.37,,,
Scenario,2027-05-01,SK,Slovakia,P05,Ethernet & Capacity Services,Downside,Downside,gradient_boosting,11,,353340.7,,,
Scenario,2027-06-01,SK,Slovakia,P05,Ethernet & Capacity Services,Downside,Downside,gradient_boosting,12,,393986.65,,,
Scenario,2026-07-01,SK,Slovakia,P07,Voice Firewall & Anti-Fraud,Downside,Downside,gradient_boosting,1,,0.01,,,
Scenario,2026-08-01,SK,Slovakia,P07,Voice Firewall & Anti-Fraud,Downside,Downside,gradient_boosting,2,,0.0,,,
Scenario,2026-09-01,SK,Slovakia,P07,Voice Firewall & Anti-Fraud,Downside,Downside,gradient_boosting,3,,0.0,,,
Scenario,2026-10-01,SK,Slovakia,P07,Voice Firewall & Anti-Fraud,Downside,Downside,gradient_boosting,4,,0.01,,,
Scenario,2026-11-01,SK,Slovakia,P07,Voice Firewall & Anti-Fraud,Downside,Downside,gradient_boosting,5,,0.0,,,
Scenario,2026-12-01,SK,Slovakia,P07,Voice Firewall & Anti-Fraud,Downside,Downside,gradient_boosting,6,,0.0,,,
Scenario,2027-01-01,SK,Slovakia,P07,Voice Firewall & Anti-Fraud,Downside,Downside,gradient_boosting,7,,0.0,,,
Scenario,2027-02-01,SK,Slovakia,P07,Voice Firewall & Anti-Fraud,Downside,Downside,gradient_boosting,8,,0.0,,,
Scenario,2027-03-01,SK,Slovakia,P07,Voice Firewall & Anti-Fraud,Downside,Downside,gradient_boosting,9,,0.0,,,
Scenario,2027-04-01,SK,Slovakia,P07,Voice Firewall & Anti-Fraud,Downside,Downside,gradient_boosting,10,,0.04,,,
Scenario,2027-05-01,SK,Slovakia,P07,Voice Firewall & Anti-Fraud,Downside,Downside,gradient_boosting,11,,0.0,,,
Scenario,2027-06-01,SK,Slovakia,P07,Voice Firewall & Anti-Fraud,Downside,Downside,gradient_boosting,12,,0.0,,,
Scenario,2026-07-01,AT,Austria,P01,International Voice Termination,Baseline,Baseline,gradient_boosting,1,,437458.14,,,
Scenario,2026-08-01,AT,Austria,P01,International Voice Termination,Baseline,Baseline,gradient_boosting,2,,260193.72,,,
Scenario,2026-09-01,AT,Austria,P01,International Voice Termination,Baseline,Baseline,gradient_boosting,3,,262703.79,,,
Scenario,2026-10-01,AT,Austria,P01,International Voice Termination,Baseline,Baseline,gradient_boosting,4,,54645.99,,,
Scenario,2026-11-01,AT,Austria,P01,International Voice Termination,Baseline,Baseline,gradient_boosting,5,,62444.51,,,
Scenario,2026-12-01,AT,Austria,P01,International Voice Termination,Baseline,Baseline,gradient_boosting,6,,215895.12,,,
Scenario,2027-01-01,AT,Austria,P01,International Voice Termination,Baseline,Baseline,gradient_boosting,7,,149280.11,,,
Scenario,2027-02-01,AT,Austria,P01,International Voice Termination,Baseline,Baseline,gradient_boosting,8,,132845.13,,,
Scenario,2027-03-01,AT,Austria,P01,International Voice Termination,Baseline,Baseline,gradient_boosting,9,,129129.99,,,
Scenario,2027-04-01,AT,Austria,P01,International Voice Termination,Baseline,Baseline,gradient_boosting,10,,143270.88,,,
Scenario,2027-05-01,AT,Austria,P01,International Voice Termination,Baseline,Baseline,gradient_boosting,11,,245288.42,,,
Scenario,2027-06-01,AT,Austria,P01,International Voice Termination,Baseline,Baseline,gradient_boosting,12,,188223.51,,,
Scenario,2026-07-01,AT,Austria,P02,A2P Messaging,Baseline,Baseline,gradient_boosting,1,,4121237.49,,,
Scenario,2026-08-01,AT,Austria,P02,A2P Messaging,Baseline,Baseline,gradient_boosting,2,,3785573.18,,,
Scenario,2026-09-01,AT,Austria,P02,A2P Messaging,Baseline,Baseline,gradient_boosting,3,,4296305.1,,,
Scenario,2026-10-01,AT,Austria,P02,A2P Messaging,Baseline,Baseline,gradient_boosting,4,,3200052.64,,,
Scenario,2026-11-01,AT,Austria,P02,A2P Messaging,Baseline,Baseline,gradient_boosting,5,,3446173.65,,,
Scenario,2026-12-01,AT,Austria,P02,A2P Messaging,Baseline,Baseline,gradient_boosting,6,,3720361.9,,,
Scenario,2027-01-01,AT,Austria,P02,A2P Messaging,Baseline,Baseline,gradient_boosting,7,,3723819.05,,,
Scenario,2027-02-01,AT,Austria,P02,A2P Messaging,Baseline,Baseline,gradient_boosting,8,,3772587.98,,,
Scenario,2027-03-01,AT,Austria,P02,A2P Messaging,Baseline,Baseline,gradient_boosting,9,,3007461.38,,,
Scenario,2027-04-01,AT,Austria,P02,A2P Messaging,Baseline,Baseline,gradient_boosting,10,,4685572.75,,,
Scenario,2027-05-01,AT,Austria,P02,A2P Messaging,Baseline,Baseline,gradient_boosting,11,,4814917.57,,,
Scenario,2027-06-01,AT,Austria,P02,A2P Messaging,Baseline,Baseline,gradient_boosting,12,,4905116.73,,,
Scenario,2026-07-01,AT,Austria,P03,IPX Roaming & Signalling,Baseline,Baseline,gradient_boosting,1,,2508969.43,,,
Scenario,2026-08-01,AT,Austria,P03,IPX Roaming & Signalling,Baseline,Baseline,gradient_boosting,2,,2351760.96,,,
Scenario,2026-09-01,AT,Austria,P03,IPX Roaming & Signalling,Baseline,Baseline,gradient_boosting,3,,2144451.38,,,
Scenario,2026-10-01,AT,Austria,P03,IPX Roaming & Signalling,Baseline,Baseline,gradient_boosting,4,,2618304.62,,,
Scenario,2026-11-01,AT,Austria,P03,IPX Roaming & Signalling,Baseline,Baseline,gradient_boosting,5,,2396956.93,,,
Scenario,2026-12-01,AT,Austria,P03,IPX Roaming & Signalling,Baseline,Baseline,gradient_boosting,6,,1682275.9,,,
Scenario,2027-01-01,AT,Austria,P03,IPX Roaming & Signalling,Baseline,Baseline,gradient_boosting,7,,1553854.9,,,
Scenario,2027-02-01,AT,Austria,P03,IPX Roaming & Signalling,Baseline,Baseline,gradient_boosting,8,,1558003.93,,,
Scenario,2027-03-01,AT,Austria,P03,IPX Roaming & Signalling,Baseline,Baseline,gradient_boosting,9,,1600931.26,,,
Scenario,2027-04-01,AT,Austria,P03,IPX Roaming & Signalling,Baseline,Baseline,gradient_boosting,10,,1761225.08,,,
Scenario,2027-05-01,AT,Austria,P03,IPX Roaming & Signalling,Baseline,Baseline,gradient_boosting,11,,1941822.59,,,
Scenario,2027-06-01,AT,Austria,P03,IPX Roaming & Signalling,Baseline,Baseline,gradient_boosting,12,,2286380.33,,,
Scenario,2026-07-01,AT,Austria,P04,IP Transit,Baseline,Baseline,gradient_boosting,1,,799382.44,,,
Scenario,2026-08-01,AT,Austria,P04,IP Transit,Baseline,Baseline,gradient_boosting,2,,648823.17,,,
Scenario,2026-09-01,AT,Austria,P04,IP Transit,Baseline,Baseline,gradient_boosting,3,,675710.49,,,
Scenario,2026-10-01,AT,Austria,P04,IP Transit,Baseline,Baseline,gradient_boosting,4,,461281.5,,,
Scenario,2026-11-01,AT,Austria,P04,IP Transit,Baseline,Baseline,gradient_boosting,5,,545080.62,,,
Scenario,2026-12-01,AT,Austria,P04,IP Transit,Baseline,Baseline,gradient_boosting,6,,500582.01,,,
Scenario,2027-01-01,AT,Austria,P04,IP Transit,Baseline,Baseline,gradient_boosting,7,,578975.06,,,
Scenario,2027-02-01,AT,Austria,P04,IP Transit,Baseline,Baseline,gradient_boosting,8,,553799.96,,,
Scenario,2027-03-01,AT,Austria,P04,IP Transit,Baseline,Baseline,gradient_boosting,9,,535169.91,,,
Scenario,2027-04-01,AT,Austria,P04,IP Transit,Baseline,Baseline,gradient_boosting,10,,595238.22,,,
Scenario,2027-05-01,AT,Austria,P04,IP Transit,Baseline,Baseline,gradient_boosting,11,,589246.49,,,
Scenario,2027-06-01,AT,Austria,P04,IP Transit,Baseline,Baseline,gradient_boosting,12,,660337.79,,,
Scenario,2026-07-01,AT,Austria,P05,Ethernet & Capacity Services,Baseline,Baseline,gradient_boosting,1,,1209817.66,,,
Scenario,2026-08-01,AT,Austria,P05,Ethernet & Capacity Services,Baseline,Baseline,gradient_boosting,2,,1190544.87,,,
Scenario,2026-09-01,AT,Austria,P05,Ethernet & Capacity Services,Baseline,Baseline,gradient_boosting,3,,1532684.22,,,
Scenario,2026-10-01,AT,Austria,P05,Ethernet & Capacity Services,Baseline,Baseline,gradient_boosting,4,,2155036.26,,,
Scenario,2026-11-01,AT,Austria,P05,Ethernet & Capacity Services,Baseline,Baseline,gradient_boosting,5,,1649035.14,,,
Scenario,2026-12-01,AT,Austria,P05,Ethernet & Capacity Services,Baseline,Baseline,gradient_boosting,6,,1198959.69,,,
Scenario,2027-01-01,AT,Austria,P05,Ethernet & Capacity Services,Baseline,Baseline,gradient_boosting,7,,838013.58,,,
Scenario,2027-02-01,AT,Austria,P05,Ethernet & Capacity Services,Baseline,Baseline,gradient_boosting,8,,817370.84,,,
Scenario,2027-03-01,AT,Austria,P05,Ethernet & Capacity Services,Baseline,Baseline,gradient_boosting,9,,926427.14,,,
Scenario,2027-04-01,AT,Austria,P05,Ethernet & Capacity Services,Baseline,Baseline,gradient_boosting,10,,870744.78,,,
Scenario,2027-05-01,AT,Austria,P05,Ethernet & Capacity Services,Baseline,Baseline,gradient_boosting,11,,808509.26,,,
Scenario,2027-06-01,AT,Austria,P05,Ethernet & Capacity Services,Baseline,Baseline,gradient_boosting,12,,933260.49,,,
Scenario,2026-07-01,AT,Austria,P06,Cloud Connect,Baseline,Baseline,gradient_boosting,1,,0.05,,,
Scenario,2026-08-01,AT,Austria,P06,Cloud Connect,Baseline,Baseline,gradient_boosting,2,,0.04,,,
Scenario,2026-09-01,AT,Austria,P06,Cloud Connect,Baseline,Baseline,gradient_boosting,3,,0.2,,,
Scenario,2026-10-01,AT,Austria,P06,Cloud Connect,Baseline,Baseline,gradient_boosting,4,,1.87,,,
Scenario,2026-11-01,AT,Austria,P06,Cloud Connect,Baseline,Baseline,gradient_boosting,5,,1.02,,,
Scenario,2026-12-01,AT,Austria,P06,Cloud Connect,Baseline,Baseline,gradient_boosting,6,,0.54,,,
Scenario,2027-01-01,AT,Austria,P06,Cloud Connect,Baseline,Baseline,gradient_boosting,7,,0.58,,,
Scenario,2027-02-01,AT,Austria,P06,Cloud Connect,Baseline,Baseline,gradient_boosting,8,,0.21,,,
Scenario,2027-03-01,AT,Austria,P06,Cloud Connect,Baseline,Baseline,gradient_boosting,9,,0.21,,,
Scenario,2027-04-01,AT,Austria,P06,Cloud Connect,Baseline,Baseline,gradient_boosting,10,,0.0,,,
Scenario,2027-05-01,AT,Austria,P06,Cloud Connect,Baseline,Baseline,gradient_boosting,11,,0.0,,,
Scenario,2027-06-01,AT,Austria,P06,Cloud Connect,Baseline,Baseline,gradient_boosting,12,,0.0,,,
Scenario,2026-07-01,AT,Austria,P07,Voice Firewall & Anti-Fraud,Baseline,Baseline,gradient_boosting,1,,868091.41,,,
Scenario,2026-08-01,AT,Austria,P07,Voice Firewall & Anti-Fraud,Baseline,Baseline,gradient_boosting,2,,764159.01,,,
Scenario,2026-09-01,AT,Austria,P07,Voice Firewall & Anti-Fraud,Baseline,Baseline,gradient_boosting,3,,636482.82,,,
Scenario,2026-10-01,AT,Austria,P07,Voice Firewall & Anti-Fraud,Baseline,Baseline,gradient_boosting,4,,508279.81,,,
Scenario,2026-11-01,AT,Austria,P07,Voice Firewall & Anti-Fraud,Baseline,Baseline,gradient_boosting,5,,651337.15,,,
Scenario,2026-12-01,AT,Austria,P07,Voice Firewall & Anti-Fraud,Baseline,Baseline,gradient_boosting,6,,594582.46,,,
Scenario,2027-01-01,AT,Austria,P07,Voice Firewall & Anti-Fraud,Baseline,Baseline,gradient_boosting,7,,736081.7,,,
Scenario,2027-02-01,AT,Austria,P07,Voice Firewall & Anti-Fraud,Baseline,Baseline,gradient_boosting,8,,826255.9,,,
Scenario,2027-03-01,AT,Austria,P07,Voice Firewall & Anti-Fraud,Baseline,Baseline,gradient_boosting,9,,620754.76,,,
Scenario,2027-04-01,AT,Austria,P07,Voice Firewall & Anti-Fraud,Baseline,Baseline,gradient_boosting,10,,882089.65,,,
Scenario,2027-05-01,AT,Austria,P07,Voice Firewall & Anti-Fraud,Baseline,Baseline,gradient_boosting,11,,874885.26,,,
Scenario,2027-06-01,AT,Austria,P07,Voice Firewall & Anti-Fraud,Baseline,Baseline,gradient_boosting,12,,1073219.1,,,
Scenario,2026-07-01,CZ,Czechia,P03,IPX Roaming & Signalling,Baseline,Baseline,gradient_boosting,1,,172906.04,,,
Scenario,2026-08-01,CZ,Czechia,P03,IPX Roaming & Signalling,Baseline,Baseline,gradient_boosting,2,,157645.84,,,
Scenario,2026-09-01,CZ,Czechia,P03,IPX Roaming & Signalling,Baseline,Baseline,gradient_boosting,3,,150471.04,,,
Scenario,2026-10-01,CZ,Czechia,P03,IPX Roaming & Signalling,Baseline,Baseline,gradient_boosting,4,,140418.69,,,
Scenario,2026-11-01,CZ,Czechia,P03,IPX Roaming & Signalling,Baseline,Baseline,gradient_boosting,5,,141964.27,,,
Scenario,2026-12-01,CZ,Czechia,P03,IPX Roaming & Signalling,Baseline,Baseline,gradient_boosting,6,,143985.41,,,
Scenario,2027-01-01,CZ,Czechia,P03,IPX Roaming & Signalling,Baseline,Baseline,gradient_boosting,7,,128442.97,,,
Scenario,2027-02-01,CZ,Czechia,P03,IPX Roaming & Signalling,Baseline,Baseline,gradient_boosting,8,,143026.98,,,
Scenario,2027-03-01,CZ,Czechia,P03,IPX Roaming & Signalling,Baseline,Baseline,gradient_boosting,9,,157343.42,,,
Scenario,2027-04-01,CZ,Czechia,P03,IPX Roaming & Signalling,Baseline,Baseline,gradient_boosting,10,,164041.0,,,
Scenario,2027-05-01,CZ,Czechia,P03,IPX Roaming & Signalling,Baseline,Baseline,gradient_boosting,11,,154305.48,,,
Scenario,2027-06-01,CZ,Czechia,P03,IPX Roaming & Signalling,Baseline,Baseline,gradient_boosting,12,,221996.0,,,
Scenario,2026-07-01,CZ,Czechia,P04,IP Transit,Baseline,Baseline,gradient_boosting,1,,181144.06,,,
Scenario,2026-08-01,CZ,Czechia,P04,IP Transit,Baseline,Baseline,gradient_boosting,2,,179140.6,,,
Scenario,2026-09-01,CZ,Czechia,P04,IP Transit,Baseline,Baseline,gradient_boosting,3,,201939.05,,,
Scenario,2026-10-01,CZ,Czechia,P04,IP Transit,Baseline,Baseline,gradient_boosting,4,,174610.84,,,
Scenario,2026-11-01,CZ,Czechia,P04,IP Transit,Baseline,Baseline,gradient_boosting,5,,215428.46,,,
Scenario,2026-12-01,CZ,Czechia,P04,IP Transit,Baseline,Baseline,gradient_boosting,6,,184004.52,,,
Scenario,2027-01-01,CZ,Czechia,P04,IP Transit,Baseline,Baseline,gradient_boosting,7,,204808.19,,,
Scenario,2027-02-01,CZ,Czechia,P04,IP Transit,Baseline,Baseline,gradient_boosting,8,,170752.57,,,
Scenario,2027-03-01,CZ,Czechia,P04,IP Transit,Baseline,Baseline,gradient_boosting,9,,183726.2,,,
Scenario,2027-04-01,CZ,Czechia,P04,IP Transit,Baseline,Baseline,gradient_boosting,10,,187328.77,,,
Scenario,2027-05-01,CZ,Czechia,P04,IP Transit,Baseline,Baseline,gradient_boosting,11,,245845.19,,,
Scenario,2027-06-01,CZ,Czechia,P04,IP Transit,Baseline,Baseline,gradient_boosting,12,,363400.88,,,
Scenario,2026-07-01,CZ,Czechia,P05,Ethernet & Capacity Services,Baseline,Baseline,gradient_boosting,1,,1351038.13,,,
Scenario,2026-08-01,CZ,Czechia,P05,Ethernet & Capacity Services,Baseline,Baseline,gradient_boosting,2,,1365444.73,,,
Scenario,2026-09-01,CZ,Czechia,P05,Ethernet & Capacity Services,Baseline,Baseline,gradient_boosting,3,,1317921.15,,,
Scenario,2026-10-01,CZ,Czechia,P05,Ethernet & Capacity Services,Baseline,Baseline,gradient_boosting,4,,1415521.31,,,
Scenario,2026-11-01,CZ,Czechia,P05,Ethernet & Capacity Services,Baseline,Baseline,gradient_boosting,5,,1382451.65,,,
Scenario,2026-12-01,CZ,Czechia,P05,Ethernet & Capacity Services,Baseline,Baseline,gradient_boosting,6,,1345603.28,,,
Scenario,2027-01-01,CZ,Czechia,P05,Ethernet & Capacity Services,Baseline,Baseline,gradient_boosting,7,,1331318.09,,,
Scenario,2027-02-01,CZ,Czechia,P05,Ethernet & Capacity Services,Baseline,Baseline,gradient_boosting,8,,1359910.17,,,
Scenario,2027-03-01,CZ,Czechia,P05,Ethernet & Capacity Services,Baseline,Baseline,gradient_boosting,9,,1374642.17,,,
Scenario,2027-04-01,CZ,Czechia,P05,Ethernet & Capacity Services,Baseline,Baseline,gradient_boosting,10,,1363430.59,,,
Scenario,2027-05-01,CZ,Czechia,P05,Ethernet & Capacity Services,Baseline,Baseline,gradient_boosting,11,,1356869.72,,,
Scenario,2027-06-01,CZ,Czechia,P05,Ethernet & Capacity Services,Baseline,Baseline,gradient_boosting,12,,1370145.35,,,
Scenario,2026-07-01,CZ,Czechia,P06,Cloud Connect,Baseline,Baseline,gradient_boosting,1,,212344.64,,,
Scenario,2026-08-01,CZ,Czechia,P06,Cloud Connect,Baseline,Baseline,gradient_boosting,2,,206574.31,,,
Scenario,2026-09-01,CZ,Czechia,P06,Cloud Connect,Baseline,Baseline,gradient_boosting,3,,255233.28,,,
Scenario,2026-10-01,CZ,Czechia,P06,Cloud Connect,Baseline,Baseline,gradient_boosting,4,,264902.63,,,
Scenario,2026-11-01,CZ,Czechia,P06,Cloud Connect,Baseline,Baseline,gradient_boosting,5,,313761.63,,,
Scenario,2026-12-01,CZ,Czechia,P06,Cloud Connect,Baseline,Baseline,gradient_boosting,6,,261079.86,,,
Scenario,2027-01-01,CZ,Czechia,P06,Cloud Connect,Baseline,Baseline,gradient_boosting,7,,271554.5,,,
Scenario,2027-02-01,CZ,Czechia,P06,Cloud Connect,Baseline,Baseline,gradient_boosting,8,,248461.2,,,
Scenario,2027-03-01,CZ,Czechia,P06,Cloud Connect,Baseline,Baseline,gradient_boosting,9,,244216.7,,,
Scenario,2027-04-01,CZ,Czechia,P06,Cloud Connect,Baseline,Baseline,gradient_boosting,10,,335680.7,,,
Scenario,2027-05-01,CZ,Czechia,P06,Cloud Connect,Baseline,Baseline,gradient_boosting,11,,311532.93,,,
Scenario,2027-06-01,CZ,Czechia,P06,Cloud Connect,Baseline,Baseline,gradient_boosting,12,,271175.81,,,
Scenario,2026-07-01,CZ,Czechia,P07,Voice Firewall & Anti-Fraud,Baseline,Baseline,gradient_boosting,1,,57048.46,,,
Scenario,2026-08-01,CZ,Czechia,P07,Voice Firewall & Anti-Fraud,Baseline,Baseline,gradient_boosting,2,,59294.31,,,
Scenario,2026-09-01,CZ,Czechia,P07,Voice Firewall & Anti-Fraud,Baseline,Baseline,gradient_boosting,3,,69005.88,,,
Scenario,2026-10-01,CZ,Czechia,P07,Voice Firewall & Anti-Fraud,Baseline,Baseline,gradient_boosting,4,,76510.36,,,
Scenario,2026-11-01,CZ,Czechia,P07,Voice Firewall & Anti-Fraud,Baseline,Baseline,gradient_boosting,5,,105107.1,,,
Scenario,2026-12-01,CZ,Czechia,P07,Voice Firewall & Anti-Fraud,Baseline,Baseline,gradient_boosting,6,,74031.48,,,
Scenario,2027-01-01,CZ,Czechia,P07,Voice Firewall & Anti-Fraud,Baseline,Baseline,gradient_boosting,7,,98628.71,,,
Scenario,2027-02-01,CZ,Czechia,P07,Voice Firewall & Anti-Fraud,Baseline,Baseline,gradient_boosting,8,,92996.14,,,
Scenario,2027-03-01,CZ,Czechia,P07,Voice Firewall & Anti-Fraud,Baseline,Baseline,gradient_boosting,9,,94605.39,,,
Scenario,2027-04-01,CZ,Czechia,P07,Voice Firewall & Anti-Fraud,Baseline,Baseline,gradient_boosting,10,,165733.5,,,
Scenario,2027-05-01,CZ,Czechia,P07,Voice Firewall & Anti-Fraud,Baseline,Baseline,gradient_boosting,11,,142326.91,,,
Scenario,2027-06-01,CZ,Czechia,P07,Voice Firewall & Anti-Fraud,Baseline,Baseline,gradient_boosting,12,,125711.43,,,
Scenario,2026-07-01,DE,Germany,P01,International Voice Termination,Baseline,Baseline,gradient_boosting,1,,2439922.42,,,
Scenario,2026-08-01,DE,Germany,P01,International Voice Termination,Baseline,Baseline,gradient_boosting,2,,2395490.4,,,
Scenario,2026-09-01,DE,Germany,P01,International Voice Termination,Baseline,Baseline,gradient_boosting,3,,2372507.59,,,
Scenario,2026-10-01,DE,Germany,P01,International Voice Termination,Baseline,Baseline,gradient_boosting,4,,2341863.66,,,
Scenario,2026-11-01,DE,Germany,P01,International Voice Termination,Baseline,Baseline,gradient_boosting,5,,2406270.4,,,
Scenario,2026-12-01,DE,Germany,P01,International Voice Termination,Baseline,Baseline,gradient_boosting,6,,2263697.71,,,
Scenario,2027-01-01,DE,Germany,P01,International Voice Termination,Baseline,Baseline,gradient_boosting,7,,1968152.55,,,
Scenario,2027-02-01,DE,Germany,P01,International Voice Termination,Baseline,Baseline,gradient_boosting,8,,2059409.28,,,
Scenario,2027-03-01,DE,Germany,P01,International Voice Termination,Baseline,Baseline,gradient_boosting,9,,1819458.57,,,
Scenario,2027-04-01,DE,Germany,P01,International Voice Termination,Baseline,Baseline,gradient_boosting,10,,2034774.17,,,
Scenario,2027-05-01,DE,Germany,P01,International Voice Termination,Baseline,Baseline,gradient_boosting,11,,2059719.69,,,
Scenario,2027-06-01,DE,Germany,P01,International Voice Termination,Baseline,Baseline,gradient_boosting,12,,1821409.24,,,
Scenario,2026-07-01,DE,Germany,P02,A2P Messaging,Baseline,Baseline,gradient_boosting,1,,6237171.53,,,
Scenario,2026-08-01,DE,Germany,P02,A2P Messaging,Baseline,Baseline,gradient_boosting,2,,5410154.72,,,
Scenario,2026-09-01,DE,Germany,P02,A2P Messaging,Baseline,Baseline,gradient_boosting,3,,6146557.26,,,
Scenario,2026-10-01,DE,Germany,P02,A2P Messaging,Baseline,Baseline,gradient_boosting,4,,6662426.15,,,
Scenario,2026-11-01,DE,Germany,P02,A2P Messaging,Baseline,Baseline,gradient_boosting,5,,8342180.19,,,
Scenario,2026-12-01,DE,Germany,P02,A2P Messaging,Baseline,Baseline,gradient_boosting,6,,8376471.06,,,
Scenario,2027-01-01,DE,Germany,P02,A2P Messaging,Baseline,Baseline,gradient_boosting,7,,6665816.63,,,
Scenario,2027-02-01,DE,Germany,P02,A2P Messaging,Baseline,Baseline,gradient_boosting,8,,6619439.07,,,
Scenario,2027-03-01,DE,Germany,P02,A2P Messaging,Baseline,Baseline,gradient_boosting,9,,6620672.84,,,
Scenario,2027-04-01,DE,Germany,P02,A2P Messaging,Baseline,Baseline,gradient_boosting,10,,6956316.83,,,
Scenario,2027-05-01,DE,Germany,P02,A2P Messaging,Baseline,Baseline,gradient_boosting,11,,7182125.27,,,
Scenario,2027-06-01,DE,Germany,P02,A2P Messaging,Baseline,Baseline,gradient_boosting,12,,8323960.26,,,
Scenario,2026-07-01,DE,Germany,P03,IPX Roaming & Signalling,Baseline,Baseline,gradient_boosting,1,,11312996.58,,,
Scenario,2026-08-01,DE,Germany,P03,IPX Roaming & Signalling,Baseline,Baseline,gradient_boosting,2,,11075544.81,,,
Scenario,2026-09-01,DE,Germany,P03,IPX Roaming & Signalling,Baseline,Baseline,gradient_boosting,3,,8324054.47,,,
Scenario,2026-10-01,DE,Germany,P03,IPX Roaming & Signalling,Baseline,Baseline,gradient_boosting,4,,6544118.28,,,
Scenario,2026-11-01,DE,Germany,P03,IPX Roaming & Signalling,Baseline,Baseline,gradient_boosting,5,,6107493.55,,,
Scenario,2026-12-01,DE,Germany,P03,IPX Roaming & Signalling,Baseline,Baseline,gradient_boosting,6,,6361580.94,,,
Scenario,2027-01-01,DE,Germany,P03,IPX Roaming & Signalling,Baseline,Baseline,gradient_boosting,7,,6007693.95,,,
Scenario,2027-02-01,DE,Germany,P03,IPX Roaming & Signalling,Baseline,Baseline,gradient_boosting,8,,5944296.51,,,
Scenario,2027-03-01,DE,Germany,P03,IPX Roaming & Signalling,Baseline,Baseline,gradient_boosting,9,,6511606.6,,,
Scenario,2027-04-01,DE,Germany,P03,IPX Roaming & Signalling,Baseline,Baseline,gradient_boosting,10,,7394983.68,,,
Scenario,2027-05-01,DE,Germany,P03,IPX Roaming & Signalling,Baseline,Baseline,gradient_boosting,11,,8767026.94,,,
Scenario,2027-06-01,DE,Germany,P03,IPX Roaming & Signalling,Baseline,Baseline,gradient_boosting,12,,10052647.44,,,
Scenario,2026-07-01,DE,Germany,P04,IP Transit,Baseline,Baseline,gradient_boosting,1,,6139256.32,,,
Scenario,2026-08-01,DE,Germany,P04,IP Transit,Baseline,Baseline,gradient_boosting,2,,6200380.36,,,
Scenario,2026-09-01,DE,Germany,P04,IP Transit,Baseline,Baseline,gradient_boosting,3,,6432071.25,,,
Scenario,2026-10-01,DE,Germany,P04,IP Transit,Baseline,Baseline,gradient_boosting,4,,6318808.66,,,
Scenario,2026-11-01,DE,Germany,P04,IP Transit,Baseline,Baseline,gradient_boosting,5,,6175106.57,,,
Scenario,2026-12-01,DE,Germany,P04,IP Transit,Baseline,Baseline,gradient_boosting,6,,5737148.32,,,
Scenario,2027-01-01,DE,Germany,P04,IP Transit,Baseline,Baseline,gradient_boosting,7,,5937245.12,,,
Scenario,2027-02-01,DE,Germany,P04,IP Transit,Baseline,Baseline,gradient_boosting,8,,5608926.0,,,
Scenario,2027-03-01,DE,Germany,P04,IP Transit,Baseline,Baseline,gradient_boosting,9,,5930233.86,,,
Scenario,2027-04-01,DE,Germany,P04,IP Transit,Baseline,Baseline,gradient_boosting,10,,5810600.57,,,
Scenario,2027-05-01,DE,Germany,P04,IP Transit,Baseline,Baseline,gradient_boosting,11,,5897191.02,,,
Scenario,2027-06-01,DE,Germany,P04,IP Transit,Baseline,Baseline,gradient_boosting,12,,6067858.53,,,
Scenario,2026-07-01,DE,Germany,P05,Ethernet & Capacity Services,Baseline,Baseline,gradient_boosting,1,,7486272.47,,,
Scenario,2026-08-01,DE,Germany,P05,Ethernet & Capacity Services,Baseline,Baseline,gradient_boosting,2,,7557667.66,,,
Scenario,2026-09-01,DE,Germany,P05,Ethernet & Capacity Services,Baseline,Baseline,gradient_boosting,3,,7869170.95,,,
Scenario,2026-10-01,DE,Germany,P05,Ethernet & Capacity Services,Baseline,Baseline,gradient_boosting,4,,7506925.86,,,
Scenario,2026-11-01,DE,Germany,P05,Ethernet & Capacity Services,Baseline,Baseline,gradient_boosting,5,,7568974.88,,,
Scenario,2026-12-01,DE,Germany,P05,Ethernet & Capacity Services,Baseline,Baseline,gradient_boosting,6,,7271199.41,,,
Scenario,2027-01-01,DE,Germany,P05,Ethernet & Capacity Services,Baseline,Baseline,gradient_boosting,7,,8056722.67,,,
Scenario,2027-02-01,DE,Germany,P05,Ethernet & Capacity Services,Baseline,Baseline,gradient_boosting,8,,7781353.81,,,
Scenario,2027-03-01,DE,Germany,P05,Ethernet & Capacity Services,Baseline,Baseline,gradient_boosting,9,,7617912.76,,,
Scenario,2027-04-01,DE,Germany,P05,Ethernet & Capacity Services,Baseline,Baseline,gradient_boosting,10,,7830859.47,,,
Scenario,2027-05-01,DE,Germany,P05,Ethernet & Capacity Services,Baseline,Baseline,gradient_boosting,11,,7261873.45,,,
Scenario,2027-06-01,DE,Germany,P05,Ethernet & Capacity Services,Baseline,Baseline,gradient_boosting,12,,7015579.78,,,
Scenario,2026-07-01,DE,Germany,P06,Cloud Connect,Baseline,Baseline,gradient_boosting,1,,6718295.11,,,
Scenario,2026-08-01,DE,Germany,P06,Cloud Connect,Baseline,Baseline,gradient_boosting,2,,6688401.07,,,
Scenario,2026-09-01,DE,Germany,P06,Cloud Connect,Baseline,Baseline,gradient_boosting,3,,6730947.34,,,
Scenario,2026-10-01,DE,Germany,P06,Cloud Connect,Baseline,Baseline,gradient_boosting,4,,6607038.04,,,
Scenario,2026-11-01,DE,Germany,P06,Cloud Connect,Baseline,Baseline,gradient_boosting,5,,6472419.75,,,
Scenario,2026-12-01,DE,Germany,P06,Cloud Connect,Baseline,Baseline,gradient_boosting,6,,6351167.18,,,
Scenario,2027-01-01,DE,Germany,P06,Cloud Connect,Baseline,Baseline,gradient_boosting,7,,6141757.55,,,
Scenario,2027-02-01,DE,Germany,P06,Cloud Connect,Baseline,Baseline,gradient_boosting,8,,6930721.11,,,
Scenario,2027-03-01,DE,Germany,P06,Cloud Connect,Baseline,Baseline,gradient_boosting,9,,7305990.05,,,
Scenario,2027-04-01,DE,Germany,P06,Cloud Connect,Baseline,Baseline,gradient_boosting,10,,7440516.02,,,
Scenario,2027-05-01,DE,Germany,P06,Cloud Connect,Baseline,Baseline,gradient_boosting,11,,7322545.54,,,
Scenario,2027-06-01,DE,Germany,P06,Cloud Connect,Baseline,Baseline,gradient_boosting,12,,7786294.72,,,
Scenario,2026-07-01,DE,Germany,P07,Voice Firewall & Anti-Fraud,Baseline,Baseline,gradient_boosting,1,,2056123.34,,,
Scenario,2026-08-01,DE,Germany,P07,Voice Firewall & Anti-Fraud,Baseline,Baseline,gradient_boosting,2,,2130757.85,,,
Scenario,2026-09-01,DE,Germany,P07,Voice Firewall & Anti-Fraud,Baseline,Baseline,gradient_boosting,3,,2209135.86,,,
Scenario,2026-10-01,DE,Germany,P07,Voice Firewall & Anti-Fraud,Baseline,Baseline,gradient_boosting,4,,2215426.49,,,
Scenario,2026-11-01,DE,Germany,P07,Voice Firewall & Anti-Fraud,Baseline,Baseline,gradient_boosting,5,,2288259.09,,,
Scenario,2026-12-01,DE,Germany,P07,Voice Firewall & Anti-Fraud,Baseline,Baseline,gradient_boosting,6,,2257712.03,,,
Scenario,2027-01-01,DE,Germany,P07,Voice Firewall & Anti-Fraud,Baseline,Baseline,gradient_boosting,7,,2326503.55,,,
Scenario,2027-02-01,DE,Germany,P07,Voice Firewall & Anti-Fraud,Baseline,Baseline,gradient_boosting,8,,2288198.46,,,
Scenario,2027-03-01,DE,Germany,P07,Voice Firewall & Anti-Fraud,Baseline,Baseline,gradient_boosting,9,,2530220.8,,,
Scenario,2027-04-01,DE,Germany,P07,Voice Firewall & Anti-Fraud,Baseline,Baseline,gradient_boosting,10,,2568648.12,,,
Scenario,2027-05-01,DE,Germany,P07,Voice Firewall & Anti-Fraud,Baseline,Baseline,gradient_boosting,11,,2636142.34,,,
Scenario,2027-06-01,DE,Germany,P07,Voice Firewall & Anti-Fraud,Baseline,Baseline,gradient_boosting,12,,2598545.67,,,
Scenario,2026-07-01,ES,Spain,P01,International Voice Termination,Baseline,Baseline,gradient_boosting,1,,982761.2,,,
Scenario,2026-08-01,ES,Spain,P01,International Voice Termination,Baseline,Baseline,gradient_boosting,2,,892834.63,,,
Scenario,2026-09-01,ES,Spain,P01,International Voice Termination,Baseline,Baseline,gradient_boosting,3,,863998.88,,,
Scenario,2026-10-01,ES,Spain,P01,International Voice Termination,Baseline,Baseline,gradient_boosting,4,,985469.45,,,
Scenario,2026-11-01,ES,Spain,P01,International Voice Termination,Baseline,Baseline,gradient_boosting,5,,1173590.63,,,
Scenario,2026-12-01,ES,Spain,P01,International Voice Termination,Baseline,Baseline,gradient_boosting,6,,1246085.19,,,
Scenario,2027-01-01,ES,Spain,P01,International Voice Termination,Baseline,Baseline,gradient_boosting,7,,1261219.67,,,
Scenario,2027-02-01,ES,Spain,P01,International Voice Termination,Baseline,Baseline,gradient_boosting,8,,1035570.17,,,
Scenario,2027-03-01,ES,Spain,P01,International Voice Termination,Baseline,Baseline,gradient_boosting,9,,1070352.6,,,
Scenario,2027-04-01,ES,Spain,P01,International Voice Termination,Baseline,Baseline,gradient_boosting,10,,836535.32,,,
Scenario,2027-05-01,ES,Spain,P01,International Voice Termination,Baseline,Baseline,gradient_boosting,11,,946889.96,,,
Scenario,2027-06-01,ES,Spain,P01,International Voice Termination,Baseline,Baseline,gradient_boosting,12,,967846.47,,,
Scenario,2026-07-01,ES,Spain,P02,A2P Messaging,Baseline,Baseline,gradient_boosting,1,,12549329.09,,,
Scenario,2026-08-01,ES,Spain,P02,A2P Messaging,Baseline,Baseline,gradient_boosting,2,,13378445.22,,,
Scenario,2026-09-01,ES,Spain,P02,A2P Messaging,Baseline,Baseline,gradient_boosting,3,,13790612.18,,,
Scenario,2026-10-01,ES,Spain,P02,A2P Messaging,Baseline,Baseline,gradient_boosting,4,,14138050.25,,,
Scenario,2026-11-01,ES,Spain,P02,A2P Messaging,Baseline,Baseline,gradient_boosting,5,,15747517.02,,,
Scenario,2026-12-01,ES,Spain,P02,A2P Messaging,Baseline,Baseline,gradient_boosting,6,,15764591.98,,,
Scenario,2027-01-01,ES,Spain,P02,A2P Messaging,Baseline,Baseline,gradient_boosting,7,,13503831.66,,,
Scenario,2027-02-01,ES,Spain,P02,A2P Messaging,Baseline,Baseline,gradient_boosting,8,,13241573.38,,,
Scenario,2027-03-01,ES,Spain,P02,A2P Messaging,Baseline,Baseline,gradient_boosting,9,,13703002.28,,,
Scenario,2027-04-01,ES,Spain,P02,A2P Messaging,Baseline,Baseline,gradient_boosting,10,,13355390.2,,,
Scenario,2027-05-01,ES,Spain,P02,A2P Messaging,Baseline,Baseline,gradient_boosting,11,,13919664.49,,,
Scenario,2027-06-01,ES,Spain,P02,A2P Messaging,Baseline,Baseline,gradient_boosting,12,,14977715.58,,,
Scenario,2026-07-01,ES,Spain,P03,IPX Roaming & Signalling,Baseline,Baseline,gradient_boosting,1,,6068461.41,,,
Scenario,2026-08-01,ES,Spain,P03,IPX Roaming & Signalling,Baseline,Baseline,gradient_boosting,2,,6158599.98,,,
Scenario,2026-09-01,ES,Spain,P03,IPX Roaming & Signalling,Baseline,Baseline,gradient_boosting,3,,5515238.7,,,
Scenario,2026-10-01,ES,Spain,P03,IPX Roaming & Signalling,Baseline,Baseline,gradient_boosting,4,,4805803.41,,,
Scenario,2026-11-01,ES,Spain,P03,IPX Roaming & Signalling,Baseline,Baseline,gradient_boosting,5,,4386100.54,,,
Scenario,2026-12-01,ES,Spain,P03,IPX Roaming & Signalling,Baseline,Baseline,gradient_boosting,6,,4845247.15,,,
Scenario,2027-01-01,ES,Spain,P03,IPX Roaming & Signalling,Baseline,Baseline,gradient_boosting,7,,4594084.06,,,
Scenario,2027-02-01,ES,Spain,P03,IPX Roaming & Signalling,Baseline,Baseline,gradient_boosting,8,,4086960.31,,,
Scenario,2027-03-01,ES,Spain,P03,IPX Roaming & Signalling,Baseline,Baseline,gradient_boosting,9,,4721873.42,,,
Scenario,2027-04-01,ES,Spain,P03,IPX Roaming & Signalling,Baseline,Baseline,gradient_boosting,10,,5064515.1,,,
Scenario,2027-05-01,ES,Spain,P03,IPX Roaming & Signalling,Baseline,Baseline,gradient_boosting,11,,5907322.82,,,
Scenario,2027-06-01,ES,Spain,P03,IPX Roaming & Signalling,Baseline,Baseline,gradient_boosting,12,,6173302.92,,,
Scenario,2026-07-01,ES,Spain,P04,IP Transit,Baseline,Baseline,gradient_boosting,1,,2791238.82,,,
Scenario,2026-08-01,ES,Spain,P04,IP Transit,Baseline,Baseline,gradient_boosting,2,,2751442.85,,,
Scenario,2026-09-01,ES,Spain,P04,IP Transit,Baseline,Baseline,gradient_boosting,3,,2842766.77,,,
Scenario,2026-10-01,ES,Spain,P04,IP Transit,Baseline,Baseline,gradient_boosting,4,,2817988.11,,,
Scenario,2026-11-01,ES,Spain,P04,IP Transit,Baseline,Baseline,gradient_boosting,5,,2825644.19,,,
Scenario,2026-12-01,ES,Spain,P04,IP Transit,Baseline,Baseline,gradient_boosting,6,,2919951.01,,,
Scenario,2027-01-01,ES,Spain,P04,IP Transit,Baseline,Baseline,gradient_boosting,7,,2939052.29,,,
Scenario,2027-02-01,ES,Spain,P04,IP Transit,Baseline,Baseline,gradient_boosting,8,,2807519.69,,,
Scenario,2027-03-01,ES,Spain,P04,IP Transit,Baseline,Baseline,gradient_boosting,9,,3018712.61,,,
Scenario,2027-04-01,ES,Spain,P04,IP Transit,Baseline,Baseline,gradient_boosting,10,,2959934.62,,,
Scenario,2027-05-01,ES,Spain,P04,IP Transit,Baseline,Baseline,gradient_boosting,11,,3287867.36,,,
Scenario,2027-06-01,ES,Spain,P04,IP Transit,Baseline,Baseline,gradient_boosting,12,,3250397.0,,,
Scenario,2026-07-01,ES,Spain,P05,Ethernet & Capacity Services,Baseline,Baseline,gradient_boosting,1,,6068377.98,,,
Scenario,2026-08-01,ES,Spain,P05,Ethernet & Capacity Services,Baseline,Baseline,gradient_boosting,2,,6044195.98,,,
Scenario,2026-09-01,ES,Spain,P05,Ethernet & Capacity Services,Baseline,Baseline,gradient_boosting,3,,6141091.23,,,
Scenario,2026-10-01,ES,Spain,P05,Ethernet & Capacity Services,Baseline,Baseline,gradient_boosting,4,,5960662.69,,,
Scenario,2026-11-01,ES,Spain,P05,Ethernet & Capacity Services,Baseline,Baseline,gradient_boosting,5,,6058932.49,,,
Scenario,2026-12-01,ES,Spain,P05,Ethernet & Capacity Services,Baseline,Baseline,gradient_boosting,6,,5921901.18,,,
Scenario,2027-01-01,ES,Spain,P05,Ethernet & Capacity Services,Baseline,Baseline,gradient_boosting,7,,5948189.85,,,
Scenario,2027-02-01,ES,Spain,P05,Ethernet & Capacity Services,Baseline,Baseline,gradient_boosting,8,,5961907.02,,,
Scenario,2027-03-01,ES,Spain,P05,Ethernet & Capacity Services,Baseline,Baseline,gradient_boosting,9,,6014232.05,,,
Scenario,2027-04-01,ES,Spain,P05,Ethernet & Capacity Services,Baseline,Baseline,gradient_boosting,10,,5971520.53,,,
Scenario,2027-05-01,ES,Spain,P05,Ethernet & Capacity Services,Baseline,Baseline,gradient_boosting,11,,5935614.58,,,
Scenario,2027-06-01,ES,Spain,P05,Ethernet & Capacity Services,Baseline,Baseline,gradient_boosting,12,,5883137.72,,,
Scenario,2026-07-01,ES,Spain,P06,Cloud Connect,Baseline,Baseline,gradient_boosting,1,,3154490.54,,,
Scenario,2026-08-01,ES,Spain,P06,Cloud Connect,Baseline,Baseline,gradient_boosting,2,,3175041.13,,,
Scenario,2026-09-01,ES,Spain,P06,Cloud Connect,Baseline,Baseline,gradient_boosting,3,,3276609.62,,,
Scenario,2026-10-01,ES,Spain,P06,Cloud Connect,Baseline,Baseline,gradient_boosting,4,,3341153.85,,,
Scenario,2026-11-01,ES,Spain,P06,Cloud Connect,Baseline,Baseline,gradient_boosting,5,,3330539.95,,,
Scenario,2026-12-01,ES,Spain,P06,Cloud Connect,Baseline,Baseline,gradient_boosting,6,,3279520.51,,,
Scenario,2027-01-01,ES,Spain,P06,Cloud Connect,Baseline,Baseline,gradient_boosting,7,,3267026.49,,,
Scenario,2027-02-01,ES,Spain,P06,Cloud Connect,Baseline,Baseline,gradient_boosting,8,,3406323.39,,,
Scenario,2027-03-01,ES,Spain,P06,Cloud Connect,Baseline,Baseline,gradient_boosting,9,,3352941.05,,,
Scenario,2027-04-01,ES,Spain,P06,Cloud Connect,Baseline,Baseline,gradient_boosting,10,,3259510.07,,,
Scenario,2027-05-01,ES,Spain,P06,Cloud Connect,Baseline,Baseline,gradient_boosting,11,,3341069.4,,,
Scenario,2027-06-01,ES,Spain,P06,Cloud Connect,Baseline,Baseline,gradient_boosting,12,,3875606.47,,,
Scenario,2026-07-01,ES,Spain,P07,Voice Firewall & Anti-Fraud,Baseline,Baseline,gradient_boosting,1,,2864455.02,,,
Scenario,2026-08-01,ES,Spain,P07,Voice Firewall & Anti-Fraud,Baseline,Baseline,gradient_boosting,2,,2953437.45,,,
Scenario,2026-09-01,ES,Spain,P07,Voice Firewall & Anti-Fraud,Baseline,Baseline,gradient_boosting,3,,2909054.31,,,
Scenario,2026-10-01,ES,Spain,P07,Voice Firewall & Anti-Fraud,Baseline,Baseline,gradient_boosting,4,,2953760.43,,,
Scenario,2026-11-01,ES,Spain,P07,Voice Firewall & Anti-Fraud,Baseline,Baseline,gradient_boosting,5,,3040970.4,,,
Scenario,2026-12-01,ES,Spain,P07,Voice Firewall & Anti-Fraud,Baseline,Baseline,gradient_boosting,6,,2992920.63,,,
Scenario,2027-01-01,ES,Spain,P07,Voice Firewall & Anti-Fraud,Baseline,Baseline,gradient_boosting,7,,3023612.14,,,
Scenario,2027-02-01,ES,Spain,P07,Voice Firewall & Anti-Fraud,Baseline,Baseline,gradient_boosting,8,,3010996.04,,,
Scenario,2027-03-01,ES,Spain,P07,Voice Firewall & Anti-Fraud,Baseline,Baseline,gradient_boosting,9,,3202321.84,,,
Scenario,2027-04-01,ES,Spain,P07,Voice Firewall & Anti-Fraud,Baseline,Baseline,gradient_boosting,10,,3168886.07,,,
Scenario,2027-05-01,ES,Spain,P07,Voice Firewall & Anti-Fraud,Baseline,Baseline,gradient_boosting,11,,3185306.64,,,
Scenario,2027-06-01,ES,Spain,P07,Voice Firewall & Anti-Fraud,Baseline,Baseline,gradient_boosting,12,,3529087.13,,,
Scenario,2026-07-01,FR,France,P01,International Voice Termination,Baseline,Baseline,gradient_boosting,1,,1441830.66,,,
Scenario,2026-08-01,FR,France,P01,International Voice Termination,Baseline,Baseline,gradient_boosting,2,,1492702.78,,,
Scenario,2026-09-01,FR,France,P01,International Voice Termination,Baseline,Baseline,gradient_boosting,3,,1297608.58,,,
Scenario,2026-10-01,FR,France,P01,International Voice Termination,Baseline,Baseline,gradient_boosting,4,,1261155.31,,,
Scenario,2026-11-01,FR,France,P01,International Voice Termination,Baseline,Baseline,gradient_boosting,5,,1586691.52,,,
Scenario,2026-12-01,FR,France,P01,International Voice Termination,Baseline,Baseline,gradient_boosting,6,,1429460.48,,,
Scenario,2027-01-01,FR,France,P01,International Voice Termination,Baseline,Baseline,gradient_boosting,7,,1405614.2,,,
Scenario,2027-02-01,FR,France,P01,International Voice Termination,Baseline,Baseline,gradient_boosting,8,,1336425.39,,,
Scenario,2027-03-01,FR,France,P01,International Voice Termination,Baseline,Baseline,gradient_boosting,9,,1575665.46,,,
Scenario,2027-04-01,FR,France,P01,International Voice Termination,Baseline,Baseline,gradient_boosting,10,,1328881.71,,,
Scenario,2027-05-01,FR,France,P01,International Voice Termination,Baseline,Baseline,gradient_boosting,11,,1281961.28,,,
Scenario,2027-06-01,FR,France,P01,International Voice Termination,Baseline,Baseline,gradient_boosting,12,,1285163.82,,,
Scenario,2026-07-01,FR,France,P02,A2P Messaging,Baseline,Baseline,gradient_boosting,1,,13876224.5,,,
Scenario,2026-08-01,FR,France,P02,A2P Messaging,Baseline,Baseline,gradient_boosting,2,,14028923.06,,,
Scenario,2026-09-01,FR,France,P02,A2P Messaging,Baseline,Baseline,gradient_boosting,3,,13998270.34,,,
Scenario,2026-10-01,FR,France,P02,A2P Messaging,Baseline,Baseline,gradient_boosting,4,,14411523.46,,,
Scenario,2026-11-01,FR,France,P02,A2P Messaging,Baseline,Baseline,gradient_boosting,5,,16016054.92,,,
Scenario,2026-12-01,FR,France,P02,A2P Messaging,Baseline,Baseline,gradient_boosting,6,,16367550.72,,,
Scenario,2027-01-01,FR,France,P02,A2P Messaging,Baseline,Baseline,gradient_boosting,7,,14087621.37,,,
Scenario,2027-02-01,FR,France,P02,A2P Messaging,Baseline,Baseline,gradient_boosting,8,,13837512.32,,,
Scenario,2027-03-01,FR,France,P02,A2P Messaging,Baseline,Baseline,gradient_boosting,9,,14155257.7,,,
Scenario,2027-04-01,FR,France,P02,A2P Messaging,Baseline,Baseline,gradient_boosting,10,,14500814.0,,,
Scenario,2027-05-01,FR,France,P02,A2P Messaging,Baseline,Baseline,gradient_boosting,11,,14646977.72,,,
Scenario,2027-06-01,FR,France,P02,A2P Messaging,Baseline,Baseline,gradient_boosting,12,,15221272.14,,,
Scenario,2026-07-01,FR,France,P03,IPX Roaming & Signalling,Baseline,Baseline,gradient_boosting,1,,15588404.25,,,
Scenario,2026-08-01,FR,France,P03,IPX Roaming & Signalling,Baseline,Baseline,gradient_boosting,2,,15419505.4,,,
Scenario,2026-09-01,FR,France,P03,IPX Roaming & Signalling,Baseline,Baseline,gradient_boosting,3,,13503657.9,,,
Scenario,2026-10-01,FR,France,P03,IPX Roaming & Signalling,Baseline,Baseline,gradient_boosting,4,,12338803.74,,,
Scenario,2026-11-01,FR,France,P03,IPX Roaming & Signalling,Baseline,Baseline,gradient_boosting,5,,10898373.46,,,
Scenario,2026-12-01,FR,France,P03,IPX Roaming & Signalling,Baseline,Baseline,gradient_boosting,6,,11382534.44,,,
Scenario,2027-01-01,FR,France,P03,IPX Roaming & Signalling,Baseline,Baseline,gradient_boosting,7,,11529357.92,,,
Scenario,2027-02-01,FR,France,P03,IPX Roaming & Signalling,Baseline,Baseline,gradient_boosting,8,,10832568.83,,,
Scenario,2027-03-01,FR,France,P03,IPX Roaming & Signalling,Baseline,Baseline,gradient_boosting,9,,11411338.88,,,
Scenario,2027-04-01,FR,France,P03,IPX Roaming & Signalling,Baseline,Baseline,gradient_boosting,10,,12482454.59,,,
Scenario,2027-05-01,FR,France,P03,IPX Roaming & Signalling,Baseline,Baseline,gradient_boosting,11,,13871543.04,,,
Scenario,2027-06-01,FR,France,P03,IPX Roaming & Signalling,Baseline,Baseline,gradient_boosting,12,,13444313.3,,,
Scenario,2026-07-01,FR,France,P04,IP Transit,Baseline,Baseline,gradient_boosting,1,,1558340.28,,,
Scenario,2026-08-01,FR,France,P04,IP Transit,Baseline,Baseline,gradient_boosting,2,,1550654.54,,,
Scenario,2026-09-01,FR,France,P04,IP Transit,Baseline,Baseline,gradient_boosting,3,,1564900.53,,,
Scenario,2026-10-01,FR,France,P04,IP Transit,Baseline,Baseline,gradient_boosting,4,,1629012.18,,,
Scenario,2026-11-01,FR,France,P04,IP Transit,Baseline,Baseline,gradient_boosting,5,,1594531.62,,,
Scenario,2026-12-01,FR,France,P04,IP Transit,Baseline,Baseline,gradient_boosting,6,,1602070.51,,,
Scenario,2027-01-01,FR,France,P04,IP Transit,Baseline,Baseline,gradient_boosting,7,,1638453.76,,,
Scenario,2027-02-01,FR,France,P04,IP Transit,Baseline,Baseline,gradient_boosting,8,,1693872.61,,,
Scenario,2027-03-01,FR,France,P04,IP Transit,Baseline,Baseline,gradient_boosting,9,,1706041.52,,,
Scenario,2027-04-01,FR,France,P04,IP Transit,Baseline,Baseline,gradient_boosting,10,,1727516.41,,,
Scenario,2027-05-01,FR,France,P04,IP Transit,Baseline,Baseline,gradient_boosting,11,,1896265.61,,,
Scenario,2027-06-01,FR,France,P04,IP Transit,Baseline,Baseline,gradient_boosting,12,,1627933.4,,,
Scenario,2026-07-01,FR,France,P05,Ethernet & Capacity Services,Baseline,Baseline,gradient_boosting,1,,3970144.68,,,
Scenario,2026-08-01,FR,France,P05,Ethernet & Capacity Services,Baseline,Baseline,gradient_boosting,2,,3936724.88,,,
Scenario,2026-09-01,FR,France,P05,Ethernet & Capacity Services,Baseline,Baseline,gradient_boosting,3,,4118364.87,,,
Scenario,2026-10-01,FR,France,P05,Ethernet & Capacity Services,Baseline,Baseline,gradient_boosting,4,,4033932.11,,,
Scenario,2026-11-01,FR,France,P05,Ethernet & Capacity Services,Baseline,Baseline,gradient_boosting,5,,4166216.61,,,
Scenario,2026-12-01,FR,France,P05,Ethernet & Capacity Services,Baseline,Baseline,gradient_boosting,6,,4085907.91,,,
Scenario,2027-01-01,FR,France,P05,Ethernet & Capacity Services,Baseline,Baseline,gradient_boosting,7,,4043045.31,,,
Scenario,2027-02-01,FR,France,P05,Ethernet & Capacity Services,Baseline,Baseline,gradient_boosting,8,,4027142.19,,,
Scenario,2027-03-01,FR,France,P05,Ethernet & Capacity Services,Baseline,Baseline,gradient_boosting,9,,4236651.99,,,
Scenario,2027-04-01,FR,France,P05,Ethernet & Capacity Services,Baseline,Baseline,gradient_boosting,10,,4445638.55,,,
Scenario,2027-05-01,FR,France,P05,Ethernet & Capacity Services,Baseline,Baseline,gradient_boosting,11,,4798210.9,,,
Scenario,2027-06-01,FR,France,P05,Ethernet & Capacity Services,Baseline,Baseline,gradient_boosting,12,,4551452.32,,,
Scenario,2026-07-01,FR,France,P06,Cloud Connect,Baseline,Baseline,gradient_boosting,1,,1947156.7,,,
Scenario,2026-08-01,FR,France,P06,Cloud Connect,Baseline,Baseline,gradient_boosting,2,,2021180.82,,,
Scenario,2026-09-01,FR,France,P06,Cloud Connect,Baseline,Baseline,gradient_boosting,3,,2047865.7,,,
Scenario,2026-10-01,FR,France,P06,Cloud Connect,Baseline,Baseline,gradient_boosting,4,,2140034.21,,,
Scenario,2026-11-01,FR,France,P06,Cloud Connect,Baseline,Baseline,gradient_boosting,5,,2353471.02,,,
Scenario,2026-12-01,FR,France,P06,Cloud Connect,Baseline,Baseline,gradient_boosting,6,,2166289.32,,,
Scenario,2027-01-01,FR,France,P06,Cloud Connect,Baseline,Baseline,gradient_boosting,7,,2148101.31,,,
Scenario,2027-02-01,FR,France,P06,Cloud Connect,Baseline,Baseline,gradient_boosting,8,,2141841.93,,,
Scenario,2027-03-01,FR,France,P06,Cloud Connect,Baseline,Baseline,gradient_boosting,9,,2292651.22,,,
Scenario,2027-04-01,FR,France,P06,Cloud Connect,Baseline,Baseline,gradient_boosting,10,,2356896.46,,,
Scenario,2027-05-01,FR,France,P06,Cloud Connect,Baseline,Baseline,gradient_boosting,11,,2409322.25,,,
Scenario,2027-06-01,FR,France,P06,Cloud Connect,Baseline,Baseline,gradient_boosting,12,,2500354.89,,,
Scenario,2026-07-01,FR,France,P07,Voice Firewall & Anti-Fraud,Baseline,Baseline,gradient_boosting,1,,4560612.62,,,
Scenario,2026-08-01,FR,France,P07,Voice Firewall & Anti-Fraud,Baseline,Baseline,gradient_boosting,2,,4388966.11,,,
Scenario,2026-09-01,FR,France,P07,Voice Firewall & Anti-Fraud,Baseline,Baseline,gradient_boosting,3,,4585389.41,,,
Scenario,2026-10-01,FR,France,P07,Voice Firewall & Anti-Fraud,Baseline,Baseline,gradient_boosting,4,,4563558.67,,,
Scenario,2026-11-01,FR,France,P07,Voice Firewall & Anti-Fraud,Baseline,Baseline,gradient_boosting,5,,4507119.19,,,
Scenario,2026-12-01,FR,France,P07,Voice Firewall & Anti-Fraud,Baseline,Baseline,gradient_boosting,6,,4737576.5,,,
Scenario,2027-01-01,FR,France,P07,Voice Firewall & Anti-Fraud,Baseline,Baseline,gradient_boosting,7,,4558584.88,,,
Scenario,2027-02-01,FR,France,P07,Voice Firewall & Anti-Fraud,Baseline,Baseline,gradient_boosting,8,,4579054.12,,,
Scenario,2027-03-01,FR,France,P07,Voice Firewall & Anti-Fraud,Baseline,Baseline,gradient_boosting,9,,4888052.15,,,
Scenario,2027-04-01,FR,France,P07,Voice Firewall & Anti-Fraud,Baseline,Baseline,gradient_boosting,10,,4813028.22,,,
Scenario,2027-05-01,FR,France,P07,Voice Firewall & Anti-Fraud,Baseline,Baseline,gradient_boosting,11,,4996913.67,,,
Scenario,2027-06-01,FR,France,P07,Voice Firewall & Anti-Fraud,Baseline,Baseline,gradient_boosting,12,,5253273.59,,,
Scenario,2026-07-01,GR,Greece,P01,International Voice Termination,Baseline,Baseline,gradient_boosting,1,,617257.2,,,
Scenario,2026-08-01,GR,Greece,P01,International Voice Termination,Baseline,Baseline,gradient_boosting,2,,494301.42,,,
Scenario,2026-09-01,GR,Greece,P01,International Voice Termination,Baseline,Baseline,gradient_boosting,3,,491682.28,,,
Scenario,2026-10-01,GR,Greece,P01,International Voice Termination,Baseline,Baseline,gradient_boosting,4,,441811.14,,,
Scenario,2026-11-01,GR,Greece,P01,International Voice Termination,Baseline,Baseline,gradient_boosting,5,,359913.06,,,
Scenario,2026-12-01,GR,Greece,P01,International Voice Termination,Baseline,Baseline,gradient_boosting,6,,563680.95,,,
Scenario,2027-01-01,GR,Greece,P01,International Voice Termination,Baseline,Baseline,gradient_boosting,7,,362932.83,,,
Scenario,2027-02-01,GR,Greece,P01,International Voice Termination,Baseline,Baseline,gradient_boosting,8,,376260.2,,,
Scenario,2027-03-01,GR,Greece,P01,International Voice Termination,Baseline,Baseline,gradient_boosting,9,,448971.04,,,
Scenario,2027-04-01,GR,Greece,P01,International Voice Termination,Baseline,Baseline,gradient_boosting,10,,515196.2,,,
Scenario,2027-05-01,GR,Greece,P01,International Voice Termination,Baseline,Baseline,gradient_boosting,11,,509253.34,,,
Scenario,2027-06-01,GR,Greece,P01,International Voice Termination,Baseline,Baseline,gradient_boosting,12,,437652.52,,,
Scenario,2026-07-01,GR,Greece,P02,A2P Messaging,Baseline,Baseline,gradient_boosting,1,,2838616.99,,,
Scenario,2026-08-01,GR,Greece,P02,A2P Messaging,Baseline,Baseline,gradient_boosting,2,,3013017.27,,,
Scenario,2026-09-01,GR,Greece,P02,A2P Messaging,Baseline,Baseline,gradient_boosting,3,,3058994.25,,,
Scenario,2026-10-01,GR,Greece,P02,A2P Messaging,Baseline,Baseline,gradient_boosting,4,,3244226.69,,,
Scenario,2026-11-01,GR,Greece,P02,A2P Messaging,Baseline,Baseline,gradient_boosting,5,,3559361.26,,,
Scenario,2026-12-01,GR,Greece,P02,A2P Messaging,Baseline,Baseline,gradient_boosting,6,,3691794.46,,,
Scenario,2027-01-01,GR,Greece,P02,A2P Messaging,Baseline,Baseline,gradient_boosting,7,,2597945.88,,,
Scenario,2027-02-01,GR,Greece,P02,A2P Messaging,Baseline,Baseline,gradient_boosting,8,,2487369.27,,,
Scenario,2027-03-01,GR,Greece,P02,A2P Messaging,Baseline,Baseline,gradient_boosting,9,,2698128.64,,,
Scenario,2027-04-01,GR,Greece,P02,A2P Messaging,Baseline,Baseline,gradient_boosting,10,,2472190.1,,,
Scenario,2027-05-01,GR,Greece,P02,A2P Messaging,Baseline,Baseline,gradient_boosting,11,,2487584.55,,,
Scenario,2027-06-01,GR,Greece,P02,A2P Messaging,Baseline,Baseline,gradient_boosting,12,,2460631.79,,,
Scenario,2026-07-01,GR,Greece,P03,IPX Roaming & Signalling,Baseline,Baseline,gradient_boosting,1,,2829319.63,,,
Scenario,2026-08-01,GR,Greece,P03,IPX Roaming & Signalling,Baseline,Baseline,gradient_boosting,2,,2902614.82,,,
Scenario,2026-09-01,GR,Greece,P03,IPX Roaming & Signalling,Baseline,Baseline,gradient_boosting,3,,2687008.08,,,
Scenario,2026-10-01,GR,Greece,P03,IPX Roaming & Signalling,Baseline,Baseline,gradient_boosting,4,,2509764.26,,,
Scenario,2026-11-01,GR,Greece,P03,IPX Roaming & Signalling,Baseline,Baseline,gradient_boosting,5,,2507794.52,,,
Scenario,2026-12-01,GR,Greece,P03,IPX Roaming & Signalling,Baseline,Baseline,gradient_boosting,6,,2424278.34,,,
Scenario,2027-01-01,GR,Greece,P03,IPX Roaming & Signalling,Baseline,Baseline,gradient_boosting,7,,2284135.62,,,
Scenario,2027-02-01,GR,Greece,P03,IPX Roaming & Signalling,Baseline,Baseline,gradient_boosting,8,,2223442.11,,,
Scenario,2027-03-01,GR,Greece,P03,IPX Roaming & Signalling,Baseline,Baseline,gradient_boosting,9,,2134560.96,,,
Scenario,2027-04-01,GR,Greece,P03,IPX Roaming & Signalling,Baseline,Baseline,gradient_boosting,10,,2263283.17,,,
Scenario,2027-05-01,GR,Greece,P03,IPX Roaming & Signalling,Baseline,Baseline,gradient_boosting,11,,2568286.82,,,
Scenario,2027-06-01,GR,Greece,P03,IPX Roaming & Signalling,Baseline,Baseline,gradient_boosting,12,,2675270.47,,,
Scenario,2026-07-01,GR,Greece,P04,IP Transit,Baseline,Baseline,gradient_boosting,1,,555645.82,,,
Scenario,2026-08-01,GR,Greece,P04,IP Transit,Baseline,Baseline,gradient_boosting,2,,590027.07,,,
Scenario,2026-09-01,GR,Greece,P04,IP Transit,Baseline,Baseline,gradient_boosting,3,,550361.41,,,
Scenario,2026-10-01,GR,Greece,P04,IP Transit,Baseline,Baseline,gradient_boosting,4,,584263.54,,,
Scenario,2026-11-01,GR,Greece,P04,IP Transit,Baseline,Baseline,gradient_boosting,5,,652385.65,,,
Scenario,2026-12-01,GR,Greece,P04,IP Transit,Baseline,Baseline,gradient_boosting,6,,627826.58,,,
Scenario,2027-01-01,GR,Greece,P04,IP Transit,Baseline,Baseline,gradient_boosting,7,,520570.56,,,
Scenario,2027-02-01,GR,Greece,P04,IP Transit,Baseline,Baseline,gradient_boosting,8,,506231.6,,,
Scenario,2027-03-01,GR,Greece,P04,IP Transit,Baseline,Baseline,gradient_boosting,9,,572648.09,,,
Scenario,2027-04-01,GR,Greece,P04,IP Transit,Baseline,Baseline,gradient_boosting,10,,484752.36,,,
Scenario,2027-05-01,GR,Greece,P04,IP Transit,Baseline,Baseline,gradient_boosting,11,,543986.79,,,
Scenario,2027-06-01,GR,Greece,P04,IP Transit,Baseline,Baseline,gradient_boosting,12,,543561.67,,,
Scenario,2026-07-01,GR,Greece,P05,Ethernet & Capacity Services,Baseline,Baseline,gradient_boosting,1,,959558.86,,,
Scenario,2026-08-01,GR,Greece,P05,Ethernet & Capacity Services,Baseline,Baseline,gradient_boosting,2,,1070794.69,,,
Scenario,2026-09-01,GR,Greece,P05,Ethernet & Capacity Services,Baseline,Baseline,gradient_boosting,3,,1046669.51,,,
Scenario,2026-10-01,GR,Greece,P05,Ethernet & Capacity Services,Baseline,Baseline,gradient_boosting,4,,1079707.61,,,
Scenario,2026-11-01,GR,Greece,P05,Ethernet & Capacity Services,Baseline,Baseline,gradient_boosting,5,,1059368.21,,,
Scenario,2026-12-01,GR,Greece,P05,Ethernet & Capacity Services,Baseline,Baseline,gradient_boosting,6,,1056676.64,,,
Scenario,2027-01-01,GR,Greece,P05,Ethernet & Capacity Services,Baseline,Baseline,gradient_boosting,7,,1069567.1,,,
Scenario,2027-02-01,GR,Greece,P05,Ethernet & Capacity Services,Baseline,Baseline,gradient_boosting,8,,1015873.57,,,
Scenario,2027-03-01,GR,Greece,P05,Ethernet & Capacity Services,Baseline,Baseline,gradient_boosting,9,,1089856.74,,,
Scenario,2027-04-01,GR,Greece,P05,Ethernet & Capacity Services,Baseline,Baseline,gradient_boosting,10,,993681.25,,,
Scenario,2027-05-01,GR,Greece,P05,Ethernet & Capacity Services,Baseline,Baseline,gradient_boosting,11,,1022737.74,,,
Scenario,2027-06-01,GR,Greece,P05,Ethernet & Capacity Services,Baseline,Baseline,gradient_boosting,12,,978145.28,,,
Scenario,2026-07-01,GR,Greece,P07,Voice Firewall & Anti-Fraud,Baseline,Baseline,gradient_boosting,1,,1157321.95,,,
Scenario,2026-08-01,GR,Greece,P07,Voice Firewall & Anti-Fraud,Baseline,Baseline,gradient_boosting,2,,1235945.2,,,
Scenario,2026-09-01,GR,Greece,P07,Voice Firewall & Anti-Fraud,Baseline,Baseline,gradient_boosting,3,,1234517.99,,,
Scenario,2026-10-01,GR,Greece,P07,Voice Firewall & Anti-Fraud,Baseline,Baseline,gradient_boosting,4,,1254756.48,,,
Scenario,2026-11-01,GR,Greece,P07,Voice Firewall & Anti-Fraud,Baseline,Baseline,gradient_boosting,5,,1218517.17,,,
Scenario,2026-12-01,GR,Greece,P07,Voice Firewall & Anti-Fraud,Baseline,Baseline,gradient_boosting,6,,1276771.49,,,
Scenario,2027-01-01,GR,Greece,P07,Voice Firewall & Anti-Fraud,Baseline,Baseline,gradient_boosting,7,,1260479.26,,,
Scenario,2027-02-01,GR,Greece,P07,Voice Firewall & Anti-Fraud,Baseline,Baseline,gradient_boosting,8,,1380269.04,,,
Scenario,2027-03-01,GR,Greece,P07,Voice Firewall & Anti-Fraud,Baseline,Baseline,gradient_boosting,9,,1135549.19,,,
Scenario,2027-04-01,GR,Greece,P07,Voice Firewall & Anti-Fraud,Baseline,Baseline,gradient_boosting,10,,1251636.15,,,
Scenario,2027-05-01,GR,Greece,P07,Voice Firewall & Anti-Fraud,Baseline,Baseline,gradient_boosting,11,,1297130.65,,,
Scenario,2027-06-01,GR,Greece,P07,Voice Firewall & Anti-Fraud,Baseline,Baseline,gradient_boosting,12,,1288053.57,,,
Scenario,2026-07-01,HR,Croatia,P05,Ethernet & Capacity Services,Baseline,Baseline,gradient_boosting,1,,186804.45,,,
Scenario,2026-08-01,HR,Croatia,P05,Ethernet & Capacity Services,Baseline,Baseline,gradient_boosting,2,,181343.02,,,
Scenario,2026-09-01,HR,Croatia,P05,Ethernet & Capacity Services,Baseline,Baseline,gradient_boosting,3,,194387.8,,,
Scenario,2026-10-01,HR,Croatia,P05,Ethernet & Capacity Services,Baseline,Baseline,gradient_boosting,4,,194640.59,,,
Scenario,2026-11-01,HR,Croatia,P05,Ethernet & Capacity Services,Baseline,Baseline,gradient_boosting,5,,197803.24,,,
Scenario,2026-12-01,HR,Croatia,P05,Ethernet & Capacity Services,Baseline,Baseline,gradient_boosting,6,,191794.03,,,
Scenario,2027-01-01,HR,Croatia,P05,Ethernet & Capacity Services,Baseline,Baseline,gradient_boosting,7,,190318.79,,,
Scenario,2027-02-01,HR,Croatia,P05,Ethernet & Capacity Services,Baseline,Baseline,gradient_boosting,8,,188035.04,,,
Scenario,2027-03-01,HR,Croatia,P05,Ethernet & Capacity Services,Baseline,Baseline,gradient_boosting,9,,195210.15,,,
Scenario,2027-04-01,HR,Croatia,P05,Ethernet & Capacity Services,Baseline,Baseline,gradient_boosting,10,,195753.97,,,
Scenario,2027-05-01,HR,Croatia,P05,Ethernet & Capacity Services,Baseline,Baseline,gradient_boosting,11,,217647.79,,,
Scenario,2027-06-01,HR,Croatia,P05,Ethernet & Capacity Services,Baseline,Baseline,gradient_boosting,12,,188329.74,,,
Scenario,2026-07-01,HR,Croatia,P06,Cloud Connect,Baseline,Baseline,gradient_boosting,1,,149573.96,,,
Scenario,2026-08-01,HR,Croatia,P06,Cloud Connect,Baseline,Baseline,gradient_boosting,2,,141397.67,,,
Scenario,2026-09-01,HR,Croatia,P06,Cloud Connect,Baseline,Baseline,gradient_boosting,3,,148720.22,,,
Scenario,2026-10-01,HR,Croatia,P06,Cloud Connect,Baseline,Baseline,gradient_boosting,4,,146392.79,,,
Scenario,2026-11-01,HR,Croatia,P06,Cloud Connect,Baseline,Baseline,gradient_boosting,5,,158674.07,,,
Scenario,2026-12-01,HR,Croatia,P06,Cloud Connect,Baseline,Baseline,gradient_boosting,6,,118764.29,,,
Scenario,2027-01-01,HR,Croatia,P06,Cloud Connect,Baseline,Baseline,gradient_boosting,7,,119620.51,,,
Scenario,2027-02-01,HR,Croatia,P06,Cloud Connect,Baseline,Baseline,gradient_boosting,8,,135750.86,,,
Scenario,2027-03-01,HR,Croatia,P06,Cloud Connect,Baseline,Baseline,gradient_boosting,9,,146829.07,,,
Scenario,2027-04-01,HR,Croatia,P06,Cloud Connect,Baseline,Baseline,gradient_boosting,10,,123139.29,,,
Scenario,2027-05-01,HR,Croatia,P06,Cloud Connect,Baseline,Baseline,gradient_boosting,11,,141548.36,,,
Scenario,2027-06-01,HR,Croatia,P06,Cloud Connect,Baseline,Baseline,gradient_boosting,12,,157306.34,,,
Scenario,2026-07-01,HU,Hungary,P01,International Voice Termination,Baseline,Baseline,gradient_boosting,1,,1001222.33,,,
Scenario,2026-08-01,HU,Hungary,P01,International Voice Termination,Baseline,Baseline,gradient_boosting,2,,851509.79,,,
Scenario,2026-09-01,HU,Hungary,P01,International Voice Termination,Baseline,Baseline,gradient_boosting,3,,979086.65,,,
Scenario,2026-10-01,HU,Hungary,P01,International Voice Termination,Baseline,Baseline,gradient_boosting,4,,997348.06,,,
Scenario,2026-11-01,HU,Hungary,P01,International Voice Termination,Baseline,Baseline,gradient_boosting,5,,973837.47,,,
Scenario,2026-12-01,HU,Hungary,P01,International Voice Termination,Baseline,Baseline,gradient_boosting,6,,981919.98,,,
Scenario,2027-01-01,HU,Hungary,P01,International Voice Termination,Baseline,Baseline,gradient_boosting,7,,945068.01,,,
Scenario,2027-02-01,HU,Hungary,P01,International Voice Termination,Baseline,Baseline,gradient_boosting,8,,964333.83,,,
Scenario,2027-03-01,HU,Hungary,P01,International Voice Termination,Baseline,Baseline,gradient_boosting,9,,907317.41,,,
Scenario,2027-04-01,HU,Hungary,P01,International Voice Termination,Baseline,Baseline,gradient_boosting,10,,1081283.41,,,
Scenario,2027-05-01,HU,Hungary,P01,International Voice Termination,Baseline,Baseline,gradient_boosting,11,,1031927.96,,,
Scenario,2027-06-01,HU,Hungary,P01,International Voice Termination,Baseline,Baseline,gradient_boosting,12,,978963.04,,,
Scenario,2026-07-01,HU,Hungary,P02,A2P Messaging,Baseline,Baseline,gradient_boosting,1,,2588847.31,,,
Scenario,2026-08-01,HU,Hungary,P02,A2P Messaging,Baseline,Baseline,gradient_boosting,2,,2609465.12,,,
Scenario,2026-09-01,HU,Hungary,P02,A2P Messaging,Baseline,Baseline,gradient_boosting,3,,2610790.95,,,
Scenario,2026-10-01,HU,Hungary,P02,A2P Messaging,Baseline,Baseline,gradient_boosting,4,,2646649.83,,,
Scenario,2026-11-01,HU,Hungary,P02,A2P Messaging,Baseline,Baseline,gradient_boosting,5,,3196187.04,,,
Scenario,2026-12-01,HU,Hungary,P02,A2P Messaging,Baseline,Baseline,gradient_boosting,6,,2998570.42,,,
Scenario,2027-01-01,HU,Hungary,P02,A2P Messaging,Baseline,Baseline,gradient_boosting,7,,2576393.24,,,
Scenario,2027-02-01,HU,Hungary,P02,A2P Messaging,Baseline,Baseline,gradient_boosting,8,,2480947.16,,,
Scenario,2027-03-01,HU,Hungary,P02,A2P Messaging,Baseline,Baseline,gradient_boosting,9,,2568143.59,,,
Scenario,2027-04-01,HU,Hungary,P02,A2P Messaging,Baseline,Baseline,gradient_boosting,10,,2658084.56,,,
Scenario,2027-05-01,HU,Hungary,P02,A2P Messaging,Baseline,Baseline,gradient_boosting,11,,2960476.0,,,
Scenario,2027-06-01,HU,Hungary,P02,A2P Messaging,Baseline,Baseline,gradient_boosting,12,,2790606.5,,,
Scenario,2026-07-01,HU,Hungary,P03,IPX Roaming & Signalling,Baseline,Baseline,gradient_boosting,1,,2970678.44,,,
Scenario,2026-08-01,HU,Hungary,P03,IPX Roaming & Signalling,Baseline,Baseline,gradient_boosting,2,,3087363.55,,,
Scenario,2026-09-01,HU,Hungary,P03,IPX Roaming & Signalling,Baseline,Baseline,gradient_boosting,3,,2790852.66,,,
Scenario,2026-10-01,HU,Hungary,P03,IPX Roaming & Signalling,Baseline,Baseline,gradient_boosting,4,,2367030.13,,,
Scenario,2026-11-01,HU,Hungary,P03,IPX Roaming & Signalling,Baseline,Baseline,gradient_boosting,5,,2470064.85,,,
Scenario,2026-12-01,HU,Hungary,P03,IPX Roaming & Signalling,Baseline,Baseline,gradient_boosting,6,,2362629.17,,,
Scenario,2027-01-01,HU,Hungary,P03,IPX Roaming & Signalling,Baseline,Baseline,gradient_boosting,7,,2165433.71,,,
Scenario,2027-02-01,HU,Hungary,P03,IPX Roaming & Signalling,Baseline,Baseline,gradient_boosting,8,,2200282.13,,,
Scenario,2027-03-01,HU,Hungary,P03,IPX Roaming & Signalling,Baseline,Baseline,gradient_boosting,9,,2355602.45,,,
Scenario,2027-04-01,HU,Hungary,P03,IPX Roaming & Signalling,Baseline,Baseline,gradient_boosting,10,,2479404.29,,,
Scenario,2027-05-01,HU,Hungary,P03,IPX Roaming & Signalling,Baseline,Baseline,gradient_boosting,11,,2831067.49,,,
Scenario,2027-06-01,HU,Hungary,P03,IPX Roaming & Signalling,Baseline,Baseline,gradient_boosting,12,,3220952.29,,,
Scenario,2026-07-01,HU,Hungary,P04,IP Transit,Baseline,Baseline,gradient_boosting,1,,704303.27,,,
Scenario,2026-08-01,HU,Hungary,P04,IP Transit,Baseline,Baseline,gradient_boosting,2,,694724.68,,,
Scenario,2026-09-01,HU,Hungary,P04,IP Transit,Baseline,Baseline,gradient_boosting,3,,721439.62,,,
Scenario,2026-10-01,HU,Hungary,P04,IP Transit,Baseline,Baseline,gradient_boosting,4,,726781.0,,,
Scenario,2026-11-01,HU,Hungary,P04,IP Transit,Baseline,Baseline,gradient_boosting,5,,760612.64,,,
Scenario,2026-12-01,HU,Hungary,P04,IP Transit,Baseline,Baseline,gradient_boosting,6,,799031.81,,,
Scenario,2027-01-01,HU,Hungary,P04,IP Transit,Baseline,Baseline,gradient_boosting,7,,803982.23,,,
Scenario,2027-02-01,HU,Hungary,P04,IP Transit,Baseline,Baseline,gradient_boosting,8,,838871.0,,,
Scenario,2027-03-01,HU,Hungary,P04,IP Transit,Baseline,Baseline,gradient_boosting,9,,820673.65,,,
Scenario,2027-04-01,HU,Hungary,P04,IP Transit,Baseline,Baseline,gradient_boosting,10,,799356.45,,,
Scenario,2027-05-01,HU,Hungary,P04,IP Transit,Baseline,Baseline,gradient_boosting,11,,864235.95,,,
Scenario,2027-06-01,HU,Hungary,P04,IP Transit,Baseline,Baseline,gradient_boosting,12,,867376.9,,,
Scenario,2026-07-01,HU,Hungary,P05,Ethernet & Capacity Services,Baseline,Baseline,gradient_boosting,1,,1356819.83,,,
Scenario,2026-08-01,HU,Hungary,P05,Ethernet & Capacity Services,Baseline,Baseline,gradient_boosting,2,,1401651.46,,,
Scenario,2026-09-01,HU,Hungary,P05,Ethernet & Capacity Services,Baseline,Baseline,gradient_boosting,3,,1392929.1,,,
Scenario,2026-10-01,HU,Hungary,P05,Ethernet & Capacity Services,Baseline,Baseline,gradient_boosting,4,,1432545.46,,,
Scenario,2026-11-01,HU,Hungary,P05,Ethernet & Capacity Services,Baseline,Baseline,gradient_boosting,5,,1396828.36,,,
Scenario,2026-12-01,HU,Hungary,P05,Ethernet & Capacity Services,Baseline,Baseline,gradient_boosting,6,,1425125.42,,,
Scenario,2027-01-01,HU,Hungary,P05,Ethernet & Capacity Services,Baseline,Baseline,gradient_boosting,7,,1370529.34,,,
Scenario,2027-02-01,HU,Hungary,P05,Ethernet & Capacity Services,Baseline,Baseline,gradient_boosting,8,,1485321.19,,,
Scenario,2027-03-01,HU,Hungary,P05,Ethernet & Capacity Services,Baseline,Baseline,gradient_boosting,9,,1450137.89,,,
Scenario,2027-04-01,HU,Hungary,P05,Ethernet & Capacity Services,Baseline,Baseline,gradient_boosting,10,,1449081.37,,,
Scenario,2027-05-01,HU,Hungary,P05,Ethernet & Capacity Services,Baseline,Baseline,gradient_boosting,11,,1537811.02,,,
Scenario,2027-06-01,HU,Hungary,P05,Ethernet & Capacity Services,Baseline,Baseline,gradient_boosting,12,,1358113.97,,,
Scenario,2026-07-01,HU,Hungary,P06,Cloud Connect,Baseline,Baseline,gradient_boosting,1,,819258.25,,,
Scenario,2026-08-01,HU,Hungary,P06,Cloud Connect,Baseline,Baseline,gradient_boosting,2,,833078.87,,,
Scenario,2026-09-01,HU,Hungary,P06,Cloud Connect,Baseline,Baseline,gradient_boosting,3,,830003.06,,,
Scenario,2026-10-01,HU,Hungary,P06,Cloud Connect,Baseline,Baseline,gradient_boosting,4,,814532.55,,,
Scenario,2026-11-01,HU,Hungary,P06,Cloud Connect,Baseline,Baseline,gradient_boosting,5,,844067.61,,,
Scenario,2026-12-01,HU,Hungary,P06,Cloud Connect,Baseline,Baseline,gradient_boosting,6,,834697.49,,,
Scenario,2027-01-01,HU,Hungary,P06,Cloud Connect,Baseline,Baseline,gradient_boosting,7,,897220.69,,,
Scenario,2027-02-01,HU,Hungary,P06,Cloud Connect,Baseline,Baseline,gradient_boosting,8,,903532.46,,,
Scenario,2027-03-01,HU,Hungary,P06,Cloud Connect,Baseline,Baseline,gradient_boosting,9,,939143.03,,,
Scenario,2027-04-01,HU,Hungary,P06,Cloud Connect,Baseline,Baseline,gradient_boosting,10,,951688.32,,,
Scenario,2027-05-01,HU,Hungary,P06,Cloud Connect,Baseline,Baseline,gradient_boosting,11,,991384.45,,,
Scenario,2027-06-01,HU,Hungary,P06,Cloud Connect,Baseline,Baseline,gradient_boosting,12,,977120.29,,,
Scenario,2026-07-01,HU,Hungary,P07,Voice Firewall & Anti-Fraud,Baseline,Baseline,gradient_boosting,1,,1058906.67,,,
Scenario,2026-08-01,HU,Hungary,P07,Voice Firewall & Anti-Fraud,Baseline,Baseline,gradient_boosting,2,,1074468.1,,,
Scenario,2026-09-01,HU,Hungary,P07,Voice Firewall & Anti-Fraud,Baseline,Baseline,gradient_boosting,3,,1104869.76,,,
Scenario,2026-10-01,HU,Hungary,P07,Voice Firewall & Anti-Fraud,Baseline,Baseline,gradient_boosting,4,,1125789.57,,,
Scenario,2026-11-01,HU,Hungary,P07,Voice Firewall & Anti-Fraud,Baseline,Baseline,gradient_boosting,5,,1175053.92,,,
Scenario,2026-12-01,HU,Hungary,P07,Voice Firewall & Anti-Fraud,Baseline,Baseline,gradient_boosting,6,,1109947.49,,,
Scenario,2027-01-01,HU,Hungary,P07,Voice Firewall & Anti-Fraud,Baseline,Baseline,gradient_boosting,7,,1153951.51,,,
Scenario,2027-02-01,HU,Hungary,P07,Voice Firewall & Anti-Fraud,Baseline,Baseline,gradient_boosting,8,,1244172.74,,,
Scenario,2027-03-01,HU,Hungary,P07,Voice Firewall & Anti-Fraud,Baseline,Baseline,gradient_boosting,9,,1232419.14,,,
Scenario,2027-04-01,HU,Hungary,P07,Voice Firewall & Anti-Fraud,Baseline,Baseline,gradient_boosting,10,,1265136.94,,,
Scenario,2027-05-01,HU,Hungary,P07,Voice Firewall & Anti-Fraud,Baseline,Baseline,gradient_boosting,11,,1339350.18,,,
Scenario,2027-06-01,HU,Hungary,P07,Voice Firewall & Anti-Fraud,Baseline,Baseline,gradient_boosting,12,,1310361.79,,,
Scenario,2026-07-01,IT,Italy,P01,International Voice Termination,Baseline,Baseline,gradient_boosting,1,,112300.59,,,
Scenario,2026-08-01,IT,Italy,P01,International Voice Termination,Baseline,Baseline,gradient_boosting,2,,97682.55,,,
Scenario,2026-09-01,IT,Italy,P01,International Voice Termination,Baseline,Baseline,gradient_boosting,3,,75616.25,,,
Scenario,2026-10-01,IT,Italy,P01,International Voice Termination,Baseline,Baseline,gradient_boosting,4,,93999.27,,,
Scenario,2026-11-01,IT,Italy,P01,International Voice Termination,Baseline,Baseline,gradient_boosting,5,,58152.06,,,
Scenario,2026-12-01,IT,Italy,P01,International Voice Termination,Baseline,Baseline,gradient_boosting,6,,59202.36,,,
Scenario,2027-01-01,IT,Italy,P01,International Voice Termination,Baseline,Baseline,gradient_boosting,7,,62896.56,,,
Scenario,2027-02-01,IT,Italy,P01,International Voice Termination,Baseline,Baseline,gradient_boosting,8,,61730.81,,,
Scenario,2027-03-01,IT,Italy,P01,International Voice Termination,Baseline,Baseline,gradient_boosting,9,,29361.6,,,
Scenario,2027-04-01,IT,Italy,P01,International Voice Termination,Baseline,Baseline,gradient_boosting,10,,48936.91,,,
Scenario,2027-05-01,IT,Italy,P01,International Voice Termination,Baseline,Baseline,gradient_boosting,11,,49872.61,,,
Scenario,2027-06-01,IT,Italy,P01,International Voice Termination,Baseline,Baseline,gradient_boosting,12,,96825.35,,,
Scenario,2026-07-01,IT,Italy,P02,A2P Messaging,Baseline,Baseline,gradient_boosting,1,,4342081.9,,,
Scenario,2026-08-01,IT,Italy,P02,A2P Messaging,Baseline,Baseline,gradient_boosting,2,,4446694.96,,,
Scenario,2026-09-01,IT,Italy,P02,A2P Messaging,Baseline,Baseline,gradient_boosting,3,,4494416.23,,,
Scenario,2026-10-01,IT,Italy,P02,A2P Messaging,Baseline,Baseline,gradient_boosting,4,,4982168.06,,,
Scenario,2026-11-01,IT,Italy,P02,A2P Messaging,Baseline,Baseline,gradient_boosting,5,,5965818.76,,,
Scenario,2026-12-01,IT,Italy,P02,A2P Messaging,Baseline,Baseline,gradient_boosting,6,,5611676.2,,,
Scenario,2027-01-01,IT,Italy,P02,A2P Messaging,Baseline,Baseline,gradient_boosting,7,,4699149.77,,,
Scenario,2027-02-01,IT,Italy,P02,A2P Messaging,Baseline,Baseline,gradient_boosting,8,,4884836.82,,,
Scenario,2027-03-01,IT,Italy,P02,A2P Messaging,Baseline,Baseline,gradient_boosting,9,,5034228.62,,,
Scenario,2027-04-01,IT,Italy,P02,A2P Messaging,Baseline,Baseline,gradient_boosting,10,,5010282.56,,,
Scenario,2027-05-01,IT,Italy,P02,A2P Messaging,Baseline,Baseline,gradient_boosting,11,,5244414.36,,,
Scenario,2027-06-01,IT,Italy,P02,A2P Messaging,Baseline,Baseline,gradient_boosting,12,,5753890.99,,,
Scenario,2026-07-01,IT,Italy,P03,IPX Roaming & Signalling,Baseline,Baseline,gradient_boosting,1,,1483281.94,,,
Scenario,2026-08-01,IT,Italy,P03,IPX Roaming & Signalling,Baseline,Baseline,gradient_boosting,2,,1571197.49,,,
Scenario,2026-09-01,IT,Italy,P03,IPX Roaming & Signalling,Baseline,Baseline,gradient_boosting,3,,1256037.0,,,
Scenario,2026-10-01,IT,Italy,P03,IPX Roaming & Signalling,Baseline,Baseline,gradient_boosting,4,,1245780.42,,,
Scenario,2026-11-01,IT,Italy,P03,IPX Roaming & Signalling,Baseline,Baseline,gradient_boosting,5,,1211993.4,,,
Scenario,2026-12-01,IT,Italy,P03,IPX Roaming & Signalling,Baseline,Baseline,gradient_boosting,6,,1187633.95,,,
Scenario,2027-01-01,IT,Italy,P03,IPX Roaming & Signalling,Baseline,Baseline,gradient_boosting,7,,1107822.31,,,
Scenario,2027-02-01,IT,Italy,P03,IPX Roaming & Signalling,Baseline,Baseline,gradient_boosting,8,,1114371.73,,,
Scenario,2027-03-01,IT,Italy,P03,IPX Roaming & Signalling,Baseline,Baseline,gradient_boosting,9,,1121027.58,,,
Scenario,2027-04-01,IT,Italy,P03,IPX Roaming & Signalling,Baseline,Baseline,gradient_boosting,10,,1206214.36,,,
Scenario,2027-05-01,IT,Italy,P03,IPX Roaming & Signalling,Baseline,Baseline,gradient_boosting,11,,1389530.67,,,
Scenario,2027-06-01,IT,Italy,P03,IPX Roaming & Signalling,Baseline,Baseline,gradient_boosting,12,,1541151.14,,,
Scenario,2026-07-01,IT,Italy,P04,IP Transit,Baseline,Baseline,gradient_boosting,1,,1570726.01,,,
Scenario,2026-08-01,IT,Italy,P04,IP Transit,Baseline,Baseline,gradient_boosting,2,,1631015.5,,,
Scenario,2026-09-01,IT,Italy,P04,IP Transit,Baseline,Baseline,gradient_boosting,3,,1596112.09,,,
Scenario,2026-10-01,IT,Italy,P04,IP Transit,Baseline,Baseline,gradient_boosting,4,,1653209.07,,,
Scenario,2026-11-01,IT,Italy,P04,IP Transit,Baseline,Baseline,gradient_boosting,5,,1600679.45,,,
Scenario,2026-12-01,IT,Italy,P04,IP Transit,Baseline,Baseline,gradient_boosting,6,,1701598.01,,,
Scenario,2027-01-01,IT,Italy,P04,IP Transit,Baseline,Baseline,gradient_boosting,7,,1654422.02,,,
Scenario,2027-02-01,IT,Italy,P04,IP Transit,Baseline,Baseline,gradient_boosting,8,,1628479.46,,,
Scenario,2027-03-01,IT,Italy,P04,IP Transit,Baseline,Baseline,gradient_boosting,9,,1824787.0,,,
Scenario,2027-04-01,IT,Italy,P04,IP Transit,Baseline,Baseline,gradient_boosting,10,,1722376.9,,,
Scenario,2027-05-01,IT,Italy,P04,IP Transit,Baseline,Baseline,gradient_boosting,11,,1925215.08,,,
Scenario,2027-06-01,IT,Italy,P04,IP Transit,Baseline,Baseline,gradient_boosting,12,,2144022.14,,,
Scenario,2026-07-01,IT,Italy,P05,Ethernet & Capacity Services,Baseline,Baseline,gradient_boosting,1,,6042938.88,,,
Scenario,2026-08-01,IT,Italy,P05,Ethernet & Capacity Services,Baseline,Baseline,gradient_boosting,2,,5966817.68,,,
Scenario,2026-09-01,IT,Italy,P05,Ethernet & Capacity Services,Baseline,Baseline,gradient_boosting,3,,5928720.46,,,
Scenario,2026-10-01,IT,Italy,P05,Ethernet & Capacity Services,Baseline,Baseline,gradient_boosting,4,,5882049.22,,,
Scenario,2026-11-01,IT,Italy,P05,Ethernet & Capacity Services,Baseline,Baseline,gradient_boosting,5,,5994543.71,,,
Scenario,2026-12-01,IT,Italy,P05,Ethernet & Capacity Services,Baseline,Baseline,gradient_boosting,6,,5731271.39,,,
Scenario,2027-01-01,IT,Italy,P05,Ethernet & Capacity Services,Baseline,Baseline,gradient_boosting,7,,5807156.43,,,
Scenario,2027-02-01,IT,Italy,P05,Ethernet & Capacity Services,Baseline,Baseline,gradient_boosting,8,,5742100.72,,,
Scenario,2027-03-01,IT,Italy,P05,Ethernet & Capacity Services,Baseline,Baseline,gradient_boosting,9,,5859979.0,,,
Scenario,2027-04-01,IT,Italy,P05,Ethernet & Capacity Services,Baseline,Baseline,gradient_boosting,10,,5796078.69,,,
Scenario,2027-05-01,IT,Italy,P05,Ethernet & Capacity Services,Baseline,Baseline,gradient_boosting,11,,5750058.46,,,
Scenario,2027-06-01,IT,Italy,P05,Ethernet & Capacity Services,Baseline,Baseline,gradient_boosting,12,,5728215.5,,,
Scenario,2026-07-01,IT,Italy,P06,Cloud Connect,Baseline,Baseline,gradient_boosting,1,,3311890.64,,,
Scenario,2026-08-01,IT,Italy,P06,Cloud Connect,Baseline,Baseline,gradient_boosting,2,,3429542.3,,,
Scenario,2026-09-01,IT,Italy,P06,Cloud Connect,Baseline,Baseline,gradient_boosting,3,,3356003.1,,,
Scenario,2026-10-01,IT,Italy,P06,Cloud Connect,Baseline,Baseline,gradient_boosting,4,,3386648.48,,,
Scenario,2026-11-01,IT,Italy,P06,Cloud Connect,Baseline,Baseline,gradient_boosting,5,,3486404.27,,,
Scenario,2026-12-01,IT,Italy,P06,Cloud Connect,Baseline,Baseline,gradient_boosting,6,,3542954.11,,,
Scenario,2027-01-01,IT,Italy,P06,Cloud Connect,Baseline,Baseline,gradient_boosting,7,,3477624.53,,,
Scenario,2027-02-01,IT,Italy,P06,Cloud Connect,Baseline,Baseline,gradient_boosting,8,,3383730.51,,,
Scenario,2027-03-01,IT,Italy,P06,Cloud Connect,Baseline,Baseline,gradient_boosting,9,,3621067.04,,,
Scenario,2027-04-01,IT,Italy,P06,Cloud Connect,Baseline,Baseline,gradient_boosting,10,,3682305.24,,,
Scenario,2027-05-01,IT,Italy,P06,Cloud Connect,Baseline,Baseline,gradient_boosting,11,,3563574.8,,,
Scenario,2027-06-01,IT,Italy,P06,Cloud Connect,Baseline,Baseline,gradient_boosting,12,,4417320.95,,,
Scenario,2026-07-01,IT,Italy,P07,Voice Firewall & Anti-Fraud,Baseline,Baseline,gradient_boosting,1,,522299.49,,,
Scenario,2026-08-01,IT,Italy,P07,Voice Firewall & Anti-Fraud,Baseline,Baseline,gradient_boosting,2,,539445.26,,,
Scenario,2026-09-01,IT,Italy,P07,Voice Firewall & Anti-Fraud,Baseline,Baseline,gradient_boosting,3,,553709.26,,,
Scenario,2026-10-01,IT,Italy,P07,Voice Firewall & Anti-Fraud,Baseline,Baseline,gradient_boosting,4,,582679.9,,,
Scenario,2026-11-01,IT,Italy,P07,Voice Firewall & Anti-Fraud,Baseline,Baseline,gradient_boosting,5,,576503.15,,,
Scenario,2026-12-01,IT,Italy,P07,Voice Firewall & Anti-Fraud,Baseline,Baseline,gradient_boosting,6,,608294.19,,,
Scenario,2027-01-01,IT,Italy,P07,Voice Firewall & Anti-Fraud,Baseline,Baseline,gradient_boosting,7,,572089.05,,,
Scenario,2027-02-01,IT,Italy,P07,Voice Firewall & Anti-Fraud,Baseline,Baseline,gradient_boosting,8,,658647.73,,,
Scenario,2027-03-01,IT,Italy,P07,Voice Firewall & Anti-Fraud,Baseline,Baseline,gradient_boosting,9,,549394.78,,,
Scenario,2027-04-01,IT,Italy,P07,Voice Firewall & Anti-Fraud,Baseline,Baseline,gradient_boosting,10,,487912.25,,,
Scenario,2027-05-01,IT,Italy,P07,Voice Firewall & Anti-Fraud,Baseline,Baseline,gradient_boosting,11,,618963.04,,,
Scenario,2027-06-01,IT,Italy,P07,Voice Firewall & Anti-Fraud,Baseline,Baseline,gradient_boosting,12,,625881.45,,,
Scenario,2026-07-01,NL,Netherlands,P01,International Voice Termination,Baseline,Baseline,gradient_boosting,1,,1188170.66,,,
Scenario,2026-08-01,NL,Netherlands,P01,International Voice Termination,Baseline,Baseline,gradient_boosting,2,,1190606.29,,,
Scenario,2026-09-01,NL,Netherlands,P01,International Voice Termination,Baseline,Baseline,gradient_boosting,3,,1279534.95,,,
Scenario,2026-10-01,NL,Netherlands,P01,International Voice Termination,Baseline,Baseline,gradient_boosting,4,,1012624.83,,,
Scenario,2026-11-01,NL,Netherlands,P01,International Voice Termination,Baseline,Baseline,gradient_boosting,5,,1432379.71,,,
Scenario,2026-12-01,NL,Netherlands,P01,International Voice Termination,Baseline,Baseline,gradient_boosting,6,,1535781.14,,,
Scenario,2027-01-01,NL,Netherlands,P01,International Voice Termination,Baseline,Baseline,gradient_boosting,7,,1681804.72,,,
Scenario,2027-02-01,NL,Netherlands,P01,International Voice Termination,Baseline,Baseline,gradient_boosting,8,,1375383.17,,,
Scenario,2027-03-01,NL,Netherlands,P01,International Voice Termination,Baseline,Baseline,gradient_boosting,9,,1486966.83,,,
Scenario,2027-04-01,NL,Netherlands,P01,International Voice Termination,Baseline,Baseline,gradient_boosting,10,,1146428.1,,,
Scenario,2027-05-01,NL,Netherlands,P01,International Voice Termination,Baseline,Baseline,gradient_boosting,11,,1492685.55,,,
Scenario,2027-06-01,NL,Netherlands,P01,International Voice Termination,Baseline,Baseline,gradient_boosting,12,,1273779.52,,,
Scenario,2026-07-01,NL,Netherlands,P02,A2P Messaging,Baseline,Baseline,gradient_boosting,1,,9491144.36,,,
Scenario,2026-08-01,NL,Netherlands,P02,A2P Messaging,Baseline,Baseline,gradient_boosting,2,,9832694.93,,,
Scenario,2026-09-01,NL,Netherlands,P02,A2P Messaging,Baseline,Baseline,gradient_boosting,3,,10905592.17,,,
Scenario,2026-10-01,NL,Netherlands,P02,A2P Messaging,Baseline,Baseline,gradient_boosting,4,,11203104.25,,,
Scenario,2026-11-01,NL,Netherlands,P02,A2P Messaging,Baseline,Baseline,gradient_boosting,5,,13338591.65,,,
Scenario,2026-12-01,NL,Netherlands,P02,A2P Messaging,Baseline,Baseline,gradient_boosting,6,,12241328.76,,,
Scenario,2027-01-01,NL,Netherlands,P02,A2P Messaging,Baseline,Baseline,gradient_boosting,7,,9526509.26,,,
Scenario,2027-02-01,NL,Netherlands,P02,A2P Messaging,Baseline,Baseline,gradient_boosting,8,,10438611.6,,,
Scenario,2027-03-01,NL,Netherlands,P02,A2P Messaging,Baseline,Baseline,gradient_boosting,9,,11180790.01,,,
Scenario,2027-04-01,NL,Netherlands,P02,A2P Messaging,Baseline,Baseline,gradient_boosting,10,,10922887.4,,,
Scenario,2027-05-01,NL,Netherlands,P02,A2P Messaging,Baseline,Baseline,gradient_boosting,11,,11299325.1,,,
Scenario,2027-06-01,NL,Netherlands,P02,A2P Messaging,Baseline,Baseline,gradient_boosting,12,,11481057.51,,,
Scenario,2026-07-01,NL,Netherlands,P03,IPX Roaming & Signalling,Baseline,Baseline,gradient_boosting,1,,9002137.74,,,
Scenario,2026-08-01,NL,Netherlands,P03,IPX Roaming & Signalling,Baseline,Baseline,gradient_boosting,2,,9742385.28,,,
Scenario,2026-09-01,NL,Netherlands,P03,IPX Roaming & Signalling,Baseline,Baseline,gradient_boosting,3,,6894907.42,,,
Scenario,2026-10-01,NL,Netherlands,P03,IPX Roaming & Signalling,Baseline,Baseline,gradient_boosting,4,,5833374.36,,,
Scenario,2026-11-01,NL,Netherlands,P03,IPX Roaming & Signalling,Baseline,Baseline,gradient_boosting,5,,5627250.62,,,
Scenario,2026-12-01,NL,Netherlands,P03,IPX Roaming & Signalling,Baseline,Baseline,gradient_boosting,6,,5962818.33,,,
Scenario,2027-01-01,NL,Netherlands,P03,IPX Roaming & Signalling,Baseline,Baseline,gradient_boosting,7,,5248787.84,,,
Scenario,2027-02-01,NL,Netherlands,P03,IPX Roaming & Signalling,Baseline,Baseline,gradient_boosting,8,,5198345.09,,,
Scenario,2027-03-01,NL,Netherlands,P03,IPX Roaming & Signalling,Baseline,Baseline,gradient_boosting,9,,5830681.35,,,
Scenario,2027-04-01,NL,Netherlands,P03,IPX Roaming & Signalling,Baseline,Baseline,gradient_boosting,10,,6246888.98,,,
Scenario,2027-05-01,NL,Netherlands,P03,IPX Roaming & Signalling,Baseline,Baseline,gradient_boosting,11,,7531306.54,,,
Scenario,2027-06-01,NL,Netherlands,P03,IPX Roaming & Signalling,Baseline,Baseline,gradient_boosting,12,,8484006.96,,,
Scenario,2026-07-01,NL,Netherlands,P04,IP Transit,Baseline,Baseline,gradient_boosting,1,,1521170.25,,,
Scenario,2026-08-01,NL,Netherlands,P04,IP Transit,Baseline,Baseline,gradient_boosting,2,,1574522.37,,,
Scenario,2026-09-01,NL,Netherlands,P04,IP Transit,Baseline,Baseline,gradient_boosting,3,,1592223.6,,,
Scenario,2026-10-01,NL,Netherlands,P04,IP Transit,Baseline,Baseline,gradient_boosting,4,,1613664.92,,,
Scenario,2026-11-01,NL,Netherlands,P04,IP Transit,Baseline,Baseline,gradient_boosting,5,,1534442.75,,,
Scenario,2026-12-01,NL,Netherlands,P04,IP Transit,Baseline,Baseline,gradient_boosting,6,,1663548.17,,,
Scenario,2027-01-01,NL,Netherlands,P04,IP Transit,Baseline,Baseline,gradient_boosting,7,,1634324.96,,,
Scenario,2027-02-01,NL,Netherlands,P04,IP Transit,Baseline,Baseline,gradient_boosting,8,,1402539.81,,,
Scenario,2027-03-01,NL,Netherlands,P04,IP Transit,Baseline,Baseline,gradient_boosting,9,,1816076.46,,,
Scenario,2027-04-01,NL,Netherlands,P04,IP Transit,Baseline,Baseline,gradient_boosting,10,,1840205.23,,,
Scenario,2027-05-01,NL,Netherlands,P04,IP Transit,Baseline,Baseline,gradient_boosting,11,,1815839.55,,,
Scenario,2027-06-01,NL,Netherlands,P04,IP Transit,Baseline,Baseline,gradient_boosting,12,,1863158.36,,,
Scenario,2026-07-01,NL,Netherlands,P05,Ethernet & Capacity Services,Baseline,Baseline,gradient_boosting,1,,2519128.06,,,
Scenario,2026-08-01,NL,Netherlands,P05,Ethernet & Capacity Services,Baseline,Baseline,gradient_boosting,2,,2550238.2,,,
Scenario,2026-09-01,NL,Netherlands,P05,Ethernet & Capacity Services,Baseline,Baseline,gradient_boosting,3,,2537300.21,,,
Scenario,2026-10-01,NL,Netherlands,P05,Ethernet & Capacity Services,Baseline,Baseline,gradient_boosting,4,,2548085.89,,,
Scenario,2026-11-01,NL,Netherlands,P05,Ethernet & Capacity Services,Baseline,Baseline,gradient_boosting,5,,2638159.31,,,
Scenario,2026-12-01,NL,Netherlands,P05,Ethernet & Capacity Services,Baseline,Baseline,gradient_boosting,6,,2544958.34,,,
Scenario,2027-01-01,NL,Netherlands,P05,Ethernet & Capacity Services,Baseline,Baseline,gradient_boosting,7,,2478138.21,,,
Scenario,2027-02-01,NL,Netherlands,P05,Ethernet & Capacity Services,Baseline,Baseline,gradient_boosting,8,,2489407.12,,,
Scenario,2027-03-01,NL,Netherlands,P05,Ethernet & Capacity Services,Baseline,Baseline,gradient_boosting,9,,2415322.76,,,
Scenario,2027-04-01,NL,Netherlands,P05,Ethernet & Capacity Services,Baseline,Baseline,gradient_boosting,10,,2455111.05,,,
Scenario,2027-05-01,NL,Netherlands,P05,Ethernet & Capacity Services,Baseline,Baseline,gradient_boosting,11,,2520387.17,,,
Scenario,2027-06-01,NL,Netherlands,P05,Ethernet & Capacity Services,Baseline,Baseline,gradient_boosting,12,,2488753.65,,,
Scenario,2026-07-01,NL,Netherlands,P06,Cloud Connect,Baseline,Baseline,gradient_boosting,1,,165589.8,,,
Scenario,2026-08-01,NL,Netherlands,P06,Cloud Connect,Baseline,Baseline,gradient_boosting,2,,167284.69,,,
Scenario,2026-09-01,NL,Netherlands,P06,Cloud Connect,Baseline,Baseline,gradient_boosting,3,,180145.66,,,
Scenario,2026-10-01,NL,Netherlands,P06,Cloud Connect,Baseline,Baseline,gradient_boosting,4,,151653.21,,,
Scenario,2026-11-01,NL,Netherlands,P06,Cloud Connect,Baseline,Baseline,gradient_boosting,5,,146768.86,,,
Scenario,2026-12-01,NL,Netherlands,P06,Cloud Connect,Baseline,Baseline,gradient_boosting,6,,124786.19,,,
Scenario,2027-01-01,NL,Netherlands,P06,Cloud Connect,Baseline,Baseline,gradient_boosting,7,,135836.6,,,
Scenario,2027-02-01,NL,Netherlands,P06,Cloud Connect,Baseline,Baseline,gradient_boosting,8,,140148.35,,,
Scenario,2027-03-01,NL,Netherlands,P06,Cloud Connect,Baseline,Baseline,gradient_boosting,9,,118679.24,,,
Scenario,2027-04-01,NL,Netherlands,P06,Cloud Connect,Baseline,Baseline,gradient_boosting,10,,163598.97,,,
Scenario,2027-05-01,NL,Netherlands,P06,Cloud Connect,Baseline,Baseline,gradient_boosting,11,,159074.55,,,
Scenario,2027-06-01,NL,Netherlands,P06,Cloud Connect,Baseline,Baseline,gradient_boosting,12,,125438.8,,,
Scenario,2026-07-01,NL,Netherlands,P07,Voice Firewall & Anti-Fraud,Baseline,Baseline,gradient_boosting,1,,2455373.71,,,
Scenario,2026-08-01,NL,Netherlands,P07,Voice Firewall & Anti-Fraud,Baseline,Baseline,gradient_boosting,2,,2535699.93,,,
Scenario,2026-09-01,NL,Netherlands,P07,Voice Firewall & Anti-Fraud,Baseline,Baseline,gradient_boosting,3,,2542543.87,,,
Scenario,2026-10-01,NL,Netherlands,P07,Voice Firewall & Anti-Fraud,Baseline,Baseline,gradient_boosting,4,,2537814.36,,,
Scenario,2026-11-01,NL,Netherlands,P07,Voice Firewall & Anti-Fraud,Baseline,Baseline,gradient_boosting,5,,2633228.41,,,
Scenario,2026-12-01,NL,Netherlands,P07,Voice Firewall & Anti-Fraud,Baseline,Baseline,gradient_boosting,6,,2554317.36,,,
Scenario,2027-01-01,NL,Netherlands,P07,Voice Firewall & Anti-Fraud,Baseline,Baseline,gradient_boosting,7,,2528446.99,,,
Scenario,2027-02-01,NL,Netherlands,P07,Voice Firewall & Anti-Fraud,Baseline,Baseline,gradient_boosting,8,,2580034.15,,,
Scenario,2027-03-01,NL,Netherlands,P07,Voice Firewall & Anti-Fraud,Baseline,Baseline,gradient_boosting,9,,2651181.73,,,
Scenario,2027-04-01,NL,Netherlands,P07,Voice Firewall & Anti-Fraud,Baseline,Baseline,gradient_boosting,10,,2644825.16,,,
Scenario,2027-05-01,NL,Netherlands,P07,Voice Firewall & Anti-Fraud,Baseline,Baseline,gradient_boosting,11,,2769334.14,,,
Scenario,2027-06-01,NL,Netherlands,P07,Voice Firewall & Anti-Fraud,Baseline,Baseline,gradient_boosting,12,,2777665.24,,,
Scenario,2026-07-01,PL,Poland,P01,International Voice Termination,Baseline,Baseline,gradient_boosting,1,,1324469.29,,,
Scenario,2026-08-01,PL,Poland,P01,International Voice Termination,Baseline,Baseline,gradient_boosting,2,,1146528.49,,,
Scenario,2026-09-01,PL,Poland,P01,International Voice Termination,Baseline,Baseline,gradient_boosting,3,,1379276.12,,,
Scenario,2026-10-01,PL,Poland,P01,International Voice Termination,Baseline,Baseline,gradient_boosting,4,,1660614.64,,,
Scenario,2026-11-01,PL,Poland,P01,International Voice Termination,Baseline,Baseline,gradient_boosting,5,,1569933.14,,,
Scenario,2026-12-01,PL,Poland,P01,International Voice Termination,Baseline,Baseline,gradient_boosting,6,,1321616.65,,,
Scenario,2027-01-01,PL,Poland,P01,International Voice Termination,Baseline,Baseline,gradient_boosting,7,,1352908.74,,,
Scenario,2027-02-01,PL,Poland,P01,International Voice Termination,Baseline,Baseline,gradient_boosting,8,,1303060.91,,,
Scenario,2027-03-01,PL,Poland,P01,International Voice Termination,Baseline,Baseline,gradient_boosting,9,,1301910.4,,,
Scenario,2027-04-01,PL,Poland,P01,International Voice Termination,Baseline,Baseline,gradient_boosting,10,,1364482.37,,,
Scenario,2027-05-01,PL,Poland,P01,International Voice Termination,Baseline,Baseline,gradient_boosting,11,,1428204.73,,,
Scenario,2027-06-01,PL,Poland,P01,International Voice Termination,Baseline,Baseline,gradient_boosting,12,,1283532.88,,,
Scenario,2026-07-01,PL,Poland,P02,A2P Messaging,Baseline,Baseline,gradient_boosting,1,,5982324.13,,,
Scenario,2026-08-01,PL,Poland,P02,A2P Messaging,Baseline,Baseline,gradient_boosting,2,,5163473.12,,,
Scenario,2026-09-01,PL,Poland,P02,A2P Messaging,Baseline,Baseline,gradient_boosting,3,,6414545.39,,,
Scenario,2026-10-01,PL,Poland,P02,A2P Messaging,Baseline,Baseline,gradient_boosting,4,,7155844.75,,,
Scenario,2026-11-01,PL,Poland,P02,A2P Messaging,Baseline,Baseline,gradient_boosting,5,,9282269.62,,,
Scenario,2026-12-01,PL,Poland,P02,A2P Messaging,Baseline,Baseline,gradient_boosting,6,,8832304.18,,,
Scenario,2027-01-01,PL,Poland,P02,A2P Messaging,Baseline,Baseline,gradient_boosting,7,,6728053.18,,,
Scenario,2027-02-01,PL,Poland,P02,A2P Messaging,Baseline,Baseline,gradient_boosting,8,,6712981.5,,,
Scenario,2027-03-01,PL,Poland,P02,A2P Messaging,Baseline,Baseline,gradient_boosting,9,,7675353.31,,,
Scenario,2027-04-01,PL,Poland,P02,A2P Messaging,Baseline,Baseline,gradient_boosting,10,,7854482.53,,,
Scenario,2027-05-01,PL,Poland,P02,A2P Messaging,Baseline,Baseline,gradient_boosting,11,,7689286.61,,,
Scenario,2027-06-01,PL,Poland,P02,A2P Messaging,Baseline,Baseline,gradient_boosting,12,,7721337.26,,,
Scenario,2026-07-01,PL,Poland,P03,IPX Roaming & Signalling,Baseline,Baseline,gradient_boosting,1,,5644773.49,,,
Scenario,2026-08-01,PL,Poland,P03,IPX Roaming & Signalling,Baseline,Baseline,gradient_boosting,2,,6113677.26,,,
Scenario,2026-09-01,PL,Poland,P03,IPX Roaming & Signalling,Baseline,Baseline,gradient_boosting,3,,5035764.91,,,
Scenario,2026-10-01,PL,Poland,P03,IPX Roaming & Signalling,Baseline,Baseline,gradient_boosting,4,,4431733.8,,,
Scenario,2026-11-01,PL,Poland,P03,IPX Roaming & Signalling,Baseline,Baseline,gradient_boosting,5,,4311975.55,,,
Scenario,2026-12-01,PL,Poland,P03,IPX Roaming & Signalling,Baseline,Baseline,gradient_boosting,6,,4330942.36,,,
Scenario,2027-01-01,PL,Poland,P03,IPX Roaming & Signalling,Baseline,Baseline,gradient_boosting,7,,3510181.39,,,
Scenario,2027-02-01,PL,Poland,P03,IPX Roaming & Signalling,Baseline,Baseline,gradient_boosting,8,,3670746.52,,,
Scenario,2027-03-01,PL,Poland,P03,IPX Roaming & Signalling,Baseline,Baseline,gradient_boosting,9,,4538071.83,,,
Scenario,2027-04-01,PL,Poland,P03,IPX Roaming & Signalling,Baseline,Baseline,gradient_boosting,10,,5240491.76,,,
Scenario,2027-05-01,PL,Poland,P03,IPX Roaming & Signalling,Baseline,Baseline,gradient_boosting,11,,5955921.74,,,
Scenario,2027-06-01,PL,Poland,P03,IPX Roaming & Signalling,Baseline,Baseline,gradient_boosting,12,,6099941.39,,,
Scenario,2026-07-01,PL,Poland,P04,IP Transit,Baseline,Baseline,gradient_boosting,1,,1696922.75,,,
Scenario,2026-08-01,PL,Poland,P04,IP Transit,Baseline,Baseline,gradient_boosting,2,,1771758.34,,,
Scenario,2026-09-01,PL,Poland,P04,IP Transit,Baseline,Baseline,gradient_boosting,3,,1786924.32,,,
Scenario,2026-10-01,PL,Poland,P04,IP Transit,Baseline,Baseline,gradient_boosting,4,,1824609.68,,,
Scenario,2026-11-01,PL,Poland,P04,IP Transit,Baseline,Baseline,gradient_boosting,5,,1893506.38,,,
Scenario,2026-12-01,PL,Poland,P04,IP Transit,Baseline,Baseline,gradient_boosting,6,,1895979.84,,,
Scenario,2027-01-01,PL,Poland,P04,IP Transit,Baseline,Baseline,gradient_boosting,7,,1917870.47,,,
Scenario,2027-02-01,PL,Poland,P04,IP Transit,Baseline,Baseline,gradient_boosting,8,,1899655.89,,,
Scenario,2027-03-01,PL,Poland,P04,IP Transit,Baseline,Baseline,gradient_boosting,9,,1994290.83,,,
Scenario,2027-04-01,PL,Poland,P04,IP Transit,Baseline,Baseline,gradient_boosting,10,,1952892.98,,,
Scenario,2027-05-01,PL,Poland,P04,IP Transit,Baseline,Baseline,gradient_boosting,11,,2085360.95,,,
Scenario,2027-06-01,PL,Poland,P04,IP Transit,Baseline,Baseline,gradient_boosting,12,,2188304.51,,,
Scenario,2026-07-01,PL,Poland,P05,Ethernet & Capacity Services,Baseline,Baseline,gradient_boosting,1,,3564753.55,,,
Scenario,2026-08-01,PL,Poland,P05,Ethernet & Capacity Services,Baseline,Baseline,gradient_boosting,2,,3609692.78,,,
Scenario,2026-09-01,PL,Poland,P05,Ethernet & Capacity Services,Baseline,Baseline,gradient_boosting,3,,3716914.58,,,
Scenario,2026-10-01,PL,Poland,P05,Ethernet & Capacity Services,Baseline,Baseline,gradient_boosting,4,,3683889.2,,,
Scenario,2026-11-01,PL,Poland,P05,Ethernet & Capacity Services,Baseline,Baseline,gradient_boosting,5,,3781315.29,,,
Scenario,2026-12-01,PL,Poland,P05,Ethernet & Capacity Services,Baseline,Baseline,gradient_boosting,6,,3588831.96,,,
Scenario,2027-01-01,PL,Poland,P05,Ethernet & Capacity Services,Baseline,Baseline,gradient_boosting,7,,3537117.63,,,
Scenario,2027-02-01,PL,Poland,P05,Ethernet & Capacity Services,Baseline,Baseline,gradient_boosting,8,,3827224.71,,,
Scenario,2027-03-01,PL,Poland,P05,Ethernet & Capacity Services,Baseline,Baseline,gradient_boosting,9,,3860749.79,,,
Scenario,2027-04-01,PL,Poland,P05,Ethernet & Capacity Services,Baseline,Baseline,gradient_boosting,10,,3759661.73,,,
Scenario,2027-05-01,PL,Poland,P05,Ethernet & Capacity Services,Baseline,Baseline,gradient_boosting,11,,4193268.38,,,
Scenario,2027-06-01,PL,Poland,P05,Ethernet & Capacity Services,Baseline,Baseline,gradient_boosting,12,,4041419.43,,,
Scenario,2026-07-01,PL,Poland,P06,Cloud Connect,Baseline,Baseline,gradient_boosting,1,,113386.88,,,
Scenario,2026-08-01,PL,Poland,P06,Cloud Connect,Baseline,Baseline,gradient_boosting,2,,110330.85,,,
Scenario,2026-09-01,PL,Poland,P06,Cloud Connect,Baseline,Baseline,gradient_boosting,3,,118685.02,,,
Scenario,2026-10-01,PL,Poland,P06,Cloud Connect,Baseline,Baseline,gradient_boosting,4,,108869.05,,,
Scenario,2026-11-01,PL,Poland,P06,Cloud Connect,Baseline,Baseline,gradient_boosting,5,,125547.07,,,
Scenario,2026-12-01,PL,Poland,P06,Cloud Connect,Baseline,Baseline,gradient_boosting,6,,138879.59,,,
Scenario,2027-01-01,PL,Poland,P06,Cloud Connect,Baseline,Baseline,gradient_boosting,7,,141135.82,,,
Scenario,2027-02-01,PL,Poland,P06,Cloud Connect,Baseline,Baseline,gradient_boosting,8,,140658.99,,,
Scenario,2027-03-01,PL,Poland,P06,Cloud Connect,Baseline,Baseline,gradient_boosting,9,,140753.5,,,
Scenario,2027-04-01,PL,Poland,P06,Cloud Connect,Baseline,Baseline,gradient_boosting,10,,143507.87,,,
Scenario,2027-05-01,PL,Poland,P06,Cloud Connect,Baseline,Baseline,gradient_boosting,11,,156360.03,,,
Scenario,2027-06-01,PL,Poland,P06,Cloud Connect,Baseline,Baseline,gradient_boosting,12,,150529.0,,,
Scenario,2026-07-01,PL,Poland,P07,Voice Firewall & Anti-Fraud,Baseline,Baseline,gradient_boosting,1,,1166296.4,,,
Scenario,2026-08-01,PL,Poland,P07,Voice Firewall & Anti-Fraud,Baseline,Baseline,gradient_boosting,2,,1227697.45,,,
Scenario,2026-09-01,PL,Poland,P07,Voice Firewall & Anti-Fraud,Baseline,Baseline,gradient_boosting,3,,1228205.08,,,
Scenario,2026-10-01,PL,Poland,P07,Voice Firewall & Anti-Fraud,Baseline,Baseline,gradient_boosting,4,,1226835.51,,,
Scenario,2026-11-01,PL,Poland,P07,Voice Firewall & Anti-Fraud,Baseline,Baseline,gradient_boosting,5,,1204112.45,,,
Scenario,2026-12-01,PL,Poland,P07,Voice Firewall & Anti-Fraud,Baseline,Baseline,gradient_boosting,6,,1255854.61,,,
Scenario,2027-01-01,PL,Poland,P07,Voice Firewall & Anti-Fraud,Baseline,Baseline,gradient_boosting,7,,1293230.62,,,
Scenario,2027-02-01,PL,Poland,P07,Voice Firewall & Anti-Fraud,Baseline,Baseline,gradient_boosting,8,,1380426.49,,,
Scenario,2027-03-01,PL,Poland,P07,Voice Firewall & Anti-Fraud,Baseline,Baseline,gradient_boosting,9,,1345161.22,,,
Scenario,2027-04-01,PL,Poland,P07,Voice Firewall & Anti-Fraud,Baseline,Baseline,gradient_boosting,10,,1381092.46,,,
Scenario,2027-05-01,PL,Poland,P07,Voice Firewall & Anti-Fraud,Baseline,Baseline,gradient_boosting,11,,1382157.19,,,
Scenario,2027-06-01,PL,Poland,P07,Voice Firewall & Anti-Fraud,Baseline,Baseline,gradient_boosting,12,,1350761.57,,,
Scenario,2026-07-01,RO,Romania,P01,International Voice Termination,Baseline,Baseline,gradient_boosting,1,,0.04,,,
Scenario,2026-08-01,RO,Romania,P01,International Voice Termination,Baseline,Baseline,gradient_boosting,2,,0.08,,,
Scenario,2026-09-01,RO,Romania,P01,International Voice Termination,Baseline,Baseline,gradient_boosting,3,,0.0,,,
Scenario,2026-10-01,RO,Romania,P01,International Voice Termination,Baseline,Baseline,gradient_boosting,4,,0.1,,,
Scenario,2026-11-01,RO,Romania,P01,International Voice Termination,Baseline,Baseline,gradient_boosting,5,,0.04,,,
Scenario,2026-12-01,RO,Romania,P01,International Voice Termination,Baseline,Baseline,gradient_boosting,6,,0.0,,,
Scenario,2027-01-01,RO,Romania,P01,International Voice Termination,Baseline,Baseline,gradient_boosting,7,,0.04,,,
Scenario,2027-02-01,RO,Romania,P01,International Voice Termination,Baseline,Baseline,gradient_boosting,8,,0.03,,,
Scenario,2027-03-01,RO,Romania,P01,International Voice Termination,Baseline,Baseline,gradient_boosting,9,,0.09,,,
Scenario,2027-04-01,RO,Romania,P01,International Voice Termination,Baseline,Baseline,gradient_boosting,10,,0.04,,,
Scenario,2027-05-01,RO,Romania,P01,International Voice Termination,Baseline,Baseline,gradient_boosting,11,,0.0,,,
Scenario,2027-06-01,RO,Romania,P01,International Voice Termination,Baseline,Baseline,gradient_boosting,12,,0.1,,,
Scenario,2026-07-01,RO,Romania,P03,IPX Roaming & Signalling,Baseline,Baseline,gradient_boosting,1,,1289329.09,,,
Scenario,2026-08-01,RO,Romania,P03,IPX Roaming & Signalling,Baseline,Baseline,gradient_boosting,2,,1242447.19,,,
Scenario,2026-09-01,RO,Romania,P03,IPX Roaming & Signalling,Baseline,Baseline,gradient_boosting,3,,1089384.19,,,
Scenario,2026-10-01,RO,Romania,P03,IPX Roaming & Signalling,Baseline,Baseline,gradient_boosting,4,,1090860.93,,,
Scenario,2026-11-01,RO,Romania,P03,IPX Roaming & Signalling,Baseline,Baseline,gradient_boosting,5,,1003453.46,,,
Scenario,2026-12-01,RO,Romania,P03,IPX Roaming & Signalling,Baseline,Baseline,gradient_boosting,6,,972661.72,,,
Scenario,2027-01-01,RO,Romania,P03,IPX Roaming & Signalling,Baseline,Baseline,gradient_boosting,7,,888538.05,,,
Scenario,2027-02-01,RO,Romania,P03,IPX Roaming & Signalling,Baseline,Baseline,gradient_boosting,8,,896509.21,,,
Scenario,2027-03-01,RO,Romania,P03,IPX Roaming & Signalling,Baseline,Baseline,gradient_boosting,9,,965532.15,,,
Scenario,2027-04-01,RO,Romania,P03,IPX Roaming & Signalling,Baseline,Baseline,gradient_boosting,10,,1004496.17,,,
Scenario,2027-05-01,RO,Romania,P03,IPX Roaming & Signalling,Baseline,Baseline,gradient_boosting,11,,1069404.76,,,
Scenario,2027-06-01,RO,Romania,P03,IPX Roaming & Signalling,Baseline,Baseline,gradient_boosting,12,,1165571.52,,,
Scenario,2026-07-01,RO,Romania,P05,Ethernet & Capacity Services,Baseline,Baseline,gradient_boosting,1,,1345878.58,,,
Scenario,2026-08-01,RO,Romania,P05,Ethernet & Capacity Services,Baseline,Baseline,gradient_boosting,2,,1382057.76,,,
Scenario,2026-09-01,RO,Romania,P05,Ethernet & Capacity Services,Baseline,Baseline,gradient_boosting,3,,1369470.54,,,
Scenario,2026-10-01,RO,Romania,P05,Ethernet & Capacity Services,Baseline,Baseline,gradient_boosting,4,,1483816.13,,,
Scenario,2026-11-01,RO,Romania,P05,Ethernet & Capacity Services,Baseline,Baseline,gradient_boosting,5,,1393370.36,,,
Scenario,2026-12-01,RO,Romania,P05,Ethernet & Capacity Services,Baseline,Baseline,gradient_boosting,6,,1341334.03,,,
Scenario,2027-01-01,RO,Romania,P05,Ethernet & Capacity Services,Baseline,Baseline,gradient_boosting,7,,1280760.97,,,
Scenario,2027-02-01,RO,Romania,P05,Ethernet & Capacity Services,Baseline,Baseline,gradient_boosting,8,,1386596.22,,,
Scenario,2027-03-01,RO,Romania,P05,Ethernet & Capacity Services,Baseline,Baseline,gradient_boosting,9,,1407659.15,,,
Scenario,2027-04-01,RO,Romania,P05,Ethernet & Capacity Services,Baseline,Baseline,gradient_boosting,10,,1323645.15,,,
Scenario,2027-05-01,RO,Romania,P05,Ethernet & Capacity Services,Baseline,Baseline,gradient_boosting,11,,1349738.75,,,
Scenario,2027-06-01,RO,Romania,P05,Ethernet & Capacity Services,Baseline,Baseline,gradient_boosting,12,,1294327.29,,,
Scenario,2026-07-01,RO,Romania,P07,Voice Firewall & Anti-Fraud,Baseline,Baseline,gradient_boosting,1,,148318.94,,,
Scenario,2026-08-01,RO,Romania,P07,Voice Firewall & Anti-Fraud,Baseline,Baseline,gradient_boosting,2,,142100.1,,,
Scenario,2026-09-01,RO,Romania,P07,Voice Firewall & Anti-Fraud,Baseline,Baseline,gradient_boosting,3,,143636.36,,,
Scenario,2026-10-01,RO,Romania,P07,Voice Firewall & Anti-Fraud,Baseline,Baseline,gradient_boosting,4,,141371.5,,,
Scenario,2026-11-01,RO,Romania,P07,Voice Firewall & Anti-Fraud,Baseline,Baseline,gradient_boosting,5,,135774.64,,,
Scenario,2026-12-01,RO,Romania,P07,Voice Firewall & Anti-Fraud,Baseline,Baseline,gradient_boosting,6,,132798.27,,,
Scenario,2027-01-01,RO,Romania,P07,Voice Firewall & Anti-Fraud,Baseline,Baseline,gradient_boosting,7,,159054.86,,,
Scenario,2027-02-01,RO,Romania,P07,Voice Firewall & Anti-Fraud,Baseline,Baseline,gradient_boosting,8,,129883.16,,,
Scenario,2027-03-01,RO,Romania,P07,Voice Firewall & Anti-Fraud,Baseline,Baseline,gradient_boosting,9,,164771.09,,,
Scenario,2027-04-01,RO,Romania,P07,Voice Firewall & Anti-Fraud,Baseline,Baseline,gradient_boosting,10,,143715.72,,,
Scenario,2027-05-01,RO,Romania,P07,Voice Firewall & Anti-Fraud,Baseline,Baseline,gradient_boosting,11,,103161.21,,,
Scenario,2027-06-01,RO,Romania,P07,Voice Firewall & Anti-Fraud,Baseline,Baseline,gradient_boosting,12,,155437.78,,,
Scenario,2026-07-01,SK,Slovakia,P01,International Voice Termination,Baseline,Baseline,gradient_boosting,1,,228888.64,,,
Scenario,2026-08-01,SK,Slovakia,P01,International Voice Termination,Baseline,Baseline,gradient_boosting,2,,148656.74,,,
Scenario,2026-09-01,SK,Slovakia,P01,International Voice Termination,Baseline,Baseline,gradient_boosting,3,,113867.32,,,
Scenario,2026-10-01,SK,Slovakia,P01,International Voice Termination,Baseline,Baseline,gradient_boosting,4,,152173.55,,,
Scenario,2026-11-01,SK,Slovakia,P01,International Voice Termination,Baseline,Baseline,gradient_boosting,5,,133356.02,,,
Scenario,2026-12-01,SK,Slovakia,P01,International Voice Termination,Baseline,Baseline,gradient_boosting,6,,103911.95,,,
Scenario,2027-01-01,SK,Slovakia,P01,International Voice Termination,Baseline,Baseline,gradient_boosting,7,,107794.62,,,
Scenario,2027-02-01,SK,Slovakia,P01,International Voice Termination,Baseline,Baseline,gradient_boosting,8,,86591.98,,,
Scenario,2027-03-01,SK,Slovakia,P01,International Voice Termination,Baseline,Baseline,gradient_boosting,9,,36590.34,,,
Scenario,2027-04-01,SK,Slovakia,P01,International Voice Termination,Baseline,Baseline,gradient_boosting,10,,38128.12,,,
Scenario,2027-05-01,SK,Slovakia,P01,International Voice Termination,Baseline,Baseline,gradient_boosting,11,,3150.85,,,
Scenario,2027-06-01,SK,Slovakia,P01,International Voice Termination,Baseline,Baseline,gradient_boosting,12,,6378.41,,,
Scenario,2026-07-01,SK,Slovakia,P02,A2P Messaging,Baseline,Baseline,gradient_boosting,1,,3067445.89,,,
Scenario,2026-08-01,SK,Slovakia,P02,A2P Messaging,Baseline,Baseline,gradient_boosting,2,,3053527.02,,,
Scenario,2026-09-01,SK,Slovakia,P02,A2P Messaging,Baseline,Baseline,gradient_boosting,3,,3286777.44,,,
Scenario,2026-10-01,SK,Slovakia,P02,A2P Messaging,Baseline,Baseline,gradient_boosting,4,,3129117.07,,,
Scenario,2026-11-01,SK,Slovakia,P02,A2P Messaging,Baseline,Baseline,gradient_boosting,5,,3593503.6,,,
Scenario,2026-12-01,SK,Slovakia,P02,A2P Messaging,Baseline,Baseline,gradient_boosting,6,,3543912.25,,,
Scenario,2027-01-01,SK,Slovakia,P02,A2P Messaging,Baseline,Baseline,gradient_boosting,7,,3186484.26,,,
Scenario,2027-02-01,SK,Slovakia,P02,A2P Messaging,Baseline,Baseline,gradient_boosting,8,,2989682.85,,,
Scenario,2027-03-01,SK,Slovakia,P02,A2P Messaging,Baseline,Baseline,gradient_boosting,9,,3199576.0,,,
Scenario,2027-04-01,SK,Slovakia,P02,A2P Messaging,Baseline,Baseline,gradient_boosting,10,,3301700.71,,,
Scenario,2027-05-01,SK,Slovakia,P02,A2P Messaging,Baseline,Baseline,gradient_boosting,11,,3303808.55,,,
Scenario,2027-06-01,SK,Slovakia,P02,A2P Messaging,Baseline,Baseline,gradient_boosting,12,,3343443.13,,,
Scenario,2026-07-01,SK,Slovakia,P03,IPX Roaming & Signalling,Baseline,Baseline,gradient_boosting,1,,1354598.89,,,
Scenario,2026-08-01,SK,Slovakia,P03,IPX Roaming & Signalling,Baseline,Baseline,gradient_boosting,2,,1353495.56,,,
Scenario,2026-09-01,SK,Slovakia,P03,IPX Roaming & Signalling,Baseline,Baseline,gradient_boosting,3,,1167688.49,,,
Scenario,2026-10-01,SK,Slovakia,P03,IPX Roaming & Signalling,Baseline,Baseline,gradient_boosting,4,,1026808.95,,,
Scenario,2026-11-01,SK,Slovakia,P03,IPX Roaming & Signalling,Baseline,Baseline,gradient_boosting,5,,997633.94,,,
Scenario,2026-12-01,SK,Slovakia,P03,IPX Roaming & Signalling,Baseline,Baseline,gradient_boosting,6,,948562.44,,,
Scenario,2027-01-01,SK,Slovakia,P03,IPX Roaming & Signalling,Baseline,Baseline,gradient_boosting,7,,772642.46,,,
Scenario,2027-02-01,SK,Slovakia,P03,IPX Roaming & Signalling,Baseline,Baseline,gradient_boosting,8,,866878.66,,,
Scenario,2027-03-01,SK,Slovakia,P03,IPX Roaming & Signalling,Baseline,Baseline,gradient_boosting,9,,913244.91,,,
Scenario,2027-04-01,SK,Slovakia,P03,IPX Roaming & Signalling,Baseline,Baseline,gradient_boosting,10,,936520.21,,,
Scenario,2027-05-01,SK,Slovakia,P03,IPX Roaming & Signalling,Baseline,Baseline,gradient_boosting,11,,1217488.69,,,
Scenario,2027-06-01,SK,Slovakia,P03,IPX Roaming & Signalling,Baseline,Baseline,gradient_boosting,12,,1304089.03,,,
Scenario,2026-07-01,SK,Slovakia,P05,Ethernet & Capacity Services,Baseline,Baseline,gradient_boosting,1,,358094.77,,,
Scenario,2026-08-01,SK,Slovakia,P05,Ethernet & Capacity Services,Baseline,Baseline,gradient_boosting,2,,365346.36,,,
Scenario,2026-09-01,SK,Slovakia,P05,Ethernet & Capacity Services,Baseline,Baseline,gradient_boosting,3,,350104.52,,,
Scenario,2026-10-01,SK,Slovakia,P05,Ethernet & Capacity Services,Baseline,Baseline,gradient_boosting,4,,332996.01,,,
Scenario,2026-11-01,SK,Slovakia,P05,Ethernet & Capacity Services,Baseline,Baseline,gradient_boosting,5,,366770.94,,,
Scenario,2026-12-01,SK,Slovakia,P05,Ethernet & Capacity Services,Baseline,Baseline,gradient_boosting,6,,361445.9,,,
Scenario,2027-01-01,SK,Slovakia,P05,Ethernet & Capacity Services,Baseline,Baseline,gradient_boosting,7,,374952.71,,,
Scenario,2027-02-01,SK,Slovakia,P05,Ethernet & Capacity Services,Baseline,Baseline,gradient_boosting,8,,342059.94,,,
Scenario,2027-03-01,SK,Slovakia,P05,Ethernet & Capacity Services,Baseline,Baseline,gradient_boosting,9,,397133.39,,,
Scenario,2027-04-01,SK,Slovakia,P05,Ethernet & Capacity Services,Baseline,Baseline,gradient_boosting,10,,382710.51,,,
Scenario,2027-05-01,SK,Slovakia,P05,Ethernet & Capacity Services,Baseline,Baseline,gradient_boosting,11,,395799.72,,,
Scenario,2027-06-01,SK,Slovakia,P05,Ethernet & Capacity Services,Baseline,Baseline,gradient_boosting,12,,445906.18,,,
Scenario,2026-07-01,SK,Slovakia,P07,Voice Firewall & Anti-Fraud,Baseline,Baseline,gradient_boosting,1,,0.01,,,
Scenario,2026-08-01,SK,Slovakia,P07,Voice Firewall & Anti-Fraud,Baseline,Baseline,gradient_boosting,2,,0.0,,,
Scenario,2026-09-01,SK,Slovakia,P07,Voice Firewall & Anti-Fraud,Baseline,Baseline,gradient_boosting,3,,0.0,,,
Scenario,2026-10-01,SK,Slovakia,P07,Voice Firewall & Anti-Fraud,Baseline,Baseline,gradient_boosting,4,,0.01,,,
Scenario,2026-11-01,SK,Slovakia,P07,Voice Firewall & Anti-Fraud,Baseline,Baseline,gradient_boosting,5,,0.0,,,
Scenario,2026-12-01,SK,Slovakia,P07,Voice Firewall & Anti-Fraud,Baseline,Baseline,gradient_boosting,6,,0.0,,,
Scenario,2027-01-01,SK,Slovakia,P07,Voice Firewall & Anti-Fraud,Baseline,Baseline,gradient_boosting,7,,0.0,,,
Scenario,2027-02-01,SK,Slovakia,P07,Voice Firewall & Anti-Fraud,Baseline,Baseline,gradient_boosting,8,,0.0,,,
Scenario,2027-03-01,SK,Slovakia,P07,Voice Firewall & Anti-Fraud,Baseline,Baseline,gradient_boosting,9,,0.0,,,
Scenario,2027-04-01,SK,Slovakia,P07,Voice Firewall & Anti-Fraud,Baseline,Baseline,gradient_boosting,10,,0.04,,,
Scenario,2027-05-01,SK,Slovakia,P07,Voice Firewall & Anti-Fraud,Baseline,Baseline,gradient_boosting,11,,0.0,,,
Scenario,2027-06-01,SK,Slovakia,P07,Voice Firewall & Anti-Fraud,Baseline,Baseline,gradient_boosting,12,,0.0,,,
Scenario,2026-07-01,AT,Austria,P01,International Voice Termination,Upside,Upside,gradient_boosting,1,,438759.5,,,
Scenario,2026-08-01,AT,Austria,P01,International Voice Termination,Upside,Upside,gradient_boosting,2,,261744.09,,,
Scenario,2026-09-01,AT,Austria,P01,International Voice Termination,Upside,Upside,gradient_boosting,3,,265055.28,,,
Scenario,2026-10-01,AT,Austria,P01,International Voice Termination,Upside,Upside,gradient_boosting,4,,55299.15,,,
Scenario,2026-11-01,AT,Austria,P01,International Voice Termination,Upside,Upside,gradient_boosting,5,,63378.86,,,
Scenario,2026-12-01,AT,Austria,P01,International Voice Termination,Upside,Upside,gradient_boosting,6,,219777.42,,,
Scenario,2027-01-01,AT,Austria,P01,International Voice Termination,Upside,Upside,gradient_boosting,7,,152416.59,,,
Scenario,2027-02-01,AT,Austria,P01,International Voice Termination,Upside,Upside,gradient_boosting,8,,136039.79,,,
Scenario,2027-03-01,AT,Austria,P01,International Voice Termination,Upside,Upside,gradient_boosting,9,,132628.69,,,
Scenario,2027-04-01,AT,Austria,P01,International Voice Termination,Upside,Upside,gradient_boosting,10,,147590.47,,,
Scenario,2027-05-01,AT,Austria,P01,International Voice Termination,Upside,Upside,gradient_boosting,11,,253435.52,,,
Scenario,2027-06-01,AT,Austria,P01,International Voice Termination,Upside,Upside,gradient_boosting,12,,195053.76,,,
Scenario,2026-07-01,AT,Austria,P02,A2P Messaging,Upside,Upside,gradient_boosting,1,,4163281.0,,,
Scenario,2026-08-01,AT,Austria,P02,A2P Messaging,Upside,Upside,gradient_boosting,2,,3863205.52,,,
Scenario,2026-09-01,AT,Austria,P02,A2P Messaging,Upside,Upside,gradient_boosting,3,,4429139.56,,,
Scenario,2026-10-01,AT,Austria,P02,A2P Messaging,Upside,Upside,gradient_boosting,4,,3332648.08,,,
Scenario,2026-11-01,AT,Austria,P02,A2P Messaging,Upside,Upside,gradient_boosting,5,,3625580.68,,,
Scenario,2026-12-01,AT,Austria,P02,A2P Messaging,Upside,Upside,gradient_boosting,6,,3953972.9,,,
Scenario,2027-01-01,AT,Austria,P02,A2P Messaging,Upside,Upside,gradient_boosting,7,,3998021.75,,,
Scenario,2027-02-01,AT,Austria,P02,A2P Messaging,Upside,Upside,gradient_boosting,8,,4091702.45,,,
Scenario,2027-03-01,AT,Austria,P02,A2P Messaging,Upside,Upside,gradient_boosting,9,,3295131.95,,,
Scenario,2027-04-01,AT,Austria,P02,A2P Messaging,Upside,Upside,gradient_boosting,10,,5186131.44,,,
Scenario,2027-05-01,AT,Austria,P02,A2P Messaging,Upside,Upside,gradient_boosting,11,,5383661.85,,,
Scenario,2027-06-01,AT,Austria,P02,A2P Messaging,Upside,Upside,gradient_boosting,12,,5540466.68,,,
Scenario,2026-07-01,AT,Austria,P03,IPX Roaming & Signalling,Upside,Upside,gradient_boosting,1,,2534565.12,,,
Scenario,2026-08-01,AT,Austria,P03,IPX Roaming & Signalling,Upside,Upside,gradient_boosting,2,,2399989.51,,,
Scenario,2026-09-01,AT,Austria,P03,IPX Roaming & Signalling,Upside,Upside,gradient_boosting,3,,2210754.18,,,
Scenario,2026-10-01,AT,Austria,P03,IPX Roaming & Signalling,Upside,Upside,gradient_boosting,4,,2726795.1,,,
Scenario,2026-11-01,AT,Austria,P03,IPX Roaming & Signalling,Upside,Upside,gradient_boosting,5,,2521741.97,,,
Scenario,2026-12-01,AT,Austria,P03,IPX Roaming & Signalling,Upside,Upside,gradient_boosting,6,,1787910.29,,,
Scenario,2027-01-01,AT,Austria,P03,IPX Roaming & Signalling,Upside,Upside,gradient_boosting,7,,1668272.72,,,
Scenario,2027-02-01,AT,Austria,P03,IPX Roaming & Signalling,Upside,Upside,gradient_boosting,8,,1689791.87,,,
Scenario,2027-03-01,AT,Austria,P03,IPX Roaming & Signalling,Upside,Upside,gradient_boosting,9,,1754064.01,,,
Scenario,2027-04-01,AT,Austria,P03,IPX Roaming & Signalling,Upside,Upside,gradient_boosting,10,,1949376.37,,,
Scenario,2027-05-01,AT,Austria,P03,IPX Roaming & Signalling,Upside,Upside,gradient_boosting,11,,2171193.19,,,
Scenario,2027-06-01,AT,Austria,P03,IPX Roaming & Signalling,Upside,Upside,gradient_boosting,12,,2582530.61,,,
Scenario,2026-07-01,AT,Austria,P04,IP Transit,Upside,Upside,gradient_boosting,1,,805254.56,,,
Scenario,2026-08-01,AT,Austria,P04,IP Transit,Upside,Upside,gradient_boosting,2,,658390.47,,,
Scenario,2026-09-01,AT,Austria,P04,IP Transit,Upside,Upside,gradient_boosting,3,,690711.1,,,
Scenario,2026-10-01,AT,Austria,P04,IP Transit,Upside,Upside,gradient_boosting,4,,474985.55,,,
Scenario,2026-11-01,AT,Austria,P04,IP Transit,Upside,Upside,gradient_boosting,5,,565397.26,,,
Scenario,2026-12-01,AT,Austria,P04,IP Transit,Upside,Upside,gradient_boosting,6,,523054.31,,,
Scenario,2027-01-01,AT,Austria,P04,IP Transit,Upside,Upside,gradient_boosting,7,,609410.59,,,
Scenario,2027-02-01,AT,Austria,P04,IP Transit,Upside,Upside,gradient_boosting,8,,587194.05,,,
Scenario,2027-03-01,AT,Austria,P04,IP Transit,Upside,Upside,gradient_boosting,9,,571608.93,,,
Scenario,2027-04-01,AT,Austria,P04,IP Transit,Upside,Upside,gradient_boosting,10,,640437.45,,,
Scenario,2027-05-01,AT,Austria,P04,IP Transit,Upside,Upside,gradient_boosting,11,,638647.92,,,
Scenario,2027-06-01,AT,Austria,P04,IP Transit,Upside,Upside,gradient_boosting,12,,720956.8,,,
Scenario,2026-07-01,AT,Austria,P05,Ethernet & Capacity Services,Upside,Upside,gradient_boosting,1,,1218704.77,,,
Scenario,2026-08-01,AT,Austria,P05,Ethernet & Capacity Services,Upside,Upside,gradient_boosting,2,,1208100.18,,,
Scenario,2026-09-01,AT,Austria,P05,Ethernet & Capacity Services,Upside,Upside,gradient_boosting,3,,1566709.44,,,
Scenario,2026-10-01,AT,Austria,P05,Ethernet & Capacity Services,Upside,Upside,gradient_boosting,4,,2219059.49,,,
Scenario,2026-11-01,AT,Austria,P05,Ethernet & Capacity Services,Upside,Upside,gradient_boosting,5,,1710499.15,,,
Scenario,2026-12-01,AT,Austria,P05,Ethernet & Capacity Services,Upside,Upside,gradient_boosting,6,,1252783.79,,,
Scenario,2027-01-01,AT,Austria,P05,Ethernet & Capacity Services,Upside,Upside,gradient_boosting,7,,882066.23,,,
Scenario,2027-02-01,AT,Austria,P05,Ethernet & Capacity Services,Upside,Upside,gradient_boosting,8,,866658.23,,,
Scenario,2027-03-01,AT,Austria,P05,Ethernet & Capacity Services,Upside,Upside,gradient_boosting,9,,989506.35,,,
Scenario,2027-04-01,AT,Austria,P05,Ethernet & Capacity Services,Upside,Upside,gradient_boosting,10,,936864.51,,,
Scenario,2027-05-01,AT,Austria,P05,Ethernet & Capacity Services,Upside,Upside,gradient_boosting,11,,876293.31,,,
Scenario,2027-06-01,AT,Austria,P05,Ethernet & Capacity Services,Upside,Upside,gradient_boosting,12,,1018933.8,,,
Scenario,2026-07-01,AT,Austria,P06,Cloud Connect,Upside,Upside,gradient_boosting,1,,0.05,,,
Scenario,2026-08-01,AT,Austria,P06,Cloud Connect,Upside,Upside,gradient_boosting,2,,0.04,,,
Scenario,2026-09-01,AT,Austria,P06,Cloud Connect,Upside,Upside,gradient_boosting,3,,0.21,,,
Scenario,2026-10-01,AT,Austria,P06,Cloud Connect,Upside,Upside,gradient_boosting,4,,1.95,,,
Scenario,2026-11-01,AT,Austria,P06,Cloud Connect,Upside,Upside,gradient_boosting,5,,1.06,,,
Scenario,2026-12-01,AT,Austria,P06,Cloud Connect,Upside,Upside,gradient_boosting,6,,0.57,,,
Scenario,2027-01-01,AT,Austria,P06,Cloud Connect,Upside,Upside,gradient_boosting,7,,0.62,,,
Scenario,2027-02-01,AT,Austria,P06,Cloud Connect,Upside,Upside,gradient_boosting,8,,0.22,,,
Scenario,2027-03-01,AT,Austria,P06,Cloud Connect,Upside,Upside,gradient_boosting,9,,0.22,,,
Scenario,2027-04-01,AT,Austria,P06,Cloud Connect,Upside,Upside,gradient_boosting,10,,0.0,,,
Scenario,2027-05-01,AT,Austria,P06,Cloud Connect,Upside,Upside,gradient_boosting,11,,0.0,,,
Scenario,2027-06-01,AT,Austria,P06,Cloud Connect,Upside,Upside,gradient_boosting,12,,0.0,,,
Scenario,2026-07-01,AT,Austria,P07,Voice Firewall & Anti-Fraud,Upside,Upside,gradient_boosting,1,,874468.26,,,
Scenario,2026-08-01,AT,Austria,P07,Voice Firewall & Anti-Fraud,Upside,Upside,gradient_boosting,2,,775427.0,,,
Scenario,2026-09-01,AT,Austria,P07,Voice Firewall & Anti-Fraud,Upside,Upside,gradient_boosting,3,,650612.58,,,
Scenario,2026-10-01,AT,Austria,P07,Voice Firewall & Anti-Fraud,Upside,Upside,gradient_boosting,4,,523380.12,,,
Scenario,2026-11-01,AT,Austria,P07,Voice Firewall & Anti-Fraud,Upside,Upside,gradient_boosting,5,,675614.26,,,
Scenario,2026-12-01,AT,Austria,P07,Voice Firewall & Anti-Fraud,Upside,Upside,gradient_boosting,6,,621274.66,,,
Scenario,2027-01-01,AT,Austria,P07,Voice Firewall & Anti-Fraud,Upside,Upside,gradient_boosting,7,,774775.99,,,
Scenario,2027-02-01,AT,Austria,P07,Voice Firewall & Anti-Fraud,Upside,Upside,gradient_boosting,8,,876079.07,,,
Scenario,2027-03-01,AT,Austria,P07,Voice Firewall & Anti-Fraud,Upside,Upside,gradient_boosting,9,,663021.14,,,
Scenario,2027-04-01,AT,Austria,P07,Voice Firewall & Anti-Fraud,Upside,Upside,gradient_boosting,10,,949070.85,,,
Scenario,2027-05-01,AT,Austria,P07,Voice Firewall & Anti-Fraud,Upside,Upside,gradient_boosting,11,,948234.16,,,
Scenario,2027-06-01,AT,Austria,P07,Voice Firewall & Anti-Fraud,Upside,Upside,gradient_boosting,12,,1171740.62,,,
Scenario,2026-07-01,CZ,Czechia,P03,IPX Roaming & Signalling,Upside,Upside,gradient_boosting,1,,174669.97,,,
Scenario,2026-08-01,CZ,Czechia,P03,IPX Roaming & Signalling,Upside,Upside,gradient_boosting,2,,160878.75,,,
Scenario,2026-09-01,CZ,Czechia,P03,IPX Roaming & Signalling,Upside,Upside,gradient_boosting,3,,155123.35,,,
Scenario,2026-10-01,CZ,Czechia,P03,IPX Roaming & Signalling,Upside,Upside,gradient_boosting,4,,146237.0,,,
Scenario,2026-11-01,CZ,Czechia,P03,IPX Roaming & Signalling,Upside,Upside,gradient_boosting,5,,149354.9,,,
Scenario,2026-12-01,CZ,Czechia,P03,IPX Roaming & Signalling,Upside,Upside,gradient_boosting,6,,153026.62,,,
Scenario,2027-01-01,CZ,Czechia,P03,IPX Roaming & Signalling,Upside,Upside,gradient_boosting,7,,137900.84,,,
Scenario,2027-02-01,CZ,Czechia,P03,IPX Roaming & Signalling,Upside,Upside,gradient_boosting,8,,155125.3,,,
Scenario,2027-03-01,CZ,Czechia,P03,IPX Roaming & Signalling,Upside,Upside,gradient_boosting,9,,172393.68,,,
Scenario,2027-04-01,CZ,Czechia,P03,IPX Roaming & Signalling,Upside,Upside,gradient_boosting,10,,181565.46,,,
Scenario,2027-05-01,CZ,Czechia,P03,IPX Roaming & Signalling,Upside,Upside,gradient_boosting,11,,172532.25,,,
Scenario,2027-06-01,CZ,Czechia,P03,IPX Roaming & Signalling,Upside,Upside,gradient_boosting,12,,250750.7,,,
Scenario,2026-07-01,CZ,Czechia,P04,IP Transit,Upside,Upside,gradient_boosting,1,,182474.71,,,
Scenario,2026-08-01,CZ,Czechia,P04,IP Transit,Upside,Upside,gradient_boosting,2,,181782.13,,,
Scenario,2026-09-01,CZ,Czechia,P04,IP Transit,Upside,Upside,gradient_boosting,3,,206422.05,,,
Scenario,2026-10-01,CZ,Czechia,P04,IP Transit,Upside,Upside,gradient_boosting,4,,179798.29,,,
Scenario,2026-11-01,CZ,Czechia,P04,IP Transit,Upside,Upside,gradient_boosting,5,,223458.07,,,
Scenario,2026-12-01,CZ,Czechia,P04,IP Transit,Upside,Upside,gradient_boosting,6,,192264.92,,,
Scenario,2027-01-01,CZ,Czechia,P04,IP Transit,Upside,Upside,gradient_boosting,7,,215574.53,,,
Scenario,2027-02-01,CZ,Czechia,P04,IP Transit,Upside,Upside,gradient_boosting,8,,181048.93,,,
Scenario,2027-03-01,CZ,Czechia,P04,IP Transit,Upside,Upside,gradient_boosting,9,,196235.88,,,
Scenario,2027-04-01,CZ,Czechia,P04,IP Transit,Upside,Upside,gradient_boosting,10,,201553.53,,,
Scenario,2027-05-01,CZ,Czechia,P04,IP Transit,Upside,Upside,gradient_boosting,11,,266456.43,,,
Scenario,2027-06-01,CZ,Czechia,P04,IP Transit,Upside,Upside,gradient_boosting,12,,396761.08,,,
Scenario,2026-07-01,CZ,Czechia,P05,Ethernet & Capacity Services,Upside,Upside,gradient_boosting,1,,1360962.62,,,
Scenario,2026-08-01,CZ,Czechia,P05,Ethernet & Capacity Services,Upside,Upside,gradient_boosting,2,,1385579.05,,,
Scenario,2026-09-01,CZ,Czechia,P05,Ethernet & Capacity Services,Upside,Upside,gradient_boosting,3,,1347178.68,,,
Scenario,2026-10-01,CZ,Czechia,P05,Ethernet & Capacity Services,Upside,Upside,gradient_boosting,4,,1457574.55,,,
Scenario,2026-11-01,CZ,Czechia,P05,Ethernet & Capacity Services,Upside,Upside,gradient_boosting,5,,1433979.38,,,
Scenario,2026-12-01,CZ,Czechia,P05,Ethernet & Capacity Services,Upside,Upside,gradient_boosting,6,,1406010.56,,,
Scenario,2027-01-01,CZ,Czechia,P05,Ethernet & Capacity Services,Upside,Upside,gradient_boosting,7,,1401302.73,,,
Scenario,2027-02-01,CZ,Czechia,P05,Ethernet & Capacity Services,Upside,Upside,gradient_boosting,8,,1441912.64,,,
Scenario,2027-03-01,CZ,Czechia,P05,Ethernet & Capacity Services,Upside,Upside,gradient_boosting,9,,1468239.76,,,
Scenario,2027-04-01,CZ,Czechia,P05,Ethernet & Capacity Services,Upside,Upside,gradient_boosting,10,,1466962.27,,,
Scenario,2027-05-01,CZ,Czechia,P05,Ethernet & Capacity Services,Upside,Upside,gradient_boosting,11,,1470627.39,,,
Scenario,2027-06-01,CZ,Czechia,P05,Ethernet & Capacity Services,Upside,Upside,gradient_boosting,12,,1495924.69,,,
Scenario,2026-07-01,CZ,Czechia,P06,Cloud Connect,Upside,Upside,gradient_boosting,1,,214360.21,,,
Scenario,2026-08-01,CZ,Czechia,P06,Cloud Connect,Upside,Upside,gradient_boosting,2,,210514.51,,,
Scenario,2026-09-01,CZ,Czechia,P06,Cloud Connect,Upside,Upside,gradient_boosting,3,,262570.47,,,
Scenario,2026-10-01,CZ,Czechia,P06,Cloud Connect,Upside,Upside,gradient_boosting,4,,275104.51,,,
Scenario,2026-11-01,CZ,Czechia,P06,Cloud Connect,Upside,Upside,gradient_boosting,5,,328938.06,,,
Scenario,2026-12-01,CZ,Czechia,P06,Cloud Connect,Upside,Upside,gradient_boosting,6,,276306.14,,,
Scenario,2027-01-01,CZ,Czechia,P06,Cloud Connect,Upside,Upside,gradient_boosting,7,,290119.57,,,
Scenario,2027-02-01,CZ,Czechia,P06,Cloud Connect,Upside,Upside,gradient_boosting,8,,267967.09,,,
Scenario,2027-03-01,CZ,Czechia,P06,Cloud Connect,Upside,Upside,gradient_boosting,9,,265889.44,,,
Scenario,2027-04-01,CZ,Czechia,P06,Cloud Connect,Upside,Upside,gradient_boosting,10,,368939.33,,,
Scenario,2027-05-01,CZ,Czechia,P06,Cloud Connect,Upside,Upside,gradient_boosting,11,,345649.09,,,
Scenario,2027-06-01,CZ,Czechia,P06,Cloud Connect,Upside,Upside,gradient_boosting,12,,303728.29,,,
Scenario,2026-07-01,CZ,Czechia,P07,Voice Firewall & Anti-Fraud,Upside,Upside,gradient_boosting,1,,57467.53,,,
Scenario,2026-08-01,CZ,Czechia,P07,Voice Firewall & Anti-Fraud,Upside,Upside,gradient_boosting,2,,60168.64,,,
Scenario,2026-09-01,CZ,Czechia,P07,Voice Firewall & Anti-Fraud,Upside,Upside,gradient_boosting,3,,70537.8,,,
Scenario,2026-10-01,CZ,Czechia,P07,Voice Firewall & Anti-Fraud,Upside,Upside,gradient_boosting,4,,78783.38,,,
Scenario,2026-11-01,CZ,Czechia,P07,Voice Firewall & Anti-Fraud,Upside,Upside,gradient_boosting,5,,109024.73,,,
Scenario,2026-12-01,CZ,Czechia,P07,Voice Firewall & Anti-Fraud,Upside,Upside,gradient_boosting,6,,77354.93,,,
Scenario,2027-01-01,CZ,Czechia,P07,Voice Firewall & Anti-Fraud,Upside,Upside,gradient_boosting,7,,103813.41,,,
Scenario,2027-02-01,CZ,Czechia,P07,Voice Firewall & Anti-Fraud,Upside,Upside,gradient_boosting,8,,98603.8,,,
Scenario,2027-03-01,CZ,Czechia,P07,Voice Firewall & Anti-Fraud,Upside,Upside,gradient_boosting,9,,101046.94,,,
Scenario,2027-04-01,CZ,Czechia,P07,Voice Firewall & Anti-Fraud,Upside,Upside,gradient_boosting,10,,178318.43,,,
Scenario,2027-05-01,CZ,Czechia,P07,Voice Firewall & Anti-Fraud,Upside,Upside,gradient_boosting,11,,154259.36,,,
Scenario,2027-06-01,CZ,Czechia,P07,Voice Firewall & Anti-Fraud,Upside,Upside,gradient_boosting,12,,137251.74,,,
Scenario,2026-07-01,DE,Germany,P01,International Voice Termination,Upside,Upside,gradient_boosting,1,,2447180.8,,,
Scenario,2026-08-01,DE,Germany,P01,International Voice Termination,Upside,Upside,gradient_boosting,2,,2409764.01,,,
Scenario,2026-09-01,DE,Germany,P01,International Voice Termination,Upside,Upside,gradient_boosting,3,,2393744.14,,,
Scenario,2026-10-01,DE,Germany,P01,International Voice Termination,Upside,Upside,gradient_boosting,4,,2369854.94,,,
Scenario,2026-11-01,DE,Germany,P01,International Voice Termination,Upside,Upside,gradient_boosting,5,,2442275.34,,,
Scenario,2026-12-01,DE,Germany,P01,International Voice Termination,Upside,Upside,gradient_boosting,6,,2304404.25,,,
Scenario,2027-01-01,DE,Germany,P01,International Voice Termination,Upside,Upside,gradient_boosting,7,,2009504.73,,,
Scenario,2027-02-01,DE,Germany,P01,International Voice Termination,Upside,Upside,gradient_boosting,8,,2108933.95,,,
Scenario,2027-03-01,DE,Germany,P01,International Voice Termination,Upside,Upside,gradient_boosting,9,,1868755.67,,,
Scenario,2027-04-01,DE,Germany,P01,International Voice Termination,Upside,Upside,gradient_boosting,10,,2096122.24,,,
Scenario,2027-05-01,DE,Germany,P01,International Voice Termination,Upside,Upside,gradient_boosting,11,,2128131.94,,,
Scenario,2027-06-01,DE,Germany,P01,International Voice Termination,Upside,Upside,gradient_boosting,12,,1887504.54,,,
Scenario,2026-07-01,DE,Germany,P02,A2P Messaging,Upside,Upside,gradient_boosting,1,,6300801.11,,,
Scenario,2026-08-01,DE,Germany,P02,A2P Messaging,Upside,Upside,gradient_boosting,2,,5521103.04,,,
Scenario,2026-09-01,DE,Germany,P02,A2P Messaging,Upside,Upside,gradient_boosting,3,,6336598.38,,,
Scenario,2026-10-01,DE,Germany,P02,A2P Messaging,Upside,Upside,gradient_boosting,4,,6938486.41,,,
Scenario,2026-11-01,DE,Germany,P02,A2P Messaging,Upside,Upside,gradient_boosting,5,,8776472.24,,,
Scenario,2026-12-01,DE,Germany,P02,A2P Messaging,Upside,Upside,gradient_boosting,6,,8902451.02,,,
Scenario,2027-01-01,DE,Germany,P02,A2P Messaging,Upside,Upside,gradient_boosting,7,,7156652.77,,,
Scenario,2027-02-01,DE,Germany,P02,A2P Messaging,Upside,Upside,gradient_boosting,8,,7179362.08,,,
Scenario,2027-03-01,DE,Germany,P02,A2P Messaging,Upside,Upside,gradient_boosting,9,,7253955.37,,,
Scenario,2027-04-01,DE,Germany,P02,A2P Messaging,Upside,Upside,gradient_boosting,10,,7699458.6,,,
Scenario,2027-05-01,DE,Germany,P02,A2P Messaging,Upside,Upside,gradient_boosting,11,,8030487.19,,,
Scenario,2027-06-01,DE,Germany,P02,A2P Messaging,Upside,Upside,gradient_boosting,12,,9402146.18,,,
Scenario,2026-07-01,DE,Germany,P03,IPX Roaming & Signalling,Upside,Upside,gradient_boosting,1,,11428408.07,,,
Scenario,2026-08-01,DE,Germany,P03,IPX Roaming & Signalling,Upside,Upside,gradient_boosting,2,,11302675.66,,,
Scenario,2026-09-01,DE,Germany,P03,IPX Roaming & Signalling,Upside,Upside,gradient_boosting,3,,8581420.11,,,
Scenario,2026-10-01,DE,Germany,P03,IPX Roaming & Signalling,Upside,Upside,gradient_boosting,4,,6815276.4,,,
Scenario,2026-11-01,DE,Germany,P03,IPX Roaming & Signalling,Upside,Upside,gradient_boosting,5,,6425448.31,,,
Scenario,2026-12-01,DE,Germany,P03,IPX Roaming & Signalling,Upside,Upside,gradient_boosting,6,,6761040.81,,,
Scenario,2027-01-01,DE,Germany,P03,IPX Roaming & Signalling,Upside,Upside,gradient_boosting,7,,6450069.35,,,
Scenario,2027-02-01,DE,Germany,P03,IPX Roaming & Signalling,Upside,Upside,gradient_boosting,8,,6447110.77,,,
Scenario,2027-03-01,DE,Germany,P03,IPX Roaming & Signalling,Upside,Upside,gradient_boosting,9,,7134456.68,,,
Scenario,2027-04-01,DE,Germany,P03,IPX Roaming & Signalling,Upside,Upside,gradient_boosting,10,,8184988.14,,,
Scenario,2027-05-01,DE,Germany,P03,IPX Roaming & Signalling,Upside,Upside,gradient_boosting,11,,9802599.49,,,
Scenario,2027-06-01,DE,Germany,P03,IPX Roaming & Signalling,Upside,Upside,gradient_boosting,12,,11354746.76,,,
Scenario,2026-07-01,DE,Germany,P04,IP Transit,Upside,Upside,gradient_boosting,1,,6184354.22,,,
Scenario,2026-08-01,DE,Germany,P04,IP Transit,Upside,Upside,gradient_boosting,2,,6291808.76,,,
Scenario,2026-09-01,DE,Germany,P04,IP Transit,Upside,Upside,gradient_boosting,3,,6574861.66,,,
Scenario,2026-10-01,DE,Germany,P04,IP Transit,Upside,Upside,gradient_boosting,4,,6506531.97,,,
Scenario,2026-11-01,DE,Germany,P04,IP Transit,Upside,Upside,gradient_boosting,5,,6405269.56,,,
Scenario,2026-12-01,DE,Germany,P04,IP Transit,Upside,Upside,gradient_boosting,6,,5994702.32,,,
Scenario,2027-01-01,DE,Germany,P04,IP Transit,Upside,Upside,gradient_boosting,7,,6249353.83,,,
Scenario,2027-02-01,DE,Germany,P04,IP Transit,Upside,Upside,gradient_boosting,8,,5947143.76,,,
Scenario,2027-03-01,DE,Germany,P04,IP Transit,Upside,Upside,gradient_boosting,9,,6334015.74,,,
Scenario,2027-04-01,DE,Germany,P04,IP Transit,Upside,Upside,gradient_boosting,10,,6251826.69,,,
Scenario,2027-05-01,DE,Germany,P04,IP Transit,Upside,Upside,gradient_boosting,11,,6391601.57,,,
Scenario,2027-06-01,DE,Germany,P04,IP Transit,Upside,Upside,gradient_boosting,12,,6624887.94,,,
Scenario,2026-07-01,DE,Germany,P05,Ethernet & Capacity Services,Upside,Upside,gradient_boosting,1,,7541265.32,,,
Scenario,2026-08-01,DE,Germany,P05,Ethernet & Capacity Services,Upside,Upside,gradient_boosting,2,,7669110.09,,,
Scenario,2026-09-01,DE,Germany,P05,Ethernet & Capacity Services,Upside,Upside,gradient_boosting,3,,8043864.61,,,
Scenario,2026-10-01,DE,Germany,P05,Ethernet & Capacity Services,Upside,Upside,gradient_boosting,4,,7729946.54,,,
Scenario,2026-11-01,DE,Germany,P05,Ethernet & Capacity Services,Upside,Upside,gradient_boosting,5,,7851091.12,,,
Scenario,2026-12-01,DE,Germany,P05,Ethernet & Capacity Services,Upside,Upside,gradient_boosting,6,,7597620.56,,,
Scenario,2027-01-01,DE,Germany,P05,Ethernet & Capacity Services,Upside,Upside,gradient_boosting,7,,8480247.94,,,
Scenario,2027-02-01,DE,Germany,P05,Ethernet & Capacity Services,Upside,Upside,gradient_boosting,8,,8250568.78,,,
Scenario,2027-03-01,DE,Germany,P05,Ethernet & Capacity Services,Upside,Upside,gradient_boosting,9,,8136606.48,,,
Scenario,2027-04-01,DE,Germany,P05,Ethernet & Capacity Services,Upside,Upside,gradient_boosting,10,,8425493.32,,,
Scenario,2027-05-01,DE,Germany,P05,Ethernet & Capacity Services,Upside,Upside,gradient_boosting,11,,7870696.67,,,
Scenario,2027-06-01,DE,Germany,P05,Ethernet & Capacity Services,Upside,Upside,gradient_boosting,12,,7659610.0,,,
Scenario,2026-07-01,DE,Germany,P06,Cloud Connect,Upside,Upside,gradient_boosting,1,,6782064.81,,,
Scenario,2026-08-01,DE,Germany,P06,Cloud Connect,Upside,Upside,gradient_boosting,2,,6815975.58,,,
Scenario,2026-09-01,DE,Germany,P06,Cloud Connect,Upside,Upside,gradient_boosting,3,,6924441.81,,,
Scenario,2026-10-01,DE,Germany,P06,Cloud Connect,Upside,Upside,gradient_boosting,4,,6861486.98,,,
Scenario,2026-11-01,DE,Germany,P06,Cloud Connect,Upside,Upside,gradient_boosting,5,,6785486.17,,,
Scenario,2026-12-01,DE,Germany,P06,Cloud Connect,Upside,Upside,gradient_boosting,6,,6721569.59,,,
Scenario,2027-01-01,DE,Germany,P06,Cloud Connect,Upside,Upside,gradient_boosting,7,,6561644.27,,,
Scenario,2027-02-01,DE,Germany,P06,Cloud Connect,Upside,Upside,gradient_boosting,8,,7474829.58,,,
Scenario,2027-03-01,DE,Germany,P06,Cloud Connect,Upside,Upside,gradient_boosting,9,,7954352.04,,,
Scenario,2027-04-01,DE,Germany,P06,Cloud Connect,Upside,Upside,gradient_boosting,10,,8177708.89,,,
Scenario,2027-05-01,DE,Germany,P06,Cloud Connect,Upside,Upside,gradient_boosting,11,,8124441.78,,,
Scenario,2027-06-01,DE,Germany,P06,Cloud Connect,Upside,Upside,gradient_boosting,12,,8720977.11,,,
Scenario,2026-07-01,DE,Germany,P07,Voice Firewall & Anti-Fraud,Upside,Upside,gradient_boosting,1,,2071227.26,,,
Scenario,2026-08-01,DE,Germany,P07,Voice Firewall & Anti-Fraud,Upside,Upside,gradient_boosting,2,,2162177.18,,,
Scenario,2026-09-01,DE,Germany,P07,Voice Firewall & Anti-Fraud,Upside,Upside,gradient_boosting,3,,2258178.13,,,
Scenario,2026-10-01,DE,Germany,P07,Voice Firewall & Anti-Fraud,Upside,Upside,gradient_boosting,4,,2281243.84,,,
Scenario,2026-11-01,DE,Germany,P07,Voice Firewall & Anti-Fraud,Upside,Upside,gradient_boosting,5,,2373548.72,,,
Scenario,2026-12-01,DE,Germany,P07,Voice Firewall & Anti-Fraud,Upside,Upside,gradient_boosting,6,,2359066.0,,,
Scenario,2027-01-01,DE,Germany,P07,Voice Firewall & Anti-Fraud,Upside,Upside,gradient_boosting,7,,2448803.04,,,
Scenario,2027-02-01,DE,Germany,P07,Voice Firewall & Anti-Fraud,Upside,Upside,gradient_boosting,8,,2426176.63,,,
Scenario,2027-03-01,DE,Germany,P07,Voice Firewall & Anti-Fraud,Upside,Upside,gradient_boosting,9,,2702500.23,,,
Scenario,2027-04-01,DE,Germany,P07,Voice Firewall & Anti-Fraud,Upside,Upside,gradient_boosting,10,,2763697.6,,,
Scenario,2027-05-01,DE,Germany,P07,Voice Firewall & Anti-Fraud,Upside,Upside,gradient_boosting,11,,2857152.07,,,
Scenario,2027-06-01,DE,Germany,P07,Voice Firewall & Anti-Fraud,Upside,Upside,gradient_boosting,12,,2837092.16,,,
Scenario,2026-07-01,ES,Spain,P01,International Voice Termination,Upside,Upside,gradient_boosting,1,,985684.76,,,
Scenario,2026-08-01,ES,Spain,P01,International Voice Termination,Upside,Upside,gradient_boosting,2,,898154.61,,,
Scenario,2026-09-01,ES,Spain,P01,International Voice Termination,Upside,Upside,gradient_boosting,3,,871732.61,,,
Scenario,2026-10-01,ES,Spain,P01,International Voice Termination,Upside,Upside,gradient_boosting,4,,997248.34,,,
Scenario,2026-11-01,ES,Spain,P01,International Voice Termination,Upside,Upside,gradient_boosting,5,,1191151.03,,,
Scenario,2026-12-01,ES,Spain,P01,International Voice Termination,Upside,Upside,gradient_boosting,6,,1268492.69,,,
Scenario,2027-01-01,ES,Spain,P01,International Voice Termination,Upside,Upside,gradient_boosting,7,,1287718.72,,,
Scenario,2027-02-01,ES,Spain,P01,International Voice Termination,Upside,Upside,gradient_boosting,8,,1060473.55,,,
Scenario,2027-03-01,ES,Spain,P01,International Voice Termination,Upside,Upside,gradient_boosting,9,,1099353.14,,,
Scenario,2027-04-01,ES,Spain,P01,International Voice Termination,Upside,Upside,gradient_boosting,10,,861756.71,,,
Scenario,2027-05-01,ES,Spain,P01,International Voice Termination,Upside,Upside,gradient_boosting,11,,978340.29,,,
Scenario,2027-06-01,ES,Spain,P01,International Voice Termination,Upside,Upside,gradient_boosting,12,,1002967.68,,,
Scenario,2026-07-01,ES,Spain,P02,A2P Messaging,Upside,Upside,gradient_boosting,1,,12677353.24,,,
Scenario,2026-08-01,ES,Spain,P02,A2P Messaging,Upside,Upside,gradient_boosting,2,,13652802.62,,,
Scenario,2026-09-01,ES,Spain,P02,A2P Messaging,Upside,Upside,gradient_boosting,3,,14216994.51,,,
Scenario,2026-10-01,ES,Spain,P02,A2P Messaging,Upside,Upside,gradient_boosting,4,,14723865.94,,,
Scenario,2026-11-01,ES,Spain,P02,A2P Messaging,Upside,Upside,gradient_boosting,5,,16567329.26,,,
Scenario,2026-12-01,ES,Spain,P02,A2P Messaging,Upside,Upside,gradient_boosting,6,,16754490.88,,,
Scenario,2027-01-01,ES,Spain,P02,A2P Messaging,Upside,Upside,gradient_boosting,7,,14498183.74,,,
Scenario,2027-02-01,ES,Spain,P02,A2P Messaging,Upside,Upside,gradient_boosting,8,,14361647.37,,,
Scenario,2027-03-01,ES,Spain,P02,A2P Messaging,Upside,Upside,gradient_boosting,9,,15013725.83,,,
Scenario,2027-04-01,ES,Spain,P02,A2P Messaging,Upside,Upside,gradient_boosting,10,,14782143.56,,,
Scenario,2027-05-01,ES,Spain,P02,A2P Messaging,Upside,Upside,gradient_boosting,11,,15563873.25,,,
Scenario,2027-06-01,ES,Spain,P02,A2P Messaging,Upside,Upside,gradient_boosting,12,,16917749.12,,,
Scenario,2026-07-01,ES,Spain,P03,IPX Roaming & Signalling,Upside,Upside,gradient_boosting,1,,6130369.87,,,
Scenario,2026-08-01,ES,Spain,P03,IPX Roaming & Signalling,Upside,Upside,gradient_boosting,2,,6284896.98,,,
Scenario,2026-09-01,ES,Spain,P03,IPX Roaming & Signalling,Upside,Upside,gradient_boosting,3,,5685760.52,,,
Scenario,2026-10-01,ES,Spain,P03,IPX Roaming & Signalling,Upside,Upside,gradient_boosting,4,,5004933.77,,,
Scenario,2026-11-01,ES,Spain,P03,IPX Roaming & Signalling,Upside,Upside,gradient_boosting,5,,4614439.96,,,
Scenario,2026-12-01,ES,Spain,P03,IPX Roaming & Signalling,Upside,Upside,gradient_boosting,6,,5149492.56,,,
Scenario,2027-01-01,ES,Spain,P03,IPX Roaming & Signalling,Upside,Upside,gradient_boosting,7,,4932368.56,,,
Scenario,2027-02-01,ES,Spain,P03,IPX Roaming & Signalling,Upside,Upside,gradient_boosting,8,,4432666.81,,,
Scenario,2027-03-01,ES,Spain,P03,IPX Roaming & Signalling,Upside,Upside,gradient_boosting,9,,5173531.43,,,
Scenario,2027-04-01,ES,Spain,P03,IPX Roaming & Signalling,Upside,Upside,gradient_boosting,10,,5605556.11,,,
Scenario,2027-05-01,ES,Spain,P03,IPX Roaming & Signalling,Upside,Upside,gradient_boosting,11,,6605103.42,,,
Scenario,2027-06-01,ES,Spain,P03,IPX Roaming & Signalling,Upside,Upside,gradient_boosting,12,,6972918.5,,,
Scenario,2026-07-01,ES,Spain,P04,IP Transit,Upside,Upside,gradient_boosting,1,,2811742.78,,,
Scenario,2026-08-01,ES,Spain,P04,IP Transit,Upside,Upside,gradient_boosting,2,,2792014.56,,,
Scenario,2026-09-01,ES,Spain,P04,IP Transit,Upside,Upside,gradient_boosting,3,,2905875.5,,,
Scenario,2026-10-01,ES,Spain,P04,IP Transit,Upside,Upside,gradient_boosting,4,,2901706.75,,,
Scenario,2026-11-01,ES,Spain,P04,IP Transit,Upside,Upside,gradient_boosting,5,,2930963.62,,,
Scenario,2026-12-01,ES,Spain,P04,IP Transit,Upside,Upside,gradient_boosting,6,,3051034.44,,,
Scenario,2027-01-01,ES,Spain,P04,IP Transit,Upside,Upside,gradient_boosting,7,,3093552.2,,,
Scenario,2027-02-01,ES,Spain,P04,IP Transit,Upside,Upside,gradient_boosting,8,,2976812.89,,,
Scenario,2027-03-01,ES,Spain,P04,IP Transit,Upside,Upside,gradient_boosting,9,,3224252.8,,,
Scenario,2027-04-01,ES,Spain,P04,IP Transit,Upside,Upside,gradient_boosting,10,,3184696.33,,,
Scenario,2027-05-01,ES,Spain,P04,IP Transit,Upside,Upside,gradient_boosting,11,,3563516.61,,,
Scenario,2027-06-01,ES,Spain,P04,IP Transit,Upside,Upside,gradient_boosting,12,,3548783.44,,,
Scenario,2026-07-01,ES,Spain,P05,Ethernet & Capacity Services,Upside,Upside,gradient_boosting,1,,6112955.22,,,
Scenario,2026-08-01,ES,Spain,P05,Ethernet & Capacity Services,Upside,Upside,gradient_boosting,2,,6133321.35,,,
Scenario,2026-09-01,ES,Spain,P05,Ethernet & Capacity Services,Upside,Upside,gradient_boosting,3,,6277421.95,,,
Scenario,2026-10-01,ES,Spain,P05,Ethernet & Capacity Services,Upside,Upside,gradient_boosting,4,,6137745.96,,,
Scenario,2026-11-01,ES,Spain,P05,Ethernet & Capacity Services,Upside,Upside,gradient_boosting,5,,6284765.36,,,
Scenario,2026-12-01,ES,Spain,P05,Ethernet & Capacity Services,Upside,Upside,gradient_boosting,6,,6187749.18,,,
Scenario,2027-01-01,ES,Spain,P05,Ethernet & Capacity Services,Upside,Upside,gradient_boosting,7,,6260873.91,,,
Scenario,2027-02-01,ES,Spain,P05,Ethernet & Capacity Services,Upside,Upside,gradient_boosting,8,,6321409.51,,,
Scenario,2027-03-01,ES,Spain,P05,Ethernet & Capacity Services,Upside,Upside,gradient_boosting,9,,6423733.25,,,
Scenario,2027-04-01,ES,Spain,P05,Ethernet & Capacity Services,Upside,Upside,gradient_boosting,10,,6424966.06,,,
Scenario,2027-05-01,ES,Spain,P05,Ethernet & Capacity Services,Upside,Upside,gradient_boosting,11,,6433246.5,,,
Scenario,2027-06-01,ES,Spain,P05,Ethernet & Capacity Services,Upside,Upside,gradient_boosting,12,,6423209.77,,,
Scenario,2026-07-01,ES,Spain,P06,Cloud Connect,Upside,Upside,gradient_boosting,1,,3184432.8,,,
Scenario,2026-08-01,ES,Spain,P06,Cloud Connect,Upside,Upside,gradient_boosting,2,,3235601.84,,,
Scenario,2026-09-01,ES,Spain,P06,Cloud Connect,Upside,Upside,gradient_boosting,3,,3370802.29,,,
Scenario,2026-10-01,ES,Spain,P06,Cloud Connect,Upside,Upside,gradient_boosting,4,,3469827.7,,,
Scenario,2026-11-01,ES,Spain,P06,Cloud Connect,Upside,Upside,gradient_boosting,5,,3491635.84,,,
Scenario,2026-12-01,ES,Spain,P06,Cloud Connect,Upside,Upside,gradient_boosting,6,,3470783.35,,,
Scenario,2027-01-01,ES,Spain,P06,Cloud Connect,Upside,Upside,gradient_boosting,7,,3490379.66,,,
Scenario,2027-02-01,ES,Spain,P06,Cloud Connect,Upside,Upside,gradient_boosting,8,,3673742.81,,,
Scenario,2027-03-01,ES,Spain,P06,Cloud Connect,Upside,Upside,gradient_boosting,9,,3650494.09,,,
Scenario,2027-04-01,ES,Spain,P06,Cloud Connect,Upside,Upside,gradient_boosting,10,,3582456.43,,,
Scenario,2027-05-01,ES,Spain,P06,Cloud Connect,Upside,Upside,gradient_boosting,11,,3706951.86,,,
Scenario,2027-06-01,ES,Spain,P06,Cloud Connect,Upside,Upside,gradient_boosting,12,,4340842.03,,,
Scenario,2026-07-01,ES,Spain,P07,Voice Firewall & Anti-Fraud,Upside,Upside,gradient_boosting,1,,2885496.81,,,
Scenario,2026-08-01,ES,Spain,P07,Voice Firewall & Anti-Fraud,Upside,Upside,gradient_boosting,2,,2996987.69,,,
Scenario,2026-09-01,ES,Spain,P07,Voice Firewall & Anti-Fraud,Upside,Upside,gradient_boosting,3,,2973634.6,,,
Scenario,2026-10-01,ES,Spain,P07,Voice Firewall & Anti-Fraud,Upside,Upside,gradient_boosting,4,,3041512.68,,,
Scenario,2026-11-01,ES,Spain,P07,Voice Firewall & Anti-Fraud,Upside,Upside,gradient_boosting,5,,3154315.62,,,
Scenario,2026-12-01,ES,Spain,P07,Voice Firewall & Anti-Fraud,Upside,Upside,gradient_boosting,6,,3127279.84,,,
Scenario,2027-01-01,ES,Spain,P07,Voice Firewall & Anti-Fraud,Upside,Upside,gradient_boosting,7,,3182557.18,,,
Scenario,2027-02-01,ES,Spain,P07,Voice Firewall & Anti-Fraud,Upside,Upside,gradient_boosting,8,,3192558.85,,,
Scenario,2027-03-01,ES,Spain,P07,Voice Firewall & Anti-Fraud,Upside,Upside,gradient_boosting,9,,3420363.75,,,
Scenario,2027-04-01,ES,Spain,P07,Voice Firewall & Anti-Fraud,Upside,Upside,gradient_boosting,10,,3409514.43,,,
Scenario,2027-05-01,ES,Spain,P07,Voice Firewall & Anti-Fraud,Upside,Upside,gradient_boosting,11,,3452357.37,,,
Scenario,2027-06-01,ES,Spain,P07,Voice Firewall & Anti-Fraud,Upside,Upside,gradient_boosting,12,,3853057.33,,,
Scenario,2026-07-01,FR,France,P01,International Voice Termination,Upside,Upside,gradient_boosting,1,,1446119.87,,,
Scenario,2026-08-01,FR,France,P01,International Voice Termination,Upside,Upside,gradient_boosting,2,,1501597.09,,,
Scenario,2026-09-01,FR,France,P01,International Voice Termination,Upside,Upside,gradient_boosting,3,,1309223.6,,,
Scenario,2026-10-01,FR,France,P01,International Voice Termination,Upside,Upside,gradient_boosting,4,,1276229.36,,,
Scenario,2026-11-01,FR,France,P01,International Voice Termination,Upside,Upside,gradient_boosting,5,,1610433.13,,,
Scenario,2026-12-01,FR,France,P01,International Voice Termination,Upside,Upside,gradient_boosting,6,,1455165.5,,,
Scenario,2027-01-01,FR,France,P01,International Voice Termination,Upside,Upside,gradient_boosting,7,,1435147.08,,,
Scenario,2027-02-01,FR,France,P01,International Voice Termination,Upside,Upside,gradient_boosting,8,,1368563.75,,,
Scenario,2027-03-01,FR,France,P01,International Voice Termination,Upside,Upside,gradient_boosting,9,,1618357.13,,,
Scenario,2027-04-01,FR,France,P01,International Voice Termination,Upside,Upside,gradient_boosting,10,,1368947.25,,,
Scenario,2027-05-01,FR,France,P01,International Voice Termination,Upside,Upside,gradient_boosting,11,,1324540.79,,,
Scenario,2027-06-01,FR,France,P01,International Voice Termination,Upside,Upside,gradient_boosting,12,,1331799.85,,,
Scenario,2026-07-01,FR,France,P02,A2P Messaging,Upside,Upside,gradient_boosting,1,,14017785.2,,,
Scenario,2026-08-01,FR,France,P02,A2P Messaging,Upside,Upside,gradient_boosting,2,,14316620.09,,,
Scenario,2026-09-01,FR,France,P02,A2P Messaging,Upside,Upside,gradient_boosting,3,,14431073.1,,,
Scenario,2026-10-01,FR,France,P02,A2P Messaging,Upside,Upside,gradient_boosting,4,,15008670.63,,,
Scenario,2026-11-01,FR,France,P02,A2P Messaging,Upside,Upside,gradient_boosting,5,,16849847.18,,,
Scenario,2026-12-01,FR,France,P02,A2P Messaging,Upside,Upside,gradient_boosting,6,,17395310.93,,,
Scenario,2027-01-01,FR,France,P02,A2P Messaging,Upside,Upside,gradient_boosting,7,,15124960.69,,,
Scenario,2027-02-01,FR,France,P02,A2P Messaging,Upside,Upside,gradient_boosting,8,,15007995.4,,,
Scenario,2027-03-01,FR,France,P02,A2P Messaging,Upside,Upside,gradient_boosting,9,,15509240.52,,,
Scenario,2027-04-01,FR,France,P02,A2P Messaging,Upside,Upside,gradient_boosting,10,,16049932.72,,,
Scenario,2027-05-01,FR,France,P02,A2P Messaging,Upside,Upside,gradient_boosting,11,,16377097.65,,,
Scenario,2027-06-01,FR,France,P02,A2P Messaging,Upside,Upside,gradient_boosting,12,,17192853.08,,,
Scenario,2026-07-01,FR,France,P03,IPX Roaming & Signalling,Upside,Upside,gradient_boosting,1,,15747432.06,,,
Scenario,2026-08-01,FR,France,P03,IPX Roaming & Signalling,Upside,Upside,gradient_boosting,2,,15735719.68,,,
Scenario,2026-09-01,FR,France,P03,IPX Roaming & Signalling,Upside,Upside,gradient_boosting,3,,13921168.09,,,
Scenario,2026-10-01,FR,France,P03,IPX Roaming & Signalling,Upside,Upside,gradient_boosting,4,,12850066.94,,,
Scenario,2026-11-01,FR,France,P03,IPX Roaming & Signalling,Upside,Upside,gradient_boosting,5,,11465740.36,,,
Scenario,2026-12-01,FR,France,P03,IPX Roaming & Signalling,Upside,Upside,gradient_boosting,6,,12097272.78,,,
Scenario,2027-01-01,FR,France,P03,IPX Roaming & Signalling,Upside,Upside,gradient_boosting,7,,12378320.0,,,
Scenario,2027-02-01,FR,France,P03,IPX Roaming & Signalling,Upside,Upside,gradient_boosting,8,,11748870.71,,,
Scenario,2027-03-01,FR,France,P03,IPX Roaming & Signalling,Upside,Upside,gradient_boosting,9,,12502859.58,,,
Scenario,2027-04-01,FR,France,P03,IPX Roaming & Signalling,Upside,Upside,gradient_boosting,10,,13815952.42,,,
Scenario,2027-05-01,FR,France,P03,IPX Roaming & Signalling,Upside,Upside,gradient_boosting,11,,15510067.63,,,
Scenario,2027-06-01,FR,France,P03,IPX Roaming & Signalling,Upside,Upside,gradient_boosting,12,,15185728.31,,,
Scenario,2026-07-01,FR,France,P04,IP Transit,Upside,Upside,gradient_boosting,1,,1569787.57,,,
Scenario,2026-08-01,FR,France,P04,IP Transit,Upside,Upside,gradient_boosting,2,,1573519.89,,,
Scenario,2026-09-01,FR,France,P04,IP Transit,Upside,Upside,gradient_boosting,3,,1599640.94,,,
Scenario,2026-10-01,FR,France,P04,IP Transit,Upside,Upside,gradient_boosting,4,,1677407.94,,,
Scenario,2026-11-01,FR,France,P04,IP Transit,Upside,Upside,gradient_boosting,5,,1653964.14,,,
Scenario,2026-12-01,FR,France,P04,IP Transit,Upside,Upside,gradient_boosting,6,,1673991.2,,,
Scenario,2027-01-01,FR,France,P04,IP Transit,Upside,Upside,gradient_boosting,7,,1724583.89,,,
Scenario,2027-02-01,FR,France,P04,IP Transit,Upside,Upside,gradient_boosting,8,,1796012.99,,,
Scenario,2027-03-01,FR,France,P04,IP Transit,Upside,Upside,gradient_boosting,9,,1822203.66,,,
Scenario,2027-04-01,FR,France,P04,IP Transit,Upside,Upside,gradient_boosting,10,,1858694.82,,,
Scenario,2027-05-01,FR,France,P04,IP Transit,Upside,Upside,gradient_boosting,11,,2055245.32,,,
Scenario,2027-06-01,FR,France,P04,IP Transit,Upside,Upside,gradient_boosting,12,,1777377.68,,,
Scenario,2026-07-01,FR,France,P05,Ethernet & Capacity Services,Upside,Upside,gradient_boosting,1,,3999308.67,,,
Scenario,2026-08-01,FR,France,P05,Ethernet & Capacity Services,Upside,Upside,gradient_boosting,2,,3994774.29,,,
Scenario,2026-09-01,FR,France,P05,Ethernet & Capacity Services,Upside,Upside,gradient_boosting,3,,4209791.56,,,
Scenario,2026-10-01,FR,France,P05,Ethernet & Capacity Services,Upside,Upside,gradient_boosting,4,,4153774.81,,,
Scenario,2026-11-01,FR,France,P05,Ethernet & Capacity Services,Upside,Upside,gradient_boosting,5,,4321502.81,,,
Scenario,2026-12-01,FR,France,P05,Ethernet & Capacity Services,Upside,Upside,gradient_boosting,6,,4269333.87,,,
Scenario,2027-01-01,FR,France,P05,Ethernet & Capacity Services,Upside,Upside,gradient_boosting,7,,4255579.86,,,
Scenario,2027-02-01,FR,France,P05,Ethernet & Capacity Services,Upside,Upside,gradient_boosting,8,,4269978.52,,,
Scenario,2027-03-01,FR,France,P05,Ethernet & Capacity Services,Upside,Upside,gradient_boosting,9,,4525120.08,,,
Scenario,2027-04-01,FR,France,P05,Ethernet & Capacity Services,Upside,Upside,gradient_boosting,10,,4783216.72,,,
Scenario,2027-05-01,FR,France,P05,Ethernet & Capacity Services,Upside,Upside,gradient_boosting,11,,5200484.81,,,
Scenario,2027-06-01,FR,France,P05,Ethernet & Capacity Services,Upside,Upside,gradient_boosting,12,,4969275.64,,,
Scenario,2026-07-01,FR,France,P06,Cloud Connect,Upside,Upside,gradient_boosting,1,,1965639.01,,,
Scenario,2026-08-01,FR,France,P06,Cloud Connect,Upside,Upside,gradient_boosting,2,,2059732.8,,,
Scenario,2026-09-01,FR,France,P06,Cloud Connect,Upside,Upside,gradient_boosting,3,,2106735.68,,,
Scenario,2026-10-01,FR,France,P06,Cloud Connect,Upside,Upside,gradient_boosting,4,,2222450.79,,,
Scenario,2026-11-01,FR,France,P06,Cloud Connect,Upside,Upside,gradient_boosting,5,,2467306.76,,,
Scenario,2026-12-01,FR,France,P06,Cloud Connect,Upside,Upside,gradient_boosting,6,,2292628.11,,,
Scenario,2027-01-01,FR,France,P06,Cloud Connect,Upside,Upside,gradient_boosting,7,,2294958.17,,,
Scenario,2027-02-01,FR,France,P06,Cloud Connect,Upside,Upside,gradient_boosting,8,,2309991.01,,,
Scenario,2027-03-01,FR,France,P06,Cloud Connect,Upside,Upside,gradient_boosting,9,,2496110.01,,,
Scenario,2027-04-01,FR,France,P06,Cloud Connect,Upside,Upside,gradient_boosting,10,,2590413.5,,,
Scenario,2027-05-01,FR,France,P06,Cloud Connect,Upside,Upside,gradient_boosting,11,,2673168.54,,,
Scenario,2027-06-01,FR,France,P06,Cloud Connect,Upside,Upside,gradient_boosting,12,,2800502.49,,,
Scenario,2026-07-01,FR,France,P07,Voice Firewall & Anti-Fraud,Upside,Upside,gradient_boosting,1,,4594114.09,,,
Scenario,2026-08-01,FR,France,P07,Voice Firewall & Anti-Fraud,Upside,Upside,gradient_boosting,2,,4453684.1,,,
Scenario,2026-09-01,FR,France,P07,Voice Firewall & Anti-Fraud,Upside,Upside,gradient_boosting,3,,4687183.93,,,
Scenario,2026-10-01,FR,France,P07,Voice Firewall & Anti-Fraud,Upside,Upside,gradient_boosting,4,,4699135.86,,,
Scenario,2026-11-01,FR,France,P07,Voice Firewall & Anti-Fraud,Upside,Upside,gradient_boosting,5,,4675111.76,,,
Scenario,2026-12-01,FR,France,P07,Voice Firewall & Anti-Fraud,Upside,Upside,gradient_boosting,6,,4950257.39,,,
Scenario,2027-01-01,FR,France,P07,Voice Firewall & Anti-Fraud,Upside,Upside,gradient_boosting,7,,4798220.27,,,
Scenario,2027-02-01,FR,France,P07,Voice Firewall & Anti-Fraud,Upside,Upside,gradient_boosting,8,,4855170.7,,,
Scenario,2027-03-01,FR,France,P07,Voice Firewall & Anti-Fraud,Upside,Upside,gradient_boosting,9,,5220873.23,,,
Scenario,2027-04-01,FR,France,P07,Voice Firewall & Anti-Fraud,Upside,Upside,gradient_boosting,10,,5178504.01,,,
Scenario,2027-05-01,FR,France,P07,Voice Firewall & Anti-Fraud,Upside,Upside,gradient_boosting,11,,5415846.49,,,
Scenario,2027-06-01,FR,France,P07,Voice Firewall & Anti-Fraud,Upside,Upside,gradient_boosting,12,,5735524.1,,,
Scenario,2026-07-01,GR,Greece,P01,International Voice Termination,Upside,Upside,gradient_boosting,1,,619093.45,,,
Scenario,2026-08-01,GR,Greece,P01,International Voice Termination,Upside,Upside,gradient_boosting,2,,497246.73,,,
Scenario,2026-09-01,GR,Greece,P01,International Voice Termination,Upside,Upside,gradient_boosting,3,,496083.38,,,
Scenario,2026-10-01,GR,Greece,P01,International Voice Termination,Upside,Upside,gradient_boosting,4,,447091.91,,,
Scenario,2026-11-01,GR,Greece,P01,International Voice Termination,Upside,Upside,gradient_boosting,5,,365298.42,,,
Scenario,2026-12-01,GR,Greece,P01,International Voice Termination,Upside,Upside,gradient_boosting,6,,573817.24,,,
Scenario,2027-01-01,GR,Greece,P01,International Voice Termination,Upside,Upside,gradient_boosting,7,,370558.29,,,
Scenario,2027-02-01,GR,Greece,P01,International Voice Termination,Upside,Upside,gradient_boosting,8,,385308.5,,,
Scenario,2027-03-01,GR,Greece,P01,International Voice Termination,Upside,Upside,gradient_boosting,9,,461135.63,,,
Scenario,2027-04-01,GR,Greece,P01,International Voice Termination,Upside,Upside,gradient_boosting,10,,530729.27,,,
Scenario,2027-05-01,GR,Greece,P01,International Voice Termination,Upside,Upside,gradient_boosting,11,,526167.86,,,
Scenario,2027-06-01,GR,Greece,P01,International Voice Termination,Upside,Upside,gradient_boosting,12,,453534.06,,,
Scenario,2026-07-01,GR,Greece,P02,A2P Messaging,Upside,Upside,gradient_boosting,1,,2867575.63,,,
Scenario,2026-08-01,GR,Greece,P02,A2P Messaging,Upside,Upside,gradient_boosting,2,,3074806.48,,,
Scenario,2026-09-01,GR,Greece,P02,A2P Messaging,Upside,Upside,gradient_boosting,3,,3153573.16,,,
Scenario,2026-10-01,GR,Greece,P02,A2P Messaging,Upside,Upside,gradient_boosting,4,,3378652.51,,,
Scenario,2026-11-01,GR,Greece,P02,A2P Messaging,Upside,Upside,gradient_boosting,5,,3744660.82,,,
Scenario,2026-12-01,GR,Greece,P02,A2P Messaging,Upside,Upside,gradient_boosting,6,,3923611.64,,,
Scenario,2027-01-01,GR,Greece,P02,A2P Messaging,Upside,Upside,gradient_boosting,7,,2789245.13,,,
Scenario,2027-02-01,GR,Greece,P02,A2P Messaging,Upside,Upside,gradient_boosting,8,,2697770.07,,,
Scenario,2027-03-01,GR,Greece,P02,A2P Messaging,Upside,Upside,gradient_boosting,9,,2956210.82,,,
Scenario,2027-04-01,GR,Greece,P02,A2P Messaging,Upside,Upside,gradient_boosting,10,,2736293.61,,,
Scenario,2027-05-01,GR,Greece,P02,A2P Messaging,Upside,Upside,gradient_boosting,11,,2781421.25,,,
Scenario,2027-06-01,GR,Greece,P02,A2P Messaging,Upside,Upside,gradient_boosting,12,,2779352.5,,,
Scenario,2026-07-01,GR,Greece,P03,IPX Roaming & Signalling,Upside,Upside,gradient_boosting,1,,2858183.42,,,
Scenario,2026-08-01,GR,Greece,P03,IPX Roaming & Signalling,Upside,Upside,gradient_boosting,2,,2962139.96,,,
Scenario,2026-09-01,GR,Greece,P03,IPX Roaming & Signalling,Upside,Upside,gradient_boosting,3,,2770085.81,,,
Scenario,2026-10-01,GR,Greece,P03,IPX Roaming & Signalling,Upside,Upside,gradient_boosting,4,,2613757.33,,,
Scenario,2026-11-01,GR,Greece,P03,IPX Roaming & Signalling,Upside,Upside,gradient_boosting,5,,2638349.74,,,
Scenario,2026-12-01,GR,Greece,P03,IPX Roaming & Signalling,Upside,Upside,gradient_boosting,6,,2576504.95,,,
Scenario,2027-01-01,GR,Greece,P03,IPX Roaming & Signalling,Upside,Upside,gradient_boosting,7,,2452327.51,,,
Scenario,2027-02-01,GR,Greece,P03,IPX Roaming & Signalling,Upside,Upside,gradient_boosting,8,,2411517.92,,,
Scenario,2027-03-01,GR,Greece,P03,IPX Roaming & Signalling,Upside,Upside,gradient_boosting,9,,2338736.6,,,
Scenario,2027-04-01,GR,Greece,P03,IPX Roaming & Signalling,Upside,Upside,gradient_boosting,10,,2505069.2,,,
Scenario,2027-05-01,GR,Greece,P03,IPX Roaming & Signalling,Upside,Upside,gradient_boosting,11,,2871656.18,,,
Scenario,2027-06-01,GR,Greece,P03,IPX Roaming & Signalling,Upside,Upside,gradient_boosting,12,,3021792.91,,,
Scenario,2026-07-01,GR,Greece,P04,IP Transit,Upside,Upside,gradient_boosting,1,,559727.5,,,
Scenario,2026-08-01,GR,Greece,P04,IP Transit,Upside,Upside,gradient_boosting,2,,598727.37,,,
Scenario,2026-09-01,GR,Greece,P04,IP Transit,Upside,Upside,gradient_boosting,3,,562579.29,,,
Scenario,2026-10-01,GR,Greece,P04,IP Transit,Upside,Upside,gradient_boosting,4,,601621.23,,,
Scenario,2026-11-01,GR,Greece,P04,IP Transit,Upside,Upside,gradient_boosting,5,,676701.84,,,
Scenario,2026-12-01,GR,Greece,P04,IP Transit,Upside,Upside,gradient_boosting,6,,656011.18,,,
Scenario,2027-01-01,GR,Greece,P04,IP Transit,Upside,Upside,gradient_boosting,7,,547935.88,,,
Scenario,2027-02-01,GR,Greece,P04,IP Transit,Upside,Upside,gradient_boosting,8,,536757.33,,,
Scenario,2027-03-01,GR,Greece,P04,IP Transit,Upside,Upside,gradient_boosting,9,,611638.95,,,
Scenario,2027-04-01,GR,Greece,P04,IP Transit,Upside,Upside,gradient_boosting,10,,521561.88,,,
Scenario,2027-05-01,GR,Greece,P04,IP Transit,Upside,Upside,gradient_boosting,11,,589593.73,,,
Scenario,2027-06-01,GR,Greece,P04,IP Transit,Upside,Upside,gradient_boosting,12,,593460.63,,,
Scenario,2026-07-01,GR,Greece,P05,Ethernet & Capacity Services,Upside,Upside,gradient_boosting,1,,966607.62,,,
Scenario,2026-08-01,GR,Greece,P05,Ethernet & Capacity Services,Upside,Upside,gradient_boosting,2,,1086584.21,,,
Scenario,2026-09-01,GR,Greece,P05,Ethernet & Capacity Services,Upside,Upside,gradient_boosting,3,,1069905.31,,,
Scenario,2026-10-01,GR,Greece,P05,Ethernet & Capacity Services,Upside,Upside,gradient_boosting,4,,1111784.27,,,
Scenario,2026-11-01,GR,Greece,P05,Ethernet & Capacity Services,Upside,Upside,gradient_boosting,5,,1098853.74,,,
Scenario,2026-12-01,GR,Greece,P05,Ethernet & Capacity Services,Upside,Upside,gradient_boosting,6,,1104113.33,,,
Scenario,2027-01-01,GR,Greece,P05,Ethernet & Capacity Services,Upside,Upside,gradient_boosting,7,,1125792.04,,,
Scenario,2027-02-01,GR,Greece,P05,Ethernet & Capacity Services,Upside,Upside,gradient_boosting,8,,1077130.67,,,
Scenario,2027-03-01,GR,Greece,P05,Ethernet & Capacity Services,Upside,Upside,gradient_boosting,9,,1164063.66,,,
Scenario,2027-04-01,GR,Greece,P05,Ethernet & Capacity Services,Upside,Upside,gradient_boosting,10,,1069136.13,,,
Scenario,2027-05-01,GR,Greece,P05,Ethernet & Capacity Services,Upside,Upside,gradient_boosting,11,,1108482.34,,,
Scenario,2027-06-01,GR,Greece,P05,Ethernet & Capacity Services,Upside,Upside,gradient_boosting,12,,1067939.01,,,
Scenario,2026-07-01,GR,Greece,P07,Voice Firewall & Anti-Fraud,Upside,Upside,gradient_boosting,1,,1165823.43,,,
Scenario,2026-08-01,GR,Greece,P07,Voice Firewall & Anti-Fraud,Upside,Upside,gradient_boosting,2,,1254169.96,,,
Scenario,2026-09-01,GR,Greece,P07,Voice Firewall & Anti-Fraud,Upside,Upside,gradient_boosting,3,,1261923.99,,,
Scenario,2026-10-01,GR,Greece,P07,Voice Firewall & Anti-Fraud,Upside,Upside,gradient_boosting,4,,1292033.61,,,
Scenario,2026-11-01,GR,Greece,P07,Voice Firewall & Anti-Fraud,Upside,Upside,gradient_boosting,5,,1263934.61,,,
Scenario,2026-12-01,GR,Greece,P07,Voice Firewall & Anti-Fraud,Upside,Upside,gradient_boosting,6,,1334088.75,,,
Scenario,2027-01-01,GR,Greece,P07,Voice Firewall & Anti-Fraud,Upside,Upside,gradient_boosting,7,,1326740.06,,,
Scenario,2027-02-01,GR,Greece,P07,Voice Firewall & Anti-Fraud,Upside,Upside,gradient_boosting,8,,1463499.14,,,
Scenario,2027-03-01,GR,Greece,P07,Voice Firewall & Anti-Fraud,Upside,Upside,gradient_boosting,9,,1212867.25,,,
Scenario,2027-04-01,GR,Greece,P07,Voice Firewall & Anti-Fraud,Upside,Upside,gradient_boosting,10,,1346678.75,,,
Scenario,2027-05-01,GR,Greece,P07,Voice Firewall & Anti-Fraud,Upside,Upside,gradient_boosting,11,,1405879.89,,,
Scenario,2027-06-01,GR,Greece,P07,Voice Firewall & Anti-Fraud,Upside,Upside,gradient_boosting,12,,1406296.89,,,
Scenario,2026-07-01,HR,Croatia,P05,Ethernet & Capacity Services,Upside,Upside,gradient_boosting,1,,188176.68,,,
Scenario,2026-08-01,HR,Croatia,P05,Ethernet & Capacity Services,Upside,Upside,gradient_boosting,2,,184017.03,,,
Scenario,2026-09-01,HR,Croatia,P05,Ethernet & Capacity Services,Upside,Upside,gradient_boosting,3,,198703.17,,,
Scenario,2026-10-01,HR,Croatia,P05,Ethernet & Capacity Services,Upside,Upside,gradient_boosting,4,,200423.1,,,
Scenario,2026-11-01,HR,Croatia,P05,Ethernet & Capacity Services,Upside,Upside,gradient_boosting,5,,205175.91,,,
Scenario,2026-12-01,HR,Croatia,P05,Ethernet & Capacity Services,Upside,Upside,gradient_boosting,6,,200404.12,,,
Scenario,2027-01-01,HR,Croatia,P05,Ethernet & Capacity Services,Upside,Upside,gradient_boosting,7,,200323.46,,,
Scenario,2027-02-01,HR,Croatia,P05,Ethernet & Capacity Services,Upside,Upside,gradient_boosting,8,,199373.54,,,
Scenario,2027-03-01,HR,Croatia,P05,Ethernet & Capacity Services,Upside,Upside,gradient_boosting,9,,208501.75,,,
Scenario,2027-04-01,HR,Croatia,P05,Ethernet & Capacity Services,Upside,Upside,gradient_boosting,10,,210618.48,,,
Scenario,2027-05-01,HR,Croatia,P05,Ethernet & Capacity Services,Upside,Upside,gradient_boosting,11,,235895.02,,,
Scenario,2027-06-01,HR,Croatia,P05,Ethernet & Capacity Services,Upside,Upside,gradient_boosting,12,,205618.41,,,
Scenario,2026-07-01,HR,Croatia,P06,Cloud Connect,Upside,Upside,gradient_boosting,1,,150993.71,,,
Scenario,2026-08-01,HR,Croatia,P06,Cloud Connect,Upside,Upside,gradient_boosting,2,,144094.69,,,
Scenario,2026-09-01,HR,Croatia,P06,Cloud Connect,Upside,Upside,gradient_boosting,3,,152995.48,,,
Scenario,2026-10-01,HR,Croatia,P06,Cloud Connect,Upside,Upside,gradient_boosting,4,,152030.64,,,
Scenario,2026-11-01,HR,Croatia,P06,Cloud Connect,Upside,Upside,gradient_boosting,5,,166349.02,,,
Scenario,2026-12-01,HR,Croatia,P06,Cloud Connect,Upside,Upside,gradient_boosting,6,,125690.67,,,
Scenario,2027-01-01,HR,Croatia,P06,Cloud Connect,Upside,Upside,gradient_boosting,7,,127798.47,,,
Scenario,2027-02-01,HR,Croatia,P06,Cloud Connect,Upside,Upside,gradient_boosting,8,,146408.22,,,
Scenario,2027-03-01,HR,Croatia,P06,Cloud Connect,Upside,Upside,gradient_boosting,9,,159859.25,,,
Scenario,2027-04-01,HR,Croatia,P06,Cloud Connect,Upside,Upside,gradient_boosting,10,,135339.71,,,
Scenario,2027-05-01,HR,Croatia,P06,Cloud Connect,Upside,Upside,gradient_boosting,11,,157049.4,,,
Scenario,2027-06-01,HR,Croatia,P06,Cloud Connect,Upside,Upside,gradient_boosting,12,,176189.7,,,
Scenario,2026-07-01,HU,Hungary,P01,International Voice Termination,Upside,Upside,gradient_boosting,1,,1004200.8,,,
Scenario,2026-08-01,HU,Hungary,P01,International Voice Termination,Upside,Upside,gradient_boosting,2,,856583.54,,,
Scenario,2026-09-01,HU,Hungary,P01,International Voice Termination,Upside,Upside,gradient_boosting,3,,987850.55,,,
Scenario,2026-10-01,HU,Hungary,P01,International Voice Termination,Upside,Upside,gradient_boosting,4,,1009268.93,,,
Scenario,2026-11-01,HU,Hungary,P01,International Voice Termination,Upside,Upside,gradient_boosting,5,,988408.97,,,
Scenario,2026-12-01,HU,Hungary,P01,International Voice Termination,Upside,Upside,gradient_boosting,6,,999577.18,,,
Scenario,2027-01-01,HU,Hungary,P01,International Voice Termination,Upside,Upside,gradient_boosting,7,,964924.51,,,
Scenario,2027-02-01,HU,Hungary,P01,International Voice Termination,Upside,Upside,gradient_boosting,8,,987524.13,,,
Scenario,2027-03-01,HU,Hungary,P01,International Voice Termination,Upside,Upside,gradient_boosting,9,,931900.61,,,
Scenario,2027-04-01,HU,Hungary,P01,International Voice Termination,Upside,Upside,gradient_boosting,10,,1113883.91,,,
Scenario,2027-05-01,HU,Hungary,P01,International Voice Termination,Upside,Upside,gradient_boosting,11,,1066202.78,,,
Scenario,2027-06-01,HU,Hungary,P01,International Voice Termination,Upside,Upside,gradient_boosting,12,,1014487.65,,,
Scenario,2026-07-01,HU,Hungary,P02,A2P Messaging,Upside,Upside,gradient_boosting,1,,2615257.88,,,
Scenario,2026-08-01,HU,Hungary,P02,A2P Messaging,Upside,Upside,gradient_boosting,2,,2662978.51,,,
Scenario,2026-09-01,HU,Hungary,P02,A2P Messaging,Upside,Upside,gradient_boosting,3,,2691512.18,,,
Scenario,2026-10-01,HU,Hungary,P02,A2P Messaging,Upside,Upside,gradient_boosting,4,,2756314.81,,,
Scenario,2026-11-01,HU,Hungary,P02,A2P Messaging,Upside,Upside,gradient_boosting,5,,3362579.82,,,
Scenario,2026-12-01,HU,Hungary,P02,A2P Messaging,Upside,Upside,gradient_boosting,6,,3186858.29,,,
Scenario,2027-01-01,HU,Hungary,P02,A2P Messaging,Upside,Upside,gradient_boosting,7,,2766105.47,,,
Scenario,2027-02-01,HU,Hungary,P02,A2P Messaging,Upside,Upside,gradient_boosting,8,,2690804.72,,,
Scenario,2027-03-01,HU,Hungary,P02,A2P Messaging,Upside,Upside,gradient_boosting,9,,2813792.4,,,
Scenario,2027-04-01,HU,Hungary,P02,A2P Messaging,Upside,Upside,gradient_boosting,10,,2942047.14,,,
Scenario,2027-05-01,HU,Hungary,P02,A2P Messaging,Upside,Upside,gradient_boosting,11,,3310171.25,,,
Scenario,2027-06-01,HU,Hungary,P02,A2P Messaging,Upside,Upside,gradient_boosting,12,,3152068.18,,,
Scenario,2026-07-01,HU,Hungary,P03,IPX Roaming & Signalling,Upside,Upside,gradient_boosting,1,,3000984.33,,,
Scenario,2026-08-01,HU,Hungary,P03,IPX Roaming & Signalling,Upside,Upside,gradient_boosting,2,,3150677.42,,,
Scenario,2026-09-01,HU,Hungary,P03,IPX Roaming & Signalling,Upside,Upside,gradient_boosting,3,,2877141.09,,,
Scenario,2026-10-01,HU,Hungary,P03,IPX Roaming & Signalling,Upside,Upside,gradient_boosting,4,,2465108.96,,,
Scenario,2026-11-01,HU,Hungary,P03,IPX Roaming & Signalling,Upside,Upside,gradient_boosting,5,,2598655.88,,,
Scenario,2026-12-01,HU,Hungary,P03,IPX Roaming & Signalling,Upside,Upside,gradient_boosting,6,,2510984.68,,,
Scenario,2027-01-01,HU,Hungary,P03,IPX Roaming & Signalling,Upside,Upside,gradient_boosting,7,,2324885.01,,,
Scenario,2027-02-01,HU,Hungary,P03,IPX Roaming & Signalling,Upside,Upside,gradient_boosting,8,,2386398.9,,,
Scenario,2027-03-01,HU,Hungary,P03,IPX Roaming & Signalling,Upside,Upside,gradient_boosting,9,,2580921.22,,,
Scenario,2027-04-01,HU,Hungary,P03,IPX Roaming & Signalling,Upside,Upside,gradient_boosting,10,,2744278.5,,,
Scenario,2027-05-01,HU,Hungary,P03,IPX Roaming & Signalling,Upside,Upside,gradient_boosting,11,,3165476.84,,,
Scenario,2027-06-01,HU,Hungary,P03,IPX Roaming & Signalling,Upside,Upside,gradient_boosting,12,,3638155.8,,,
Scenario,2026-07-01,HU,Hungary,P04,IP Transit,Upside,Upside,gradient_boosting,1,,709476.96,,,
Scenario,2026-08-01,HU,Hungary,P04,IP Transit,Upside,Upside,gradient_boosting,2,,704968.82,,,
Scenario,2026-09-01,HU,Hungary,P04,IP Transit,Upside,Upside,gradient_boosting,3,,737455.4,,,
Scenario,2026-10-01,HU,Hungary,P04,IP Transit,Upside,Upside,gradient_boosting,4,,748372.69,,,
Scenario,2026-11-01,HU,Hungary,P04,IP Transit,Upside,Upside,gradient_boosting,5,,788962.74,,,
Scenario,2026-12-01,HU,Hungary,P04,IP Transit,Upside,Upside,gradient_boosting,6,,834902.22,,,
Scenario,2027-01-01,HU,Hungary,P04,IP Transit,Upside,Upside,gradient_boosting,7,,846245.91,,,
Scenario,2027-02-01,HU,Hungary,P04,IP Transit,Upside,Upside,gradient_boosting,8,,889454.85,,,
Scenario,2027-03-01,HU,Hungary,P04,IP Transit,Upside,Upside,gradient_boosting,9,,876552.25,,,
Scenario,2027-04-01,HU,Hungary,P04,IP Transit,Upside,Upside,gradient_boosting,10,,860055.33,,,
Scenario,2027-05-01,HU,Hungary,P04,IP Transit,Upside,Upside,gradient_boosting,11,,936692.03,,,
Scenario,2027-06-01,HU,Hungary,P04,IP Transit,Upside,Upside,gradient_boosting,12,,947002.1,,,
Scenario,2026-07-01,HU,Hungary,P05,Ethernet & Capacity Services,Upside,Upside,gradient_boosting,1,,1366786.79,,,
Scenario,2026-08-01,HU,Hungary,P05,Ethernet & Capacity Services,Upside,Upside,gradient_boosting,2,,1422319.67,,,
Scenario,2026-09-01,HU,Hungary,P05,Ethernet & Capacity Services,Upside,Upside,gradient_boosting,3,,1423851.79,,,
Scenario,2026-10-01,HU,Hungary,P05,Ethernet & Capacity Services,Upside,Upside,gradient_boosting,4,,1475104.46,,,
Scenario,2026-11-01,HU,Hungary,P05,Ethernet & Capacity Services,Upside,Upside,gradient_boosting,5,,1448891.95,,,
Scenario,2026-12-01,HU,Hungary,P05,Ethernet & Capacity Services,Upside,Upside,gradient_boosting,6,,1489102.63,,,
Scenario,2027-01-01,HU,Hungary,P05,Ethernet & Capacity Services,Upside,Upside,gradient_boosting,7,,1442575.23,,,
Scenario,2027-02-01,HU,Hungary,P05,Ethernet & Capacity Services,Upside,Upside,gradient_boosting,8,,1574885.93,,,
Scenario,2027-03-01,HU,Hungary,P05,Ethernet & Capacity Services,Upside,Upside,gradient_boosting,9,,1548875.88,,,
Scenario,2027-04-01,HU,Hungary,P05,Ethernet & Capacity Services,Upside,Upside,gradient_boosting,10,,1559116.9,,,
Scenario,2027-05-01,HU,Hungary,P05,Ethernet & Capacity Services,Upside,Upside,gradient_boosting,11,,1666738.51,,,
Scenario,2027-06-01,HU,Hungary,P05,Ethernet & Capacity Services,Upside,Upside,gradient_boosting,12,,1482788.84,,,
Scenario,2026-07-01,HU,Hungary,P06,Cloud Connect,Upside,Upside,gradient_boosting,1,,827034.61,,,
Scenario,2026-08-01,HU,Hungary,P06,Cloud Connect,Upside,Upside,gradient_boosting,2,,848969.01,,,
Scenario,2026-09-01,HU,Hungary,P06,Cloud Connect,Upside,Upside,gradient_boosting,3,,853863.15,,,
Scenario,2026-10-01,HU,Hungary,P06,Cloud Connect,Upside,Upside,gradient_boosting,4,,845901.67,,,
Scenario,2026-11-01,HU,Hungary,P06,Cloud Connect,Upside,Upside,gradient_boosting,5,,884894.57,,,
Scenario,2026-12-01,HU,Hungary,P06,Cloud Connect,Upside,Upside,gradient_boosting,6,,883377.35,,,
Scenario,2027-01-01,HU,Hungary,P06,Cloud Connect,Upside,Upside,gradient_boosting,7,,958559.98,,,
Scenario,2027-02-01,HU,Hungary,P06,Cloud Connect,Upside,Upside,gradient_boosting,8,,974465.87,,,
Scenario,2027-03-01,HU,Hungary,P06,Cloud Connect,Upside,Upside,gradient_boosting,9,,1022486.24,,,
Scenario,2027-04-01,HU,Hungary,P06,Cloud Connect,Upside,Upside,gradient_boosting,10,,1045979.88,,,
Scenario,2027-05-01,HU,Hungary,P06,Cloud Connect,Upside,Upside,gradient_boosting,11,,1099951.53,,,
Scenario,2027-06-01,HU,Hungary,P06,Cloud Connect,Upside,Upside,gradient_boosting,12,,1094415.76,,,
Scenario,2026-07-01,HU,Hungary,P07,Voice Firewall & Anti-Fraud,Upside,Upside,gradient_boosting,1,,1066685.21,,,
Scenario,2026-08-01,HU,Hungary,P07,Voice Firewall & Anti-Fraud,Upside,Upside,gradient_boosting,2,,1090311.79,,,
Scenario,2026-09-01,HU,Hungary,P07,Voice Firewall & Anti-Fraud,Upside,Upside,gradient_boosting,3,,1129397.6,,,
Scenario,2026-10-01,HU,Hungary,P07,Voice Firewall & Anti-Fraud,Upside,Upside,gradient_boosting,4,,1159235.26,,,
Scenario,2026-11-01,HU,Hungary,P07,Voice Firewall & Anti-Fraud,Upside,Upside,gradient_boosting,5,,1218851.37,,,
Scenario,2026-12-01,HU,Hungary,P07,Voice Firewall & Anti-Fraud,Upside,Upside,gradient_boosting,6,,1159775.63,,,
Scenario,2027-01-01,HU,Hungary,P07,Voice Firewall & Anti-Fraud,Upside,Upside,gradient_boosting,7,,1214612.35,,,
Scenario,2027-02-01,HU,Hungary,P07,Voice Firewall & Anti-Fraud,Upside,Upside,gradient_boosting,8,,1319196.25,,,
Scenario,2027-03-01,HU,Hungary,P07,Voice Firewall & Anti-Fraud,Upside,Upside,gradient_boosting,9,,1316332.95,,,
Scenario,2027-04-01,HU,Hungary,P07,Voice Firewall & Anti-Fraud,Upside,Upside,gradient_boosting,10,,1361204.71,,,
Scenario,2027-05-01,HU,Hungary,P07,Voice Firewall & Anti-Fraud,Upside,Upside,gradient_boosting,11,,1451639.05,,,
Scenario,2027-06-01,HU,Hungary,P07,Voice Firewall & Anti-Fraud,Upside,Upside,gradient_boosting,12,,1430653.01,,,
Scenario,2026-07-01,IT,Italy,P01,International Voice Termination,Upside,Upside,gradient_boosting,1,,112634.67,,,
Scenario,2026-08-01,IT,Italy,P01,International Voice Termination,Upside,Upside,gradient_boosting,2,,98264.6,,,
Scenario,2026-09-01,IT,Italy,P01,International Voice Termination,Upside,Upside,gradient_boosting,3,,76293.1,,,
Scenario,2026-10-01,IT,Italy,P01,International Voice Termination,Upside,Upside,gradient_boosting,4,,95122.8,,,
Scenario,2026-11-01,IT,Italy,P01,International Voice Termination,Upside,Upside,gradient_boosting,5,,59022.19,,,
Scenario,2026-12-01,IT,Italy,P01,International Voice Termination,Upside,Upside,gradient_boosting,6,,60266.95,,,
Scenario,2027-01-01,IT,Italy,P01,International Voice Termination,Upside,Upside,gradient_boosting,7,,64218.06,,,
Scenario,2027-02-01,IT,Italy,P01,International Voice Termination,Upside,Upside,gradient_boosting,8,,63215.31,,,
Scenario,2027-03-01,IT,Italy,P01,International Voice Termination,Upside,Upside,gradient_boosting,9,,30157.13,,,
Scenario,2027-04-01,IT,Italy,P01,International Voice Termination,Upside,Upside,gradient_boosting,10,,50412.35,,,
Scenario,2027-05-01,IT,Italy,P01,International Voice Termination,Upside,Upside,gradient_boosting,11,,51529.1,,,
Scenario,2027-06-01,IT,Italy,P01,International Voice Termination,Upside,Upside,gradient_boosting,12,,100338.95,,,
Scenario,2026-07-01,IT,Italy,P02,A2P Messaging,Upside,Upside,gradient_boosting,1,,4386378.4,,,
Scenario,2026-08-01,IT,Italy,P02,A2P Messaging,Upside,Upside,gradient_boosting,2,,4537885.2,,,
Scenario,2026-09-01,IT,Italy,P02,A2P Messaging,Upside,Upside,gradient_boosting,3,,4633375.96,,,
Scenario,2026-10-01,IT,Italy,P02,A2P Messaging,Upside,Upside,gradient_boosting,4,,5188606.16,,,
Scenario,2026-11-01,IT,Italy,P02,A2P Messaging,Upside,Upside,gradient_boosting,5,,6276397.96,,,
Scenario,2026-12-01,IT,Italy,P02,A2P Messaging,Upside,Upside,gradient_boosting,6,,5964047.65,,,
Scenario,2027-01-01,IT,Italy,P02,A2P Messaging,Upside,Upside,gradient_boosting,7,,5045170.77,,,
Scenario,2027-02-01,IT,Italy,P02,A2P Messaging,Upside,Upside,gradient_boosting,8,,5298033.84,,,
Scenario,2027-03-01,IT,Italy,P02,A2P Messaging,Upside,Upside,gradient_boosting,9,,5515764.12,,,
Scenario,2027-04-01,IT,Italy,P02,A2P Messaging,Upside,Upside,gradient_boosting,10,,5545529.93,,,
Scenario,2027-05-01,IT,Italy,P02,A2P Messaging,Upside,Upside,gradient_boosting,11,,5863891.36,,,
Scenario,2027-06-01,IT,Italy,P02,A2P Messaging,Upside,Upside,gradient_boosting,12,,6499180.98,,,
Scenario,2026-07-01,IT,Italy,P03,IPX Roaming & Signalling,Upside,Upside,gradient_boosting,1,,1498413.9,,,
Scenario,2026-08-01,IT,Italy,P03,IPX Roaming & Signalling,Upside,Upside,gradient_boosting,2,,1603418.7,,,
Scenario,2026-09-01,IT,Italy,P03,IPX Roaming & Signalling,Upside,Upside,gradient_boosting,3,,1294871.53,,,
Scenario,2026-10-01,IT,Italy,P03,IPX Roaming & Signalling,Upside,Upside,gradient_boosting,4,,1297399.82,,,
Scenario,2026-11-01,IT,Italy,P03,IPX Roaming & Signalling,Upside,Upside,gradient_boosting,5,,1275089.5,,,
Scenario,2026-12-01,IT,Italy,P03,IPX Roaming & Signalling,Upside,Upside,gradient_boosting,6,,1262208.51,,,
Scenario,2027-01-01,IT,Italy,P03,IPX Roaming & Signalling,Upside,Upside,gradient_boosting,7,,1189396.59,,,
Scenario,2027-02-01,IT,Italy,P03,IPX Roaming & Signalling,Upside,Upside,gradient_boosting,8,,1208633.86,,,
Scenario,2027-03-01,IT,Italy,P03,IPX Roaming & Signalling,Upside,Upside,gradient_boosting,9,,1228256.43,,,
Scenario,2027-04-01,IT,Italy,P03,IPX Roaming & Signalling,Upside,Upside,gradient_boosting,10,,1335073.97,,,
Scenario,2027-05-01,IT,Italy,P03,IPX Roaming & Signalling,Upside,Upside,gradient_boosting,11,,1553663.83,,,
Scenario,2027-06-01,IT,Italy,P03,IPX Roaming & Signalling,Upside,Upside,gradient_boosting,12,,1740773.36,,,
Scenario,2026-07-01,IT,Italy,P04,IP Transit,Upside,Upside,gradient_boosting,1,,1582264.29,,,
Scenario,2026-08-01,IT,Italy,P04,IP Transit,Upside,Upside,gradient_boosting,2,,1655065.82,,,
Scenario,2026-09-01,IT,Italy,P04,IP Transit,Upside,Upside,gradient_boosting,3,,1631545.38,,,
Scenario,2026-10-01,IT,Italy,P04,IP Transit,Upside,Upside,gradient_boosting,4,,1702323.69,,,
Scenario,2026-11-01,IT,Italy,P04,IP Transit,Upside,Upside,gradient_boosting,5,,1660341.12,,,
Scenario,2026-12-01,IT,Italy,P04,IP Transit,Upside,Upside,gradient_boosting,6,,1777986.72,,,
Scenario,2027-01-01,IT,Italy,P04,IP Transit,Upside,Upside,gradient_boosting,7,,1741391.57,,,
Scenario,2027-02-01,IT,Italy,P04,IP Transit,Upside,Upside,gradient_boosting,8,,1726676.63,,,
Scenario,2027-03-01,IT,Italy,P04,IP Transit,Upside,Upside,gradient_boosting,9,,1949034.36,,,
Scenario,2027-04-01,IT,Italy,P04,IP Transit,Upside,Upside,gradient_boosting,10,,1853165.05,,,
Scenario,2027-05-01,IT,Italy,P04,IP Transit,Upside,Upside,gradient_boosting,11,,2086621.86,,,
Scenario,2027-06-01,IT,Italy,P04,IP Transit,Upside,Upside,gradient_boosting,12,,2340843.38,,,
Scenario,2026-07-01,IT,Italy,P05,Ethernet & Capacity Services,Upside,Upside,gradient_boosting,1,,6087329.25,,,
Scenario,2026-08-01,IT,Italy,P05,Ethernet & Capacity Services,Upside,Upside,gradient_boosting,2,,6054802.05,,,
Scenario,2026-09-01,IT,Italy,P05,Ethernet & Capacity Services,Upside,Upside,gradient_boosting,3,,6060336.6,,,
Scenario,2026-10-01,IT,Italy,P05,Ethernet & Capacity Services,Upside,Upside,gradient_boosting,4,,6056796.99,,,
Scenario,2026-11-01,IT,Italy,P05,Ethernet & Capacity Services,Upside,Upside,gradient_boosting,5,,6217976.63,,,
Scenario,2026-12-01,IT,Italy,P05,Ethernet & Capacity Services,Upside,Upside,gradient_boosting,6,,5988561.57,,,
Scenario,2027-01-01,IT,Italy,P05,Ethernet & Capacity Services,Upside,Upside,gradient_boosting,7,,6112426.66,,,
Scenario,2027-02-01,IT,Italy,P05,Ethernet & Capacity Services,Upside,Upside,gradient_boosting,8,,6088348.9,,,
Scenario,2027-03-01,IT,Italy,P05,Ethernet & Capacity Services,Upside,Upside,gradient_boosting,9,,6258977.31,,,
Scenario,2027-04-01,IT,Italy,P05,Ethernet & Capacity Services,Upside,Upside,gradient_boosting,10,,6236202.1,,,
Scenario,2027-05-01,IT,Italy,P05,Ethernet & Capacity Services,Upside,Upside,gradient_boosting,11,,6232133.66,,,
Scenario,2027-06-01,IT,Italy,P05,Ethernet & Capacity Services,Upside,Upside,gradient_boosting,12,,6254065.68,,,
Scenario,2026-07-01,IT,Italy,P06,Cloud Connect,Upside,Upside,gradient_boosting,1,,3343326.94,,,
Scenario,2026-08-01,IT,Italy,P06,Cloud Connect,Upside,Upside,gradient_boosting,2,,3494957.37,,,
Scenario,2026-09-01,IT,Italy,P06,Cloud Connect,Upside,Upside,gradient_boosting,3,,3452478.08,,,
Scenario,2026-10-01,IT,Italy,P06,Cloud Connect,Upside,Upside,gradient_boosting,4,,3517074.41,,,
Scenario,2026-11-01,IT,Italy,P06,Cloud Connect,Upside,Upside,gradient_boosting,5,,3655039.2,,,
Scenario,2026-12-01,IT,Italy,P06,Cloud Connect,Upside,Upside,gradient_boosting,6,,3749580.49,,,
Scenario,2027-01-01,IT,Italy,P06,Cloud Connect,Upside,Upside,gradient_boosting,7,,3715375.42,,,
Scenario,2027-02-01,IT,Italy,P06,Cloud Connect,Upside,Upside,gradient_boosting,8,,3649376.24,,,
Scenario,2027-03-01,IT,Italy,P06,Cloud Connect,Upside,Upside,gradient_boosting,9,,3942414.62,,,
Scenario,2027-04-01,IT,Italy,P06,Cloud Connect,Upside,Upside,gradient_boosting,10,,4047141.38,,,
Scenario,2027-05-01,IT,Italy,P06,Cloud Connect,Upside,Upside,gradient_boosting,11,,3953823.96,,,
Scenario,2027-06-01,IT,Italy,P06,Cloud Connect,Upside,Upside,gradient_boosting,12,,4947584.99,,,
Scenario,2026-07-01,IT,Italy,P07,Voice Firewall & Anti-Fraud,Upside,Upside,gradient_boosting,1,,526136.21,,,
Scenario,2026-08-01,IT,Italy,P07,Voice Firewall & Anti-Fraud,Upside,Upside,gradient_boosting,2,,547399.71,,,
Scenario,2026-09-01,IT,Italy,P07,Voice Firewall & Anti-Fraud,Upside,Upside,gradient_boosting,3,,566001.47,,,
Scenario,2026-10-01,IT,Italy,P07,Voice Firewall & Anti-Fraud,Upside,Upside,gradient_boosting,4,,599990.54,,,
Scenario,2026-11-01,IT,Italy,P07,Voice Firewall & Anti-Fraud,Upside,Upside,gradient_boosting,5,,597990.99,,,
Scenario,2026-12-01,IT,Italy,P07,Voice Firewall & Anti-Fraud,Upside,Upside,gradient_boosting,6,,635601.94,,,
Scenario,2027-01-01,IT,Italy,P07,Voice Firewall & Anti-Fraud,Upside,Upside,gradient_boosting,7,,602162.59,,,
Scenario,2027-02-01,IT,Italy,P07,Voice Firewall & Anti-Fraud,Upside,Upside,gradient_boosting,8,,698364.13,,,
Scenario,2027-03-01,IT,Italy,P07,Voice Firewall & Anti-Fraud,Upside,Upside,gradient_boosting,9,,586802.36,,,
Scenario,2027-04-01,IT,Italy,P07,Voice Firewall & Anti-Fraud,Upside,Upside,gradient_boosting,10,,524961.71,,,
Scenario,2027-05-01,IT,Italy,P07,Voice Firewall & Anti-Fraud,Upside,Upside,gradient_boosting,11,,670855.86,,,
Scenario,2027-06-01,IT,Italy,P07,Voice Firewall & Anti-Fraud,Upside,Upside,gradient_boosting,12,,683337.36,,,
Scenario,2026-07-01,NL,Netherlands,P01,International Voice Termination,Upside,Upside,gradient_boosting,1,,1191705.28,,,
Scenario,2026-08-01,NL,Netherlands,P01,International Voice Termination,Upside,Upside,gradient_boosting,2,,1197700.56,,,
Scenario,2026-09-01,NL,Netherlands,P01,International Voice Termination,Upside,Upside,gradient_boosting,3,,1290988.2,,,
Scenario,2026-10-01,NL,Netherlands,P01,International Voice Termination,Upside,Upside,gradient_boosting,4,,1024728.29,,,
Scenario,2026-11-01,NL,Netherlands,P01,International Voice Termination,Upside,Upside,gradient_boosting,5,,1453812.35,,,
Scenario,2026-12-01,NL,Netherlands,P01,International Voice Termination,Upside,Upside,gradient_boosting,6,,1563398.05,,,
Scenario,2027-01-01,NL,Netherlands,P01,International Voice Termination,Upside,Upside,gradient_boosting,7,,1717140.53,,,
Scenario,2027-02-01,NL,Netherlands,P01,International Voice Termination,Upside,Upside,gradient_boosting,8,,1408458.39,,,
Scenario,2027-03-01,NL,Netherlands,P01,International Voice Termination,Upside,Upside,gradient_boosting,9,,1527255.27,,,
Scenario,2027-04-01,NL,Netherlands,P01,International Voice Termination,Upside,Upside,gradient_boosting,10,,1180992.71,,,
Scenario,2027-05-01,NL,Netherlands,P01,International Voice Termination,Upside,Upside,gradient_boosting,11,,1542264.13,,,
Scenario,2027-06-01,NL,Netherlands,P01,International Voice Termination,Upside,Upside,gradient_boosting,12,,1320002.43,,,
Scenario,2026-07-01,NL,Netherlands,P02,A2P Messaging,Upside,Upside,gradient_boosting,1,,9587969.91,,,
Scenario,2026-08-01,NL,Netherlands,P02,A2P Messaging,Upside,Upside,gradient_boosting,2,,10034338.13,,,
Scenario,2026-09-01,NL,Netherlands,P02,A2P Messaging,Upside,Upside,gradient_boosting,3,,11242774.57,,,
Scenario,2026-10-01,NL,Netherlands,P02,A2P Messaging,Upside,Upside,gradient_boosting,4,,11667309.3,,,
Scenario,2026-11-01,NL,Netherlands,P02,A2P Messaging,Upside,Upside,gradient_boosting,5,,14032995.77,,,
Scenario,2026-12-01,NL,Netherlands,P02,A2P Messaging,Upside,Upside,gradient_boosting,6,,13009992.99,,,
Scenario,2027-01-01,NL,Netherlands,P02,A2P Messaging,Upside,Upside,gradient_boosting,7,,10227991.96,,,
Scenario,2027-02-01,NL,Netherlands,P02,A2P Messaging,Upside,Upside,gradient_boosting,8,,11321589.55,,,
Scenario,2027-03-01,NL,Netherlands,P02,A2P Messaging,Upside,Upside,gradient_boosting,9,,12250258.18,,,
Scenario,2027-04-01,NL,Netherlands,P02,A2P Messaging,Upside,Upside,gradient_boosting,10,,12089777.02,,,
Scenario,2027-05-01,NL,Netherlands,P02,A2P Messaging,Upside,Upside,gradient_boosting,11,,12634015.99,,,
Scenario,2027-06-01,NL,Netherlands,P02,A2P Messaging,Upside,Upside,gradient_boosting,12,,12968175.93,,,
Scenario,2026-07-01,NL,Netherlands,P03,IPX Roaming & Signalling,Upside,Upside,gradient_boosting,1,,9093974.6,,,
Scenario,2026-08-01,NL,Netherlands,P03,IPX Roaming & Signalling,Upside,Upside,gradient_boosting,2,,9942176.47,,,
Scenario,2026-09-01,NL,Netherlands,P03,IPX Roaming & Signalling,Upside,Upside,gradient_boosting,3,,7108086.26,,,
Scenario,2026-10-01,NL,Netherlands,P03,IPX Roaming & Signalling,Upside,Upside,gradient_boosting,4,,6075082.53,,,
Scenario,2026-11-01,NL,Netherlands,P03,IPX Roaming & Signalling,Upside,Upside,gradient_boosting,5,,5920204.04,,,
Scenario,2026-12-01,NL,Netherlands,P03,IPX Roaming & Signalling,Upside,Upside,gradient_boosting,6,,6337238.89,,,
Scenario,2027-01-01,NL,Netherlands,P03,IPX Roaming & Signalling,Upside,Upside,gradient_boosting,7,,5635281.33,,,
Scenario,2027-02-01,NL,Netherlands,P03,IPX Roaming & Signalling,Upside,Upside,gradient_boosting,8,,5638061.05,,,
Scenario,2027-03-01,NL,Netherlands,P03,IPX Roaming & Signalling,Upside,Upside,gradient_boosting,9,,6388399.38,,,
Scenario,2027-04-01,NL,Netherlands,P03,IPX Roaming & Signalling,Upside,Upside,gradient_boosting,10,,6914242.73,,,
Scenario,2027-05-01,NL,Netherlands,P03,IPX Roaming & Signalling,Upside,Upside,gradient_boosting,11,,8420914.2,,,
Scenario,2027-06-01,NL,Netherlands,P03,IPX Roaming & Signalling,Upside,Upside,gradient_boosting,12,,9582923.42,,,
Scenario,2026-07-01,NL,Netherlands,P04,IP Transit,Upside,Upside,gradient_boosting,1,,1532344.5,,,
Scenario,2026-08-01,NL,Netherlands,P04,IP Transit,Upside,Upside,gradient_boosting,2,,1597739.67,,,
Scenario,2026-09-01,NL,Netherlands,P04,IP Transit,Upside,Upside,gradient_boosting,3,,1627570.57,,,
Scenario,2026-10-01,NL,Netherlands,P04,IP Transit,Upside,Upside,gradient_boosting,4,,1661604.74,,,
Scenario,2026-11-01,NL,Netherlands,P04,IP Transit,Upside,Upside,gradient_boosting,5,,1591635.6,,,
Scenario,2026-12-01,NL,Netherlands,P04,IP Transit,Upside,Upside,gradient_boosting,6,,1738228.74,,,
Scenario,2027-01-01,NL,Netherlands,P04,IP Transit,Upside,Upside,gradient_boosting,7,,1720238.05,,,
Scenario,2027-02-01,NL,Netherlands,P04,IP Transit,Upside,Upside,gradient_boosting,8,,1487112.84,,,
Scenario,2027-03-01,NL,Netherlands,P04,IP Transit,Upside,Upside,gradient_boosting,9,,1939730.73,,,
Scenario,2027-04-01,NL,Netherlands,P04,IP Transit,Upside,Upside,gradient_boosting,10,,1979940.63,,,
Scenario,2027-05-01,NL,Netherlands,P04,IP Transit,Upside,Upside,gradient_boosting,11,,1968076.47,,,
Scenario,2027-06-01,NL,Netherlands,P04,IP Transit,Upside,Upside,gradient_boosting,12,,2034196.29,,,
Scenario,2026-07-01,NL,Netherlands,P05,Ethernet & Capacity Services,Upside,Upside,gradient_boosting,1,,2537633.13,,,
Scenario,2026-08-01,NL,Netherlands,P05,Ethernet & Capacity Services,Upside,Upside,gradient_boosting,2,,2587843.02,,,
Scenario,2026-09-01,NL,Netherlands,P05,Ethernet & Capacity Services,Upside,Upside,gradient_boosting,3,,2593627.65,,,
Scenario,2026-10-01,NL,Netherlands,P05,Ethernet & Capacity Services,Upside,Upside,gradient_boosting,4,,2623786.1,,,
Scenario,2026-11-01,NL,Netherlands,P05,Ethernet & Capacity Services,Upside,Upside,gradient_boosting,5,,2736490.67,,,
Scenario,2026-12-01,NL,Netherlands,P05,Ethernet & Capacity Services,Upside,Upside,gradient_boosting,6,,2659207.47,,,
Scenario,2027-01-01,NL,Netherlands,P05,Ethernet & Capacity Services,Upside,Upside,gradient_boosting,7,,2608408.82,,,
Scenario,2027-02-01,NL,Netherlands,P05,Ethernet & Capacity Services,Upside,Upside,gradient_boosting,8,,2639518.16,,,
Scenario,2027-03-01,NL,Netherlands,P05,Ethernet & Capacity Services,Upside,Upside,gradient_boosting,9,,2579778.92,,,
Scenario,2027-04-01,NL,Netherlands,P05,Ethernet & Capacity Services,Upside,Upside,gradient_boosting,10,,2641539.13,,,
Scenario,2027-05-01,NL,Netherlands,P05,Ethernet & Capacity Services,Upside,Upside,gradient_boosting,11,,2731692.18,,,
Scenario,2027-06-01,NL,Netherlands,P05,Ethernet & Capacity Services,Upside,Upside,gradient_boosting,12,,2717221.24,,,
Scenario,2026-07-01,NL,Netherlands,P06,Cloud Connect,Upside,Upside,gradient_boosting,1,,167161.57,,,
Scenario,2026-08-01,NL,Netherlands,P06,Cloud Connect,Upside,Upside,gradient_boosting,2,,170475.47,,,
Scenario,2026-09-01,NL,Netherlands,P06,Cloud Connect,Upside,Upside,gradient_boosting,3,,185324.31,,,
Scenario,2026-10-01,NL,Netherlands,P06,Cloud Connect,Upside,Upside,gradient_boosting,4,,157493.65,,,
Scenario,2026-11-01,NL,Netherlands,P06,Cloud Connect,Upside,Upside,gradient_boosting,5,,153867.97,,,
Scenario,2026-12-01,NL,Netherlands,P06,Cloud Connect,Upside,Upside,gradient_boosting,6,,132063.77,,,
Scenario,2027-01-01,NL,Netherlands,P06,Cloud Connect,Upside,Upside,gradient_boosting,7,,145123.19,,,
Scenario,2027-02-01,NL,Netherlands,P06,Cloud Connect,Upside,Upside,gradient_boosting,8,,151150.94,,,
Scenario,2027-03-01,NL,Netherlands,P06,Cloud Connect,Upside,Upside,gradient_boosting,9,,129211.29,,,
Scenario,2027-04-01,NL,Netherlands,P06,Cloud Connect,Upside,Upside,gradient_boosting,10,,179808.06,,,
Scenario,2027-05-01,NL,Netherlands,P06,Cloud Connect,Upside,Upside,gradient_boosting,11,,176494.89,,,
Scenario,2027-06-01,NL,Netherlands,P06,Cloud Connect,Upside,Upside,gradient_boosting,12,,140496.72,,,
Scenario,2026-07-01,NL,Netherlands,P07,Voice Firewall & Anti-Fraud,Upside,Upside,gradient_boosting,1,,2473410.45,,,
Scenario,2026-08-01,NL,Netherlands,P07,Voice Firewall & Anti-Fraud,Upside,Upside,gradient_boosting,2,,2573090.38,,,
Scenario,2026-09-01,NL,Netherlands,P07,Voice Firewall & Anti-Fraud,Upside,Upside,gradient_boosting,3,,2598987.72,,,
Scenario,2026-10-01,NL,Netherlands,P07,Voice Firewall & Anti-Fraud,Upside,Upside,gradient_boosting,4,,2613209.41,,,
Scenario,2026-11-01,NL,Netherlands,P07,Voice Firewall & Anti-Fraud,Upside,Upside,gradient_boosting,5,,2731375.99,,,
Scenario,2026-12-01,NL,Netherlands,P07,Voice Firewall & Anti-Fraud,Upside,Upside,gradient_boosting,6,,2668986.64,,,
Scenario,2027-01-01,NL,Netherlands,P07,Voice Firewall & Anti-Fraud,Upside,Upside,gradient_boosting,7,,2661362.23,,,
Scenario,2027-02-01,NL,Netherlands,P07,Voice Firewall & Anti-Fraud,Upside,Upside,gradient_boosting,8,,2735609.99,,,
Scenario,2027-03-01,NL,Netherlands,P07,Voice Firewall & Anti-Fraud,Upside,Upside,gradient_boosting,9,,2831697.23,,,
Scenario,2027-04-01,NL,Netherlands,P07,Voice Firewall & Anti-Fraud,Upside,Upside,gradient_boosting,10,,2845659.13,,,
Scenario,2027-05-01,NL,Netherlands,P07,Voice Firewall & Anti-Fraud,Upside,Upside,gradient_boosting,11,,3001510.44,,,
Scenario,2027-06-01,NL,Netherlands,P07,Voice Firewall & Anti-Fraud,Upside,Upside,gradient_boosting,12,,3032654.91,,,
Scenario,2026-07-01,PL,Poland,P01,International Voice Termination,Upside,Upside,gradient_boosting,1,,1328409.37,,,
Scenario,2026-08-01,PL,Poland,P01,International Voice Termination,Upside,Upside,gradient_boosting,2,,1153360.11,,,
Scenario,2026-09-01,PL,Poland,P01,International Voice Termination,Upside,Upside,gradient_boosting,3,,1391622.16,,,
Scenario,2026-10-01,PL,Poland,P01,International Voice Termination,Upside,Upside,gradient_boosting,4,,1680463.25,,,
Scenario,2026-11-01,PL,Poland,P01,International Voice Termination,Upside,Upside,gradient_boosting,5,,1593423.99,,,
Scenario,2026-12-01,PL,Poland,P01,International Voice Termination,Upside,Upside,gradient_boosting,6,,1345382.38,,,
Scenario,2027-01-01,PL,Poland,P01,International Voice Termination,Upside,Upside,gradient_boosting,7,,1381334.23,,,
Scenario,2027-02-01,PL,Poland,P01,International Voice Termination,Upside,Upside,gradient_boosting,8,,1334396.92,,,
Scenario,2027-03-01,PL,Poland,P01,International Voice Termination,Upside,Upside,gradient_boosting,9,,1337184.85,,,
Scenario,2027-04-01,PL,Poland,P01,International Voice Termination,Upside,Upside,gradient_boosting,10,,1405621.27,,,
Scenario,2027-05-01,PL,Poland,P01,International Voice Termination,Upside,Upside,gradient_boosting,11,,1475641.63,,,
Scenario,2027-06-01,PL,Poland,P01,International Voice Termination,Upside,Upside,gradient_boosting,12,,1330109.72,,,
Scenario,2026-07-01,PL,Poland,P02,A2P Messaging,Upside,Upside,gradient_boosting,1,,6043353.85,,,
Scenario,2026-08-01,PL,Poland,P02,A2P Messaging,Upside,Upside,gradient_boosting,2,,5269362.64,,,
Scenario,2026-09-01,PL,Poland,P02,A2P Messaging,Upside,Upside,gradient_boosting,3,,6612872.25,,,
Scenario,2026-10-01,PL,Poland,P02,A2P Messaging,Upside,Upside,gradient_boosting,4,,7452350.01,,,
Scenario,2026-11-01,PL,Poland,P02,A2P Messaging,Upside,Upside,gradient_boosting,5,,9765502.51,,,
Scenario,2026-12-01,PL,Poland,P02,A2P Messaging,Upside,Upside,gradient_boosting,6,,9386907.06,,,
Scenario,2027-01-01,PL,Poland,P02,A2P Messaging,Upside,Upside,gradient_boosting,7,,7223472.1,,,
Scenario,2027-02-01,PL,Poland,P02,A2P Messaging,Upside,Upside,gradient_boosting,8,,7280817.04,,,
Scenario,2027-03-01,PL,Poland,P02,A2P Messaging,Upside,Upside,gradient_boosting,9,,8409518.43,,,
Scenario,2027-04-01,PL,Poland,P02,A2P Messaging,Upside,Upside,gradient_boosting,10,,8693575.15,,,
Scenario,2027-05-01,PL,Poland,P02,A2P Messaging,Upside,Upside,gradient_boosting,11,,8597555.08,,,
Scenario,2027-06-01,PL,Poland,P02,A2P Messaging,Upside,Upside,gradient_boosting,12,,8721466.63,,,
Scenario,2026-07-01,PL,Poland,P03,IPX Roaming & Signalling,Upside,Upside,gradient_boosting,1,,5702359.63,,,
Scenario,2026-08-01,PL,Poland,P03,IPX Roaming & Signalling,Upside,Upside,gradient_boosting,2,,6239053.0,,,
Scenario,2026-09-01,PL,Poland,P03,IPX Roaming & Signalling,Upside,Upside,gradient_boosting,3,,5191462.22,,,
Scenario,2026-10-01,PL,Poland,P03,IPX Roaming & Signalling,Upside,Upside,gradient_boosting,4,,4615364.44,,,
Scenario,2026-11-01,PL,Poland,P03,IPX Roaming & Signalling,Upside,Upside,gradient_boosting,5,,4536456.04,,,
Scenario,2026-12-01,PL,Poland,P03,IPX Roaming & Signalling,Upside,Upside,gradient_boosting,6,,4602893.27,,,
Scenario,2027-01-01,PL,Poland,P03,IPX Roaming & Signalling,Upside,Upside,gradient_boosting,7,,3768652.93,,,
Scenario,2027-02-01,PL,Poland,P03,IPX Roaming & Signalling,Upside,Upside,gradient_boosting,8,,3981246.46,,,
Scenario,2027-03-01,PL,Poland,P03,IPX Roaming & Signalling,Upside,Upside,gradient_boosting,9,,4972148.79,,,
Scenario,2027-04-01,PL,Poland,P03,IPX Roaming & Signalling,Upside,Upside,gradient_boosting,10,,5800332.32,,,
Scenario,2027-05-01,PL,Poland,P03,IPX Roaming & Signalling,Upside,Upside,gradient_boosting,11,,6659442.91,,,
Scenario,2027-06-01,PL,Poland,P03,IPX Roaming & Signalling,Upside,Upside,gradient_boosting,12,,6890054.59,,,
Scenario,2026-07-01,PL,Poland,P04,IP Transit,Upside,Upside,gradient_boosting,1,,1709388.05,,,
Scenario,2026-08-01,PL,Poland,P04,IP Transit,Upside,Upside,gradient_boosting,2,,1797883.99,,,
Scenario,2026-09-01,PL,Poland,P04,IP Transit,Upside,Upside,gradient_boosting,3,,1826593.61,,,
Scenario,2026-10-01,PL,Poland,P04,IP Transit,Upside,Upside,gradient_boosting,4,,1878816.38,,,
Scenario,2026-11-01,PL,Poland,P04,IP Transit,Upside,Upside,gradient_boosting,5,,1964082.51,,,
Scenario,2026-12-01,PL,Poland,P04,IP Transit,Upside,Upside,gradient_boosting,6,,1981094.81,,,
Scenario,2027-01-01,PL,Poland,P04,IP Transit,Upside,Upside,gradient_boosting,7,,2018688.96,,,
Scenario,2027-02-01,PL,Poland,P04,IP Transit,Upside,Upside,gradient_boosting,8,,2014204.98,,,
Scenario,2027-03-01,PL,Poland,P04,IP Transit,Upside,Upside,gradient_boosting,9,,2130079.49,,,
Scenario,2027-04-01,PL,Poland,P04,IP Transit,Upside,Upside,gradient_boosting,10,,2101185.29,,,
Scenario,2027-05-01,PL,Poland,P04,IP Transit,Upside,Upside,gradient_boosting,11,,2260194.09,,,
Scenario,2027-06-01,PL,Poland,P04,IP Transit,Upside,Upside,gradient_boosting,12,,2389190.87,,,
Scenario,2026-07-01,PL,Poland,P05,Ethernet & Capacity Services,Upside,Upside,gradient_boosting,1,,3590939.61,,,
Scenario,2026-08-01,PL,Poland,P05,Ethernet & Capacity Services,Upside,Upside,gradient_boosting,2,,3662919.9,,,
Scenario,2026-09-01,PL,Poland,P05,Ethernet & Capacity Services,Upside,Upside,gradient_boosting,3,,3799429.17,,,
Scenario,2026-10-01,PL,Poland,P05,Ethernet & Capacity Services,Upside,Upside,gradient_boosting,4,,3793332.6,,,
Scenario,2026-11-01,PL,Poland,P05,Ethernet & Capacity Services,Upside,Upside,gradient_boosting,5,,3922255.18,,,
Scenario,2026-12-01,PL,Poland,P05,Ethernet & Capacity Services,Upside,Upside,gradient_boosting,6,,3749943.02,,,
Scenario,2027-01-01,PL,Poland,P05,Ethernet & Capacity Services,Upside,Upside,gradient_boosting,7,,3723056.6,,,
Scenario,2027-02-01,PL,Poland,P05,Ethernet & Capacity Services,Upside,Upside,gradient_boosting,8,,4058006.03,,,
Scenario,2027-03-01,PL,Poland,P05,Ethernet & Capacity Services,Upside,Upside,gradient_boosting,9,,4123623.19,,,
Scenario,2027-04-01,PL,Poland,P05,Ethernet & Capacity Services,Upside,Upside,gradient_boosting,10,,4045150.47,,,
Scenario,2027-05-01,PL,Poland,P05,Ethernet & Capacity Services,Upside,Upside,gradient_boosting,11,,4544824.93,,,
Scenario,2027-06-01,PL,Poland,P05,Ethernet & Capacity Services,Upside,Upside,gradient_boosting,12,,4412421.73,,,
Scenario,2026-07-01,PL,Poland,P06,Cloud Connect,Upside,Upside,gradient_boosting,1,,114463.15,,,
Scenario,2026-08-01,PL,Poland,P06,Cloud Connect,Upside,Upside,gradient_boosting,2,,112435.3,,,
Scenario,2026-09-01,PL,Poland,P06,Cloud Connect,Upside,Upside,gradient_boosting,3,,122096.86,,,
Scenario,2026-10-01,PL,Poland,P06,Cloud Connect,Upside,Upside,gradient_boosting,4,,113061.79,,,
Scenario,2026-11-01,PL,Poland,P06,Cloud Connect,Upside,Upside,gradient_boosting,5,,131619.69,,,
Scenario,2026-12-01,PL,Poland,P06,Cloud Connect,Upside,Upside,gradient_boosting,6,,146979.09,,,
Scenario,2027-01-01,PL,Poland,P06,Cloud Connect,Upside,Upside,gradient_boosting,7,,150784.7,,,
Scenario,2027-02-01,PL,Poland,P06,Cloud Connect,Upside,Upside,gradient_boosting,8,,151701.67,,,
Scenario,2027-03-01,PL,Poland,P06,Cloud Connect,Upside,Upside,gradient_boosting,9,,153244.51,,,
Scenario,2027-04-01,PL,Poland,P06,Cloud Connect,Upside,Upside,gradient_boosting,10,,157726.37,,,
Scenario,2027-05-01,PL,Poland,P06,Cloud Connect,Upside,Upside,gradient_boosting,11,,173483.11,,,
Scenario,2027-06-01,PL,Poland,P06,Cloud Connect,Upside,Upside,gradient_boosting,12,,168598.81,,,
Scenario,2026-07-01,PL,Poland,P07,Voice Firewall & Anti-Fraud,Upside,Upside,gradient_boosting,1,,1174863.81,,,
Scenario,2026-08-01,PL,Poland,P07,Voice Firewall & Anti-Fraud,Upside,Upside,gradient_boosting,2,,1245800.6,,,
Scenario,2026-09-01,PL,Poland,P07,Voice Firewall & Anti-Fraud,Upside,Upside,gradient_boosting,3,,1255470.93,,,
Scenario,2026-10-01,PL,Poland,P07,Voice Firewall & Anti-Fraud,Upside,Upside,gradient_boosting,4,,1263283.15,,,
Scenario,2026-11-01,PL,Poland,P07,Voice Firewall & Anti-Fraud,Upside,Upside,gradient_boosting,5,,1248992.99,,,
Scenario,2026-12-01,PL,Poland,P07,Voice Firewall & Anti-Fraud,Upside,Upside,gradient_boosting,6,,1312232.86,,,
Scenario,2027-01-01,PL,Poland,P07,Voice Firewall & Anti-Fraud,Upside,Upside,gradient_boosting,7,,1361213.08,,,
Scenario,2027-02-01,PL,Poland,P07,Voice Firewall & Anti-Fraud,Upside,Upside,gradient_boosting,8,,1463666.09,,,
Scenario,2027-03-01,PL,Poland,P07,Voice Firewall & Anti-Fraud,Upside,Upside,gradient_boosting,9,,1436751.49,,,
Scenario,2027-04-01,PL,Poland,P07,Voice Firewall & Anti-Fraud,Upside,Upside,gradient_boosting,10,,1485965.28,,,
Scenario,2027-05-01,PL,Poland,P07,Voice Firewall & Anti-Fraud,Upside,Upside,gradient_boosting,11,,1498034.92,,,
Scenario,2027-06-01,PL,Poland,P07,Voice Firewall & Anti-Fraud,Upside,Upside,gradient_boosting,12,,1474761.48,,,
Scenario,2026-07-01,RO,Romania,P01,International Voice Termination,Upside,Upside,gradient_boosting,1,,0.04,,,
Scenario,2026-08-01,RO,Romania,P01,International Voice Termination,Upside,Upside,gradient_boosting,2,,0.08,,,
Scenario,2026-09-01,RO,Romania,P01,International Voice Termination,Upside,Upside,gradient_boosting,3,,0.0,,,
Scenario,2026-10-01,RO,Romania,P01,International Voice Termination,Upside,Upside,gradient_boosting,4,,0.1,,,
Scenario,2026-11-01,RO,Romania,P01,International Voice Termination,Upside,Upside,gradient_boosting,5,,0.04,,,
Scenario,2026-12-01,RO,Romania,P01,International Voice Termination,Upside,Upside,gradient_boosting,6,,0.0,,,
Scenario,2027-01-01,RO,Romania,P01,International Voice Termination,Upside,Upside,gradient_boosting,7,,0.04,,,
Scenario,2027-02-01,RO,Romania,P01,International Voice Termination,Upside,Upside,gradient_boosting,8,,0.03,,,
Scenario,2027-03-01,RO,Romania,P01,International Voice Termination,Upside,Upside,gradient_boosting,9,,0.09,,,
Scenario,2027-04-01,RO,Romania,P01,International Voice Termination,Upside,Upside,gradient_boosting,10,,0.04,,,
Scenario,2027-05-01,RO,Romania,P01,International Voice Termination,Upside,Upside,gradient_boosting,11,,0.0,,,
Scenario,2027-06-01,RO,Romania,P01,International Voice Termination,Upside,Upside,gradient_boosting,12,,0.11,,,
Scenario,2026-07-01,RO,Romania,P03,IPX Roaming & Signalling,Upside,Upside,gradient_boosting,1,,1302482.4,,,
Scenario,2026-08-01,RO,Romania,P03,IPX Roaming & Signalling,Upside,Upside,gradient_boosting,2,,1267926.57,,,
Scenario,2026-09-01,RO,Romania,P03,IPX Roaming & Signalling,Upside,Upside,gradient_boosting,3,,1123066.1,,,
Scenario,2026-10-01,RO,Romania,P03,IPX Roaming & Signalling,Upside,Upside,gradient_boosting,4,,1136061.18,,,
Scenario,2026-11-01,RO,Romania,P03,IPX Roaming & Signalling,Upside,Upside,gradient_boosting,5,,1055693.03,,,
Scenario,2026-12-01,RO,Romania,P03,IPX Roaming & Signalling,Upside,Upside,gradient_boosting,6,,1033737.63,,,
Scenario,2027-01-01,RO,Romania,P03,IPX Roaming & Signalling,Upside,Upside,gradient_boosting,7,,953965.38,,,
Scenario,2027-02-01,RO,Romania,P03,IPX Roaming & Signalling,Upside,Upside,gradient_boosting,8,,972342.84,,,
Scenario,2027-03-01,RO,Romania,P03,IPX Roaming & Signalling,Upside,Upside,gradient_boosting,9,,1057887.52,,,
Scenario,2027-04-01,RO,Romania,P03,IPX Roaming & Signalling,Upside,Upside,gradient_boosting,10,,1111806.27,,,
Scenario,2027-05-01,RO,Romania,P03,IPX Roaming & Signalling,Upside,Upside,gradient_boosting,11,,1195724.24,,,
Scenario,2027-06-01,RO,Romania,P03,IPX Roaming & Signalling,Upside,Upside,gradient_boosting,12,,1316545.67,,,
Scenario,2026-07-01,RO,Romania,P05,Ethernet & Capacity Services,Upside,Upside,gradient_boosting,1,,1355765.17,,,
Scenario,2026-08-01,RO,Romania,P05,Ethernet & Capacity Services,Upside,Upside,gradient_boosting,2,,1402437.04,,,
Scenario,2026-09-01,RO,Romania,P05,Ethernet & Capacity Services,Upside,Upside,gradient_boosting,3,,1399872.45,,,
Scenario,2026-10-01,RO,Romania,P05,Ethernet & Capacity Services,Upside,Upside,gradient_boosting,4,,1527898.31,,,
Scenario,2026-11-01,RO,Romania,P05,Ethernet & Capacity Services,Upside,Upside,gradient_boosting,5,,1445305.05,,,
Scenario,2026-12-01,RO,Romania,P05,Ethernet & Capacity Services,Upside,Upside,gradient_boosting,6,,1401549.65,,,
Scenario,2027-01-01,RO,Romania,P05,Ethernet & Capacity Services,Upside,Upside,gradient_boosting,7,,1348087.93,,,
Scenario,2027-02-01,RO,Romania,P05,Ethernet & Capacity Services,Upside,Upside,gradient_boosting,8,,1470207.85,,,
Scenario,2027-03-01,RO,Romania,P05,Ethernet & Capacity Services,Upside,Upside,gradient_boosting,9,,1503504.82,,,
Scenario,2027-04-01,RO,Romania,P05,Ethernet & Capacity Services,Upside,Upside,gradient_boosting,10,,1424155.73,,,
Scenario,2027-05-01,RO,Romania,P05,Ethernet & Capacity Services,Upside,Upside,gradient_boosting,11,,1462898.57,,,
Scenario,2027-06-01,RO,Romania,P05,Ethernet & Capacity Services,Upside,Upside,gradient_boosting,12,,1413146.54,,,
Scenario,2026-07-01,RO,Romania,P07,Voice Firewall & Anti-Fraud,Upside,Upside,gradient_boosting,1,,149408.47,,,
Scenario,2026-08-01,RO,Romania,P07,Voice Firewall & Anti-Fraud,Upside,Upside,gradient_boosting,2,,144195.45,,,
Scenario,2026-09-01,RO,Romania,P07,Voice Firewall & Anti-Fraud,Upside,Upside,gradient_boosting,3,,146825.05,,,
Scenario,2026-10-01,RO,Romania,P07,Voice Firewall & Anti-Fraud,Upside,Upside,gradient_boosting,4,,145571.46,,,
Scenario,2026-11-01,RO,Romania,P07,Voice Firewall & Anti-Fraud,Upside,Upside,gradient_boosting,5,,140835.33,,,
Scenario,2026-12-01,RO,Romania,P07,Voice Firewall & Anti-Fraud,Upside,Upside,gradient_boosting,6,,138759.89,,,
Scenario,2027-01-01,RO,Romania,P07,Voice Firewall & Anti-Fraud,Upside,Upside,gradient_boosting,7,,167416.05,,,
Scenario,2027-02-01,RO,Romania,P07,Voice Firewall & Anti-Fraud,Upside,Upside,gradient_boosting,8,,137715.1,,,
Scenario,2027-03-01,RO,Romania,P07,Voice Firewall & Anti-Fraud,Upside,Upside,gradient_boosting,9,,175990.14,,,
Scenario,2027-04-01,RO,Romania,P07,Voice Firewall & Anti-Fraud,Upside,Upside,gradient_boosting,10,,154628.73,,,
Scenario,2027-05-01,RO,Romania,P07,Voice Firewall & Anti-Fraud,Upside,Upside,gradient_boosting,11,,111810.07,,,
Scenario,2027-06-01,RO,Romania,P07,Voice Firewall & Anti-Fraud,Upside,Upside,gradient_boosting,12,,169706.97,,,
Scenario,2026-07-01,SK,Slovakia,P01,International Voice Termination,Upside,Upside,gradient_boosting,1,,229569.55,,,
Scenario,2026-08-01,SK,Slovakia,P01,International Voice Termination,Upside,Upside,gradient_boosting,2,,149542.51,,,
Scenario,2026-09-01,SK,Slovakia,P01,International Voice Termination,Upside,Upside,gradient_boosting,3,,114886.56,,,
Scenario,2026-10-01,SK,Slovakia,P01,International Voice Termination,Upside,Upside,gradient_boosting,4,,153992.41,,,
Scenario,2026-11-01,SK,Slovakia,P01,International Voice Termination,Upside,Upside,gradient_boosting,5,,135351.42,,,
Scenario,2026-12-01,SK,Slovakia,P01,International Voice Termination,Upside,Upside,gradient_boosting,6,,105780.52,,,
Scenario,2027-01-01,SK,Slovakia,P01,International Voice Termination,Upside,Upside,gradient_boosting,7,,110059.45,,,
Scenario,2027-02-01,SK,Slovakia,P01,International Voice Termination,Upside,Upside,gradient_boosting,8,,88674.35,,,
Scenario,2027-03-01,SK,Slovakia,P01,International Voice Termination,Upside,Upside,gradient_boosting,9,,37581.73,,,
Scenario,2027-04-01,SK,Slovakia,P01,International Voice Termination,Upside,Upside,gradient_boosting,10,,39277.68,,,
Scenario,2027-05-01,SK,Slovakia,P01,International Voice Termination,Upside,Upside,gradient_boosting,11,,3255.5,,,
Scenario,2027-06-01,SK,Slovakia,P01,International Voice Termination,Upside,Upside,gradient_boosting,12,,6609.87,,,
Scenario,2026-07-01,SK,Slovakia,P02,A2P Messaging,Upside,Upside,gradient_boosting,1,,3098738.97,,,
Scenario,2026-08-01,SK,Slovakia,P02,A2P Messaging,Upside,Upside,gradient_boosting,2,,3116146.98,,,
Scenario,2026-09-01,SK,Slovakia,P02,A2P Messaging,Upside,Upside,gradient_boosting,3,,3388399.02,,,
Scenario,2026-10-01,SK,Slovakia,P02,A2P Messaging,Upside,Upside,gradient_boosting,4,,3258773.27,,,
Scenario,2026-11-01,SK,Slovakia,P02,A2P Messaging,Upside,Upside,gradient_boosting,5,,3780580.6,,,
Scenario,2026-12-01,SK,Slovakia,P02,A2P Messaging,Upside,Upside,gradient_boosting,6,,3766443.53,,,
Scenario,2027-01-01,SK,Slovakia,P02,A2P Messaging,Upside,Upside,gradient_boosting,7,,3421120.42,,,
Scenario,2027-02-01,SK,Slovakia,P02,A2P Messaging,Upside,Upside,gradient_boosting,8,,3242573.19,,,
Scenario,2027-03-01,SK,Slovakia,P02,A2P Messaging,Upside,Upside,gradient_boosting,9,,3505622.77,,,
Scenario,2027-04-01,SK,Slovakia,P02,A2P Messaging,Upside,Upside,gradient_boosting,10,,3654420.66,,,
Scenario,2027-05-01,SK,Slovakia,P02,A2P Messaging,Upside,Upside,gradient_boosting,11,,3694058.69,,,
Scenario,2027-06-01,SK,Slovakia,P02,A2P Messaging,Upside,Upside,gradient_boosting,12,,3776512.63,,,
Scenario,2026-07-01,SK,Slovakia,P03,IPX Roaming & Signalling,Upside,Upside,gradient_boosting,1,,1368418.07,,,
Scenario,2026-08-01,SK,Slovakia,P03,IPX Roaming & Signalling,Upside,Upside,gradient_boosting,2,,1381252.27,,,
Scenario,2026-09-01,SK,Slovakia,P03,IPX Roaming & Signalling,Upside,Upside,gradient_boosting,3,,1203791.44,,,
Scenario,2026-10-01,SK,Slovakia,P03,IPX Roaming & Signalling,Upside,Upside,gradient_boosting,4,,1069355.18,,,
Scenario,2026-11-01,SK,Slovakia,P03,IPX Roaming & Signalling,Upside,Upside,gradient_boosting,5,,1049570.55,,,
Scenario,2026-12-01,SK,Slovakia,P03,IPX Roaming & Signalling,Upside,Upside,gradient_boosting,6,,1008125.09,,,
Scenario,2027-01-01,SK,Slovakia,P03,IPX Roaming & Signalling,Upside,Upside,gradient_boosting,7,,829535.84,,,
Scenario,2027-02-01,SK,Slovakia,P03,IPX Roaming & Signalling,Upside,Upside,gradient_boosting,8,,940205.92,,,
Scenario,2027-03-01,SK,Slovakia,P03,IPX Roaming & Signalling,Upside,Upside,gradient_boosting,9,,1000598.87,,,
Scenario,2027-04-01,SK,Slovakia,P03,IPX Roaming & Signalling,Upside,Upside,gradient_boosting,10,,1036568.46,,,
Scenario,2027-05-01,SK,Slovakia,P03,IPX Roaming & Signalling,Upside,Upside,gradient_boosting,11,,1361300.03,,,
Scenario,2027-06-01,SK,Slovakia,P03,IPX Roaming & Signalling,Upside,Upside,gradient_boosting,12,,1473005.07,,,
Scenario,2026-07-01,SK,Slovakia,P05,Ethernet & Capacity Services,Upside,Upside,gradient_boosting,1,,360725.27,,,
Scenario,2026-08-01,SK,Slovakia,P05,Ethernet & Capacity Services,Upside,Upside,gradient_boosting,2,,370733.61,,,
Scenario,2026-09-01,SK,Slovakia,P05,Ethernet & Capacity Services,Upside,Upside,gradient_boosting,3,,357876.76,,,
Scenario,2026-10-01,SK,Slovakia,P05,Ethernet & Capacity Services,Upside,Upside,gradient_boosting,4,,342888.87,,,
Scenario,2026-11-01,SK,Slovakia,P05,Ethernet & Capacity Services,Upside,Upside,gradient_boosting,5,,380441.49,,,
Scenario,2026-12-01,SK,Slovakia,P05,Ethernet & Capacity Services,Upside,Upside,gradient_boosting,6,,377672.05,,,
Scenario,2027-01-01,SK,Slovakia,P05,Ethernet & Capacity Services,Upside,Upside,gradient_boosting,7,,394663.2,,,
Scenario,2027-02-01,SK,Slovakia,P05,Ethernet & Capacity Services,Upside,Upside,gradient_boosting,8,,362686.12,,,
Scenario,2027-03-01,SK,Slovakia,P05,Ethernet & Capacity Services,Upside,Upside,gradient_boosting,9,,424173.68,,,
Scenario,2027-04-01,SK,Slovakia,P05,Ethernet & Capacity Services,Upside,Upside,gradient_boosting,10,,411771.51,,,
Scenario,2027-05-01,SK,Slovakia,P05,Ethernet & Capacity Services,Upside,Upside,gradient_boosting,11,,428982.91,,,
Scenario,2027-06-01,SK,Slovakia,P05,Ethernet & Capacity Services,Upside,Upside,gradient_boosting,12,,486840.37,,,
Scenario,2026-07-01,SK,Slovakia,P07,Voice Firewall & Anti-Fraud,Upside,Upside,gradient_boosting,1,,0.01,,,
Scenario,2026-08-01,SK,Slovakia,P07,Voice Firewall & Anti-Fraud,Upside,Upside,gradient_boosting,2,,0.0,,,
Scenario,2026-09-01,SK,Slovakia,P07,Voice Firewall & Anti-Fraud,Upside,Upside,gradient_boosting,3,,0.0,,,
Scenario,2026-10-01,SK,Slovakia,P07,Voice Firewall & Anti-Fraud,Upside,Upside,gradient_boosting,4,,0.01,,,
Scenario,2026-11-01,SK,Slovakia,P07,Voice Firewall & Anti-Fraud,Upside,Upside,gradient_boosting,5,,0.0,,,
Scenario,2026-12-01,SK,Slovakia,P07,Voice Firewall & Anti-Fraud,Upside,Upside,gradient_boosting,6,,0.0,,,
Scenario,2027-01-01,SK,Slovakia,P07,Voice Firewall & Anti-Fraud,Upside,Upside,gradient_boosting,7,,0.0,,,
Scenario,2027-02-01,SK,Slovakia,P07,Voice Firewall & Anti-Fraud,Upside,Upside,gradient_boosting,8,,0.0,,,
Scenario,2027-03-01,SK,Slovakia,P07,Voice Firewall & Anti-Fraud,Upside,Upside,gradient_boosting,9,,0.0,,,
Scenario,2027-04-01,SK,Slovakia,P07,Voice Firewall & Anti-Fraud,Upside,Upside,gradient_boosting,10,,0.05,,,
Scenario,2027-05-01,SK,Slovakia,P07,Voice Firewall & Anti-Fraud,Upside,Upside,gradient_boosting,11,,0.0,,,
Scenario,2027-06-01,SK,Slovakia,P07,Voice Firewall & Anti-Fraud,Upside,Upside,gradient_boosting,12,,0.0,,,
Accuracy,,,,,,,,seasonal_naive,,Seasonal Naive,0.14341530604203623,9384218794.370007,1345840610.3600028,
Accuracy,,,,,,,,ridge,,Ridge,0.25657974618738033,9384218794.370007,2407800476.4263005,
Accuracy,,,,,,,,elastic_net,,Elastic Net,0.22507450065388834,9384218794.370007,2112148359.1696634,
Accuracy,,,,,,,,gradient_boosting,,Gradient Boosting,0.11341377354104039,9384218794.370007,1064299665.204255,
KPI,,,,,,,,,,Latest monthly revenue,220.03774635999986,,,1
KPI,,,,,,,,,,YoY revenue growth,0.1228684504905111,,,2
KPI,,,,,,,,,,Gross margin,0.2854386888113375,,,3
